team_id,player_id,cutoff_date,churn,fold,variant,risk_score
1,00053f88ff693715,2026-08-01,0,1,no_position,0.07803838
1,0074280e071acda5,2026-08-01,0,4,no_position,0.38605574
1,0074ecebcddbd540,2026-08-01,1,4,no_position,0.21694116
1,007ca5b34f91f3be,2026-08-01,0,1,no_position,0.056199685
1,0083576eadd2e99c,2026-08-01,0,5,no_position,0.05089494
1,00851b6d3a490dc8,2026-08-01,0,3,no_position,0.17920026
1,00b379aac6b7c8fa,2026-08-01,0,5,no_position,0.098787695
1,00cfea20a6d44c0f,2026-08-01,0,3,no_position,0.05373952
1,01347303be942f21,2026-08-01,0,2,no_position,0.084244184
1,01497e6106b3fe05,2026-08-01,0,5,no_position,0.17637312
1,015cf439e75fc183,2026-08-01,0,1,no_position,0.14377363
1,0198d49491c124ce,2026-08-01,0,2,no_position,0.05839792
1,019d267e7a343618,2026-08-01,0,1,no_position,0.061428767
1,01b51c2aade33b4d,2026-08-01,0,1,no_position,0.027563771
1,01bbf176242629b2,2026-08-01,0,3,no_position,0.22010009
1,01e4e1b0bfbdfd79,2026-08-01,0,3,no_position,0.3357492
1,0238d88dce13d327,2026-08-01,0,5,no_position,0.07781313
1,0249ef177473a31f,2026-08-01,0,4,no_position,0.025537023
1,026b9a670d5c3afc,2026-08-01,0,4,no_position,0.050328717
1,0284cc51c2365ff2,2026-08-01,0,2,no_position,0.049497344
1,029e973742c53199,2026-08-01,1,3,no_position,0.36526716
1,02c86856c228e90c,2026-08-01,0,5,no_position,0.05487521
1,02c971e5120ef439,2026-08-01,0,3,no_position,0.07920967
1,0301e9e2c22bb9ba,2026-08-01,0,4,no_position,0.21858184
1,030afb63554c2ffa,2026-08-01,0,3,no_position,0.06068635
1,03258645a3f0b144,2026-08-01,0,3,no_position,0.04112133
1,0350d99d576bd96a,2026-08-01,0,2,no_position,0.054151747
1,03856613b21f55db,2026-08-01,0,5,no_position,0.042903006
1,038b14de817b710b,2026-08-01,0,2,no_position,0.051167622
1,0396a3f7c70b1d42,2026-08-01,0,2,no_position,0.10878869
1,03975fc61882c352,2026-08-01,0,2,no_position,0.0699977
1,0399fa248e1f3223,2026-08-01,1,2,no_position,0.06798867
1,03a40d0821f8e5ed,2026-08-01,0,1,no_position,0.05646017
1,03b3166eb33baa40,2026-08-01,0,3,no_position,0.06974608
1,03bad2f9427df34f,2026-08-01,0,3,no_position,0.094695725
1,03bf42c34382f152,2026-08-01,0,3,no_position,0.034938954
1,03ebce59fa795614,2026-08-01,0,3,no_position,0.16147594
1,0402df64460a3036,2026-08-01,0,4,no_position,0.099640466
1,040b40119d94e976,2026-08-01,0,2,no_position,0.04694072
1,0442f410c3f1b0f4,2026-08-01,0,1,no_position,0.062443025
1,04465e6bd63c3a29,2026-08-01,0,1,no_position,0.053513028
1,048c7559a25ebacf,2026-08-01,0,3,no_position,0.069212295
1,04a7f98d85dffb90,2026-08-01,0,3,no_position,0.057502948
1,04af21e8e439198c,2026-08-01,0,2,no_position,0.16525981
1,04d657611b4213ed,2026-08-01,0,2,no_position,0.054982197
1,0514a112b853a018,2026-08-01,0,1,no_position,0.06627613
1,0540dabc9458ba67,2026-08-01,0,3,no_position,0.12519562
1,054e935b31cfc31c,2026-08-01,0,1,no_position,0.035575878
1,055708bd9d43313a,2026-08-01,0,2,no_position,0.04464147
1,056263c5a433bafb,2026-08-01,0,5,no_position,0.048779193
1,05757ca0d01312e4,2026-08-01,0,1,no_position,0.033827722
1,0576672b43d2baa6,2026-08-01,1,2,no_position,0.048462942
1,0599cacd8a3afe18,2026-08-01,0,2,no_position,0.043648902
1,05a1575b1c5c182b,2026-08-01,0,4,no_position,0.044059042
1,05a345d69630eb32,2026-08-01,0,2,no_position,0.2029179
1,05af39e5e7f1b7e5,2026-08-01,0,2,no_position,0.069648124
1,05ba8d78712d65d3,2026-08-01,0,5,no_position,0.08380347
1,05c3e64e6ba1abce,2026-08-01,1,2,no_position,0.09606896
1,05c6b1f3dc9e67f9,2026-08-01,0,4,no_position,0.19197264
1,060e8275726006b3,2026-08-01,0,4,no_position,0.028645996
1,06211849f92ce895,2026-08-01,0,4,no_position,0.32016224
1,067902c94672433e,2026-08-01,0,5,no_position,0.12774435
1,067a9a5290bf8996,2026-08-01,0,4,no_position,0.02323304
1,068a6ce83713d7f2,2026-08-01,0,1,no_position,0.038056366
1,06cfc1ff8fc5091b,2026-08-01,0,3,no_position,0.058930602
1,071321399f23fdd3,2026-08-01,0,5,no_position,0.08248404
1,0719b5a216f32698,2026-08-01,0,5,no_position,0.04249183
1,0734849aa329329a,2026-08-01,0,1,no_position,0.03226183
1,074ae41538679b07,2026-08-01,0,3,no_position,0.042193163
1,0752c6c33b705433,2026-08-01,0,2,no_position,0.14919642
1,077ea3660ab5f1a0,2026-08-01,0,4,no_position,0.048144396
1,0784aa490c45e6ea,2026-08-01,0,2,no_position,0.0502117
1,079342dd92016a6a,2026-08-01,0,5,no_position,0.0542302
1,07b9f043b995c0ea,2026-08-01,0,5,no_position,0.094190106
1,07c0e61bd2a3f5a2,2026-08-01,0,4,no_position,0.05549594
1,07dbff0d983b2564,2026-08-01,0,1,no_position,0.057812676
1,07e056474456dee7,2026-08-01,0,5,no_position,0.09184504
1,080e1a6fd8cfaaf1,2026-08-01,0,1,no_position,0.10768822
1,082ddf4d742bc7e2,2026-08-01,0,5,no_position,0.04352824
1,084ce3b4d285ba11,2026-08-01,0,4,no_position,0.06387471
1,08590260c3893878,2026-08-01,0,2,no_position,0.07808014
1,087d3f28916bddfa,2026-08-01,0,3,no_position,0.18947653
1,089bdfce2c7ad1b6,2026-08-01,0,4,no_position,0.108153366
1,08a34c1e68024966,2026-08-01,0,2,no_position,0.09061528
1,08b5a3e0f832b4cd,2026-08-01,0,3,no_position,0.042755168
1,08ccb9eaf13ad173,2026-08-01,0,3,no_position,0.10001656
1,08d0869205b88e6d,2026-08-01,0,2,no_position,0.08962352
1,08e304051f18d970,2026-08-01,0,3,no_position,0.052000463
1,08ea0c7ec0b75074,2026-08-01,0,1,no_position,0.13727582
1,091006f4d2ef5a1e,2026-08-01,0,4,no_position,0.04551291
1,092f2aa545d665bd,2026-08-01,0,5,no_position,0.16608132
1,0930d83f4063db4e,2026-08-01,0,1,no_position,0.08559381
1,097120d110f969de,2026-08-01,0,3,no_position,0.037839606
1,09816711b86ffacf,2026-08-01,0,5,no_position,0.058524977
1,09a0aeb9a31b9be4,2026-08-01,1,1,no_position,0.14440632
1,09a3fc2348be0693,2026-08-01,1,4,no_position,0.09253741
1,09b16e0028b0c452,2026-08-01,0,5,no_position,0.04074341
1,09bfe4fee81be6e3,2026-08-01,0,2,no_position,0.37140527
1,09cca334ec2b292a,2026-08-01,0,4,no_position,0.049085233
1,09d81eed1a5f4d45,2026-08-01,0,3,no_position,0.045595095
1,0a09a55a758bd607,2026-08-01,0,4,no_position,0.0966228
1,0a11016fd4a25425,2026-08-01,0,1,no_position,0.062781125
1,0a114308327e2b1a,2026-08-01,0,1,no_position,0.047806624
1,0a11a072cb2e1820,2026-08-01,0,4,no_position,0.32649148
1,0a9d01278b4da0e6,2026-08-01,0,3,no_position,0.038347963
1,0aa6c5db3d37b971,2026-08-01,0,3,no_position,0.08368481
1,0aa8b2abdeadae7a,2026-08-01,1,5,no_position,0.14208311
1,0abedd141b929d48,2026-08-01,0,2,no_position,0.05124508
1,0ad7557f8ccc5e50,2026-08-01,0,3,no_position,0.046122037
1,0af9ae7d85cce469,2026-08-01,0,4,no_position,0.022023218
1,0afdd4606e1b7bbd,2026-08-01,0,1,no_position,0.051740766
1,0b0044d7c4695b19,2026-08-01,0,1,no_position,0.031266794
1,0b05cbe4ebc61c43,2026-08-01,1,3,no_position,0.047051795
1,0b1692f2cffb8589,2026-08-01,0,2,no_position,0.5290718
1,0b23a756dc6fbe00,2026-08-01,0,1,no_position,0.035285436
1,0b82e34d7201a25d,2026-08-01,0,1,no_position,0.049844198
1,0b9fa96349cb740e,2026-08-01,0,1,no_position,0.08194193
1,0bb6a3f97ee5bd3c,2026-08-01,0,3,no_position,0.30541715
1,0bcb3fbc0e931156,2026-08-01,0,1,no_position,0.049157493
1,0bd750c221845f6a,2026-08-01,1,4,no_position,0.38872162
1,0c17a52d89f2a200,2026-08-01,0,2,no_position,0.063987166
1,0c28e67238afdb04,2026-08-01,1,4,no_position,0.39718232
1,0c31ee84f4084bba,2026-08-01,0,5,no_position,0.23873757
1,0c54f43312f49305,2026-08-01,1,4,no_position,0.46382052
1,0c79a818826e19a5,2026-08-01,0,2,no_position,0.13569793
1,0c8287b48cdfdd57,2026-08-01,0,1,no_position,0.13103804
1,0ce102af49a24332,2026-08-01,1,2,no_position,0.36616552
1,0cfbfb871ebb9037,2026-08-01,0,3,no_position,0.065411046
1,0d03a10abe765437,2026-08-01,0,2,no_position,0.048376873
1,0d050eee98793af7,2026-08-01,0,2,no_position,0.32452977
1,0d130046f6b67845,2026-08-01,0,3,no_position,0.08436106
1,0d4791203a476d50,2026-08-01,0,3,no_position,0.04211342
1,0d52624a6c830db2,2026-08-01,0,2,no_position,0.05873252
1,0dac8af5d3cd1c75,2026-08-01,0,4,no_position,0.38896415
1,0e5472b8e8232a95,2026-08-01,0,3,no_position,0.047652498
1,0e5632e5f29fe272,2026-08-01,0,5,no_position,0.033118166
1,0e681a9f90098c85,2026-08-01,1,5,no_position,0.05813243
1,0e6af17f32b0abb3,2026-08-01,0,4,no_position,0.08116554
1,0e7bcb11a03f6697,2026-08-01,0,2,no_position,0.07760907
1,0e825c2f16c3133d,2026-08-01,0,5,no_position,0.043709353
1,0eb769841c216339,2026-08-01,0,2,no_position,0.03893685
1,0efed7c6389c956c,2026-08-01,0,2,no_position,0.04258894
1,0f21756ee086c050,2026-08-01,0,5,no_position,0.039946586
1,0f21d544651ea212,2026-08-01,0,2,no_position,0.03180592
1,0f3f5f7a9e38e9a9,2026-08-01,0,1,no_position,0.036582462
1,0f45b3fe629b7b90,2026-08-01,0,4,no_position,0.06817604
1,0f5dd6f0f2214be9,2026-08-01,0,3,no_position,0.1505138
1,0f73e09cc25e94ea,2026-08-01,0,1,no_position,0.12652466
1,0f8cfc220de73f90,2026-08-01,0,4,no_position,0.14443058
1,0f8e1344d807e4e7,2026-08-01,0,4,no_position,0.2713876
1,0faac551d13c5765,2026-08-01,0,3,no_position,0.04846503
1,0fadf4d2fd07f311,2026-08-01,0,2,no_position,0.07910208
1,0fcd08ae5d500fef,2026-08-01,0,1,no_position,0.05956359
1,1001f7c134d8fd8c,2026-08-01,1,5,no_position,0.08069349
1,10168c076d67b2c1,2026-08-01,0,4,no_position,0.3042087
1,101d3fb7bc5aaa81,2026-08-01,0,2,no_position,0.26246113
1,104db6f0a0a77680,2026-08-01,0,1,no_position,0.077482104
1,104e47d2a546b9c4,2026-08-01,0,1,no_position,0.103233196
1,105b495289a00cb5,2026-08-01,0,3,no_position,0.05926116
1,1062f2e0989467a6,2026-08-01,0,4,no_position,0.05803926
1,10a8bc967692cb9e,2026-08-01,0,3,no_position,0.032223627
1,10be19f67b0391e5,2026-08-01,0,1,no_position,0.034060024
1,10ccb93ed28b5d97,2026-08-01,0,2,no_position,0.06204135
1,10f5cf6c0bdd1350,2026-08-01,0,3,no_position,0.05138753
1,111bae525cc1efa3,2026-08-01,0,5,no_position,0.16514766
1,112ebafaa833ff6e,2026-08-01,0,3,no_position,0.063855715
1,11361335a98108da,2026-08-01,0,3,no_position,0.035880186
1,116bab7bea03c3ed,2026-08-01,0,3,no_position,0.13516995
1,11e6c988b3828294,2026-08-01,0,2,no_position,0.06422803
1,120a25ad8032d042,2026-08-01,0,5,no_position,0.044388067
1,121bca027e31d085,2026-08-01,0,5,no_position,0.054019045
1,123b2e333d343d6f,2026-08-01,0,2,no_position,0.0702072
1,1249ec2cea0e36c9,2026-08-01,0,4,no_position,0.23028305
1,126679137f1d468c,2026-08-01,0,2,no_position,0.060443096
1,127e73d579ab83f8,2026-08-01,0,4,no_position,0.33696955
1,12999521eac1b02d,2026-08-01,0,2,no_position,0.071513906
1,12df8457bf18fa09,2026-08-01,0,1,no_position,0.12446987
1,12e21a3ab9295a0e,2026-08-01,1,3,no_position,0.096501924
1,12e5649c249cc114,2026-08-01,1,4,no_position,0.14768367
1,1339b8ebafa766e9,2026-08-01,0,5,no_position,0.06849137
1,13514c41538440bd,2026-08-01,1,5,no_position,0.11265272
1,13858b53c464fb38,2026-08-01,0,5,no_position,0.11751088
1,139e837bc2507c33,2026-08-01,0,2,no_position,0.04934806
1,13d0bbd0b546038d,2026-08-01,1,2,no_position,0.060412206
1,13e6bfa8f5e0651e,2026-08-01,0,4,no_position,0.15559413
1,13f7559a895de90d,2026-08-01,0,3,no_position,0.06007547
1,1402ad11aa1095f0,2026-08-01,0,2,no_position,0.059471283
1,142e41cf3e53ce73,2026-08-01,0,5,no_position,0.06341637
1,1430a24d6b9bd4d1,2026-08-01,0,5,no_position,0.05264072
1,14559b28d04eefc4,2026-08-01,0,5,no_position,0.04882875
1,14626f2387ac3a50,2026-08-01,0,1,no_position,0.06674489
1,1491f58e8b53fa86,2026-08-01,0,4,no_position,0.026383927
1,14e53ea0b407f418,2026-08-01,0,5,no_position,0.039786972
1,155c0ac273f53d74,2026-08-01,0,2,no_position,0.17842634
1,155ea6286de67afc,2026-08-01,0,3,no_position,0.032085642
1,155f3a9c23c72746,2026-08-01,0,1,no_position,0.06347482
1,158c759e65262806,2026-08-01,0,4,no_position,0.20173365
1,158e719afb98b854,2026-08-01,0,2,no_position,0.28141004
1,15bea69ebaf214c3,2026-08-01,0,3,no_position,0.03656987
1,15d5cef4b09b467c,2026-08-01,0,4,no_position,0.042448483
1,15e496c731e52426,2026-08-01,0,5,no_position,0.04262585
1,15f2ede01252472a,2026-08-01,0,3,no_position,0.042300843
1,160c9bb76ef4345a,2026-08-01,0,3,no_position,0.040870253
1,161dd309118db859,2026-08-01,0,3,no_position,0.33524245
1,1623360151a2cdae,2026-08-01,1,3,no_position,0.25907847
1,1637fe5da548c384,2026-08-01,0,5,no_position,0.07935621
1,163f315a19acbffd,2026-08-01,0,2,no_position,0.06355492
1,16d097ab22980bf2,2026-08-01,0,1,no_position,0.0424202
1,16d62a0893c22d28,2026-08-01,0,1,no_position,0.049358707
1,16d63529cc231976,2026-08-01,0,2,no_position,0.06258419
1,16da2b96afe703b0,2026-08-01,0,4,no_position,0.037103362
1,16df3109b8559654,2026-08-01,0,2,no_position,0.25866616
1,16e5e24903db263a,2026-08-01,0,1,no_position,0.035554796
1,16e6283d425810e0,2026-08-01,0,4,no_position,0.04875188
1,16f2ddd2d7f5e2c5,2026-08-01,0,2,no_position,0.048110384
1,1740681a33fabe5f,2026-08-01,0,1,no_position,0.042169824
1,179b444153e71de3,2026-08-01,0,4,no_position,0.030071193
1,17aa868445a6c65e,2026-08-01,0,1,no_position,0.024549155
1,17ba1b6d31ef1a1e,2026-08-01,0,3,no_position,0.067804694
1,17bae10d255baa62,2026-08-01,0,4,no_position,0.093573846
1,17edac413c761a2a,2026-08-01,0,3,no_position,0.13826703
1,1809141471f54353,2026-08-01,1,3,no_position,0.08007331
1,182c9ae1a66f9405,2026-08-01,0,5,no_position,0.07246031
1,185744b293820e9d,2026-08-01,0,1,no_position,0.05412296
1,186c1bfe1d55dab6,2026-08-01,0,2,no_position,0.03804846
1,1888d1d93037648b,2026-08-01,0,1,no_position,0.070819184
1,18d8104fc3ecb5c5,2026-08-01,0,2,no_position,0.043602746
1,18f52ee56fe2cd48,2026-08-01,0,1,no_position,0.04170378
1,191467b84deb1bb1,2026-08-01,0,1,no_position,0.042728577
1,19372ef84e65ddee,2026-08-01,0,1,no_position,0.099628285
1,1946ff53dd92cd3b,2026-08-01,0,3,no_position,0.11722722
1,195b84a0f00902fd,2026-08-01,0,1,no_position,0.17489955
1,195e230ceb88e198,2026-08-01,1,2,no_position,0.2787798
1,195e4db2ba7b26fa,2026-08-01,1,1,no_position,0.06215761
1,199798e1f47f1def,2026-08-01,0,2,no_position,0.0528218
1,19abffd8ced3cabf,2026-08-01,1,3,no_position,0.09700006
1,19c50681b5d0d536,2026-08-01,0,1,no_position,0.044108108
1,19edc1757d065db7,2026-08-01,0,4,no_position,0.17041785
1,1a16e93e8fa71116,2026-08-01,1,3,no_position,0.15822788
1,1a29d0aa8d36b80d,2026-08-01,1,2,no_position,0.1310966
1,1a2e0a14dfb6b8cc,2026-08-01,0,3,no_position,0.13561909
1,1a700db485eafcc5,2026-08-01,0,4,no_position,0.046168808
1,1a78cc73613141af,2026-08-01,0,1,no_position,0.04081918
1,1a7fbde1c1353e90,2026-08-01,0,5,no_position,0.04650837
1,1a88a5f6d67b558e,2026-08-01,0,3,no_position,0.082533665
1,1aa32eac0820beb8,2026-08-01,0,2,no_position,0.042809647
1,1ad4c328296acb97,2026-08-01,0,4,no_position,0.034550983
1,1b04472930655abd,2026-08-01,0,1,no_position,0.035810426
1,1b0bc9591795b781,2026-08-01,1,1,no_position,0.05957581
1,1b0efbf9bcd03ac8,2026-08-01,0,1,no_position,0.0951571
1,1b177e7b978e1446,2026-08-01,0,5,no_position,0.1294747
1,1b313ee4e47e5037,2026-08-01,0,2,no_position,0.055201326
1,1b383d1ad29948a5,2026-08-01,1,2,no_position,0.10820253
1,1b50a5e6fdb5c9a0,2026-08-01,0,3,no_position,0.054010786
1,1b81ce518690b730,2026-08-01,0,3,no_position,0.091620944
1,1bb5392d34f82fa4,2026-08-01,0,1,no_position,0.046733838
1,1bc0ec9e7ae7450b,2026-08-01,0,1,no_position,0.051923506
1,1bca15841a89c72b,2026-08-01,0,3,no_position,0.19023728
1,1c14469026e9ada3,2026-08-01,0,2,no_position,0.09071759
1,1c4b0fbf9811692a,2026-08-01,1,3,no_position,0.3010663
1,1c4f899314dbf1f9,2026-08-01,0,5,no_position,0.067088455
1,1cb04773abf6f66b,2026-08-01,1,5,no_position,0.19596416
1,1cb0ed8a4477dfc1,2026-08-01,0,4,no_position,0.032415416
1,1cc45ce7f643bbd1,2026-08-01,0,4,no_position,0.047001928
1,1cdcba847de94678,2026-08-01,0,4,no_position,0.15305303
1,1ce296f76c62ae05,2026-08-01,0,3,no_position,0.05284629
1,1d2356e80dfdcc16,2026-08-01,0,2,no_position,0.053742025
1,1d329fdf10e48a5c,2026-08-01,0,1,no_position,0.051255476
1,1d43eb2856e9404a,2026-08-01,0,4,no_position,0.068577446
1,1d50fd37e29d1115,2026-08-01,0,4,no_position,0.048232548
1,1d518f863f48b142,2026-08-01,0,4,no_position,0.02562146
1,1d6c05962adf065d,2026-08-01,0,3,no_position,0.06341288
1,1d7c5aa91441991f,2026-08-01,1,5,no_position,0.049178213
1,1db63c56fe42b0e6,2026-08-01,0,1,no_position,0.08735847
1,1dc3a0d583dc590c,2026-08-01,0,5,no_position,0.085233904
1,1dce812eac231b9c,2026-08-01,1,1,no_position,0.039476354
1,1dd5e3ccfcfd4f13,2026-08-01,0,5,no_position,0.48402265
1,1de14bde8104b67b,2026-08-01,0,1,no_position,0.045632727
1,1e05d389da5d3ae6,2026-08-01,0,5,no_position,0.24196464
1,1e1b68355b1f18af,2026-08-01,0,1,no_position,0.050437666
1,1e2777404fe73374,2026-08-01,0,2,no_position,0.08401259
1,1e5ebd836af056ce,2026-08-01,0,5,no_position,0.06619498
1,1e77154778f13bac,2026-08-01,0,1,no_position,0.30270246
1,1e972691d3fd8b85,2026-08-01,0,1,no_position,0.062282547
1,1ea108537b9ae5a6,2026-08-01,0,1,no_position,0.03864247
1,1ef10c3a424645a8,2026-08-01,1,2,no_position,0.14938138
1,1f06cbe62cfd05c7,2026-08-01,0,1,no_position,0.027448649
1,1f12dfa59cf8bbb0,2026-08-01,0,5,no_position,0.04144812
1,1f2547e0c4c16bdd,2026-08-01,0,1,no_position,0.040286697
1,1f26a63b5043a630,2026-08-01,0,2,no_position,0.030298995
1,1f29482aebcf100c,2026-08-01,0,5,no_position,0.036559027
1,1f911dc9d5e1d2b8,2026-08-01,0,5,no_position,0.034150586
1,1fa9d53a5b976a9a,2026-08-01,0,2,no_position,0.1267983
1,1fafcbbe6fd94d1e,2026-08-01,0,1,no_position,0.18822446
1,1fc7a72f793ad09e,2026-08-01,0,4,no_position,0.031235196
1,1fd4017a0f8f2259,2026-08-01,0,4,no_position,0.05769028
1,1fea12ac4190be38,2026-08-01,0,2,no_position,0.070519485
1,1ff4168557196188,2026-08-01,0,2,no_position,0.039615456
1,1ff94599fee0e515,2026-08-01,0,3,no_position,0.033530712
1,200a199b601203c0,2026-08-01,0,5,no_position,0.061728
1,200b16c3fe37579e,2026-08-01,0,3,no_position,0.04988064
1,2014604938de5c8f,2026-08-01,0,5,no_position,0.045262635
1,20207058393d4568,2026-08-01,0,2,no_position,0.2601337
1,2030815c7047a049,2026-08-01,0,3,no_position,0.08223967
1,20317f8c98874241,2026-08-01,0,1,no_position,0.115924895
1,20433f39710a6a65,2026-08-01,0,1,no_position,0.044100933
1,206b083f3cb39ccc,2026-08-01,0,5,no_position,0.12505013
1,20714a3e3c312714,2026-08-01,0,5,no_position,0.21602423
1,20912a673e03a0a5,2026-08-01,0,2,no_position,0.122046836
1,209a2809e0deee15,2026-08-01,0,1,no_position,0.05418575
1,209b36ea6115a743,2026-08-01,1,5,no_position,0.06627126
1,209c11231d5a9627,2026-08-01,0,4,no_position,0.09472582
1,2109c55c00f88254,2026-08-01,0,4,no_position,0.027407587
1,210bec3b62da6c2c,2026-08-01,0,4,no_position,0.08607337
1,211ab3bfbe412903,2026-08-01,0,3,no_position,0.06668518
1,2154c3cffe81397a,2026-08-01,0,5,no_position,0.067140505
1,219afbec61eca708,2026-08-01,1,2,no_position,0.06434135
1,21beff11bb585fc3,2026-08-01,0,4,no_position,0.107145414
1,21ec2342c5dbf4b9,2026-08-01,0,4,no_position,0.031717543
1,21f376e0aee99245,2026-08-01,1,2,no_position,0.20402074
1,22177ea5fd5ff4e7,2026-08-01,0,5,no_position,0.19509809
1,22429544cf10ca5e,2026-08-01,0,1,no_position,0.4870931
1,225287476127dc4a,2026-08-01,0,1,no_position,0.08135307
1,2263b62dc865d5de,2026-08-01,0,4,no_position,0.03328181
1,226c0e686fa0bec2,2026-08-01,0,1,no_position,0.040983573
1,22b081edf88e310e,2026-08-01,0,5,no_position,0.04616882
1,22f257f29329a4e8,2026-08-01,0,1,no_position,0.05683335
1,23414271596039a4,2026-08-01,0,4,no_position,0.18010686
1,2355c99ff6669efd,2026-08-01,0,4,no_position,0.038213063
1,237aac790b3b8c35,2026-08-01,0,3,no_position,0.036348477
1,23a4f936fd28abfe,2026-08-01,0,3,no_position,0.035900734
1,23bf48560b62d40d,2026-08-01,0,1,no_position,0.038113873
1,23da015ac23f8e0e,2026-08-01,1,2,no_position,0.1976782
1,23db5a4d7b6d6d7d,2026-08-01,0,3,no_position,0.029801428
1,23f484c7719386b3,2026-08-01,0,3,no_position,0.035117023
1,240da7ab4d0a1d26,2026-08-01,0,2,no_position,0.052012637
1,2410f559ab4f4259,2026-08-01,0,5,no_position,0.04559634
1,242602cd906236d1,2026-08-01,0,5,no_position,0.14016832
1,2456c5a8208a5b72,2026-08-01,0,1,no_position,0.3068271
1,2469d03059652ee7,2026-08-01,0,1,no_position,0.22667213
1,2490b6c1df41f2c2,2026-08-01,0,5,no_position,0.058498617
1,249ea9b7e553fa95,2026-08-01,0,3,no_position,0.067078196
1,24d14dd2fccf8a43,2026-08-01,0,5,no_position,0.16244051
1,24ed93caf9a8dbe7,2026-08-01,0,5,no_position,0.25566888
1,250eb6f708c8d4dc,2026-08-01,0,3,no_position,0.032319665
1,2538087c782abd96,2026-08-01,0,3,no_position,0.07053333
1,2554b78230103064,2026-08-01,0,3,no_position,0.0335341
1,255fbdbb12249842,2026-08-01,0,2,no_position,0.03768736
1,257aa0e3a11335ae,2026-08-01,0,3,no_position,0.0378513
1,25f8f72e4743667b,2026-08-01,0,1,no_position,0.0411046
1,25fe2ad5b495773f,2026-08-01,0,3,no_position,0.029882766
1,263bf3c30e48de99,2026-08-01,0,2,no_position,0.050022837
1,264c8699d2088eeb,2026-08-01,0,5,no_position,0.08072583
1,264f7ad2026247ff,2026-08-01,0,5,no_position,0.08147717
1,26994e5adb166106,2026-08-01,0,3,no_position,0.032404885
1,26a1df1f2abb2e3f,2026-08-01,0,5,no_position,0.33078212
1,270cbb1d6dc5ca45,2026-08-01,0,3,no_position,0.15963663
1,271d3a1066bbdb42,2026-08-01,0,3,no_position,0.02941799
1,276c7b1beeeb4315,2026-08-01,0,5,no_position,0.043872133
1,27803243c06d1e30,2026-08-01,0,3,no_position,0.06127656
1,2799dda8aab2e98d,2026-08-01,0,3,no_position,0.051548198
1,27a145b6a294e832,2026-08-01,0,2,no_position,0.07053291
1,27edcb8e8a21d0a8,2026-08-01,0,2,no_position,0.060778353
1,281a662bf998f1c3,2026-08-01,0,3,no_position,0.13377286
1,281f6a7a33ffd1c6,2026-08-01,0,2,no_position,0.20936318
1,28382a6978ec5a83,2026-08-01,0,2,no_position,0.5576847
1,2851285eeddbbc50,2026-08-01,0,2,no_position,0.06699611
1,285175ae247e3db4,2026-08-01,0,2,no_position,0.05133025
1,28632a5af3535073,2026-08-01,0,4,no_position,0.05031394
1,2875e80bb96a08f3,2026-08-01,0,5,no_position,0.05768615
1,287acce57c898f6e,2026-08-01,1,3,no_position,0.27697918
1,289263f972ae740c,2026-08-01,0,5,no_position,0.08079411
1,2893f307ddc92656,2026-08-01,0,5,no_position,0.04593878
1,2899008059105c8d,2026-08-01,0,1,no_position,0.03305927
1,28f63bbdd362c7ea,2026-08-01,0,3,no_position,0.049968645
1,291dcf0348a7ea3e,2026-08-01,0,1,no_position,0.15915993
1,292cdd54629ebbc4,2026-08-01,0,2,no_position,0.04613477
1,294a24eff00af289,2026-08-01,0,3,no_position,0.07541478
1,29842502192f406a,2026-08-01,0,2,no_position,0.06062097
1,29a3728420c75592,2026-08-01,0,1,no_position,0.033689674
1,29ae9bd18c44fa45,2026-08-01,0,4,no_position,0.16722475
1,29c83b1fc98619aa,2026-08-01,0,3,no_position,0.051902723
1,29cf36ab408d39e9,2026-08-01,0,5,no_position,0.05163358
1,29fca0759a3740d4,2026-08-01,0,1,no_position,0.19430467
1,2a158c7ae8b28722,2026-08-01,0,2,no_position,0.08365275
1,2a4fa069c9341825,2026-08-01,0,5,no_position,0.10306158
1,2a82ebb618522901,2026-08-01,0,3,no_position,0.09885952
1,2ae0cf5544b1788a,2026-08-01,0,4,no_position,0.23109393
1,2af8f9ce1b59d8e2,2026-08-01,0,5,no_position,0.07307976
1,2b0ee00dec636852,2026-08-01,0,2,no_position,0.13405174
1,2b364e1b5446a43a,2026-08-01,0,3,no_position,0.04597924
1,2b65b49aafd7db02,2026-08-01,0,1,no_position,0.07829777
1,2b8debf87d44cb3a,2026-08-01,0,1,no_position,0.048964564
1,2b9bdb50f44b44eb,2026-08-01,0,3,no_position,0.032488197
1,2ba026e982fdade0,2026-08-01,0,2,no_position,0.07405036
1,2baa1e25b361ec3e,2026-08-01,0,5,no_position,0.034033034
1,2bb321bbce383897,2026-08-01,1,4,no_position,0.17756224
1,2bc2d48960c5d734,2026-08-01,0,1,no_position,0.12551476
1,2c07a845de4e63c3,2026-08-01,0,5,no_position,0.05259874
1,2c226eb86418f14e,2026-08-01,0,1,no_position,0.06462613
1,2c4277276d0bedeb,2026-08-01,0,5,no_position,0.07766312
1,2c4c36c985630e8e,2026-08-01,0,4,no_position,0.039063398
1,2c526106267fb14f,2026-08-01,1,2,no_position,0.10883826
1,2c5c6f9caefca4fd,2026-08-01,0,1,no_position,0.036594488
1,2c73903fac975dac,2026-08-01,0,2,no_position,0.054248776
1,2c80b8976dd0106b,2026-08-01,0,1,no_position,0.032402918
1,2ca99446e54c2d42,2026-08-01,0,2,no_position,0.073674425
1,2cb89a231ad5d477,2026-08-01,0,3,no_position,0.047005646
1,2cd94cce28f84f27,2026-08-01,0,2,no_position,0.04739487
1,2cdad65130eec16e,2026-08-01,0,1,no_position,0.054412443
1,2ce46a1c987aabc0,2026-08-01,0,4,no_position,0.107374094
1,2cff964767839544,2026-08-01,0,1,no_position,0.07608587
1,2d13738c3e757e6c,2026-08-01,0,5,no_position,0.05735245
1,2d41bbbd1998682a,2026-08-01,0,2,no_position,0.0550963
1,2d445b4c346bdc3e,2026-08-01,0,4,no_position,0.039084587
1,2d4b875203daa49d,2026-08-01,0,4,no_position,0.051175643
1,2d655ab803231ebc,2026-08-01,0,5,no_position,0.03748628
1,2d80856ea1372fca,2026-08-01,0,1,no_position,0.039536595
1,2d9bfa1c2b0c4146,2026-08-01,0,2,no_position,0.044338286
1,2dde73503042a8f1,2026-08-01,0,5,no_position,0.028499836
1,2dde87a014a0a908,2026-08-01,0,1,no_position,0.09824727
1,2e78a2a7034ad6ef,2026-08-01,0,4,no_position,0.079259135
1,2eac69f5acc9d107,2026-08-01,0,3,no_position,0.08085908
1,2eb9fedd607c56a4,2026-08-01,0,1,no_position,0.08135286
1,2ec72f247f374c34,2026-08-01,0,4,no_position,0.12203753
1,2ef25b8aff949245,2026-08-01,0,2,no_position,0.041233007
1,2f26cf25fe3a28c6,2026-08-01,1,5,no_position,0.22976379
1,2f52c0703014f69f,2026-08-01,0,4,no_position,0.16276714
1,2f89597045c7303a,2026-08-01,1,2,no_position,0.16288847
1,2fb3ee6e8e5dc0c7,2026-08-01,0,1,no_position,0.057636905
1,2fc738112dcce350,2026-08-01,0,4,no_position,0.10644174
1,2fe1ccbddc0f732a,2026-08-01,1,1,no_position,0.2562694
1,2ffe67d366606b62,2026-08-01,1,3,no_position,0.19211018
1,301f79be6f1ca9a9,2026-08-01,0,1,no_position,0.043001838
1,3033b29fa1b80e16,2026-08-01,0,2,no_position,0.056435216
1,303e526901c3c26e,2026-08-01,0,3,no_position,0.1335157
1,305ca801c9f42d9a,2026-08-01,0,5,no_position,0.45203894
1,3070aadf5a278350,2026-08-01,0,4,no_position,0.10032809
1,3070b810d7263a13,2026-08-01,0,1,no_position,0.0341806
1,30abed0bb22a75fd,2026-08-01,0,3,no_position,0.056603722
1,30ae0f5a5220af70,2026-08-01,0,4,no_position,0.18854365
1,30d81f3c77195bb9,2026-08-01,1,5,no_position,0.3496163
1,30da12d64468b031,2026-08-01,0,1,no_position,0.2225924
1,31048b7fba307dac,2026-08-01,0,1,no_position,0.05073645
1,310d38d59f2e256b,2026-08-01,0,2,no_position,0.05125776
1,314a91cd56c682d3,2026-08-01,0,5,no_position,0.03692985
1,315ef6861c814f25,2026-08-01,0,3,no_position,0.05594
1,317127f4637f01f5,2026-08-01,0,1,no_position,0.076975636
1,31747e066d43367e,2026-08-01,0,2,no_position,0.09557431
1,3175002ed5c8f601,2026-08-01,0,3,no_position,0.21200292
1,318cedf23d260f97,2026-08-01,1,5,no_position,0.07477179
1,31915d0fdd34a278,2026-08-01,0,1,no_position,0.04510148
1,319b703fe3854dc9,2026-08-01,0,5,no_position,0.034342058
1,31b14933ebe7b4fe,2026-08-01,0,5,no_position,0.27016392
1,31e15cffc24385e2,2026-08-01,0,4,no_position,0.070183374
1,31fdbf48b883c3cb,2026-08-01,0,3,no_position,0.30253318
1,324d95bb398e4bc4,2026-08-01,0,4,no_position,0.05187417
1,32526325e8685d57,2026-08-01,1,1,no_position,0.053839818
1,32614c59ec65d256,2026-08-01,0,2,no_position,0.12293537
1,3279e0fbb694876c,2026-08-01,0,5,no_position,0.035992082
1,329b079175e16df8,2026-08-01,0,3,no_position,0.036524512
1,32cb5a056c420cf6,2026-08-01,0,3,no_position,0.043980904
1,32dd9a6fa5085711,2026-08-01,0,1,no_position,0.05592333
1,33056cb959c1068e,2026-08-01,0,3,no_position,0.05980298
1,331a464e05568a55,2026-08-01,1,1,no_position,0.037891977
1,3357060c02a21f4a,2026-08-01,0,3,no_position,0.0340981
1,33592c01a864a7ad,2026-08-01,0,4,no_position,0.035287447
1,338597194df8b39b,2026-08-01,0,3,no_position,0.039054107
1,33aba5fef1698d0e,2026-08-01,0,4,no_position,0.27304423
1,33add6dc7939aded,2026-08-01,0,1,no_position,0.1359915
1,33c028c2e3e484ac,2026-08-01,0,2,no_position,0.08848293
1,33c78d2dfe097f06,2026-08-01,0,2,no_position,0.06033567
1,33d95e1edef4a8d5,2026-08-01,1,4,no_position,0.17964485
1,33deb42f46ecab86,2026-08-01,1,1,no_position,0.03811272
1,33e11d94122361cd,2026-08-01,0,3,no_position,0.03369059
1,33f7253b04170b37,2026-08-01,0,2,no_position,0.051965177
1,34239c5557faa0fe,2026-08-01,0,5,no_position,0.30756122
1,342bce2d90d1d325,2026-08-01,0,1,no_position,0.27765632
1,343edd03afd0ccb5,2026-08-01,0,2,no_position,0.050417125
1,348c986813e7502a,2026-08-01,1,5,no_position,0.053222086
1,3492e7c03e65f2b7,2026-08-01,0,2,no_position,0.0669127
1,34a63cb64a36b672,2026-08-01,0,4,no_position,0.07643
1,34bd8a15a30622ef,2026-08-01,1,4,no_position,0.14499332
1,34cde16711e2c42e,2026-08-01,0,3,no_position,0.052016564
1,34dd0faa402c78fa,2026-08-01,1,4,no_position,0.15715721
1,34e6b2187155c7f8,2026-08-01,0,3,no_position,0.093080305
1,34f357338e62f79c,2026-08-01,1,4,no_position,0.13775034
1,34f637e55d7bb038,2026-08-01,0,1,no_position,0.04248955
1,353014ccd0b9a30c,2026-08-01,0,1,no_position,0.03928239
1,358672a896330b4a,2026-08-01,0,3,no_position,0.056390632
1,358c77e60ac98153,2026-08-01,0,3,no_position,0.088730186
1,35b5803386baf1ce,2026-08-01,0,5,no_position,0.041590117
1,35bce3550cd29689,2026-08-01,0,3,no_position,0.04045854
1,36057a59ab2db1da,2026-08-01,1,2,no_position,0.14859878
1,3613464ebfb5f5cb,2026-08-01,0,1,no_position,0.07164871
1,3632e765c1380cf8,2026-08-01,0,4,no_position,0.040426433
1,364c2dbc079c67a1,2026-08-01,0,1,no_position,0.060048264
1,36676c8315dc7a60,2026-08-01,0,2,no_position,0.04816766
1,36a8b5bd6f4bae31,2026-08-01,1,3,no_position,0.082347006
1,36b2a5c39afa2afd,2026-08-01,0,4,no_position,0.04098379
1,36c4e07f32965a9a,2026-08-01,0,4,no_position,0.055217817
1,36ed20ff921c5242,2026-08-01,0,5,no_position,0.07491631
1,36f9cdf72eca3889,2026-08-01,0,2,no_position,0.07514584
1,3729bf07367b06b7,2026-08-01,1,2,no_position,0.29492867
1,372c7b3abfe38a50,2026-08-01,0,1,no_position,0.26112735
1,373a71f856c4031a,2026-08-01,1,1,no_position,0.0766089
1,379a2f52027dba3c,2026-08-01,0,4,no_position,0.100215875
1,37cfc33b5b83cf91,2026-08-01,0,3,no_position,0.029567996
1,37e043c185853555,2026-08-01,0,4,no_position,0.051608156
1,381441bce8e58b5a,2026-08-01,0,3,no_position,0.109556474
1,384202e6f1d865cc,2026-08-01,0,3,no_position,0.3933876
1,384c2b4122defb9d,2026-08-01,0,3,no_position,0.03836043
1,3851988c12a99512,2026-08-01,0,3,no_position,0.25716963
1,38538df73aff6a98,2026-08-01,0,1,no_position,0.03514902
1,3853d2e823dbfd1c,2026-08-01,0,3,no_position,0.045463573
1,386ccd4400ff06ae,2026-08-01,0,1,no_position,0.05750323
1,3874806e45ab1fdb,2026-08-01,1,3,no_position,0.058539473
1,38a352082dc51b5b,2026-08-01,0,2,no_position,0.05153728
1,38cdeae05f0a5d61,2026-08-01,1,1,no_position,0.18474296
1,38dcb8af6a90f5fd,2026-08-01,0,5,no_position,0.02923256
1,38e3a4c082ebdb91,2026-08-01,0,5,no_position,0.13424619
1,38f9ddc1972af26c,2026-08-01,0,4,no_position,0.037411425
1,3904185d789a1e54,2026-08-01,0,2,no_position,0.038099024
1,3920db0e5b935c8e,2026-08-01,0,4,no_position,0.056891773
1,3933873490c3cc54,2026-08-01,0,1,no_position,0.21891086
1,396b1b158f59f52c,2026-08-01,0,4,no_position,0.080659255
1,3970bfdcdf613a7b,2026-08-01,0,1,no_position,0.031390462
1,3983e64f41bdabaa,2026-08-01,0,4,no_position,0.35837623
1,398ba2b06f42652c,2026-08-01,0,3,no_position,0.04940091
1,398c161ed3c6b2e5,2026-08-01,0,2,no_position,0.455997
1,3998513a769c6047,2026-08-01,0,5,no_position,0.03869563
1,39a58d3a456ed741,2026-08-01,0,5,no_position,0.04112944
1,39b355f52a055bf2,2026-08-01,0,2,no_position,0.066339746
1,39be633264813a87,2026-08-01,0,2,no_position,0.13541447
1,39c38dd81682fa18,2026-08-01,0,2,no_position,0.10308574
1,39d13325ec0fd1bc,2026-08-01,0,4,no_position,0.16038026
1,39fe1fb1652a954c,2026-08-01,0,5,no_position,0.046086043
1,3a3c51a7900fd717,2026-08-01,0,2,no_position,0.050239258
1,3a477f8bcddd566f,2026-08-01,0,3,no_position,0.05133933
1,3a63ee8f3ea130c7,2026-08-01,0,5,no_position,0.046884127
1,3a8e8c2454493aa6,2026-08-01,0,4,no_position,0.046889327
1,3a921f3dc5cfc474,2026-08-01,1,2,no_position,0.06740253
1,3a966aef1c0278df,2026-08-01,0,4,no_position,0.03256712
1,3aa8d343352957f8,2026-08-01,0,4,no_position,0.24397375
1,3ab5160cbe39ed00,2026-08-01,0,1,no_position,0.22315602
1,3afeddf92b155ac0,2026-08-01,0,5,no_position,0.14751382
1,3b023c7df5c0df71,2026-08-01,0,4,no_position,0.038707007
1,3b0a39ff9443a947,2026-08-01,0,2,no_position,0.08937552
1,3b0f39cc347cc124,2026-08-01,0,2,no_position,0.07648794
1,3b21b67fcda2b9c4,2026-08-01,0,2,no_position,0.036896627
1,3b287b1ffd9d70cb,2026-08-01,0,1,no_position,0.037771665
1,3b3141df314d5ec6,2026-08-01,0,5,no_position,0.06386286
1,3b3a128a20ba461a,2026-08-01,0,2,no_position,0.067220196
1,3b3a5a3b87e94e4e,2026-08-01,0,2,no_position,0.050576746
1,3b3fe97c09c55529,2026-08-01,1,3,no_position,0.037673876
1,3b55a0f4115b9bbe,2026-08-01,0,1,no_position,0.04295755
1,3b5a64fb6c932d90,2026-08-01,0,5,no_position,0.15900649
1,3b732595fddb8e7d,2026-08-01,0,3,no_position,0.071585305
1,3baed5278ea47bb6,2026-08-01,0,3,no_position,0.07152818
1,3bb5528eec3c1a9f,2026-08-01,0,1,no_position,0.15004304
1,3bc3db155cb24c5a,2026-08-01,0,4,no_position,0.0707399
1,3bd1e6ea31cb17c8,2026-08-01,0,5,no_position,0.17933282
1,3bedc4b223dd7fba,2026-08-01,0,5,no_position,0.09534194
1,3c08bef185428078,2026-08-01,0,5,no_position,0.07727444
1,3c2b8e2f7063fc17,2026-08-01,0,1,no_position,0.055056818
1,3c368bd5d7cf140f,2026-08-01,0,2,no_position,0.2848838
1,3c4c9b52dffa888b,2026-08-01,0,5,no_position,0.037411265
1,3c75ac8a3b4e6e53,2026-08-01,0,1,no_position,0.030176433
1,3c7c49869da52de0,2026-08-01,0,4,no_position,0.08297194
1,3cafad23a40ba1bd,2026-08-01,0,5,no_position,0.07245946
1,3cf54626d1acf7f3,2026-08-01,0,2,no_position,0.05111768
1,3d222364ec70868c,2026-08-01,0,2,no_position,0.06924035
1,3d7fe36c57c1a7d6,2026-08-01,0,5,no_position,0.0620601
1,3da2d33164697c6f,2026-08-01,0,2,no_position,0.049456026
1,3decd8472fc68b26,2026-08-01,0,4,no_position,0.3884763
1,3df2398014a72f47,2026-08-01,1,4,no_position,0.24276192
1,3dfe0b24dc0302cc,2026-08-01,0,3,no_position,0.039201256
1,3e3df959553cf06c,2026-08-01,1,1,no_position,0.14990489
1,3e4b693952d40309,2026-08-01,0,5,no_position,0.037311006
1,3e4b92a95dccd2ff,2026-08-01,0,3,no_position,0.07673757
1,3e4fedeee5dc21f4,2026-08-01,0,2,no_position,0.05291628
1,3e8eb985f630f087,2026-08-01,0,3,no_position,0.075598165
1,3e8ed5d1a0fb5afc,2026-08-01,0,2,no_position,0.051228136
1,3e925d48749c3ae1,2026-08-01,0,1,no_position,0.05126073
1,3ec1c0bed3f83447,2026-08-01,0,1,no_position,0.13685535
1,3ec50ec316d90513,2026-08-01,0,2,no_position,0.33492437
1,3ef9285cee0746a9,2026-08-01,0,3,no_position,0.03829239
1,3f6ebefda56cacbb,2026-08-01,0,5,no_position,0.037286103
1,3f7c463021c214a6,2026-08-01,0,5,no_position,0.081122056
1,3fa37f45d6752f52,2026-08-01,0,4,no_position,0.04608257
1,3fcb89fedf2910aa,2026-08-01,0,2,no_position,0.062784426
1,3fd938a6d81d3d02,2026-08-01,1,3,no_position,0.10450999
1,3fe719a53784d8bd,2026-08-01,0,1,no_position,0.059418764
1,400899d2ae022568,2026-08-01,0,5,no_position,0.035435006
1,400cfbd8da14311e,2026-08-01,0,3,no_position,0.09659724
1,4044146d9cb3f552,2026-08-01,0,4,no_position,0.040619798
1,404766e6124dfd5e,2026-08-01,0,3,no_position,0.039918818
1,4055382dd4963995,2026-08-01,0,2,no_position,0.04697052
1,40978ba4b28c5903,2026-08-01,0,5,no_position,0.09252764
1,4129fdd0c19597d3,2026-08-01,0,1,no_position,0.11859024
1,41331850d4afa774,2026-08-01,0,2,no_position,0.056158673
1,413bfc7453f0f901,2026-08-01,0,3,no_position,0.0346866
1,419a369788b2c50b,2026-08-01,0,1,no_position,0.14143775
1,419b5898d1455a96,2026-08-01,0,2,no_position,0.055631753
1,419ed81996dc359e,2026-08-01,0,4,no_position,0.20091446
1,41ac8d195f1daefc,2026-08-01,0,3,no_position,0.039348472
1,41cacb2bbea08734,2026-08-01,0,3,no_position,0.05086513
1,42045a52c96d0cfd,2026-08-01,0,4,no_position,0.05701961
1,420b3fb87231a016,2026-08-01,0,4,no_position,0.031419426
1,421d59e209b875eb,2026-08-01,0,5,no_position,0.053491697
1,422031b9eaeea449,2026-08-01,1,1,no_position,0.31021214
1,42287037b9d4329e,2026-08-01,0,1,no_position,0.13134596
1,427cf635471a9f59,2026-08-01,0,1,no_position,0.17785951
1,429a686b935700f9,2026-08-01,0,5,no_position,0.15966022
1,42c963941439d70a,2026-08-01,0,1,no_position,0.03628669
1,42cc294cf5d9ad38,2026-08-01,0,4,no_position,0.13655232
1,42d83b80fe16ab5f,2026-08-01,0,5,no_position,0.05761725
1,434065ec4d342b0d,2026-08-01,0,4,no_position,0.03727502
1,436bbdadf875f57c,2026-08-01,0,5,no_position,0.08319062
1,437788f73d23b463,2026-08-01,1,1,no_position,0.07968817
1,43dfc431289396d6,2026-08-01,0,5,no_position,0.33964065
1,44160e71567cb529,2026-08-01,0,5,no_position,0.09616613
1,443d807e0e7721e4,2026-08-01,1,1,no_position,0.19984059
1,448463ed311fab16,2026-08-01,0,5,no_position,0.07718365
1,448a9fa08cde1769,2026-08-01,0,1,no_position,0.03273116
1,449f10b04b823385,2026-08-01,1,1,no_position,0.08770708
1,44a5b54734e8299f,2026-08-01,0,2,no_position,0.2719072
1,44c24f863b9cffab,2026-08-01,0,1,no_position,0.038292356
1,44cd828c8955af92,2026-08-01,1,4,no_position,0.054671917
1,44e0064471b5dc2f,2026-08-01,1,5,no_position,0.13711217
1,44fec6a9bb17e61f,2026-08-01,0,3,no_position,0.030989636
1,45092723cbbfd5b8,2026-08-01,0,5,no_position,0.04103369
1,4539f5638d43c057,2026-08-01,1,3,no_position,0.10211144
1,455c617d0f2cdf57,2026-08-01,0,1,no_position,0.09258786
1,456168748059637b,2026-08-01,0,5,no_position,0.06792229
1,459f9e5b05b350a8,2026-08-01,0,5,no_position,0.03617248
1,459fd1a526d130c0,2026-08-01,0,5,no_position,0.028565554
1,45af611703ba7632,2026-08-01,0,3,no_position,0.07391969
1,45f24d5e8f0e138a,2026-08-01,0,5,no_position,0.06251188
1,45f793bd7e006265,2026-08-01,0,3,no_position,0.03125579
1,45f9c51b900a5673,2026-08-01,0,4,no_position,0.094421424
1,45fb28ddcd593921,2026-08-01,0,2,no_position,0.06849791
1,46013f2c8f071a02,2026-08-01,0,1,no_position,0.04779925
1,46028977128494e2,2026-08-01,0,4,no_position,0.065269254
1,464ef47a563cfb5d,2026-08-01,0,5,no_position,0.07139047
1,4654d9d8efa51d36,2026-08-01,0,1,no_position,0.08308888
1,466b335fc66cd286,2026-08-01,0,5,no_position,0.059956796
1,466ea6d9b73655a6,2026-08-01,0,1,no_position,0.055258576
1,46792c80592e1651,2026-08-01,0,3,no_position,0.19471276
1,46985c2641788d1a,2026-08-01,0,5,no_position,0.06370256
1,469c801fdfec0274,2026-08-01,0,2,no_position,0.07936052
1,46b2fb169dadf106,2026-08-01,0,4,no_position,0.024087366
1,471fa9ab45ff1d6b,2026-08-01,0,1,no_position,0.06427653
1,4741e482aa79efc9,2026-08-01,1,2,no_position,0.40335524
1,474405e1f7a17214,2026-08-01,0,5,no_position,0.08919805
1,474821dec393c232,2026-08-01,0,5,no_position,0.046402443
1,476116bd97f2a939,2026-08-01,0,3,no_position,0.11841252
1,4794483baaa555c9,2026-08-01,0,1,no_position,0.045817774
1,479b9f541fe07cb1,2026-08-01,0,5,no_position,0.067186736
1,47c7014979630da0,2026-08-01,1,1,no_position,0.1595945
1,47d476d4c82dfc50,2026-08-01,0,4,no_position,0.06681784
1,47ea941eca4acad7,2026-08-01,0,3,no_position,0.055590432
1,484b8d396b88a5a2,2026-08-01,0,5,no_position,0.030926483
1,4869dffe7cb12c73,2026-08-01,0,3,no_position,0.05209214
1,4872ccef7a2c963e,2026-08-01,1,5,no_position,0.1790811
1,489a114fbdceff69,2026-08-01,0,2,no_position,0.041412044
1,489da6f98c296b61,2026-08-01,0,5,no_position,0.067280784
1,493d219723cdfbd4,2026-08-01,0,3,no_position,0.03264927
1,4953f4bb2fa8eaa4,2026-08-01,0,2,no_position,0.047735155
1,4957ce182d048afb,2026-08-01,0,2,no_position,0.13086186
1,4968a7e6a52d9274,2026-08-01,0,2,no_position,0.3402714
1,4987ecdbe106a22b,2026-08-01,0,4,no_position,0.06893037
1,499566f05d1e4688,2026-08-01,0,3,no_position,0.049493372
1,49a954a5c6bb83eb,2026-08-01,0,5,no_position,0.0658603
1,49d85466080d5ea6,2026-08-01,0,4,no_position,0.054883596
1,49d9187b0b9bed98,2026-08-01,0,1,no_position,0.038157765
1,4a1d41c2923f35e5,2026-08-01,0,2,no_position,0.04631634
1,4a5bb22ee8399d77,2026-08-01,0,4,no_position,0.030534593
1,4a7a12936577b58d,2026-08-01,0,1,no_position,0.05960272
1,4a7aacd6258caf92,2026-08-01,0,2,no_position,0.101047516
1,4a7b2fc28ecf2c43,2026-08-01,0,3,no_position,0.08667583
1,4ae7aa1c6cc68178,2026-08-01,0,3,no_position,0.04109943
1,4b1f64bdbd0593e9,2026-08-01,1,2,no_position,0.11543987
1,4b2033d24144d63c,2026-08-01,0,1,no_position,0.12629797
1,4b818dee8134c3a1,2026-08-01,0,5,no_position,0.058084764
1,4bbed990246266a1,2026-08-01,0,2,no_position,0.103838466
1,4bcf26ddc1a3ec8b,2026-08-01,0,3,no_position,0.06301069
1,4c08bf7cab61c17c,2026-08-01,0,3,no_position,0.09100221
1,4c0bb49c10341a02,2026-08-01,0,4,no_position,0.05479183
1,4c325b5ad1d53894,2026-08-01,0,5,no_position,0.06483107
1,4c5bc42840863422,2026-08-01,0,1,no_position,0.03452611
1,4c8d130952e3da7a,2026-08-01,0,2,no_position,0.164895
1,4ca8ecf123278841,2026-08-01,0,3,no_position,0.4025805
1,4cd1b58243a7114f,2026-08-01,1,4,no_position,0.05115033
1,4cd30678a696b4c8,2026-08-01,0,5,no_position,0.09149167
1,4ce2571c1a10ad6d,2026-08-01,1,4,no_position,0.07194968
1,4ce92515c1a39a22,2026-08-01,0,2,no_position,0.3734401
1,4d26eb1d7a4e4735,2026-08-01,0,3,no_position,0.041940637
1,4d2a3b9d3b5bd693,2026-08-01,0,2,no_position,0.0513166
1,4d3c695d5acc8d68,2026-08-01,0,5,no_position,0.024881057
1,4d3ec39a636cf79e,2026-08-01,1,4,no_position,0.04564149
1,4d49fadfcdbfee17,2026-08-01,0,2,no_position,0.2391581
1,4d66f98465c29548,2026-08-01,0,2,no_position,0.045000117
1,4d9cb24b53c82694,2026-08-01,0,5,no_position,0.039177537
1,4dc2ed56fd66d1f7,2026-08-01,0,5,no_position,0.08815198
1,4de692541cfc3ed3,2026-08-01,0,4,no_position,0.08451566
1,4df45d665ba6b337,2026-08-01,0,2,no_position,0.108898304
1,4e095708261ef196,2026-08-01,0,1,no_position,0.045301747
1,4e1441d45ac2d42c,2026-08-01,0,5,no_position,0.060067073
1,4e81aa01dfeb9a95,2026-08-01,0,1,no_position,0.09671383
1,4ea9a222fb5fe9b2,2026-08-01,0,2,no_position,0.049656756
1,4ec7d5e09d117376,2026-08-01,1,4,no_position,0.48921776
1,4ed49f86007cd021,2026-08-01,0,2,no_position,0.24395286
1,4f008787d37ec022,2026-08-01,0,5,no_position,0.086258136
1,4f22adfaab60a204,2026-08-01,0,1,no_position,0.07833189
1,4f3e66149a3f953a,2026-08-01,0,5,no_position,0.034710884
1,4f4cf3f82a641f7a,2026-08-01,0,3,no_position,0.03462908
1,4f5a4fb30737bf2a,2026-08-01,0,4,no_position,0.035898615
1,4f78b6c85943286e,2026-08-01,0,4,no_position,0.07415758
1,4f994d2af0a90aff,2026-08-01,1,5,no_position,0.050937247
1,4fc1f5a8eea60119,2026-08-01,0,1,no_position,0.18905582
1,4fc98c90aa8bd07c,2026-08-01,0,3,no_position,0.06681188
1,4fd44c95e100038a,2026-08-01,0,5,no_position,0.044550445
1,5019a0c2a1e291f9,2026-08-01,0,5,no_position,0.04669798
1,502ff43ee03bff04,2026-08-01,1,5,no_position,0.14170808
1,50776b49a6479f4c,2026-08-01,0,3,no_position,0.04592284
1,5092fc2ddc797a60,2026-08-01,0,1,no_position,0.05307553
1,50a33d55914ad539,2026-08-01,0,2,no_position,0.050077703
1,50d2a217a8877760,2026-08-01,0,2,no_position,0.049870085
1,50f1139eacf60d38,2026-08-01,0,5,no_position,0.30748883
1,51213ed0c3360ed1,2026-08-01,0,2,no_position,0.055734187
1,513bbb0260b25f8a,2026-08-01,1,5,no_position,0.09745835
1,514984f9f108b7c8,2026-08-01,0,4,no_position,0.089929305
1,51514a48b9141e63,2026-08-01,0,2,no_position,0.27095985
1,517127371118f92a,2026-08-01,0,4,no_position,0.082415566
1,51719523b756835d,2026-08-01,0,1,no_position,0.043576147
1,518947988da2bc6a,2026-08-01,0,2,no_position,0.051529273
1,51a503341ad111e3,2026-08-01,0,5,no_position,0.04370458
1,51a882d81c95c5e6,2026-08-01,0,5,no_position,0.03878036
1,51b009331f5c55f0,2026-08-01,1,5,no_position,0.05586538
1,5211149ee7f7b730,2026-08-01,0,2,no_position,0.034198653
1,523294bcc5ff8fea,2026-08-01,0,3,no_position,0.040156353
1,524450fcc1305305,2026-08-01,1,1,no_position,0.07081438
1,5271b5512730e328,2026-08-01,0,4,no_position,0.0634421
1,527ddaf9dbdf29eb,2026-08-01,0,5,no_position,0.07126287
1,52a08edbf6e87faa,2026-08-01,0,1,no_position,0.043669846
1,52df2e310cea49ca,2026-08-01,0,3,no_position,0.0340208
1,52f78a3e931ce0e3,2026-08-01,0,4,no_position,0.12966067
1,52fcdd7335852498,2026-08-01,0,4,no_position,0.059049807
1,531feb018d4681bd,2026-08-01,0,5,no_position,0.038976364
1,5320d66f288b6f2f,2026-08-01,0,2,no_position,0.12604488
1,5340b0f4901a0149,2026-08-01,0,2,no_position,0.36174205
1,53630114cdc41892,2026-08-01,0,1,no_position,0.034889586
1,53cb9ff0f9143ac7,2026-08-01,0,4,no_position,0.302889
1,53f46170925134d8,2026-08-01,0,4,no_position,0.07334276
1,53fad0c2c55cfdcc,2026-08-01,0,5,no_position,0.0746989
1,53fe032365da5c9c,2026-08-01,0,3,no_position,0.02855348
1,546cbb83163f69ce,2026-08-01,0,4,no_position,0.28694448
1,5487f60f426d194d,2026-08-01,0,2,no_position,0.09865317
1,54a4434646fadde6,2026-08-01,0,2,no_position,0.03652411
1,54a7a6d9c141355a,2026-08-01,0,1,no_position,0.040190496
1,54c2f0ebe8cc789c,2026-08-01,0,5,no_position,0.025928782
1,54e0e10136e43f28,2026-08-01,0,2,no_position,0.048347354
1,551e0a0fa4938a1b,2026-08-01,0,2,no_position,0.1306536
1,55613377ebfeca51,2026-08-01,1,5,no_position,0.15694006
1,55c10bfd2df0a3ad,2026-08-01,0,1,no_position,0.052124735
1,55dc9e103ff85609,2026-08-01,0,2,no_position,0.06277994
1,55dd4de4eb2dd574,2026-08-01,0,5,no_position,0.17938831
1,5623efb38d8769bd,2026-08-01,0,1,no_position,0.03289722
1,5645442f355819b8,2026-08-01,0,4,no_position,0.06673569
1,5646d3fd5510e656,2026-08-01,0,4,no_position,0.060332626
1,564d3179587a2473,2026-08-01,0,3,no_position,0.048888586
1,567d1cc86578a0f4,2026-08-01,0,4,no_position,0.17488687
1,5698a054aa9df2c5,2026-08-01,0,4,no_position,0.04942535
1,56d1bd7bb654ad17,2026-08-01,0,4,no_position,0.03663824
1,56f6a81252e10f1c,2026-08-01,0,3,no_position,0.30942923
1,5702510a325ebde9,2026-08-01,0,3,no_position,0.094885394
1,57118833a4510c19,2026-08-01,0,2,no_position,0.039743435
1,5716439cea4a3c42,2026-08-01,0,3,no_position,0.054680042
1,575d0c65453a5d6c,2026-08-01,0,3,no_position,0.06600688
1,577e80c66892cd1c,2026-08-01,0,5,no_position,0.042013872
1,57b10ed4aad60435,2026-08-01,0,2,no_position,0.06523223
1,57d8f4280212a51a,2026-08-01,0,5,no_position,0.09108309
1,57dc0baacb18af9e,2026-08-01,0,4,no_position,0.11932499
1,57f78c7d2981047d,2026-08-01,0,1,no_position,0.044600423
1,5812b1eaa1575526,2026-08-01,0,2,no_position,0.06654935
1,58202fc61da7e579,2026-08-01,0,4,no_position,0.09191512
1,5841f9e32dc179c6,2026-08-01,0,4,no_position,0.02598031
1,5853f73f396eabab,2026-08-01,0,5,no_position,0.058098525
1,5867288e8038d626,2026-08-01,0,4,no_position,0.060112506
1,586b37ae69ed9199,2026-08-01,0,1,no_position,0.24073103
1,58a05df162cbc5ce,2026-08-01,0,5,no_position,0.0857705
1,58c834d5e86e099d,2026-08-01,0,2,no_position,0.07058452
1,58ca960424fed7b3,2026-08-01,0,2,no_position,0.042101495
1,58e8552f7c9d5175,2026-08-01,0,3,no_position,0.19631623
1,58f4b3d48fc7e172,2026-08-01,0,5,no_position,0.06892768
1,5911ae9e9a6c4345,2026-08-01,0,2,no_position,0.04899487
1,5927adb922bc2752,2026-08-01,0,4,no_position,0.045096204
1,596e077fbc1e62ec,2026-08-01,0,4,no_position,0.047024786
1,59a22eef272fc5c4,2026-08-01,0,3,no_position,0.07863979
1,59b71285046f2e07,2026-08-01,0,2,no_position,0.10173542
1,59c1064fd34a8a79,2026-08-01,0,1,no_position,0.05977022
1,59f3b1843ef26c26,2026-08-01,0,3,no_position,0.062360555
1,5a0e8be206858a81,2026-08-01,0,2,no_position,0.13010669
1,5a27dc8610012b34,2026-08-01,0,5,no_position,0.11176666
1,5a53ae168aed8e22,2026-08-01,1,3,no_position,0.30560547
1,5a566c407610149a,2026-08-01,0,3,no_position,0.118111625
1,5a7d7671d8ba5f6b,2026-08-01,0,2,no_position,0.098645404
1,5a8e2086ef9dd438,2026-08-01,0,2,no_position,0.046974152
1,5aaddb57248e4ab3,2026-08-01,0,2,no_position,0.09306598
1,5ab5a13ed2b6c66f,2026-08-01,1,4,no_position,0.45216927
1,5ac59e848bba17c5,2026-08-01,0,5,no_position,0.07555817
1,5add797a6af10ab5,2026-08-01,0,3,no_position,0.06349878
1,5b1131a3c36168bf,2026-08-01,1,4,no_position,0.07895238
1,5b48f5482858d99d,2026-08-01,0,5,no_position,0.048315026
1,5b8ee67c75ee4661,2026-08-01,0,2,no_position,0.055015277
1,5b970c4e3eeb0bf6,2026-08-01,0,5,no_position,0.068199255
1,5bacf273278ddc6a,2026-08-01,1,3,no_position,0.48041385
1,5bb2fe02a2f91432,2026-08-01,0,2,no_position,0.06424904
1,5bc14119b547c37f,2026-08-01,0,4,no_position,0.105128214
1,5bcadba842855da0,2026-08-01,0,3,no_position,0.02475172
1,5bdc52cd2e3597a0,2026-08-01,0,3,no_position,0.03882603
1,5bf0b0d8c0771998,2026-08-01,0,1,no_position,0.05230201
1,5bfff754b7b0acd6,2026-08-01,0,1,no_position,0.047118515
1,5c13509757aa3db6,2026-08-01,1,5,no_position,0.087887846
1,5c1f63374ae56cb3,2026-08-01,1,4,no_position,0.120110095
1,5c22c42a7e76b1d3,2026-08-01,0,4,no_position,0.07092682
1,5c29e5f0749d76e6,2026-08-01,0,1,no_position,0.11272623
1,5c4c5f9bc6e19b71,2026-08-01,0,1,no_position,0.12414062
1,5c6b8acc78e97a90,2026-08-01,0,1,no_position,0.11458242
1,5c72eff7c964b472,2026-08-01,0,1,no_position,0.0838671
1,5ca531c516e260bb,2026-08-01,0,4,no_position,0.055179793
1,5caf34c2235b4958,2026-08-01,0,5,no_position,0.052232463
1,5cdcf7f32394fd81,2026-08-01,0,4,no_position,0.030559745
1,5cde06a169cc7df1,2026-08-01,0,1,no_position,0.26607922
1,5d07878fa0eded94,2026-08-01,0,2,no_position,0.042677563
1,5d3e465cc45a41fb,2026-08-01,0,2,no_position,0.04525114
1,5d4e2c719aec8d1e,2026-08-01,0,1,no_position,0.03815622
1,5d615bbaf8eec873,2026-08-01,0,4,no_position,0.027432557
1,5d70a3bcc5ab34ff,2026-08-01,0,3,no_position,0.0777719
1,5d70d1c52c5232ed,2026-08-01,1,5,no_position,0.06375002
1,5d8a83031efb3393,2026-08-01,0,2,no_position,0.10431002
1,5d9411f382c3b6f9,2026-08-01,0,5,no_position,0.04177172
1,5da83c2acfcd1249,2026-08-01,0,3,no_position,0.04400158
1,5db6d072a507fe88,2026-08-01,0,3,no_position,0.13946198
1,5df4f6f9500c4fe4,2026-08-01,1,4,no_position,0.1931916
1,5e0dcdf16db356b2,2026-08-01,0,5,no_position,0.03546724
1,5e9ebd6e385858e7,2026-08-01,0,2,no_position,0.05174199
1,5ea8607ca74f2579,2026-08-01,0,1,no_position,0.041882817
1,5ec4a3f89e04f364,2026-08-01,1,3,no_position,0.37588793
1,5ecc3e2eb18bdd6f,2026-08-01,0,3,no_position,0.073147036
1,5f071dbaa9a42889,2026-08-01,0,1,no_position,0.21041964
1,5f2957aea7954a64,2026-08-01,0,3,no_position,0.032529794
1,5f389160f3e4cc48,2026-08-01,1,2,no_position,0.038431074
1,5f5b6c53b75ea66b,2026-08-01,0,5,no_position,0.22180222
1,5f7044e1f0896bb1,2026-08-01,1,1,no_position,0.1548897
1,5f724d04db4b5481,2026-08-01,0,3,no_position,0.23221068
1,5f9e0200467c51b3,2026-08-01,0,1,no_position,0.043744843
1,5fbc96544c1b32f0,2026-08-01,0,5,no_position,0.083034806
1,5fbfdf47927ee255,2026-08-01,0,2,no_position,0.050479796
1,5fcf6eb0c7e0960f,2026-08-01,0,4,no_position,0.04857294
1,5fda9ae71f82cf5d,2026-08-01,0,2,no_position,0.039781287
1,6005a1172b13d242,2026-08-01,0,5,no_position,0.03859811
1,601d5045e12c85db,2026-08-01,0,4,no_position,0.06198427
1,604b0e95fee2edd4,2026-08-01,0,4,no_position,0.23399058
1,606828c6041a9929,2026-08-01,0,3,no_position,0.04715848
1,60a52d4dbcf186d3,2026-08-01,0,2,no_position,0.08496666
1,610274c86d443bdf,2026-08-01,0,3,no_position,0.06894981
1,611819c416fc9798,2026-08-01,0,2,no_position,0.04259852
1,613d4198f2fc46b0,2026-08-01,0,2,no_position,0.058201738
1,61403259772cf590,2026-08-01,0,5,no_position,0.05901528
1,61568dce4cf00816,2026-08-01,0,1,no_position,0.056236297
1,6162b547126871e3,2026-08-01,0,1,no_position,0.02905631
1,61728e5534e3158d,2026-08-01,0,2,no_position,0.053180404
1,6175a2e872544ece,2026-08-01,0,2,no_position,0.06107812
1,61985419993ff0fe,2026-08-01,1,5,no_position,0.11625488
1,61a98c149c7180bb,2026-08-01,0,1,no_position,0.19811752
1,61cc25565a5f259c,2026-08-01,0,2,no_position,0.056037456
1,61dd0d0412ed14b8,2026-08-01,0,2,no_position,0.044929355
1,61f2366471369a94,2026-08-01,0,1,no_position,0.11472912
1,61f8d0e57da95fcd,2026-08-01,0,1,no_position,0.04901395
1,6225d9fbf506e8b4,2026-08-01,0,2,no_position,0.06255386
1,625470644b35a543,2026-08-01,0,1,no_position,0.04891994
1,62d57830576537a7,2026-08-01,0,2,no_position,0.040605053
1,62e704a4205be247,2026-08-01,0,1,no_position,0.044577934
1,62e99c76ce74c5c7,2026-08-01,0,4,no_position,0.09838964
1,62e9e0241357ae97,2026-08-01,0,2,no_position,0.06052013
1,630689ce93a31477,2026-08-01,0,5,no_position,0.043059938
1,63078a292b6a0744,2026-08-01,0,1,no_position,0.04790156
1,633f88c14e8e3bb1,2026-08-01,0,3,no_position,0.03330662
1,63488c1b5a68ba74,2026-08-01,0,4,no_position,0.08603493
1,635bbd506dc1b581,2026-08-01,0,4,no_position,0.030998139
1,6377a60972063fab,2026-08-01,0,5,no_position,0.040723473
1,6388f1b6ff1d5bc6,2026-08-01,0,3,no_position,0.053115305
1,639315e71310728a,2026-08-01,0,4,no_position,0.03616988
1,63a45f81c21b6694,2026-08-01,0,3,no_position,0.04080068
1,63a65917c5e7f343,2026-08-01,0,2,no_position,0.0905303
1,63d3b3bf28417f4d,2026-08-01,0,3,no_position,0.032461558
1,63e21306a07d9b50,2026-08-01,1,3,no_position,0.17596479
1,63e25ff962e262ae,2026-08-01,0,4,no_position,0.05037134
1,63e8a4dffa6292d2,2026-08-01,0,4,no_position,0.036772117
1,64005742d5a84d10,2026-08-01,0,2,no_position,0.061805673
1,6410783d4df568b5,2026-08-01,0,5,no_position,0.041871257
1,641a875d808a52e8,2026-08-01,0,1,no_position,0.02974893
1,641fb76b4969bea8,2026-08-01,0,3,no_position,0.045785107
1,642752f001c9d203,2026-08-01,0,3,no_position,0.02955711
1,64525c087edf9fbb,2026-08-01,0,4,no_position,0.060985763
1,648ca1952d9db49b,2026-08-01,0,5,no_position,0.066210635
1,649a733d5fad386b,2026-08-01,0,5,no_position,0.13876401
1,64bbbbf4977a84e4,2026-08-01,0,4,no_position,0.4115975
1,650871cb6ba6a634,2026-08-01,0,3,no_position,0.07016028
1,653dcef86edb875f,2026-08-01,0,2,no_position,0.067916796
1,6552f1128cdb5c70,2026-08-01,0,5,no_position,0.103300825
1,658d60c4bd44577f,2026-08-01,0,3,no_position,0.045429338
1,65975264abf8ab2b,2026-08-01,0,2,no_position,0.17178796
1,659a6ccbf3c52226,2026-08-01,0,2,no_position,0.05433368
1,659c0acff60f0e3b,2026-08-01,0,5,no_position,0.09632971
1,65d431d317bed5cc,2026-08-01,0,1,no_position,0.04221224
1,660fec9d912ef4d9,2026-08-01,0,4,no_position,0.07017003
1,661aadf01272f406,2026-08-01,0,1,no_position,0.055109914
1,66b5dbb0680abeb6,2026-08-01,1,5,no_position,0.08355484
1,66c082e2e5befe37,2026-08-01,0,5,no_position,0.049541492
1,66d011f003ce4370,2026-08-01,0,5,no_position,0.03223869
1,66e70d247a994ce9,2026-08-01,0,5,no_position,0.27462786
1,6710d2cfac12d0c8,2026-08-01,0,2,no_position,0.050136097
1,6721676e71b359e6,2026-08-01,0,5,no_position,0.18172365
1,6738742764c7ea60,2026-08-01,1,2,no_position,0.08202778
1,675b5df0c5ef8285,2026-08-01,0,5,no_position,0.036736246
1,6798552789984aba,2026-08-01,0,2,no_position,0.14851935
1,67ad25fa3220ebdb,2026-08-01,0,3,no_position,0.03271638
1,67ca29264a157740,2026-08-01,1,2,no_position,0.20452242
1,67d7ad2b01a67b93,2026-08-01,0,1,no_position,0.041596808
1,67e7715584349de3,2026-08-01,0,2,no_position,0.055234235
1,680540be9db80caa,2026-08-01,1,5,no_position,0.19549522
1,683b1e3c3cd33651,2026-08-01,1,4,no_position,0.06899081
1,6843c75f87f505ec,2026-08-01,0,3,no_position,0.28801343
1,6848e1e6d97fd94a,2026-08-01,0,3,no_position,0.09695391
1,68542fa5af142bdd,2026-08-01,0,1,no_position,0.033395935
1,68597ae4c9aa81ef,2026-08-01,0,3,no_position,0.033725303
1,687338043bdda42a,2026-08-01,1,3,no_position,0.14455517
1,68d530616d04ddee,2026-08-01,0,2,no_position,0.10194115
1,6917359e471141d1,2026-08-01,0,5,no_position,0.10279456
1,692135c902d5795e,2026-08-01,0,3,no_position,0.04290849
1,6922784c546dbf1f,2026-08-01,0,5,no_position,0.055600833
1,69373c4edc1483c4,2026-08-01,0,1,no_position,0.046543825
1,69591f44aff687b7,2026-08-01,0,3,no_position,0.050628327
1,69731cf5175d9306,2026-08-01,0,1,no_position,0.040040497
1,6984e671f8357d8c,2026-08-01,0,2,no_position,0.22063625
1,6992de4856649406,2026-08-01,0,5,no_position,0.0503501
1,69a8301bbeda468a,2026-08-01,0,5,no_position,0.047065854
1,69b945b456386db7,2026-08-01,1,1,no_position,0.08074306
1,69bff5698ac64d5e,2026-08-01,0,2,no_position,0.041902173
1,69c634154d13a13a,2026-08-01,1,3,no_position,0.07373617
1,69fd72289adcd566,2026-08-01,0,3,no_position,0.041357554
1,6a469a99b17cb89c,2026-08-01,0,3,no_position,0.042089228
1,6a5e0599903fc1d3,2026-08-01,0,1,no_position,0.02880309
1,6a7be947e29703f3,2026-08-01,1,4,no_position,0.07373172
1,6a7f2681012c7a1b,2026-08-01,0,1,no_position,0.07176657
1,6aa3789545f1794c,2026-08-01,0,2,no_position,0.03895009
1,6ac506332d757fc6,2026-08-01,0,2,no_position,0.65729946
1,6add475740154eff,2026-08-01,0,3,no_position,0.036973786
1,6aea1d9a292ff48b,2026-08-01,0,5,no_position,0.05346927
1,6b2d7312c431b085,2026-08-01,0,4,no_position,0.14786021
1,6b3e3f02e7172fd8,2026-08-01,0,1,no_position,0.13154525
1,6b8e969c2c2d9f19,2026-08-01,0,2,no_position,0.06887574
1,6bad95d433df0ac2,2026-08-01,0,2,no_position,0.052819736
1,6c03a0dac392e238,2026-08-01,0,4,no_position,0.17119145
1,6c0696650df5f481,2026-08-01,0,1,no_position,0.042943694
1,6c2b40d8588493e9,2026-08-01,0,5,no_position,0.054623894
1,6c457e2a7ac345bc,2026-08-01,0,1,no_position,0.055382602
1,6c94ba1eaac3e286,2026-08-01,0,1,no_position,0.036544047
1,6ca301417b432e55,2026-08-01,0,3,no_position,0.03650192
1,6cb222185e2c92ba,2026-08-01,0,1,no_position,0.36788028
1,6cfa78e4e6af644b,2026-08-01,0,5,no_position,0.20647131
1,6d2a619930ece363,2026-08-01,1,1,no_position,0.050631005
1,6d42f14d56818889,2026-08-01,0,2,no_position,0.24053274
1,6d613a3a68669e0b,2026-08-01,0,4,no_position,0.052309826
1,6d926e4a0be6a388,2026-08-01,0,4,no_position,0.12548879
1,6d9fe268d6c9a65a,2026-08-01,0,5,no_position,0.14608006
1,6dbabac2f5c3a038,2026-08-01,0,3,no_position,0.037476357
1,6dbfdb8bdb427659,2026-08-01,0,5,no_position,0.04143037
1,6dca2bef02df2780,2026-08-01,0,2,no_position,0.17957799
1,6debe007ba0b0cb3,2026-08-01,0,1,no_position,0.054273535
1,6df54d089271e36c,2026-08-01,0,2,no_position,0.09351457
1,6e1a380cb148b00a,2026-08-01,1,1,no_position,0.16967069
1,6e5f9d9653240199,2026-08-01,0,3,no_position,0.04844766
1,6e7266c7dc9001bd,2026-08-01,0,3,no_position,0.52620524
1,6e8bac7fcd58df75,2026-08-01,0,5,no_position,0.18832731
1,6ec98ca15d43d1e0,2026-08-01,1,3,no_position,0.25527045
1,6f05eca420d4d258,2026-08-01,1,1,no_position,0.16301177
1,6f1984c88a9317fb,2026-08-01,0,5,no_position,0.075999856
1,6f41a3a174df5364,2026-08-01,0,1,no_position,0.023717782
1,6f4d8ed0ea15e5d9,2026-08-01,0,5,no_position,0.27750272
1,6f57d80a985478da,2026-08-01,0,4,no_position,0.03969033
1,6f73dfe73131953e,2026-08-01,0,2,no_position,0.05374687
1,6fa987906b7fb7ff,2026-08-01,1,4,no_position,0.21841115
1,6fad88261704b70a,2026-08-01,0,5,no_position,0.03393138
1,6fc1095b181d6829,2026-08-01,0,5,no_position,0.1408657
1,70069b72d2747df1,2026-08-01,0,4,no_position,0.03406352
1,700ae1bf41eaa37b,2026-08-01,1,4,no_position,0.17329945
1,70632f98cccca6c2,2026-08-01,0,4,no_position,0.042093545
1,708019da4a32ea28,2026-08-01,0,2,no_position,0.04680569
1,70834038357947d6,2026-08-01,0,4,no_position,0.089337334
1,70a270cb75ca9e33,2026-08-01,0,3,no_position,0.04529877
1,70ba1310d4418854,2026-08-01,1,5,no_position,0.13378182
1,70c0d890f8906074,2026-08-01,0,4,no_position,0.31941098
1,70d7cfa56d50f1c8,2026-08-01,0,2,no_position,0.046701793
1,70f7edf7972b0f6e,2026-08-01,0,2,no_position,0.1532127
1,7116265f71a95c65,2026-08-01,0,2,no_position,0.034219876
1,71168d3393417998,2026-08-01,0,2,no_position,0.08766314
1,7127e296f23b77f2,2026-08-01,0,4,no_position,0.024117075
1,712d15b0687ed0c0,2026-08-01,0,5,no_position,0.04361266
1,714ab678afd1f25c,2026-08-01,0,1,no_position,0.047151264
1,716ed1e70606f8b0,2026-08-01,0,5,no_position,0.04295019
1,71738222ca8ba0d2,2026-08-01,0,4,no_position,0.13271597
1,7259e6b0d3cd6a58,2026-08-01,0,1,no_position,0.04625579
1,726c4f30ec344953,2026-08-01,0,1,no_position,0.08962145
1,726e66095b5eb458,2026-08-01,0,2,no_position,0.035538103
1,728355743d908cb2,2026-08-01,0,1,no_position,0.03093349
1,7295f03fa4bcc66d,2026-08-01,0,1,no_position,0.3672173
1,729bcdb609b2c9af,2026-08-01,0,2,no_position,0.08577935
1,729dd97e3a0aea51,2026-08-01,0,3,no_position,0.29844326
1,72a53f74a913282c,2026-08-01,0,5,no_position,0.0903437
1,72aecf1a60468579,2026-08-01,0,4,no_position,0.3631311
1,72cf219c06f4f37e,2026-08-01,0,5,no_position,0.0752894
1,72dc01bdd949f29a,2026-08-01,0,3,no_position,0.048103854
1,72f29252b4de0b83,2026-08-01,1,1,no_position,0.033090197
1,72f9aaffa391428c,2026-08-01,0,3,no_position,0.2235417
1,730b158986fba0f1,2026-08-01,0,4,no_position,0.07421243
1,73152a6b4f81a1fa,2026-08-01,0,1,no_position,0.050426513
1,731aa5284eb2eb10,2026-08-01,0,3,no_position,0.037600767
1,732e62b18ff8b971,2026-08-01,0,1,no_position,0.036083065
1,734001cda436136c,2026-08-01,0,1,no_position,0.053341717
1,735254780d947d7c,2026-08-01,0,2,no_position,0.06958171
1,7364de6e9bb7a86b,2026-08-01,0,2,no_position,0.044807006
1,73c7e258aa008a6d,2026-08-01,0,3,no_position,0.05073528
1,73d945a65d64fa3d,2026-08-01,0,2,no_position,0.0480322
1,73f655997b6f5503,2026-08-01,0,2,no_position,0.09739635
1,743b6e87cf574995,2026-08-01,0,3,no_position,0.030133642
1,743fa49cb9ae4963,2026-08-01,0,1,no_position,0.042009376
1,746f862bd6d97ed1,2026-08-01,0,2,no_position,0.07368947
1,747093942bff0138,2026-08-01,0,3,no_position,0.044409946
1,748bb014d4c8ed92,2026-08-01,0,4,no_position,0.05590391
1,749de0f3d14315d2,2026-08-01,0,2,no_position,0.07519632
1,74ac368282b0c932,2026-08-01,0,5,no_position,0.050869968
1,74b7b925de8e2e8d,2026-08-01,0,1,no_position,0.04120475
1,74c92136cf20d62e,2026-08-01,0,1,no_position,0.19944142
1,750c455c3c34a4ee,2026-08-01,0,1,no_position,0.043178998
1,7524e51265bfb4ec,2026-08-01,1,5,no_position,0.17983818
1,75454d760d4b5756,2026-08-01,0,2,no_position,0.062109593
1,757d84c36e97f894,2026-08-01,0,2,no_position,0.05624923
1,75812025c465eeb4,2026-08-01,0,3,no_position,0.033606537
1,75d2cebfe290698d,2026-08-01,0,1,no_position,0.048669584
1,75f9041e86c3a99f,2026-08-01,1,3,no_position,0.11744169
1,761a98c1fb8e43c6,2026-08-01,0,5,no_position,0.05660083
1,761c678164ef8535,2026-08-01,0,3,no_position,0.15768129
1,764745747208913a,2026-08-01,0,4,no_position,0.027355714
1,76761e564fbce0bc,2026-08-01,0,4,no_position,0.048612554
1,767a6d7b4da0aef9,2026-08-01,0,1,no_position,0.064802125
1,76d6e4da7eee84fb,2026-08-01,0,1,no_position,0.039740436
1,76db8878379e7637,2026-08-01,0,1,no_position,0.21009733
1,76e7f57fb5ff7ecd,2026-08-01,0,3,no_position,0.09431836
1,777022f31882e2b0,2026-08-01,0,4,no_position,0.047429916
1,77952b38c254794e,2026-08-01,0,1,no_position,0.044556126
1,77a14ffe3e2b9da8,2026-08-01,0,3,no_position,0.048114095
1,77b094bb42804efb,2026-08-01,0,4,no_position,0.15006818
1,77c6348db09b677e,2026-08-01,0,2,no_position,0.037962258
1,78023c4a6503d57e,2026-08-01,0,4,no_position,0.035815515
1,780507e994d781fd,2026-08-01,0,2,no_position,0.047662713
1,783edcbefc2609d7,2026-08-01,0,4,no_position,0.033338852
1,7870dcea5b05c14d,2026-08-01,0,2,no_position,0.073535606
1,787ccfd9bb7acd2b,2026-08-01,0,3,no_position,0.0675793
1,7897a5d1446a92b2,2026-08-01,0,4,no_position,0.0705043
1,78a5c1ff40f632a0,2026-08-01,0,1,no_position,0.06184087
1,78a79b14c8b93399,2026-08-01,0,1,no_position,0.13321017
1,78dce76e88f22a92,2026-08-01,0,5,no_position,0.06506698
1,78e538aeab132090,2026-08-01,0,2,no_position,0.065013364
1,78f35c2d7c655eaa,2026-08-01,0,5,no_position,0.046751454
1,791428525958b3c5,2026-08-01,1,3,no_position,0.059994873
1,792e23ad41ab5669,2026-08-01,0,4,no_position,0.3852811
1,7999771cf904c815,2026-08-01,0,2,no_position,0.08525264
1,79cf9e708e03d783,2026-08-01,0,5,no_position,0.02891894
1,79d8bb92e6a05456,2026-08-01,0,4,no_position,0.32553375
1,79dd6a5cc139bfec,2026-08-01,0,2,no_position,0.056637302
1,79e66d4470a85932,2026-08-01,0,3,no_position,0.06423458
1,79ee45f2cabc4162,2026-08-01,0,3,no_position,0.29402807
1,79f2e0c9535c33e1,2026-08-01,0,3,no_position,0.04682014
1,7a0cc8c5eee871d4,2026-08-01,1,1,no_position,0.14193217
1,7a0e4822e36a22e2,2026-08-01,0,2,no_position,0.06425956
1,7a35259a054485b0,2026-08-01,0,1,no_position,0.035678018
1,7a38462790bbe22e,2026-08-01,0,5,no_position,0.06401042
1,7a6acb42b261260d,2026-08-01,0,1,no_position,0.035341118
1,7a756ede62bac1ef,2026-08-01,0,5,no_position,0.062074076
1,7a776f6dc0c7c3ee,2026-08-01,0,5,no_position,0.039766345
1,7aad79f593cedb27,2026-08-01,0,5,no_position,0.08484503
1,7abbfbe67144e964,2026-08-01,0,4,no_position,0.05512935
1,7abde3c7c191b6d8,2026-08-01,0,3,no_position,0.04233172
1,7b0877b6b9127f2f,2026-08-01,0,2,no_position,0.29400286
1,7b1ead36019b8a84,2026-08-01,0,3,no_position,0.057606507
1,7b559ae9f55d832c,2026-08-01,0,4,no_position,0.06477177
1,7bc1d122c1c41c35,2026-08-01,0,3,no_position,0.02930934
1,7bc3e16dca3f536d,2026-08-01,0,2,no_position,0.06243309
1,7bc67f7a0682c5e2,2026-08-01,1,5,no_position,0.15681706
1,7c08946b0edc661a,2026-08-01,0,5,no_position,0.035772536
1,7c20dfc231142ea2,2026-08-01,0,4,no_position,0.06852464
1,7c36de9331f66a97,2026-08-01,0,5,no_position,0.38407296
1,7c60a48c50e15a64,2026-08-01,0,4,no_position,0.03771543
1,7c8ff690a68652da,2026-08-01,0,1,no_position,0.071669444
1,7cafe0a1c6398021,2026-08-01,0,2,no_position,0.053812545
1,7ccf2638d96491dd,2026-08-01,0,4,no_position,0.13185291
1,7cf219e3cac2c065,2026-08-01,0,1,no_position,0.033418108
1,7cf6bf9f86aaa726,2026-08-01,0,4,no_position,0.028503006
1,7cf6c663fb6bbf50,2026-08-01,0,5,no_position,0.059949636
1,7d3d661c45049361,2026-08-01,0,1,no_position,0.05856678
1,7d4c767fa3bd7b3b,2026-08-01,0,2,no_position,0.19557387
1,7d992c6b93b84f0a,2026-08-01,0,2,no_position,0.14914519
1,7dcfe61f6ea252f4,2026-08-01,0,4,no_position,0.06831357
1,7dd5f0a3bbb12a45,2026-08-01,0,5,no_position,0.2956168
1,7ddab212f914c6b1,2026-08-01,0,3,no_position,0.038316753
1,7e1e722ae1c7e7e4,2026-08-01,0,3,no_position,0.033054028
1,7e490bc64c2d55fb,2026-08-01,0,2,no_position,0.19594945
1,7e4b9bb8d741724f,2026-08-01,0,4,no_position,0.047514856
1,7e55e2507da41096,2026-08-01,0,5,no_position,0.18641192
1,7e7fed535ed4aeba,2026-08-01,0,5,no_position,0.08521775
1,7e83ba044f30a406,2026-08-01,0,5,no_position,0.062860124
1,7e96f0529af80546,2026-08-01,1,4,no_position,0.053892564
1,7ecf61efdf94f46e,2026-08-01,0,3,no_position,0.056648925
1,7ee3f64db0f2eb40,2026-08-01,0,4,no_position,0.072160445
1,7ef310a2f4f371d1,2026-08-01,0,2,no_position,0.04074889
1,7f16e23d7758de97,2026-08-01,0,1,no_position,0.10449997
1,7f248586c750f082,2026-08-01,0,4,no_position,0.058895905
1,7f3c2534c696ba78,2026-08-01,0,2,no_position,0.055138852
1,7f3fc9e13abc0573,2026-08-01,0,1,no_position,0.07227324
1,7f6073aef2d80793,2026-08-01,0,3,no_position,0.09644082
1,7f61922685a79cc7,2026-08-01,0,4,no_position,0.04739258
1,7f656930d68640ac,2026-08-01,0,4,no_position,0.02971353
1,7f657648ca2bfd9d,2026-08-01,0,4,no_position,0.029114481
1,7f67cb9cb7d1f5f8,2026-08-01,0,3,no_position,0.02628771
1,7f72ce792f421783,2026-08-01,0,3,no_position,0.029873736
1,7ffcf61cab05a289,2026-08-01,0,5,no_position,0.034425672
1,800e8e69a96210fb,2026-08-01,0,3,no_position,0.055080984
1,8027d7d5e34dddc4,2026-08-01,0,4,no_position,0.09570236
1,8038bad61fa65855,2026-08-01,0,4,no_position,0.09439998
1,803c20678c4a050b,2026-08-01,0,3,no_position,0.06809966
1,80503aad8a618d7a,2026-08-01,0,3,no_position,0.22938716
1,806e96611c01cca5,2026-08-01,0,1,no_position,0.0289439
1,8071311afca7c023,2026-08-01,0,1,no_position,0.0353216
1,80ba2ff93f15065f,2026-08-01,0,4,no_position,0.08458684
1,80bbee8ecb8a482c,2026-08-01,0,2,no_position,0.09941596
1,80df74ccbf415940,2026-08-01,0,5,no_position,0.043372694
1,815e9a6dbd55c376,2026-08-01,0,3,no_position,0.05634496
1,816d0e820d995464,2026-08-01,0,2,no_position,0.052693237
1,81a7feb8c03ca38a,2026-08-01,0,5,no_position,0.025038218
1,81ad54fa93bdf184,2026-08-01,0,3,no_position,0.045438293
1,81d6f4fdbd960aed,2026-08-01,0,1,no_position,0.05581236
1,82473cb3bcbeba8a,2026-08-01,0,1,no_position,0.06126005
1,82a16b586ac392e8,2026-08-01,0,4,no_position,0.03190097
1,82c31fa203f2d3bf,2026-08-01,0,2,no_position,0.09612591
1,82e7d81b72b4e10f,2026-08-01,0,3,no_position,0.08451011
1,830bb52813d9e39f,2026-08-01,0,3,no_position,0.07081093
1,833e3955c7d58f9f,2026-08-01,0,3,no_position,0.04542024
1,8357c1d7f99025d0,2026-08-01,1,2,no_position,0.11469998
1,83e5be1e414ac2c1,2026-08-01,0,4,no_position,0.033235326
1,83e8a75513daa73d,2026-08-01,0,5,no_position,0.08453016
1,83ee6830d7c5634d,2026-08-01,0,1,no_position,0.045291025
1,8459941622958d25,2026-08-01,0,1,no_position,0.056057017
1,84a430f1fef2bc1b,2026-08-01,0,5,no_position,0.058024894
1,84db8e7bc7643618,2026-08-01,0,4,no_position,0.06721644
1,84e295bac6622a32,2026-08-01,0,5,no_position,0.09648889
1,855a9bf573db3de0,2026-08-01,0,5,no_position,0.06868937
1,855d3533579ad689,2026-08-01,0,5,no_position,0.102121845
1,8563d54ad8f851df,2026-08-01,0,3,no_position,0.04643387
1,85928afec42ecc6d,2026-08-01,0,1,no_position,0.05656485
1,85b414eae27d2ea7,2026-08-01,0,4,no_position,0.20866613
1,85b7bd61e145c839,2026-08-01,0,4,no_position,0.02818286
1,85fe74875c024eaa,2026-08-01,0,3,no_position,0.10243974
1,86456c63d2a62afe,2026-08-01,0,2,no_position,0.06436262
1,86647bb071e762dd,2026-08-01,0,2,no_position,0.039021302
1,866cb48cdabbfd0f,2026-08-01,0,5,no_position,0.03357013
1,86856b22b5ed75ef,2026-08-01,0,1,no_position,0.06420383
1,86ac61d06f542e37,2026-08-01,0,2,no_position,0.03882494
1,86dd3b5c7adc7983,2026-08-01,1,5,no_position,0.123090334
1,872d5202aff886f8,2026-08-01,0,3,no_position,0.04011089
1,8732d90d6790c6af,2026-08-01,0,3,no_position,0.06985036
1,874f99747a538d7a,2026-08-01,0,4,no_position,0.036689095
1,876c09f4141fb3f5,2026-08-01,0,4,no_position,0.02778813
1,8772f0640b6ea5bf,2026-08-01,0,3,no_position,0.0714545
1,8784d8afe1471b5c,2026-08-01,0,2,no_position,0.045259275
1,878e31c155a56707,2026-08-01,0,1,no_position,0.052630246
1,87a49f19284ee9c5,2026-08-01,0,3,no_position,0.038604286
1,87bda67715aa3e48,2026-08-01,0,5,no_position,0.043704093
1,87df86d7e72e7be3,2026-08-01,0,3,no_position,0.028370304
1,8828f880f285d04d,2026-08-01,0,1,no_position,0.055023782
1,8832c16a1176e0ae,2026-08-01,0,1,no_position,0.093280554
1,8832fe5c8a3c0e05,2026-08-01,1,5,no_position,0.14921659
1,887e3caa1c23d795,2026-08-01,0,5,no_position,0.340867
1,88f32004fd3e431a,2026-08-01,0,2,no_position,0.16503535
1,89044df4e50971c7,2026-08-01,0,4,no_position,0.06470642
1,8931e39fc47b9c6e,2026-08-01,0,1,no_position,0.04262717
1,895afbbf17ff14ba,2026-08-01,0,1,no_position,0.07796665
1,895f70b9b83d628d,2026-08-01,0,3,no_position,0.036792543
1,896aec8b2cf00b7e,2026-08-01,0,3,no_position,0.049289927
1,898e600cdd5828d7,2026-08-01,0,4,no_position,0.08676096
1,89a6545eb2de29f4,2026-08-01,1,3,no_position,0.038775943
1,89b7b507a1730a33,2026-08-01,0,5,no_position,0.09970479
1,89d02b31b678049f,2026-08-01,0,1,no_position,0.029961122
1,89e598c5a98f9e72,2026-08-01,0,2,no_position,0.034450915
1,8a4c9ee3e9dd277a,2026-08-01,0,2,no_position,0.0802936
1,8a58301595cb14fc,2026-08-01,0,3,no_position,0.24829982
1,8a651cb2240f29bb,2026-08-01,0,3,no_position,0.05633481
1,8a81dc2b2b2f1aba,2026-08-01,0,1,no_position,0.055836864
1,8aaeb4d3b54bb6e3,2026-08-01,0,5,no_position,0.06655466
1,8abd7939c21373e2,2026-08-01,0,2,no_position,0.09627018
1,8afc0351dbf259a4,2026-08-01,0,4,no_position,0.053471915
1,8b047bc6ffd1e51d,2026-08-01,1,5,no_position,0.39380422
1,8b0ae62946b99ce1,2026-08-01,1,1,no_position,0.18787944
1,8b4ccbb51d2e7ed7,2026-08-01,0,2,no_position,0.05204406
1,8b6dfd1bf11c9195,2026-08-01,0,1,no_position,0.1146476
1,8b9173fbca173ab2,2026-08-01,0,3,no_position,0.04249673
1,8b9474931b31a640,2026-08-01,0,4,no_position,0.037286934
1,8b9f881dc5863be1,2026-08-01,0,3,no_position,0.067689724
1,8bc12a262850f29c,2026-08-01,0,5,no_position,0.04843063
1,8be009afa7fffe9f,2026-08-01,0,3,no_position,0.034576148
1,8c3dc65e45b01b45,2026-08-01,0,1,no_position,0.04484433
1,8c6f4c5720e2b905,2026-08-01,0,3,no_position,0.038579836
1,8caff611cc65054f,2026-08-01,1,2,no_position,0.09354299
1,8cc1cdd64e692652,2026-08-01,0,4,no_position,0.03226561
1,8cd9d23ef35fba81,2026-08-01,0,1,no_position,0.062713094
1,8ce65bcdae0dab30,2026-08-01,0,5,no_position,0.03808439
1,8ce931a5d278e230,2026-08-01,0,3,no_position,0.04622101
1,8d02b091d0ca9bae,2026-08-01,0,1,no_position,0.1514631
1,8d075dd3da66a6ad,2026-08-01,0,3,no_position,0.17435454
1,8d114115c44e4341,2026-08-01,0,5,no_position,0.0471717
1,8da0b225394ff4ee,2026-08-01,0,2,no_position,0.039577376
1,8df20cd434eabc6b,2026-08-01,0,2,no_position,0.28279823
1,8e1c8026ed07894e,2026-08-01,0,5,no_position,0.09117845
1,8e551f3cd9c5d901,2026-08-01,0,4,no_position,0.038706094
1,8e60b56d600d32e7,2026-08-01,0,4,no_position,0.03452769
1,8e79144dacac779a,2026-08-01,0,2,no_position,0.37614384
1,8ea4f7b0096f0f4f,2026-08-01,0,3,no_position,0.07988768
1,8f2618e5cdacccc5,2026-08-01,0,1,no_position,0.07100502
1,8f2eaa19556d0f63,2026-08-01,0,2,no_position,0.088813655
1,8f8bc548363a41d5,2026-08-01,0,4,no_position,0.046437047
1,8f997d7dfaf545bb,2026-08-01,0,2,no_position,0.048913427
1,8fc15af7855f35b1,2026-08-01,0,2,no_position,0.13407178
1,8fe92a114aa8db1a,2026-08-01,0,4,no_position,0.23955698
1,90048c9a204777d7,2026-08-01,0,4,no_position,0.053391427
1,902d08ec945e4e34,2026-08-01,0,1,no_position,0.11798029
1,905977bed50cef51,2026-08-01,0,5,no_position,0.062098205
1,9066329bcba59f29,2026-08-01,0,5,no_position,0.027300565
1,90916c7e102df5cd,2026-08-01,1,2,no_position,0.22337474
1,90a7886117b144c3,2026-08-01,0,4,no_position,0.10900118
1,90cdd3a724faeca3,2026-08-01,1,5,no_position,0.24615452
1,90d1108b68e0551b,2026-08-01,0,4,no_position,0.18511634
1,90e099a75e136df8,2026-08-01,0,3,no_position,0.053695895
1,90e15bd0debf2ca4,2026-08-01,0,1,no_position,0.032695543
1,9157db3887e1b948,2026-08-01,0,2,no_position,0.045788936
1,918096c6be19c85f,2026-08-01,0,4,no_position,0.046677064
1,918f4d9012d68de8,2026-08-01,1,2,no_position,0.13740599
1,91e35049b1108987,2026-08-01,0,1,no_position,0.054456867
1,9211ad6cef838c5b,2026-08-01,0,5,no_position,0.06786782
1,9261b4bdb11718fb,2026-08-01,0,2,no_position,0.060692396
1,92741d7fdd8cbab1,2026-08-01,0,3,no_position,0.43103337
1,927988544d6604e0,2026-08-01,0,3,no_position,0.12638645
1,9287893e343ab233,2026-08-01,0,3,no_position,0.030965535
1,92991933ddc1e9ff,2026-08-01,0,2,no_position,0.055964403
1,92da3cfffb14e5ac,2026-08-01,0,4,no_position,0.06448319
1,92e8d13ed560031c,2026-08-01,0,2,no_position,0.060009513
1,932ed383373afa00,2026-08-01,0,4,no_position,0.0514073
1,934f6722d1c78f5b,2026-08-01,0,2,no_position,0.055528164
1,93622de921ef1b43,2026-08-01,1,3,no_position,0.06882664
1,9384e3699149e881,2026-08-01,0,5,no_position,0.07655305
1,9394784c2b218421,2026-08-01,0,2,no_position,0.043723408
1,93b0a2e600c4db2c,2026-08-01,0,4,no_position,0.036238953
1,93b3bc70e01dd5b8,2026-08-01,0,4,no_position,0.047689833
1,93bdc32d71dca07c,2026-08-01,0,3,no_position,0.050679445
1,940a2889a0a02a63,2026-08-01,0,2,no_position,0.23435773
1,94957f0b032c53fe,2026-08-01,0,1,no_position,0.055971444
1,94b4163982e2be2a,2026-08-01,0,5,no_position,0.059440605
1,94e39efc10bb5aa5,2026-08-01,0,3,no_position,0.039895777
1,94e5615f0f0396db,2026-08-01,0,1,no_position,0.06616746
1,94f812002cd097ec,2026-08-01,0,3,no_position,0.12751144
1,9503a69d9fe75fe0,2026-08-01,0,5,no_position,0.066453375
1,95138601a9a8ee46,2026-08-01,0,5,no_position,0.06248254
1,9518d41298d68dc3,2026-08-01,0,3,no_position,0.036580447
1,953bdb3bac870729,2026-08-01,0,5,no_position,0.53532344
1,9568244697f02741,2026-08-01,0,3,no_position,0.03676009
1,956bd2d88db46a7e,2026-08-01,0,5,no_position,0.112077594
1,957c1db9a68a53e3,2026-08-01,0,1,no_position,0.09949649
1,957e0238816f68cd,2026-08-01,0,4,no_position,0.049286254
1,958484c8eb4f1dea,2026-08-01,0,3,no_position,0.06800747
1,958be5a9a55a81e8,2026-08-01,0,2,no_position,0.15807831
1,95969db96f87c146,2026-08-01,0,4,no_position,0.0882401
1,95b16eb2326584be,2026-08-01,0,3,no_position,0.04196652
1,9610cfce35794d57,2026-08-01,0,1,no_position,0.101197235
1,966353dc07771d6c,2026-08-01,0,1,no_position,0.0300175
1,967e505ae903f4f0,2026-08-01,0,1,no_position,0.040424652
1,96b6712ea6066b91,2026-08-01,0,5,no_position,0.047396217
1,96c0c4253112d13d,2026-08-01,1,2,no_position,0.16021854
1,96eaf4086851f738,2026-08-01,1,4,no_position,0.0627076
1,96f45c518539a896,2026-08-01,0,2,no_position,0.16447699
1,96ff86e5ea439c45,2026-08-01,1,1,no_position,0.09341091
1,97145e87fdfd0d8b,2026-08-01,0,1,no_position,0.0576562
1,972b8e46abbf5f1e,2026-08-01,0,2,no_position,0.059135072
1,973cc7d50fefb647,2026-08-01,0,2,no_position,0.06461201
1,974df3542fd3c993,2026-08-01,0,2,no_position,0.06179615
1,9769e9d5f06480d8,2026-08-01,0,3,no_position,0.14098592
1,977c851ea729f8a2,2026-08-01,0,1,no_position,0.03941057
1,9787232af3421a1a,2026-08-01,1,3,no_position,0.12291387
1,97c0b584ef244c7e,2026-08-01,1,1,no_position,0.25485715
1,97f17088a8de08a0,2026-08-01,0,2,no_position,0.24751155
1,97f4be0f8c332f59,2026-08-01,0,3,no_position,0.17062163
1,981d111d919ab88e,2026-08-01,0,3,no_position,0.047437128
1,98630c5f450b885f,2026-08-01,0,4,no_position,0.06754612
1,986581e2bfdc9008,2026-08-01,0,3,no_position,0.044709824
1,988b6a92391ba460,2026-08-01,0,5,no_position,0.035221588
1,98cccf4a3d63771d,2026-08-01,0,1,no_position,0.03879506
1,99243ebbbb0529d0,2026-08-01,0,3,no_position,0.10213789
1,9958fd8fe5793f57,2026-08-01,0,5,no_position,0.05534562
1,9969a2078063e74a,2026-08-01,0,1,no_position,0.08917115
1,99acf707223e37a9,2026-08-01,0,4,no_position,0.042034272
1,99c9f3a1203b4503,2026-08-01,0,5,no_position,0.4398181
1,99df20a53a6e62ed,2026-08-01,0,4,no_position,0.047301903
1,9a10cf0a0c86d0d5,2026-08-01,0,3,no_position,0.04664602
1,9a139f459b490137,2026-08-01,0,1,no_position,0.103586726
1,9a603b2ecdff6bf1,2026-08-01,0,5,no_position,0.13481243
1,9a7d1c980913ec5a,2026-08-01,0,1,no_position,0.15194872
1,9a9ff338291df581,2026-08-01,1,1,no_position,0.3030161
1,9ade19838ecfddd0,2026-08-01,0,1,no_position,0.04833004
1,9ae331b95f5a663f,2026-08-01,0,4,no_position,0.039921403
1,9b139121482c970c,2026-08-01,0,3,no_position,0.07307795
1,9b191e1e95b174b8,2026-08-01,0,1,no_position,0.030393317
1,9b1c909ade26fecf,2026-08-01,0,2,no_position,0.03758972
1,9b41115f617f4be0,2026-08-01,0,3,no_position,0.06128739
1,9b6f7ceeebdc1e17,2026-08-01,0,3,no_position,0.13056111
1,9b7df2ac48d376bb,2026-08-01,0,4,no_position,0.03798789
1,9b96904d5db73ad4,2026-08-01,1,3,no_position,0.24698772
1,9ba545dae87c2943,2026-08-01,0,4,no_position,0.15033054
1,9bab51f4d235b26d,2026-08-01,0,5,no_position,0.11976141
1,9bc934bbfbd8d281,2026-08-01,0,5,no_position,0.040842026
1,9c0572b91251e184,2026-08-01,1,5,no_position,0.09826187
1,9c2d77aa9b5811db,2026-08-01,1,3,no_position,0.120086156
1,9c3947210632d90f,2026-08-01,0,4,no_position,0.055161472
1,9c65e452d5ab6c79,2026-08-01,0,3,no_position,0.030900989
1,9ca9153107803d8a,2026-08-01,0,4,no_position,0.15837665
1,9cadf644dd56c84d,2026-08-01,0,2,no_position,0.10106518
1,9caf475f9f1df940,2026-08-01,0,1,no_position,0.053294092
1,9cb3bd4b9babf3d2,2026-08-01,0,2,no_position,0.044940095
1,9cb722e8718df12a,2026-08-01,0,1,no_position,0.04562381
1,9cd056c7f1901d8f,2026-08-01,0,4,no_position,0.047573283
1,9cebb289eb819a3c,2026-08-01,0,2,no_position,0.08862071
1,9d3b4a304eea059a,2026-08-01,0,5,no_position,0.05977255
1,9d456444520ba71f,2026-08-01,0,5,no_position,0.023864115
1,9d45de24b2500209,2026-08-01,0,4,no_position,0.029500814
1,9d8e87723a8ca49a,2026-08-01,0,5,no_position,0.07153811
1,9d8f0398d33fbbc7,2026-08-01,0,3,no_position,0.046067815
1,9d95069be2adf8cc,2026-08-01,0,4,no_position,0.11447606
1,9dae921b0985e9fc,2026-08-01,0,1,no_position,0.044579744
1,9daf07d676438e43,2026-08-01,0,2,no_position,0.059581634
1,9dbb54c12337cc6f,2026-08-01,0,3,no_position,0.051635504
1,9dbc7178b94e66d6,2026-08-01,0,3,no_position,0.1255978
1,9dffae3b339d77e8,2026-08-01,0,4,no_position,0.030211026
1,9e2df972158867a0,2026-08-01,0,4,no_position,0.08339061
1,9e65c808b00ba5b8,2026-08-01,0,2,no_position,0.07567044
1,9e6eaf9a2e9c9b63,2026-08-01,0,3,no_position,0.05011275
1,9e9283d6441d93fe,2026-08-01,0,1,no_position,0.030889865
1,9ea5402dfb282f58,2026-08-01,0,4,no_position,0.050144162
1,9ea74fded6cce539,2026-08-01,0,3,no_position,0.2830672
1,9ead2d95622ef7af,2026-08-01,0,3,no_position,0.14415786
1,9ef57b2c8161b151,2026-08-01,1,4,no_position,0.57553345
1,9f146cc731ac73f0,2026-08-01,0,4,no_position,0.060428813
1,9f15f4a1e22d20c7,2026-08-01,0,3,no_position,0.13982558
1,9f43f51ce773aa01,2026-08-01,0,1,no_position,0.028493064
1,9f594b41ec39e16c,2026-08-01,0,1,no_position,0.16083914
1,9f9957108850f58b,2026-08-01,0,4,no_position,0.041073024
1,9fc795ef7f140cc0,2026-08-01,0,3,no_position,0.11710006
1,9fd35c7f7083885d,2026-08-01,0,3,no_position,0.05114526
1,9fff2fa1de9bb302,2026-08-01,0,5,no_position,0.044118304
1,a0024a2887536a4b,2026-08-01,0,5,no_position,0.040890295
1,a02b6d83f492b6ea,2026-08-01,0,2,no_position,0.34844556
1,a02f259751ca4682,2026-08-01,0,4,no_position,0.15256836
1,a070733bc6d52881,2026-08-01,0,2,no_position,0.043988578
1,a08a076e6632201c,2026-08-01,0,5,no_position,0.05504719
1,a09d42728839cf93,2026-08-01,0,4,no_position,0.043202527
1,a0bf0bfafaca32e9,2026-08-01,0,1,no_position,0.09599346
1,a0d5b029c9ffa271,2026-08-01,0,4,no_position,0.04706248
1,a101f5e8b5abf1a1,2026-08-01,0,1,no_position,0.0693745
1,a10818090519bc7f,2026-08-01,0,1,no_position,0.062013876
1,a11898825d74e614,2026-08-01,0,5,no_position,0.028114233
1,a1261402afba0f75,2026-08-01,0,5,no_position,0.03972294
1,a154608da0a4cd38,2026-08-01,0,1,no_position,0.052898955
1,a17ee8fd95a03594,2026-08-01,0,2,no_position,0.04507794
1,a182fc27357e354b,2026-08-01,0,4,no_position,0.08538331
1,a1a2e0e4be866ae7,2026-08-01,0,1,no_position,0.02779231
1,a1a895f6d716502f,2026-08-01,0,2,no_position,0.0951088
1,a1ecb6af9b5832a0,2026-08-01,0,1,no_position,0.035656475
1,a2147d8410a8b33e,2026-08-01,0,2,no_position,0.07751471
1,a241a169a73d62d3,2026-08-01,0,5,no_position,0.091033146
1,a24684e3fa5faa23,2026-08-01,1,3,no_position,0.36792767
1,a257c545de817070,2026-08-01,0,5,no_position,0.04212619
1,a26bd11208448b82,2026-08-01,0,5,no_position,0.043876182
1,a287762106699b9c,2026-08-01,0,5,no_position,0.03886039
1,a28d97c5c6598220,2026-08-01,0,5,no_position,0.26789218
1,a2c288754d162bac,2026-08-01,0,1,no_position,0.037842654
1,a2cbb1b3a3b1440a,2026-08-01,0,1,no_position,0.068251595
1,a2d101b3830712a6,2026-08-01,0,2,no_position,0.036468036
1,a2d54de9d60d730a,2026-08-01,0,1,no_position,0.026331594
1,a3392892ed757acb,2026-08-01,0,1,no_position,0.053396314
1,a35eb9375f2f855e,2026-08-01,0,3,no_position,0.12805209
1,a35f96dfd8a74b94,2026-08-01,0,5,no_position,0.034199134
1,a369f3fa98f9a82c,2026-08-01,0,2,no_position,0.042352054
1,a37513f4e5943741,2026-08-01,0,1,no_position,0.044173174
1,a3b949fe547a8c2f,2026-08-01,0,1,no_position,0.040008884
1,a3dd767529053b0a,2026-08-01,0,1,no_position,0.10208149
1,a3fd80de9dc7cd70,2026-08-01,0,3,no_position,0.23615749
1,a425a83cad9232ef,2026-08-01,1,1,no_position,0.0849112
1,a4768ff583d26860,2026-08-01,0,5,no_position,0.040085744
1,a47d173b8743ed77,2026-08-01,0,2,no_position,0.07224195
1,a47fe30e20d0f0f6,2026-08-01,0,4,no_position,0.07000412
1,a4c62d1df2cc95cd,2026-08-01,0,4,no_position,0.0843588
1,a4e8073dc575beab,2026-08-01,0,5,no_position,0.04153389
1,a50f1f9008b16e8f,2026-08-01,0,2,no_position,0.08649611
1,a513fc7ecbf03c6e,2026-08-01,0,4,no_position,0.39515963
1,a58458170db993b8,2026-08-01,0,4,no_position,0.041814744
1,a5a1b78f054e2a12,2026-08-01,0,5,no_position,0.083787315
1,a5e0a2a49b975a2d,2026-08-01,0,3,no_position,0.1959973
1,a5fd38156c71ca40,2026-08-01,0,5,no_position,0.23903987
1,a6143759863c45d3,2026-08-01,1,2,no_position,0.2106205
1,a6361f7eb3fc5845,2026-08-01,1,2,no_position,0.09775072
1,a67d5e6f6a14a7a6,2026-08-01,0,4,no_position,0.055655584
1,a67f440c1983100e,2026-08-01,0,3,no_position,0.031056004
1,a6a40564c0635c7d,2026-08-01,0,5,no_position,0.07634858
1,a6d27af7b4a592f4,2026-08-01,0,4,no_position,0.15966529
1,a6e88b2afed41bdf,2026-08-01,1,1,no_position,0.25387964
1,a6f5c1f464ffe911,2026-08-01,0,5,no_position,0.038247894
1,a7052db0850cd0bf,2026-08-01,0,2,no_position,0.055732682
1,a7176a1c3f7d3963,2026-08-01,0,1,no_position,0.08587133
1,a7371a03de19bec7,2026-08-01,0,2,no_position,0.042208374
1,a774007644646681,2026-08-01,0,2,no_position,0.11172293
1,a79e0bdc7971bf15,2026-08-01,0,3,no_position,0.036005378
1,a79ec11c3b3f0989,2026-08-01,0,2,no_position,0.05188886
1,a7b2554b8b85d0a7,2026-08-01,1,4,no_position,0.04926388
1,a8049313b3b93147,2026-08-01,0,3,no_position,0.22539227
1,a8053ca460df0624,2026-08-01,0,1,no_position,0.058145072
1,a80bbabbabffbc40,2026-08-01,0,5,no_position,0.057244442
1,a81109464fd9317f,2026-08-01,0,1,no_position,0.057630792
1,a81ae34c82079b98,2026-08-01,0,5,no_position,0.06676748
1,a822777e0a864815,2026-08-01,0,2,no_position,0.037112266
1,a828c2675a956894,2026-08-01,0,1,no_position,0.036998108
1,a8ac7f37237cb16f,2026-08-01,0,3,no_position,0.16034943
1,a8ed105d40399c5c,2026-08-01,0,2,no_position,0.04721437
1,a93d2a2d29b346a8,2026-08-01,1,2,no_position,0.07482313
1,a93f17585e7c0e69,2026-08-01,0,1,no_position,0.5101149
1,a946d7ca32a6af87,2026-08-01,0,4,no_position,0.08599682
1,a9725c2b30862877,2026-08-01,0,5,no_position,0.050014533
1,a9976d7ceca19229,2026-08-01,0,1,no_position,0.063197695
1,a9b4afb93afb0362,2026-08-01,0,4,no_position,0.1545581
1,a9b6773252f2ab50,2026-08-01,0,1,no_position,0.031475548
1,a9d2be0f9ad52f09,2026-08-01,0,3,no_position,0.037689514
1,a9d35d0e15f124dd,2026-08-01,0,3,no_position,0.10436121
1,aa0bac7b213f038a,2026-08-01,0,2,no_position,0.06475533
1,aa0c19a7242304b9,2026-08-01,0,4,no_position,0.028412672
1,aa10c445c96aff47,2026-08-01,0,4,no_position,0.035674892
1,aa24c36aa9a2e0a3,2026-08-01,0,3,no_position,0.043265026
1,aa380779241472bd,2026-08-01,1,5,no_position,0.40478978
1,aa5162811eb135c3,2026-08-01,0,3,no_position,0.03203835
1,aa55e9c3c7efec97,2026-08-01,0,2,no_position,0.053816613
1,aa576a2527acd3d2,2026-08-01,0,2,no_position,0.04563641
1,aa9687ce4d75d8dc,2026-08-01,0,4,no_position,0.20344621
1,aafae660f1c64458,2026-08-01,0,1,no_position,0.16825357
1,ab294fe0ae58f5bc,2026-08-01,0,2,no_position,0.059626445
1,ab3b77ea89230224,2026-08-01,0,5,no_position,0.031143019
1,ab4e68451fa0ca55,2026-08-01,0,2,no_position,0.05702733
1,ab5cd72d3ade49bd,2026-08-01,0,4,no_position,0.049822565
1,ab65289eaee54bcd,2026-08-01,0,4,no_position,0.045684487
1,ab91a3fb6d0c6ea2,2026-08-01,0,3,no_position,0.03390963
1,ab9b0b8cbfb9eb37,2026-08-01,1,3,no_position,0.050233807
1,aba387f93b5e04e9,2026-08-01,0,1,no_position,0.20427708
1,abaf452d3424e45a,2026-08-01,0,2,no_position,0.051441867
1,abb59dc95d3d198c,2026-08-01,0,5,no_position,0.3622897
1,abc771ac35723d44,2026-08-01,0,2,no_position,0.06545315
1,abcc1b1c41fa8578,2026-08-01,0,2,no_position,0.04008654
1,abdd84c1c25849da,2026-08-01,0,5,no_position,0.112969264
1,abe25b4f6562c8c1,2026-08-01,0,4,no_position,0.029908504
1,ac25374abc578832,2026-08-01,0,4,no_position,0.22381862
1,ac438e9fcd5324a4,2026-08-01,0,5,no_position,0.04137772
1,ac4caa74a58b7f3a,2026-08-01,0,2,no_position,0.06957404
1,ac8fae57837a95a4,2026-08-01,0,5,no_position,0.18384232
1,acaef2b1fbd79ab5,2026-08-01,0,4,no_position,0.032925904
1,acb8ece2f82dc7f2,2026-08-01,0,4,no_position,0.02958636
1,acf3ea3be40a8e82,2026-08-01,0,4,no_position,0.09453801
1,ad02de1d73641913,2026-08-01,0,2,no_position,0.04695637
1,ad0f5bebdd9429a3,2026-08-01,0,4,no_position,0.05535155
1,ad647aa9c116be22,2026-08-01,0,1,no_position,0.047526713
1,ad79b8a9d6874712,2026-08-01,0,1,no_position,0.04502045
1,adbf206f412e6c8a,2026-08-01,1,3,no_position,0.19738571
1,addd636ac96c894d,2026-08-01,0,3,no_position,0.044157516
1,ae06c9526be54f63,2026-08-01,0,4,no_position,0.032370377
1,ae0d3312e1df8c4a,2026-08-01,0,2,no_position,0.05705049
1,ae2a7a7f10b9028d,2026-08-01,0,5,no_position,0.17173615
1,ae6a818bf9124092,2026-08-01,0,4,no_position,0.09756099
1,aeac41a0f00e7688,2026-08-01,0,1,no_position,0.09740633
1,aebd3af93602c14c,2026-08-01,0,1,no_position,0.08718234
1,aef4dfcd0487cb06,2026-08-01,0,4,no_position,0.054949917
1,af0348c0823f63f5,2026-08-01,0,1,no_position,0.08046292
1,af0738338739e9f3,2026-08-01,0,1,no_position,0.03662584
1,af09b4272be4adb8,2026-08-01,0,3,no_position,0.079143405
1,af0cc0b1cd038932,2026-08-01,0,4,no_position,0.03134578
1,af221dac20b5cf79,2026-08-01,1,5,no_position,0.05306363
1,af3754f041b66880,2026-08-01,0,3,no_position,0.051917158
1,af3f3cd2da013481,2026-08-01,0,4,no_position,0.22150524
1,af5e6dd289b766d7,2026-08-01,0,1,no_position,0.041693684
1,af6d2f380094b396,2026-08-01,0,3,no_position,0.03387486
1,af70026f0d8683fd,2026-08-01,0,5,no_position,0.16262296
1,af94d72029e82cae,2026-08-01,1,5,no_position,0.04902156
1,af98225f3f658582,2026-08-01,0,2,no_position,0.050837412
1,afa37aa0d230a9ae,2026-08-01,0,5,no_position,0.05497429
1,afdb6fdee2622cf4,2026-08-01,0,4,no_position,0.049054958
1,b0290c34c8186b59,2026-08-01,0,2,no_position,0.057080954
1,b0509b1fd06f3774,2026-08-01,0,4,no_position,0.09832679
1,b069b8a00518cc45,2026-08-01,0,1,no_position,0.060575504
1,b06d4751fac4bdb0,2026-08-01,0,2,no_position,0.060583293
1,b083315d3b6e047d,2026-08-01,0,3,no_position,0.12188998
1,b09a02548accbcf5,2026-08-01,0,3,no_position,0.03324271
1,b0aea9d2ecaf3004,2026-08-01,0,3,no_position,0.049461305
1,b0e3de7c0cb7d021,2026-08-01,1,1,no_position,0.25473058
1,b13f3e069e6daaac,2026-08-01,0,3,no_position,0.037890274
1,b15eb8b84b46ea69,2026-08-01,0,5,no_position,0.14353812
1,b16280f6c3715aae,2026-08-01,0,3,no_position,0.3053012
1,b182439c6e71b513,2026-08-01,0,3,no_position,0.038253006
1,b1bf8bdfee10ab62,2026-08-01,0,3,no_position,0.058837526
1,b1eb521b321b1228,2026-08-01,0,1,no_position,0.09683608
1,b22139dde91d1d80,2026-08-01,0,2,no_position,0.056412876
1,b243a840f10df627,2026-08-01,0,4,no_position,0.26521432
1,b27a0e6ef8ce17f5,2026-08-01,0,2,no_position,0.18028665
1,b28d5595cb5255b5,2026-08-01,0,1,no_position,0.070765704
1,b29ad7fd83f1bfca,2026-08-01,0,1,no_position,0.103783794
1,b2a74ca07b7c2dbd,2026-08-01,0,3,no_position,0.040474866
1,b2aaecfe1170d307,2026-08-01,0,1,no_position,0.04458939
1,b2ae1c7d121f3836,2026-08-01,0,4,no_position,0.06450419
1,b2e491562a2cf34b,2026-08-01,0,4,no_position,0.3979496
1,b2ee030bcbd33a89,2026-08-01,0,5,no_position,0.05760759
1,b2f7c6803e399c62,2026-08-01,0,3,no_position,0.0646197
1,b331f3da6ad40793,2026-08-01,0,2,no_position,0.05434576
1,b3638b644e58807f,2026-08-01,0,2,no_position,0.07982474
1,b38a061a4d459fc8,2026-08-01,0,1,no_position,0.06548455
1,b3a2018fa3742a56,2026-08-01,0,1,no_position,0.32710105
1,b40d5ef015a05ffa,2026-08-01,0,5,no_position,0.09803983
1,b416a003f131b160,2026-08-01,0,5,no_position,0.03388163
1,b42239935bf2b175,2026-08-01,0,3,no_position,0.051936205
1,b46a5d12e771e496,2026-08-01,0,2,no_position,0.04306047
1,b4aa423ce46f537f,2026-08-01,0,5,no_position,0.027357962
1,b4c494fa8cc1ec21,2026-08-01,1,2,no_position,0.0707161
1,b4c4ce65c8375639,2026-08-01,0,5,no_position,0.065480515
1,b4c6137f204dced5,2026-08-01,0,1,no_position,0.3275253
1,b4fe89b27de42f4c,2026-08-01,0,3,no_position,0.033973638
1,b502bc605e24cbe6,2026-08-01,0,3,no_position,0.043451704
1,b512c6b18b63a379,2026-08-01,0,1,no_position,0.053868897
1,b522e9c818d5a4a8,2026-08-01,0,4,no_position,0.07682784
1,b559f82fff501dad,2026-08-01,0,1,no_position,0.037264064
1,b58006cdced2e65b,2026-08-01,0,1,no_position,0.049434744
1,b586c17121712fbe,2026-08-01,0,4,no_position,0.05326153
1,b592d82de4fff6e8,2026-08-01,0,2,no_position,0.044749144
1,b59c03ae91784e40,2026-08-01,0,4,no_position,0.38339144
1,b5db34eb43bc6a0a,2026-08-01,0,3,no_position,0.04424898
1,b5e1ebc1a8493a30,2026-08-01,0,3,no_position,0.1385115
1,b6012d5f0cd2cd07,2026-08-01,0,1,no_position,0.051386114
1,b632f0c5687e3fa4,2026-08-01,0,4,no_position,0.07610463
1,b64ee3906a40ed38,2026-08-01,0,2,no_position,0.124853276
1,b6caec537c045357,2026-08-01,0,5,no_position,0.19526263
1,b6cba43185b290d7,2026-08-01,0,5,no_position,0.04391893
1,b6de6beca89ad4bf,2026-08-01,0,4,no_position,0.042117182
1,b704ad852c1ef560,2026-08-01,0,2,no_position,0.068891436
1,b71857c7460511fc,2026-08-01,0,3,no_position,0.04914592
1,b729e6131370eda2,2026-08-01,0,3,no_position,0.051800184
1,b74c70067f035992,2026-08-01,0,1,no_position,0.090813056
1,b764a026727da601,2026-08-01,0,3,no_position,0.034383718
1,b7821f97e92a9314,2026-08-01,0,1,no_position,0.025128618
1,b78d61020ca73d67,2026-08-01,1,4,no_position,0.026668172
1,b798ecf6f6a46858,2026-08-01,0,5,no_position,0.05461672
1,b7b14e6bb93679de,2026-08-01,0,2,no_position,0.04135795
1,b7d237409b6232e4,2026-08-01,0,2,no_position,0.049380817
1,b7d24c0fd40b1aad,2026-08-01,0,5,no_position,0.05758893
1,b7f4c1e5e769b557,2026-08-01,0,5,no_position,0.14128993
1,b8217f34852f5ef1,2026-08-01,0,3,no_position,0.37104926
1,b83c39fdc8880c79,2026-08-01,0,3,no_position,0.032898687
1,b83c427d8972cc24,2026-08-01,0,3,no_position,0.07098547
1,b85088286e39cf28,2026-08-01,0,2,no_position,0.041566666
1,b85ea9577057b66e,2026-08-01,0,4,no_position,0.040290624
1,b882fa3eb31622e8,2026-08-01,0,1,no_position,0.055176176
1,b8839d87e53b3b31,2026-08-01,0,4,no_position,0.033822805
1,b887113208491020,2026-08-01,0,5,no_position,0.04973836
1,b8acc33fa7fe55f7,2026-08-01,0,1,no_position,0.033233903
1,b8b5dc4a79d12956,2026-08-01,0,3,no_position,0.041866474
1,b8f14d108ed0b4a5,2026-08-01,0,3,no_position,0.1956392
1,b8fc81201a24aac3,2026-08-01,0,1,no_position,0.05838882
1,b9011acecbf0ba1d,2026-08-01,0,5,no_position,0.0672318
1,b93dfd6cb3dce9b7,2026-08-01,0,2,no_position,0.0659459
1,b942d676f19c68dc,2026-08-01,0,1,no_position,0.052494816
1,b9495f3bcaa70c85,2026-08-01,0,5,no_position,0.1283707
1,b95552bdbd56b264,2026-08-01,0,5,no_position,0.1309548
1,b96c210377bd0153,2026-08-01,0,1,no_position,0.039428722
1,b987a1b1cf78d982,2026-08-01,0,5,no_position,0.041123305
1,b9913bd267448577,2026-08-01,0,2,no_position,0.05471562
1,b99911c339c2cfd1,2026-08-01,0,5,no_position,0.088113084
1,b9ae8badd0de5ac8,2026-08-01,0,5,no_position,0.27243185
1,b9c4db5469c6938b,2026-08-01,0,3,no_position,0.043283697
1,b9c9f365f35f12f2,2026-08-01,0,3,no_position,0.5183096
1,b9d04710867a0a26,2026-08-01,0,3,no_position,0.07774325
1,ba2aafa60fe269de,2026-08-01,0,5,no_position,0.0397543
1,ba854a49ba5f1049,2026-08-01,0,3,no_position,0.04050179
1,baa903bd2b23180f,2026-08-01,0,5,no_position,0.033025533
1,bac4ce5d4e5d1254,2026-08-01,0,1,no_position,0.0459205
1,bb3b3e4da86d9ce9,2026-08-01,1,4,no_position,0.5492641
1,bb51932263091cf1,2026-08-01,0,5,no_position,0.046895314
1,bb582ef0734a240e,2026-08-01,0,5,no_position,0.05900418
1,bb64b361e25d2efc,2026-08-01,0,2,no_position,0.5321101
1,bba29cbd14a232ba,2026-08-01,0,1,no_position,0.057021264
1,bbbe211d55c382cf,2026-08-01,0,5,no_position,0.059335984
1,bbc15df409934f9c,2026-08-01,0,1,no_position,0.037053548
1,bc05071c7d551c88,2026-08-01,0,2,no_position,0.06074456
1,bc10e7c31515303a,2026-08-01,0,5,no_position,0.04943913
1,bc11c9c8a360e3e5,2026-08-01,0,1,no_position,0.031071305
1,bc123b47a9812521,2026-08-01,0,2,no_position,0.27624464
1,bc2b78c83c980683,2026-08-01,0,2,no_position,0.04155319
1,bc63ae2620d14097,2026-08-01,0,3,no_position,0.06757748
1,bc7a5e07003fd6c6,2026-08-01,0,1,no_position,0.061137885
1,bca162e1ab03cab1,2026-08-01,0,4,no_position,0.06611437
1,bcbce90fd0c5d320,2026-08-01,0,1,no_position,0.025919052
1,bcd3179b3b2119b0,2026-08-01,0,2,no_position,0.04273199
1,bce1c2de2a20e577,2026-08-01,0,2,no_position,0.059771895
1,bce9075a2fad1eb8,2026-08-01,0,3,no_position,0.08192856
1,bd196317153291a1,2026-08-01,0,5,no_position,0.04261937
1,bd23a20d18231a2e,2026-08-01,0,5,no_position,0.091239296
1,bd3457b2b94a8001,2026-08-01,0,3,no_position,0.041478764
1,bd5de28b7c9cd420,2026-08-01,0,2,no_position,0.058258496
1,bd5df7b0046cc5ec,2026-08-01,1,3,no_position,0.10003004
1,bd6c98e2003aa1d5,2026-08-01,0,5,no_position,0.03960794
1,bd8a65cf39a1df31,2026-08-01,0,2,no_position,0.12679034
1,bdb9b20a25c45de9,2026-08-01,0,4,no_position,0.46011046
1,bdfbf63836c78a7d,2026-08-01,0,3,no_position,0.10385021
1,bdfd60e7e5e1d078,2026-08-01,0,4,no_position,0.04203492
1,be0a3c48b3d08449,2026-08-01,1,1,no_position,0.101067476
1,be21179674ba408c,2026-08-01,0,1,no_position,0.050274
1,be5ea4266b812d7b,2026-08-01,0,5,no_position,0.036503375
1,be6fdd727e8f8bf5,2026-08-01,0,4,no_position,0.048145622
1,bf0901594f774e47,2026-08-01,0,4,no_position,0.05036119
1,bf3fd9abf87f94af,2026-08-01,0,3,no_position,0.053638607
1,bf5fd2f9379a7922,2026-08-01,0,2,no_position,0.040191066
1,bf6f843f4e16fbbd,2026-08-01,0,1,no_position,0.1875526
1,bf98440ac630651d,2026-08-01,1,1,no_position,0.32459125
1,bfbc2172b7fa34a6,2026-08-01,0,5,no_position,0.13524562
1,bfdada2f9f6aeb00,2026-08-01,1,1,no_position,0.26642326
1,bfdcdc2960ad08e4,2026-08-01,0,1,no_position,0.15322825
1,c00a44d7b8453316,2026-08-01,0,4,no_position,0.027867354
1,c01d85beeb988b2b,2026-08-01,0,3,no_position,0.036999464
1,c01e9bdf9cc45d47,2026-08-01,0,3,no_position,0.037064675
1,c0572d9e1d565d33,2026-08-01,0,2,no_position,0.077757396
1,c072188ff3fa6f64,2026-08-01,0,5,no_position,0.034451153
1,c080ef772c4f7911,2026-08-01,0,3,no_position,0.046051424
1,c09060ea114eb669,2026-08-01,0,1,no_position,0.0622209
1,c0ac49f2d7e1b18c,2026-08-01,0,4,no_position,0.092327565
1,c169bbc80bb9e4d0,2026-08-01,0,1,no_position,0.07407989
1,c1a3c75263da6e65,2026-08-01,0,4,no_position,0.07852927
1,c1c9bd4ccfe723db,2026-08-01,0,1,no_position,0.3076896
1,c1fac1d88abf4a42,2026-08-01,0,1,no_position,0.02966478
1,c1fd059437476af7,2026-08-01,0,2,no_position,0.11052303
1,c20fd1a8bc606152,2026-08-01,0,5,no_position,0.059841115
1,c2309ead44f6eaab,2026-08-01,0,3,no_position,0.05106738
1,c23f74ac886c4e52,2026-08-01,0,1,no_position,0.03262666
1,c271667e02e6ea4c,2026-08-01,0,1,no_position,0.056914635
1,c2726ae2a49c93b0,2026-08-01,0,3,no_position,0.064398415
1,c2a232420347b3a4,2026-08-01,0,1,no_position,0.17405187
1,c2ef48d9542b8ed8,2026-08-01,0,3,no_position,0.16283879
1,c2f6a17d8d165dff,2026-08-01,0,4,no_position,0.05807935
1,c33948fedf2617ac,2026-08-01,0,1,no_position,0.045462158
1,c38756583e63376e,2026-08-01,0,5,no_position,0.037611313
1,c3891762a049ef7f,2026-08-01,0,3,no_position,0.30124557
1,c3a50ed5d7a7edd2,2026-08-01,0,5,no_position,0.09192334
1,c3cb16f5360d26dc,2026-08-01,0,2,no_position,0.06224859
1,c3f03d4b2ef18726,2026-08-01,0,2,no_position,0.04388912
1,c422171f2df1c0ff,2026-08-01,0,4,no_position,0.32300928
1,c463acae7306e394,2026-08-01,0,4,no_position,0.047832116
1,c4661df5736980fe,2026-08-01,0,3,no_position,0.033626102
1,c46ec04410ca9de0,2026-08-01,0,4,no_position,0.045146126
1,c48ced7f90c17af1,2026-08-01,0,4,no_position,0.08894867
1,c49b514b151b8347,2026-08-01,0,2,no_position,0.046289545
1,c4a31482c9986ae9,2026-08-01,0,1,no_position,0.04632595
1,c4c0fbdcfeb5338e,2026-08-01,0,4,no_position,0.098295204
1,c51e07de6fc6688b,2026-08-01,0,1,no_position,0.27497017
1,c5238e5e241446ec,2026-08-01,0,1,no_position,0.060287483
1,c538cd389c5e2a29,2026-08-01,1,5,no_position,0.09404564
1,c55d2f9962f1a374,2026-08-01,1,1,no_position,0.1733095
1,c58a2c4e53a129e0,2026-08-01,0,4,no_position,0.046440206
1,c5a6ebf4cca1a8ad,2026-08-01,0,3,no_position,0.05292394
1,c5db51502cbba520,2026-08-01,0,5,no_position,0.059591603
1,c5e50afb9a058960,2026-08-01,0,2,no_position,0.08752038
1,c608006b6a20f757,2026-08-01,0,1,no_position,0.07308919
1,c66101bb73460d6a,2026-08-01,0,2,no_position,0.098559715
1,c68ac5112f37d3af,2026-08-01,0,3,no_position,0.050205838
1,c6989023dc26b991,2026-08-01,0,3,no_position,0.039335296
1,c6c399a03d66147d,2026-08-01,0,4,no_position,0.10890853
1,c6d5f0bab0a66049,2026-08-01,0,3,no_position,0.05438844
1,c6da4d39fb4c2866,2026-08-01,0,4,no_position,0.08340333
1,c717626607e3881d,2026-08-01,0,2,no_position,0.124716006
1,c73927d61fe3201e,2026-08-01,0,1,no_position,0.4311261
1,c7413a6b24a3fcd6,2026-08-01,0,4,no_position,0.075782716
1,c759fcc0c42cf19d,2026-08-01,0,3,no_position,0.27433115
1,c7cb32332b1cc3d7,2026-08-01,0,2,no_position,0.046206653
1,c7d4106818ba3fdd,2026-08-01,0,2,no_position,0.07684588
1,c7f11972b31a7db4,2026-08-01,0,5,no_position,0.0956346
1,c7f413a1c0a176d3,2026-08-01,0,4,no_position,0.2339285
1,c7f4c0ee3f24ac45,2026-08-01,0,4,no_position,0.12212298
1,c830365a4bf41e71,2026-08-01,0,4,no_position,0.041739214
1,c8390ee84ab4a18c,2026-08-01,0,3,no_position,0.0708538
1,c86606c4192c59c8,2026-08-01,0,5,no_position,0.037728358
1,c890fe83da509848,2026-08-01,0,4,no_position,0.4166753
1,c8ab49843cc80c89,2026-08-01,0,5,no_position,0.040439505
1,c8bfb56cb52f09c9,2026-08-01,0,2,no_position,0.32543817
1,c8ce13bccb46763b,2026-08-01,0,1,no_position,0.04232689
1,c8d54305e368f615,2026-08-01,0,5,no_position,0.060903497
1,c8ec02d408815928,2026-08-01,0,4,no_position,0.06955455
1,c9057cfc8da02665,2026-08-01,0,2,no_position,0.047144115
1,c90fde2b9e8c8d9c,2026-08-01,0,4,no_position,0.2338624
1,c919215c6894e379,2026-08-01,0,4,no_position,0.07118039
1,c92298705906cfc8,2026-08-01,0,5,no_position,0.13373195
1,c96508e16f8ae2d2,2026-08-01,0,5,no_position,0.050618216
1,c972123b0d5b6deb,2026-08-01,0,4,no_position,0.050468635
1,c986fd3ba8674b61,2026-08-01,0,4,no_position,0.043444805
1,c9c96d1585c746eb,2026-08-01,0,2,no_position,0.04785785
1,c9d7d15accf1945f,2026-08-01,0,4,no_position,0.11937787
1,c9e86c112cd2602f,2026-08-01,0,3,no_position,0.10498272
1,ca114f61884f99b0,2026-08-01,0,2,no_position,0.102041125
1,ca776813eff0ab6b,2026-08-01,0,3,no_position,0.039052624
1,ca7e153a8d056ad7,2026-08-01,0,1,no_position,0.025398139
1,ca92287c9fbcbbca,2026-08-01,0,3,no_position,0.043700684
1,cab55d37f6fffe94,2026-08-01,0,3,no_position,0.043455422
1,cadc4e8606e270f9,2026-08-01,0,3,no_position,0.044780374
1,caf41dbd03ce1b1e,2026-08-01,1,4,no_position,0.3089966
1,cb2be170ad1f4685,2026-08-01,0,1,no_position,0.07196535
1,cb362373b2765e5a,2026-08-01,0,1,no_position,0.027422735
1,cb52703a5fab01d9,2026-08-01,0,2,no_position,0.038430788
1,cb7e96408c8a5547,2026-08-01,0,3,no_position,0.060289025
1,cc05e3096f38d1f3,2026-08-01,1,2,no_position,0.30495265
1,cc08fce7aa815bde,2026-08-01,0,3,no_position,0.11365904
1,cc1abff0600ffe74,2026-08-01,0,2,no_position,0.057062067
1,cc30e07f398c4d33,2026-08-01,0,4,no_position,0.17851716
1,cc39e7496f2385ed,2026-08-01,0,3,no_position,0.082757555
1,cc422a704b429a4d,2026-08-01,0,1,no_position,0.04454001
1,cc531959d3a560bf,2026-08-01,0,2,no_position,0.031200176
1,cc5bfe5771ab0438,2026-08-01,0,5,no_position,0.07548381
1,cc87f49f7bea0cf8,2026-08-01,0,4,no_position,0.12474274
1,cc99731019ad6222,2026-08-01,0,4,no_position,0.04870944
1,ccbafe423c890425,2026-08-01,0,1,no_position,0.17441675
1,ccf122b90c946601,2026-08-01,0,1,no_position,0.08392398
1,ccf81b792d03aa74,2026-08-01,1,1,no_position,0.066121995
1,cd28802367bdd102,2026-08-01,1,4,no_position,0.14460914
1,cd293585fffb3fa2,2026-08-01,0,1,no_position,0.05966506
1,cdc2a9178da794d4,2026-08-01,0,1,no_position,0.17813492
1,cdcfb07b29668399,2026-08-01,0,3,no_position,0.030920058
1,ce0aae917c0034d4,2026-08-01,0,1,no_position,0.07212798
1,ce45fdb857219890,2026-08-01,0,1,no_position,0.050858192
1,cea43fde2414f2c9,2026-08-01,0,4,no_position,0.36099714
1,cec456192ea7e68f,2026-08-01,0,2,no_position,0.110787235
1,cee09772487d661e,2026-08-01,0,1,no_position,0.037493914
1,cefe75b9b49cd6e4,2026-08-01,0,1,no_position,0.41998112
1,cf0af82c44db3deb,2026-08-01,0,5,no_position,0.42894658
1,cf2c9d14a4610a7b,2026-08-01,1,1,no_position,0.10463482
1,cf33f49ee26b9e7e,2026-08-01,0,5,no_position,0.033428807
1,cf4189d3c7ca9795,2026-08-01,0,2,no_position,0.060100384
1,cf4a7e54ac42e9a4,2026-08-01,1,2,no_position,0.054756127
1,cf4cf4cb085f600a,2026-08-01,0,2,no_position,0.1044736
1,cf5aaa4a6f840b34,2026-08-01,0,4,no_position,0.03927881
1,cf5b9584e02af53c,2026-08-01,0,4,no_position,0.3430891
1,cf62602e3138fa37,2026-08-01,0,3,no_position,0.05252209
1,cf702f2474561631,2026-08-01,1,1,no_position,0.035459362
1,cfd04e3c9745caaf,2026-08-01,1,3,no_position,0.27123812
1,d011375f62b08a33,2026-08-01,0,5,no_position,0.15849838
1,d0198067144fc0aa,2026-08-01,1,2,no_position,0.28078023
1,d01b1ad51cb2b94d,2026-08-01,0,5,no_position,0.09260753
1,d02d00079c6cbe6c,2026-08-01,0,2,no_position,0.13997322
1,d0317d612e0b6bb7,2026-08-01,0,3,no_position,0.10506353
1,d04774919910fb71,2026-08-01,0,2,no_position,0.043607756
1,d0d2df123e6865e5,2026-08-01,0,1,no_position,0.07971402
1,d115627da6ee7d4c,2026-08-01,0,2,no_position,0.051325627
1,d1878c8f2893f5e9,2026-08-01,0,5,no_position,0.046227105
1,d199cacbc3d48721,2026-08-01,0,5,no_position,0.05072311
1,d19ff384f4271f9a,2026-08-01,0,3,no_position,0.05645629
1,d2039b573e2740a3,2026-08-01,0,2,no_position,0.0672375
1,d206fc780f6b5d98,2026-08-01,0,4,no_position,0.0739412
1,d20c55db7af1f7ea,2026-08-01,0,2,no_position,0.0925803
1,d25f9d02ce068f49,2026-08-01,0,2,no_position,0.041014478
1,d261ff77483e5447,2026-08-01,1,4,no_position,0.047521915
1,d273628fda749e4b,2026-08-01,0,4,no_position,0.03791107
1,d27941e3acc051a4,2026-08-01,0,3,no_position,0.055333294
1,d284fec797ae50fa,2026-08-01,1,5,no_position,0.19855222
1,d2d1287aa722b0aa,2026-08-01,0,5,no_position,0.054478645
1,d2dd18c3bc9879e7,2026-08-01,0,2,no_position,0.057123743
1,d2ecff99f55e7de9,2026-08-01,0,2,no_position,0.045194067
1,d3337acdd364ff30,2026-08-01,0,5,no_position,0.029170552
1,d3402ae7be353b92,2026-08-01,0,2,no_position,0.054961894
1,d34b8d8c01c882cd,2026-08-01,0,5,no_position,0.06949022
1,d362e0b8a73ed907,2026-08-01,0,4,no_position,0.059549868
1,d396f482d642f6eb,2026-08-01,0,5,no_position,0.09903484
1,d3d39fa068935066,2026-08-01,0,2,no_position,0.049835987
1,d3f87180b28cf534,2026-08-01,0,5,no_position,0.030634696
1,d418e71365d212ba,2026-08-01,0,5,no_position,0.024081815
1,d450303222bb5890,2026-08-01,0,1,no_position,0.0330459
1,d45b76ad6c6585d8,2026-08-01,0,4,no_position,0.06330381
1,d46337e27d5ede5b,2026-08-01,0,1,no_position,0.040628523
1,d486842865d88aca,2026-08-01,0,3,no_position,0.2338303
1,d48cc081d9165a17,2026-08-01,1,5,no_position,0.30872738
1,d4a9e7858e3c4d3a,2026-08-01,0,4,no_position,0.13606538
1,d4aa9b14a7c1ac87,2026-08-01,1,1,no_position,0.08032801
1,d4ce5407b901a76a,2026-08-01,0,4,no_position,0.06446766
1,d4d5e481cb5c39a2,2026-08-01,0,5,no_position,0.14531499
1,d501f1912a693e3c,2026-08-01,0,2,no_position,0.1574024
1,d56b9b44ae1c9e47,2026-08-01,0,3,no_position,0.06726222
1,d5aeff8c7dab7828,2026-08-01,0,2,no_position,0.042124193
1,d5bf7911081e4480,2026-08-01,0,3,no_position,0.057556592
1,d5c227389acff9ba,2026-08-01,0,3,no_position,0.0397521
1,d5c4acda6e620e63,2026-08-01,0,1,no_position,0.040359445
1,d5d6211e2f8ccb27,2026-08-01,1,2,no_position,0.059981175
1,d5d7800f710e693e,2026-08-01,0,1,no_position,0.0639615
1,d5df08fd24f53b40,2026-08-01,0,1,no_position,0.07398565
1,d5ffa20bd6f6dec7,2026-08-01,0,1,no_position,0.03569048
1,d6185b90b2c1314a,2026-08-01,0,3,no_position,0.14317797
1,d618bc2e4152a6de,2026-08-01,0,5,no_position,0.22663747
1,d61a572c30e6ac81,2026-08-01,0,2,no_position,0.05490086
1,d65095e1a64b3101,2026-08-01,0,3,no_position,0.034226894
1,d66a668d3f26f646,2026-08-01,1,3,no_position,0.09464386
1,d6745b4f5c3d41d9,2026-08-01,0,3,no_position,0.25889537
1,d67a0ae56ddaf8eb,2026-08-01,0,5,no_position,0.03603349
1,d67bfde12335830b,2026-08-01,0,1,no_position,0.09770808
1,d693c7dd1d89d395,2026-08-01,0,3,no_position,0.037495617
1,d69b2fd8dee9e306,2026-08-01,0,2,no_position,0.047283642
1,d6b694050c305fd5,2026-08-01,0,4,no_position,0.04056498
1,d72523af18665d22,2026-08-01,0,1,no_position,0.03576008
1,d725afca801f200d,2026-08-01,0,3,no_position,0.13497296
1,d75a7d81d8a506ed,2026-08-01,0,4,no_position,0.078074425
1,d760caf6147f307f,2026-08-01,0,1,no_position,0.12522122
1,d786e223d64c3948,2026-08-01,0,2,no_position,0.094258696
1,d78e0043fcd38985,2026-08-01,0,1,no_position,0.05520451
1,d7a4be7953276a46,2026-08-01,0,2,no_position,0.120471776
1,d7b6db7353431a4c,2026-08-01,1,1,no_position,0.08806926
1,d8308a2fb2d9155d,2026-08-01,0,3,no_position,0.040404357
1,d8325b27e6a99854,2026-08-01,0,3,no_position,0.30871516
1,d87d4ec86044f014,2026-08-01,0,2,no_position,0.18811622
1,d8ed4a6428da917b,2026-08-01,0,1,no_position,0.047424257
1,d8fb875ad9e2860e,2026-08-01,0,2,no_position,0.0852999
1,d8fe81b7b0ff7676,2026-08-01,0,1,no_position,0.13047491
1,d94531f8d1d06465,2026-08-01,0,1,no_position,0.06491772
1,d9475431a6060929,2026-08-01,0,1,no_position,0.05175085
1,d97a5bee8f144024,2026-08-01,0,5,no_position,0.16093312
1,d9ca9d7d56421473,2026-08-01,0,4,no_position,0.15139319
1,d9e5061bdc4705ff,2026-08-01,0,5,no_position,0.098825455
1,da246847e563550b,2026-08-01,0,5,no_position,0.24629067
1,da6fc3d272eb47f6,2026-08-01,0,1,no_position,0.04507553
1,daa18473378411d4,2026-08-01,0,1,no_position,0.03786291
1,dad1b43cce986116,2026-08-01,0,5,no_position,0.062195312
1,dae4d59b2029abeb,2026-08-01,0,5,no_position,0.05244904
1,db0b0ad833f55d59,2026-08-01,0,5,no_position,0.032955572
1,db2a16c3d63f096d,2026-08-01,0,4,no_position,0.10978539
1,db710c98e6fdcfac,2026-08-01,0,4,no_position,0.03825864
1,dbc8729f3899b2a7,2026-08-01,0,3,no_position,0.03271548
1,dbe9130968332ed7,2026-08-01,0,3,no_position,0.14337978
1,dc05e698c65977ab,2026-08-01,0,5,no_position,0.07393147
1,dc3c9246face90d4,2026-08-01,0,2,no_position,0.07504213
1,dc5c27cc00046246,2026-08-01,0,1,no_position,0.13149853
1,dc6c97c77992dab7,2026-08-01,1,4,no_position,0.3085351
1,dc8cd6a19101c19a,2026-08-01,0,3,no_position,0.044858344
1,dcb469a86b55b269,2026-08-01,0,2,no_position,0.07315533
1,dcb7486be3fedcc4,2026-08-01,0,2,no_position,0.065258086
1,dcdc1564795a8c33,2026-08-01,0,1,no_position,0.07693799
1,dd3999a51011fee6,2026-08-01,0,1,no_position,0.0770136
1,dd4237addbc9829d,2026-08-01,0,1,no_position,0.07773753
1,dd4303f7f1c2666e,2026-08-01,0,1,no_position,0.32459605
1,dd4746e4da4d79a2,2026-08-01,0,1,no_position,0.035437908
1,dd5b6cccecbd0c84,2026-08-01,0,2,no_position,0.093630604
1,ddb0b4062cc693dc,2026-08-01,0,4,no_position,0.07630014
1,ddc290fd4f8fbbbf,2026-08-01,1,5,no_position,0.09048234
1,ddd6a9c790fbda63,2026-08-01,0,4,no_position,0.040430386
1,dde5406d215fa56b,2026-08-01,0,1,no_position,0.08949588
1,ddf08f5f9aa011f0,2026-08-01,0,4,no_position,0.033783343
1,de0ed6abddd62ff7,2026-08-01,0,5,no_position,0.09676456
1,de1d77615f65d492,2026-08-01,0,1,no_position,0.04423488
1,deca03a5cd70a100,2026-08-01,0,4,no_position,0.11522475
1,ded3f53fbc641263,2026-08-01,0,1,no_position,0.031031331
1,df31ef4cac9779d2,2026-08-01,0,3,no_position,0.12484455
1,df5d337949dc5587,2026-08-01,0,5,no_position,0.033427402
1,df65daccb946ead4,2026-08-01,0,3,no_position,0.048814863
1,df997b3d82550b02,2026-08-01,0,3,no_position,0.053091444
1,dfd60195a4270dd3,2026-08-01,0,5,no_position,0.10996027
1,e051e198573fb288,2026-08-01,1,5,no_position,0.27868167
1,e0846d5ff28b7cb9,2026-08-01,0,3,no_position,0.03482296
1,e08a5c1a115619df,2026-08-01,0,1,no_position,0.19636673
1,e0a61d56f21f288e,2026-08-01,0,5,no_position,0.23976652
1,e0aad93bacb17e9b,2026-08-01,0,4,no_position,0.11282928
1,e0afa4c4a54371ae,2026-08-01,0,5,no_position,0.04334691
1,e0db39778751839b,2026-08-01,0,5,no_position,0.030185748
1,e14a67da281bd0d1,2026-08-01,0,5,no_position,0.033503193
1,e1503acfa140750e,2026-08-01,1,1,no_position,0.41842493
1,e184f33acce20795,2026-08-01,0,2,no_position,0.060477037
1,e1b28e59732f7298,2026-08-01,0,4,no_position,0.5007074
1,e1c38c5a73331b61,2026-08-01,0,3,no_position,0.033850256
1,e20eb8a8a45e3567,2026-08-01,0,3,no_position,0.053558268
1,e2250433eb4fb065,2026-08-01,0,4,no_position,0.051735666
1,e2328a14ae60dd7b,2026-08-01,0,4,no_position,0.035615653
1,e2591b9b78c2c7a3,2026-08-01,0,1,no_position,0.42745602
1,e294429ec0897675,2026-08-01,0,3,no_position,0.03226389
1,e29cf5fdb787993d,2026-08-01,0,3,no_position,0.10158133
1,e2a899dba1ddb40e,2026-08-01,0,5,no_position,0.045426756
1,e2d6d2a19e66e5b8,2026-08-01,0,5,no_position,0.12502564
1,e2f7c158d3c129e8,2026-08-01,0,5,no_position,0.095599584
1,e32bd40fdb4aa310,2026-08-01,0,3,no_position,0.076151945
1,e353bdf65264b355,2026-08-01,0,2,no_position,0.07434511
1,e3d1c81443563acc,2026-08-01,1,2,no_position,0.32028094
1,e3d2a4acd01f263c,2026-08-01,0,4,no_position,0.070299365
1,e44e21b9cc4dff41,2026-08-01,0,4,no_position,0.05162388
1,e459a9301f7b70ba,2026-08-01,0,5,no_position,0.035092253
1,e4879e31e14cb5fb,2026-08-01,0,4,no_position,0.18905313
1,e49129e21c77fd46,2026-08-01,0,2,no_position,0.05954494
1,e498493be4f17f34,2026-08-01,0,1,no_position,0.03889505
1,e4b51923a1b47c0a,2026-08-01,0,1,no_position,0.2566211
1,e503ed11068b5bd9,2026-08-01,0,1,no_position,0.041496255
1,e50c9e1d7c7a7907,2026-08-01,0,4,no_position,0.13994475
1,e558403e6d92d041,2026-08-01,0,4,no_position,0.07995944
1,e572f3510a596af7,2026-08-01,0,4,no_position,0.056469694
1,e577e27165d635fb,2026-08-01,0,3,no_position,0.044090047
1,e5a010a5499ca812,2026-08-01,1,3,no_position,0.18987447
1,e5c2c89687e05f9f,2026-08-01,0,2,no_position,0.044154707
1,e5cbac12521b1e91,2026-08-01,0,1,no_position,0.062218938
1,e5cff73047505cf4,2026-08-01,0,1,no_position,0.04632817
1,e6157809bddcb784,2026-08-01,0,4,no_position,0.052257407
1,e62393feea51d278,2026-08-01,0,1,no_position,0.036150783
1,e63570b20d5b06ab,2026-08-01,0,2,no_position,0.08051385
1,e644dabbfb514b20,2026-08-01,0,4,no_position,0.07560307
1,e662fa7269787744,2026-08-01,0,1,no_position,0.055733684
1,e66bc4c0063398d6,2026-08-01,0,1,no_position,0.031947806
1,e6a3b82aa08fd92e,2026-08-01,0,1,no_position,0.0469067
1,e6b46f9a1393a80b,2026-08-01,0,5,no_position,0.04413405
1,e6bcd2fbd02bc44d,2026-08-01,0,4,no_position,0.03398472
1,e6d8b969ec7db4c2,2026-08-01,0,1,no_position,0.065712616
1,e6f0312a5be8934d,2026-08-01,0,5,no_position,0.06080719
1,e7040f2379570d2f,2026-08-01,0,5,no_position,0.13184349
1,e722d4d3b888d6b6,2026-08-01,0,2,no_position,0.06167857
1,e73f5e63e6f82cf6,2026-08-01,0,1,no_position,0.15217072
1,e74a8d65f35557f3,2026-08-01,1,1,no_position,0.24615225
1,e768c2d17b54f989,2026-08-01,0,1,no_position,0.08826922
1,e77ab18e41344604,2026-08-01,0,5,no_position,0.04316216
1,e77d2078eddc324a,2026-08-01,0,4,no_position,0.50000113
1,e78713670bbd6e07,2026-08-01,0,2,no_position,0.062395852
1,e7b0a9a4d8b9f60c,2026-08-01,0,3,no_position,0.051933084
1,e7b157a06d48e0fe,2026-08-01,1,3,no_position,0.14810295
1,e80edefa4af3e020,2026-08-01,1,2,no_position,0.080771044
1,e828b5a5e78c6ee9,2026-08-01,1,3,no_position,0.033410754
1,e83d8c3a9e3274ae,2026-08-01,0,4,no_position,0.22388996
1,e8445a457d6384f7,2026-08-01,0,2,no_position,0.044171844
1,e84f21493e6a6c0e,2026-08-01,0,2,no_position,0.16064443
1,e8527a75164cb0dd,2026-08-01,0,1,no_position,0.04626307
1,e852f7ae9107753f,2026-08-01,0,3,no_position,0.05432649
1,e860df3f39c07213,2026-08-01,0,5,no_position,0.07007298
1,e8661cae5e38dc25,2026-08-01,0,5,no_position,0.14993946
1,e86750d32f49c25b,2026-08-01,0,2,no_position,0.04627983
1,e8831a3f7de2cd01,2026-08-01,0,4,no_position,0.053145133
1,e88b25ab79960bd1,2026-08-01,0,1,no_position,0.12704176
1,e88fa590f631281d,2026-08-01,0,5,no_position,0.035975866
1,e891619326483caa,2026-08-01,0,1,no_position,0.056502044
1,e89b390c17624769,2026-08-01,0,4,no_position,0.036297522
1,e8b6998e7d04f7a2,2026-08-01,0,5,no_position,0.07308877
1,e8c8f0eadf407efe,2026-08-01,0,2,no_position,0.046432603
1,e8f4674f7295b251,2026-08-01,0,3,no_position,0.03221919
1,e9098e5b6236f83c,2026-08-01,0,4,no_position,0.04884647
1,e90c1f9a313d0a32,2026-08-01,0,2,no_position,0.0641162
1,e9103ee57b0445ba,2026-08-01,0,5,no_position,0.07267685
1,e920a60425b216a6,2026-08-01,0,4,no_position,0.09212447
1,e92224e3ace151fd,2026-08-01,0,2,no_position,0.036950056
1,e9268950f9edd1d2,2026-08-01,0,3,no_position,0.055786435
1,e9472a174084dc2f,2026-08-01,1,4,no_position,0.05638511
1,e94753c64db8acb4,2026-08-01,0,5,no_position,0.08090581
1,e95386416721b008,2026-08-01,0,5,no_position,0.052538086
1,e95c91ecb20b0f4f,2026-08-01,0,5,no_position,0.04770922
1,e969050ab70fa892,2026-08-01,1,5,no_position,0.12491253
1,e96ee26b72d2f4df,2026-08-01,1,1,no_position,0.13460347
1,e9ae24c6f8c291e4,2026-08-01,0,1,no_position,0.072926894
1,e9b530727fe6dced,2026-08-01,0,2,no_position,0.18285772
1,e9b8a1bf1ba36388,2026-08-01,0,5,no_position,0.03857323
1,e9c7fd554f9f252e,2026-08-01,1,5,no_position,0.3407765
1,ea6866c2cdb3010f,2026-08-01,0,3,no_position,0.05464647
1,ea6d656c84ecfb7f,2026-08-01,0,5,no_position,0.10506702
1,ea920c5209e3bfd9,2026-08-01,0,5,no_position,0.05635971
1,eaaa4b8919850cf0,2026-08-01,1,5,no_position,0.0397231
1,eab75b466c567cfc,2026-08-01,0,1,no_position,0.22649962
1,eaf4d70e76f27b15,2026-08-01,1,2,no_position,0.05875483
1,eb0cdb3b65b995b5,2026-08-01,0,1,no_position,0.04325132
1,eb0cf17c905af327,2026-08-01,0,2,no_position,0.045520928
1,eb1642be0a9f77d7,2026-08-01,0,1,no_position,0.037477326
1,eb51aeac88299e27,2026-08-01,0,3,no_position,0.036783468
1,eb55adfd9fd72d2a,2026-08-01,0,1,no_position,0.04806915
1,eb728394302ba694,2026-08-01,1,5,no_position,0.039585326
1,eb901ff450240add,2026-08-01,0,3,no_position,0.030804195
1,eb967f94c0dc9621,2026-08-01,0,5,no_position,0.047568016
1,eb9cdce8c0c56985,2026-08-01,1,3,no_position,0.11931777
1,ebba7d6e1580f078,2026-08-01,0,3,no_position,0.08792698
1,ebbefe8b74b07476,2026-08-01,0,3,no_position,0.05397843
1,ec3c0e65d48463e4,2026-08-01,0,3,no_position,0.042819165
1,ec46b8893d3b8476,2026-08-01,0,3,no_position,0.047428384
1,ec4c68d2b327f607,2026-08-01,0,1,no_position,0.15254864
1,ec5d16141138363c,2026-08-01,0,3,no_position,0.049427938
1,ec79941c8cf979ff,2026-08-01,0,1,no_position,0.06161069
1,ec884a6cf71305af,2026-08-01,0,3,no_position,0.07666694
1,ec8ed34481ba844d,2026-08-01,0,2,no_position,0.11976482
1,ec96f2790b633b13,2026-08-01,0,4,no_position,0.10654021
1,ecaebfc63c89d1a0,2026-08-01,0,3,no_position,0.15415068
1,ecb0d7aebc5d10b7,2026-08-01,0,3,no_position,0.071828105
1,eccf637814b32715,2026-08-01,0,5,no_position,0.51754487
1,ecd7467d34bc25c9,2026-08-01,0,5,no_position,0.04167995
1,ecda1fe7314b6738,2026-08-01,0,3,no_position,0.05315473
1,ecf89f7eab55c0c6,2026-08-01,1,2,no_position,0.30662048
1,ecffd172c7433f54,2026-08-01,0,2,no_position,0.089384444
1,ed096e94069d2019,2026-08-01,0,1,no_position,0.06679116
1,ed198cf2c487d0fd,2026-08-01,0,5,no_position,0.03673892
1,ed5b80f32b725b22,2026-08-01,0,3,no_position,0.054117516
1,ed7da5abd3215f31,2026-08-01,0,4,no_position,0.1444045
1,ed843e1f9f09803d,2026-08-01,0,1,no_position,0.05706013
1,ed8a66c3b27cdefa,2026-08-01,0,5,no_position,0.080820516
1,ed992e6c7511faab,2026-08-01,0,5,no_position,0.1255238
1,eda45c524449cdcc,2026-08-01,0,4,no_position,0.12748878
1,eddd02b13f81b671,2026-08-01,0,5,no_position,0.072532706
1,edee5b42af91b5c1,2026-08-01,0,3,no_position,0.08009706
1,edfa1cb9a2eb0b3c,2026-08-01,0,1,no_position,0.08512321
1,edfb375ff9c10f42,2026-08-01,0,2,no_position,0.05738395
1,ee09b41e2c2a60cf,2026-08-01,0,3,no_position,0.03671509
1,ee412025b7175453,2026-08-01,0,5,no_position,0.055637073
1,ee547ca591844256,2026-08-01,0,5,no_position,0.079113595
1,ee636ffe49b6243c,2026-08-01,0,1,no_position,0.025651537
1,ee667c7a8ae98ba3,2026-08-01,0,4,no_position,0.032125577
1,ee6cebbc854aceab,2026-08-01,0,5,no_position,0.12235992
1,ee74d2e51e338424,2026-08-01,1,5,no_position,0.07733614
1,ee7e208e08eef1a8,2026-08-01,0,5,no_position,0.029692587
1,ee9add8f49fda233,2026-08-01,0,3,no_position,0.052169036
1,eeaf1a8f85a43f39,2026-08-01,0,3,no_position,0.051421374
1,eec460b3277f84c2,2026-08-01,0,4,no_position,0.044986945
1,eecb7004b9e6fc61,2026-08-01,1,5,no_position,0.47974885
1,eef6214f5223c906,2026-08-01,0,1,no_position,0.087755926
1,eef62725be6aab1c,2026-08-01,0,5,no_position,0.085249156
1,ef42c4c186a07403,2026-08-01,0,4,no_position,0.07642583
1,ef7294b4ab20431a,2026-08-01,0,5,no_position,0.2521399
1,ef82e4d86adf57e5,2026-08-01,0,2,no_position,0.062187515
1,ef94d05a457ff649,2026-08-01,0,3,no_position,0.06460453
1,efa16151bb458bbc,2026-08-01,0,3,no_position,0.06383533
1,efd0bf3088e9f130,2026-08-01,0,5,no_position,0.330563
1,efe2e08b8f63c01a,2026-08-01,0,2,no_position,0.25182968
1,f007b70a385ac9bb,2026-08-01,0,3,no_position,0.07047842
1,f02df01c88da0648,2026-08-01,0,3,no_position,0.10274058
1,f06a23e75c25bc31,2026-08-01,0,1,no_position,0.03503943
1,f0819231a9718e2e,2026-08-01,0,4,no_position,0.063237935
1,f08aae18c0a2375e,2026-08-01,0,5,no_position,0.041312147
1,f09150fd796f7eed,2026-08-01,0,3,no_position,0.04428646
1,f0e7c7159adde8b6,2026-08-01,0,2,no_position,0.0735892
1,f0fa00771714d0a2,2026-08-01,0,4,no_position,0.108618855
1,f10b172a6b3b986c,2026-08-01,0,5,no_position,0.07620844
1,f114ee248330c5ff,2026-08-01,0,5,no_position,0.17673874
1,f177800b365bfcf2,2026-08-01,0,4,no_position,0.04870829
1,f18bdb48834eebcd,2026-08-01,0,3,no_position,0.053147063
1,f19b015e0d5056fc,2026-08-01,1,3,no_position,0.05442605
1,f19cc8da6eeffd7e,2026-08-01,0,1,no_position,0.07699736
1,f1a5b2c7b08140b7,2026-08-01,0,5,no_position,0.03849748
1,f1dce9bd42f8dfef,2026-08-01,1,2,no_position,0.1977462
1,f1f83e540f21d612,2026-08-01,0,1,no_position,0.05630237
1,f1fee6056d87c231,2026-08-01,0,3,no_position,0.040650487
1,f219c41008dc2d8c,2026-08-01,0,5,no_position,0.05459384
1,f2299202d5ce31fc,2026-08-01,0,2,no_position,0.049925245
1,f247ae6522edde70,2026-08-01,0,2,no_position,0.04327971
1,f249b8c0be357b9a,2026-08-01,0,2,no_position,0.08567536
1,f2526d08c2017ed4,2026-08-01,0,1,no_position,0.052145805
1,f25a311824862d93,2026-08-01,0,3,no_position,0.035996087
1,f26ce0a6ffcd228a,2026-08-01,0,1,no_position,0.052646175
1,f2899fe8a4400d52,2026-08-01,0,1,no_position,0.081396416
1,f2aacf070cf48f31,2026-08-01,0,4,no_position,0.028988373
1,f2ae960050c92fc5,2026-08-01,0,2,no_position,0.084979326
1,f2c38d6de9f23887,2026-08-01,0,3,no_position,0.03873792
1,f2ca5cbe4bd7a7cf,2026-08-01,0,5,no_position,0.047261264
1,f2ed313f125ba591,2026-08-01,0,1,no_position,0.18378158
1,f2fb5fdf6b9a3228,2026-08-01,0,4,no_position,0.16179249
1,f30dbb4c4e6cbfb9,2026-08-01,1,2,no_position,0.53021735
1,f30e2a5634997d09,2026-08-01,0,2,no_position,0.0549064
1,f32c6fa9f846a9ff,2026-08-01,0,4,no_position,0.08378359
1,f33e6d308c4f57a2,2026-08-01,0,5,no_position,0.034925073
1,f344a9591febb54e,2026-08-01,0,4,no_position,0.07421738
1,f347d1a287833158,2026-08-01,0,2,no_position,0.06133323
1,f34cedaa94c40865,2026-08-01,0,5,no_position,0.054908358
1,f3895b59c5537971,2026-08-01,0,5,no_position,0.08671987
1,f38bbf1f7bade669,2026-08-01,0,4,no_position,0.15952654
1,f39aec30f987bbd8,2026-08-01,0,4,no_position,0.11903697
1,f3ad882635289bf9,2026-08-01,0,1,no_position,0.038112998
1,f3e13d361c49a1a6,2026-08-01,0,1,no_position,0.09162966
1,f3fa6dc55920c6d8,2026-08-01,0,4,no_position,0.083465956
1,f43d5cc1447721b3,2026-08-01,0,5,no_position,0.07757017
1,f44f0e468e1fb201,2026-08-01,0,2,no_position,0.05166095
1,f4513ef0776b2287,2026-08-01,0,5,no_position,0.04787993
1,f462b89f54416636,2026-08-01,0,5,no_position,0.108465835
1,f468b545e11fbe17,2026-08-01,0,5,no_position,0.20511502
1,f468cfaaaad8be5c,2026-08-01,0,3,no_position,0.03477601
1,f46a9542bd5872a4,2026-08-01,0,4,no_position,0.05339047
1,f4973aba0d111619,2026-08-01,0,4,no_position,0.113093585
1,f49a00543d3c121f,2026-08-01,0,5,no_position,0.04616059
1,f4cc43874bc7f8d0,2026-08-01,0,1,no_position,0.061628174
1,f4d1612879e2b0a2,2026-08-01,0,5,no_position,0.036004245
1,f4e498b4cd3cc5aa,2026-08-01,0,4,no_position,0.19386692
1,f532fa5618cfff04,2026-08-01,0,5,no_position,0.113245524
1,f53ef63481927b9f,2026-08-01,0,5,no_position,0.03049047
1,f550f6243310af59,2026-08-01,0,4,no_position,0.1901819
1,f5a419fbc297b27f,2026-08-01,0,1,no_position,0.027086876
1,f5c55b29afbf918e,2026-08-01,0,1,no_position,0.06409986
1,f5d34a67841c226e,2026-08-01,0,1,no_position,0.34090072
1,f5d839794f88a758,2026-08-01,0,4,no_position,0.062683366
1,f5f6ab6aaba0d9a6,2026-08-01,1,4,no_position,0.54554313
1,f65698e450cb4ca0,2026-08-01,0,4,no_position,0.2450789
1,f6617d384ce0a78c,2026-08-01,0,4,no_position,0.2827446
1,f6d4ba744b4e401c,2026-08-01,0,5,no_position,0.05144566
1,f6e747aed6ed86b7,2026-08-01,0,3,no_position,0.039486118
1,f6ffb5ff13b95d25,2026-08-01,0,2,no_position,0.062419146
1,f739e6d941b71039,2026-08-01,0,1,no_position,0.0397775
1,f749f6fcb6c1c4d0,2026-08-01,0,1,no_position,0.08443627
1,f7745142dac00497,2026-08-01,0,4,no_position,0.07449362
1,f774ec6b42626ffc,2026-08-01,0,5,no_position,0.04508686
1,f781530f00b3fc08,2026-08-01,0,5,no_position,0.07001497
1,f788de6da2b3c6ac,2026-08-01,1,2,no_position,0.16035555
1,f79713013c3467e8,2026-08-01,0,1,no_position,0.056816813
1,f7bf4f89ede95d9a,2026-08-01,0,3,no_position,0.046407
1,f7cc7434f047173b,2026-08-01,1,4,no_position,0.18134835
1,f7f37d87e1ce6677,2026-08-01,0,2,no_position,0.056921802
1,f7f40af0052b7624,2026-08-01,0,1,no_position,0.030480057
1,f804563aeeceec6a,2026-08-01,0,4,no_position,0.044088673
1,f8805881a2dcce84,2026-08-01,0,3,no_position,0.09202457
1,f899388182c5775f,2026-08-01,0,2,no_position,0.045384653
1,f8ce7f20de6ce119,2026-08-01,0,4,no_position,0.061736982
1,f8f16fbdc91073cc,2026-08-01,0,3,no_position,0.052488152
1,f909ed075cdb2e23,2026-08-01,0,4,no_position,0.12333556
1,f94090903540207e,2026-08-01,0,4,no_position,0.0693242
1,f948a622abcdcbce,2026-08-01,0,3,no_position,0.08926566
1,f948dc37255e210a,2026-08-01,1,2,no_position,0.2156767
1,f94da71ea1e60458,2026-08-01,0,2,no_position,0.045638587
1,f95bdbd77c17d43c,2026-08-01,0,5,no_position,0.03172135
1,f96a9126d8eb5f6f,2026-08-01,0,4,no_position,0.10668376
1,f9d6d7966cb12e5d,2026-08-01,0,3,no_position,0.053603027
1,f9dff8b9c688da4e,2026-08-01,0,4,no_position,0.13610427
1,fa1e726fceb48766,2026-08-01,0,4,no_position,0.12267232
1,fa229f2d59d14666,2026-08-01,1,1,no_position,0.21173947
1,fa27d7ab20683ffd,2026-08-01,0,1,no_position,0.16183275
1,fa297dec067313cd,2026-08-01,0,3,no_position,0.028031038
1,fa572f0bab6a7cf4,2026-08-01,0,4,no_position,0.13663508
1,fa5df91b8e38f46d,2026-08-01,0,2,no_position,0.04763704
1,fa713d0097f414b4,2026-08-01,0,5,no_position,0.0666911
1,fa73b3392da864c5,2026-08-01,0,4,no_position,0.11936824
1,fab13cfe233863aa,2026-08-01,0,3,no_position,0.083379276
1,facece5aafe30812,2026-08-01,0,5,no_position,0.054322157
1,fae43a976bbc62b1,2026-08-01,1,5,no_position,0.119349
1,fb9ea8b81e23abb1,2026-08-01,0,4,no_position,0.035788354
1,fbba47e6c569662a,2026-08-01,0,5,no_position,0.031209722
1,fbe9e0862e9d9a51,2026-08-01,1,4,no_position,0.03623077
1,fc09af7859803639,2026-08-01,0,5,no_position,0.11303856
1,fc0b59455b8797ee,2026-08-01,0,3,no_position,0.060142826
1,fc240f5e92823fd1,2026-08-01,1,1,no_position,0.4522891
1,fc4d164faac09650,2026-08-01,0,3,no_position,0.033019107
1,fc52002a61c7b18e,2026-08-01,0,5,no_position,0.09714469
1,fc8fb72d30197032,2026-08-01,0,4,no_position,0.041363727
1,fca0c6e41a36ae23,2026-08-01,0,4,no_position,0.068182535
1,fcbdcd0cb70d1527,2026-08-01,0,4,no_position,0.044785522
1,fcbe6862f5afa070,2026-08-01,0,1,no_position,0.25018948
1,fcc1e51020e1c0d4,2026-08-01,0,3,no_position,0.068270214
1,fd0b988857b15810,2026-08-01,0,5,no_position,0.041427854
1,fd180ff352ea6c96,2026-08-01,0,3,no_position,0.0615456
1,fd22ac79c4d9c067,2026-08-01,0,4,no_position,0.20986508
1,fd9eaaefc34d4e42,2026-08-01,0,4,no_position,0.024610782
1,fdcf6de6aaeffca4,2026-08-01,0,5,no_position,0.03674574
1,fe0d3a9f745e719e,2026-08-01,1,5,no_position,0.09345965
1,fe14591f155c04e1,2026-08-01,0,1,no_position,0.06613753
1,fe9d9ecc76afae48,2026-08-01,0,2,no_position,0.099365786
1,fe9ef6d91f4c7239,2026-08-01,0,3,no_position,0.0917065
1,fed43b8585d2f65c,2026-08-01,0,1,no_position,0.09873859
1,fed7181527fd1083,2026-08-01,0,1,no_position,0.12238422
1,ff049ec490bae860,2026-08-01,0,1,no_position,0.06673171
1,ff2872c2806ec4c1,2026-08-01,0,1,no_position,0.11358229
1,ff3932caf8c93bfe,2026-08-01,0,4,no_position,0.083025396
1,ff61c2990bf611f3,2026-08-01,0,4,no_position,0.24209368
1,ffaf2027b41e8683,2026-08-01,0,4,no_position,0.22482294
1,ffb16364f7a88e3e,2026-08-01,0,1,no_position,0.22181174
1,ffbbe2c379440bb5,2026-08-01,0,5,no_position,0.094778866
1,ffc6469c77a9add9,2026-08-01,0,4,no_position,0.102220066
1,ffcc0cea6eddc566,2026-08-01,0,5,no_position,0.05002225
1,ffe42f04e1ee30b1,2026-08-01,0,5,no_position,0.118889995
1,fff88b585d73ed85,2026-08-01,1,3,no_position,0.041523434
2,0002a4b30678c86c,2026-08-01,0,4,no_position,0.22642624
2,000d7ce5a1c27c09,2026-08-01,1,3,no_position,0.052136917
2,00900b9690e42d40,2026-08-01,0,4,no_position,0.035386894
2,00964a199f633eba,2026-08-01,0,1,no_position,0.043105688
2,00a8e3412ce8658a,2026-08-01,0,5,no_position,0.09674129
2,00b768d3a31e9edd,2026-08-01,0,1,no_position,0.04403629
2,00d0ff75258f6ab5,2026-08-01,0,3,no_position,0.049771193
2,0154f214ec1e0234,2026-08-01,0,1,no_position,0.067281276
2,015ec24809213361,2026-08-01,0,2,no_position,0.04508485
2,016fa3217fb63f3c,2026-08-01,0,3,no_position,0.05502812
2,017a01726ff661de,2026-08-01,0,1,no_position,0.22721128
2,017e09aa842713bd,2026-08-01,0,4,no_position,0.12753016
2,017f8acbc6eb8dfc,2026-08-01,0,4,no_position,0.06564577
2,0198fd92a4211300,2026-08-01,0,5,no_position,0.029018508
2,019da90f5db1db38,2026-08-01,0,3,no_position,0.035721768
2,01b84f93c362cb87,2026-08-01,1,4,no_position,0.12444561
2,01fc5059633603e3,2026-08-01,0,3,no_position,0.5328845
2,0231b1c875f38928,2026-08-01,0,4,no_position,0.06402822
2,0239c80903961bac,2026-08-01,0,2,no_position,0.067538045
2,027ef447afff809c,2026-08-01,1,4,no_position,0.0674351
2,02854b82255868af,2026-08-01,0,2,no_position,0.047128804
2,029e7c0d3cfae84a,2026-08-01,0,1,no_position,0.094056435
2,02cc1b17cacab96f,2026-08-01,0,1,no_position,0.078995176
2,02d6440f3637d4b7,2026-08-01,0,4,no_position,0.059493527
2,02ea077990ea05bc,2026-08-01,0,2,no_position,0.12289308
2,032ed824f14a1f42,2026-08-01,0,4,no_position,0.048966903
2,03e1b2bed3f7c3a2,2026-08-01,0,4,no_position,0.049214482
2,0420ad3f29aa17d5,2026-08-01,0,5,no_position,0.04639961
2,043dfd90c0c8f90b,2026-08-01,0,3,no_position,0.03477817
2,043f88fed5e3de70,2026-08-01,0,2,no_position,0.15053724
2,045a9ea2d4b98979,2026-08-01,0,1,no_position,0.28316057
2,048b19242532a8ef,2026-08-01,0,4,no_position,0.035626058
2,049414fd217ae4e7,2026-08-01,0,4,no_position,0.052687928
2,049c6abb45e3100d,2026-08-01,0,5,no_position,0.09233322
2,04c01c87efd84bd5,2026-08-01,0,2,no_position,0.059298296
2,04ca774af3b973a1,2026-08-01,0,3,no_position,0.18969992
2,04f2463f8f5e63ff,2026-08-01,0,1,no_position,0.042074386
2,0502d89ad9af3d3e,2026-08-01,0,1,no_position,0.03852267
2,052ed97c5c6b1903,2026-08-01,0,4,no_position,0.023364726
2,05329912e4b78e2f,2026-08-01,0,4,no_position,0.16213119
2,053b99f4891836dc,2026-08-01,0,3,no_position,0.08878344
2,054e290e8ba01b62,2026-08-01,0,3,no_position,0.07531815
2,058317d85a9759ea,2026-08-01,0,3,no_position,0.05142272
2,05a209cf30832c0a,2026-08-01,0,1,no_position,0.045981936
2,05a99b03e737960e,2026-08-01,1,4,no_position,0.06395564
2,05b2300056198125,2026-08-01,0,3,no_position,0.11411502
2,05f25bd4194fd072,2026-08-01,0,4,no_position,0.036367256
2,06a1bf25562f55ad,2026-08-01,0,2,no_position,0.0388625
2,06aa497c6c4d557d,2026-08-01,0,2,no_position,0.21988833
2,06cfc518ea4b0a6a,2026-08-01,0,2,no_position,0.29419386
2,07097b1c8d967b68,2026-08-01,0,1,no_position,0.03114937
2,074c76b3ce10e2ae,2026-08-01,0,2,no_position,0.06806195
2,075fe48f41e70c1d,2026-08-01,0,1,no_position,0.5844799
2,076d65d4efb07b58,2026-08-01,0,1,no_position,0.105431825
2,0773268ea06bbd91,2026-08-01,0,4,no_position,0.12069704
2,0775af0573a29c40,2026-08-01,0,2,no_position,0.052832324
2,07d491101e716df7,2026-08-01,0,3,no_position,0.07851758
2,080b89ed5f5bf22c,2026-08-01,0,5,no_position,0.17660181
2,084d0f777a1f785c,2026-08-01,0,3,no_position,0.30815247
2,0861f0681ba955e2,2026-08-01,0,1,no_position,0.04294932
2,0877e71ed4007265,2026-08-01,0,1,no_position,0.048272107
2,08a617c2b12eca56,2026-08-01,0,2,no_position,0.056189407
2,08bc9a27e8bd41b5,2026-08-01,0,5,no_position,0.242498
2,09182652394dda54,2026-08-01,0,4,no_position,0.060647774
2,092d415e40b46459,2026-08-01,0,3,no_position,0.026484001
2,09777b912bacab6e,2026-08-01,0,1,no_position,0.04961704
2,0979bca963611532,2026-08-01,0,1,no_position,0.030694438
2,09a3a86bc1c1bf37,2026-08-01,0,4,no_position,0.06160228
2,09ba9c8ead565d8c,2026-08-01,0,1,no_position,0.05000982
2,0a150c40cebbe3ea,2026-08-01,0,2,no_position,0.07348794
2,0a5e0d9b2379f055,2026-08-01,1,3,no_position,0.14203972
2,0a92efcebf5f360d,2026-08-01,0,5,no_position,0.088603884
2,0ab13f1f80542de8,2026-08-01,0,2,no_position,0.054647956
2,0ab5ff8461a29d34,2026-08-01,1,2,no_position,0.11695365
2,0b0ead7f1c8fdc03,2026-08-01,0,2,no_position,0.0861512
2,0b1873e82d620c8d,2026-08-01,0,4,no_position,0.12179363
2,0b56af18b698a5b9,2026-08-01,0,1,no_position,0.06453166
2,0b59fa4f60145e09,2026-08-01,0,4,no_position,0.053153317
2,0b70b988a28ed100,2026-08-01,0,2,no_position,0.1957203
2,0ba123f36f5f48f8,2026-08-01,0,4,no_position,0.09271982
2,0bce901f9c25d883,2026-08-01,0,3,no_position,0.057696316
2,0bd7d4bfb6926ccc,2026-08-01,0,3,no_position,0.050549585
2,0bfe18f4534403d9,2026-08-01,1,5,no_position,0.5259019
2,0c38b175f6f90eb2,2026-08-01,0,5,no_position,0.19016741
2,0c3ba6683439e82e,2026-08-01,1,4,no_position,0.05897154
2,0c49c3f98fa31b28,2026-08-01,0,4,no_position,0.18301056
2,0c5669ac32865189,2026-08-01,0,2,no_position,0.2286263
2,0c77b36c4e1578cf,2026-08-01,0,2,no_position,0.13462462
2,0ca0e590d1f60c5e,2026-08-01,0,2,no_position,0.04039808
2,0ca62b7a96e42a23,2026-08-01,0,3,no_position,0.24123585
2,0cab3caa36076df1,2026-08-01,1,2,no_position,0.057183806
2,0cd91d89db3066bd,2026-08-01,0,1,no_position,0.061705157
2,0cd9cac24b1a17cf,2026-08-01,0,3,no_position,0.16082828
2,0cdb95d2cb5b0158,2026-08-01,0,5,no_position,0.06324248
2,0d1cc77b8e0bc886,2026-08-01,0,2,no_position,0.11893771
2,0d35651892d59131,2026-08-01,0,3,no_position,0.06986321
2,0d4a4db297e41309,2026-08-01,1,1,no_position,0.055827036
2,0d5d6c1e0965cbe9,2026-08-01,0,4,no_position,0.7132328
2,0d62ef2d1eb4974b,2026-08-01,0,2,no_position,0.039998107
2,0d7b711dc0fd5adc,2026-08-01,0,5,no_position,0.0461956
2,0d900ca5808ca1b4,2026-08-01,0,3,no_position,0.036506183
2,0da18d7a4f8f9b86,2026-08-01,0,2,no_position,0.06886454
2,0db22e1b4bcb9ed8,2026-08-01,0,4,no_position,0.40863568
2,0db562277469861d,2026-08-01,0,1,no_position,0.15274328
2,0dbab59467679d8a,2026-08-01,0,5,no_position,0.051811475
2,0e12991579b3b5bc,2026-08-01,0,5,no_position,0.05466764
2,0e302fb8b7fb75c8,2026-08-01,0,2,no_position,0.04823591
2,0e37af0b35527a5d,2026-08-01,0,1,no_position,0.044156507
2,0e4d0bcf9fc827e8,2026-08-01,1,1,no_position,0.4439488
2,0e5fcc3824be0681,2026-08-01,0,4,no_position,0.070708595
2,0ec1081305055fc1,2026-08-01,0,2,no_position,0.07016446
2,0ec61d61d5ccba12,2026-08-01,0,5,no_position,0.041236456
2,0ed7a9d3a944a5d0,2026-08-01,0,2,no_position,0.04432579
2,0f19a41df5dd06b4,2026-08-01,0,1,no_position,0.121203125
2,0f2ac6a8b7c68217,2026-08-01,1,1,no_position,0.37672418
2,0f4b3e5cd407a96a,2026-08-01,0,3,no_position,0.03704302
2,0f4d7be2e277345c,2026-08-01,0,3,no_position,0.029809514
2,0f74615f3b8f66bd,2026-08-01,1,2,no_position,0.376948
2,0f8d3bacb8cd3932,2026-08-01,0,3,no_position,0.12318971
2,0fb1d377c69365c6,2026-08-01,0,2,no_position,0.25264126
2,0fc5737097e75b95,2026-08-01,0,4,no_position,0.045801837
2,0fe067243f9eea71,2026-08-01,0,1,no_position,0.10911171
2,0fefd2ecf8a42402,2026-08-01,0,4,no_position,0.12518895
2,10354b33b91ddb36,2026-08-01,0,1,no_position,0.049438536
2,105255a8c395a228,2026-08-01,0,1,no_position,0.0634699
2,107e67fa67e88223,2026-08-01,0,1,no_position,0.05843091
2,10a06bf73f6bc148,2026-08-01,0,3,no_position,0.05926579
2,10cfdd9486a9ce71,2026-08-01,1,4,no_position,0.19573839
2,10d8ef2fffc6cec8,2026-08-01,0,2,no_position,0.13945119
2,114357692cf4d405,2026-08-01,0,2,no_position,0.07593864
2,11606a8bb109c34f,2026-08-01,0,2,no_position,0.08361642
2,1160fef4fa91b411,2026-08-01,0,1,no_position,0.09931069
2,1175ca19bed3865f,2026-08-01,0,2,no_position,0.07383225
2,119b4b777b95467c,2026-08-01,0,2,no_position,0.05351556
2,11a296bccba76cb2,2026-08-01,0,1,no_position,0.08069296
2,11aa64f4d683707d,2026-08-01,0,2,no_position,0.050101772
2,11be8240208f9c91,2026-08-01,0,5,no_position,0.02906771
2,11f4f1a0009e0803,2026-08-01,0,4,no_position,0.03230005
2,125027c777192160,2026-08-01,0,1,no_position,0.15733853
2,125e81a25e08995e,2026-08-01,0,4,no_position,0.045098778
2,12b39276ef97a6b5,2026-08-01,0,3,no_position,0.1646792
2,12cebc638baa140b,2026-08-01,1,4,no_position,0.13277358
2,12d1e319f3090d55,2026-08-01,0,2,no_position,0.112629764
2,12d30588b166d0cc,2026-08-01,0,2,no_position,0.21252789
2,12e90148e17e96eb,2026-08-01,0,2,no_position,0.2915023
2,1302ec146944c75d,2026-08-01,0,4,no_position,0.029327994
2,1314b302d386e88f,2026-08-01,0,2,no_position,0.09505701
2,133e6c378634ea4a,2026-08-01,0,3,no_position,0.04625459
2,13a9432a7ee9b044,2026-08-01,0,3,no_position,0.09917441
2,13b0ba266b47973e,2026-08-01,0,5,no_position,0.041351732
2,13c0fddbd7227b7c,2026-08-01,0,1,no_position,0.059842188
2,13d231ab677686ac,2026-08-01,0,2,no_position,0.0689898
2,13d2cbed862c4178,2026-08-01,0,4,no_position,0.22805893
2,13e21ea7511d9fed,2026-08-01,0,1,no_position,0.11215391
2,140292c9bba3050c,2026-08-01,0,3,no_position,0.043347508
2,1419bfee16fb3c97,2026-08-01,0,3,no_position,0.059341565
2,142e6e0e2a5c5f1f,2026-08-01,0,5,no_position,0.073131226
2,14333c905162064f,2026-08-01,0,2,no_position,0.1017452
2,1447018ba051d687,2026-08-01,0,1,no_position,0.041457728
2,1470b9ff96595f83,2026-08-01,0,4,no_position,0.04430178
2,14b6c45a574e8d90,2026-08-01,0,3,no_position,0.16784531
2,14c61c7773a2028d,2026-08-01,0,2,no_position,0.08511198
2,14c62956e76d2e4a,2026-08-01,0,4,no_position,0.036398184
2,14ebb1fa31aa4638,2026-08-01,0,1,no_position,0.039823722
2,14ee3ee125c66a82,2026-08-01,0,1,no_position,0.046178292
2,15049f5b0cfd5d2a,2026-08-01,0,3,no_position,0.05214955
2,1555ce399e3c4e04,2026-08-01,0,4,no_position,0.0233841
2,155e1390ce1f7afa,2026-08-01,0,1,no_position,0.043419525
2,155e65db796b7aae,2026-08-01,0,1,no_position,0.03321318
2,157ac6af440e2615,2026-08-01,0,3,no_position,0.074503824
2,1583e9f5a1e015b8,2026-08-01,0,3,no_position,0.10534589
2,158b679f3c60a81f,2026-08-01,0,5,no_position,0.08536816
2,1591f207075001b7,2026-08-01,1,4,no_position,0.053752888
2,15c14313ab27bcf8,2026-08-01,0,3,no_position,0.21262453
2,15cc9838e13b5a20,2026-08-01,0,5,no_position,0.04228262
2,15cfde4961709699,2026-08-01,0,2,no_position,0.11451895
2,1606bc0962679437,2026-08-01,1,1,no_position,0.22756541
2,1629fdc7b650b299,2026-08-01,0,5,no_position,0.04671707
2,164485913312cbb4,2026-08-01,0,3,no_position,0.03686426
2,164ca5dad6388a19,2026-08-01,0,4,no_position,0.094052956
2,167a35c32330108a,2026-08-01,0,2,no_position,0.22356133
2,167d37464242616a,2026-08-01,0,2,no_position,0.041466925
2,16e7217742f1d62b,2026-08-01,0,1,no_position,0.068792515
2,16f533fbf0be3229,2026-08-01,0,2,no_position,0.05000102
2,171b014ea5564c00,2026-08-01,0,3,no_position,0.098416634
2,171d2f08f0f4c138,2026-08-01,0,1,no_position,0.06733916
2,1722dee2d365a5e5,2026-08-01,0,2,no_position,0.05394831
2,173aa1fb672c8858,2026-08-01,0,5,no_position,0.037869122
2,174a94baa4018bd3,2026-08-01,0,3,no_position,0.04342547
2,17b65486e2cfe11f,2026-08-01,0,3,no_position,0.09496762
2,17be361fe63948a7,2026-08-01,0,5,no_position,0.07381977
2,18082c8d81db9ce2,2026-08-01,1,2,no_position,0.05154418
2,185470064f31f939,2026-08-01,0,5,no_position,0.07097098
2,1884a997e6bdff2a,2026-08-01,0,2,no_position,0.05441367
2,18a384a759adbbcf,2026-08-01,1,1,no_position,0.100150555
2,18a7a521b8b1d45a,2026-08-01,0,1,no_position,0.07532486
2,18c269644f368613,2026-08-01,1,1,no_position,0.08792137
2,18e46d169a9ce43c,2026-08-01,1,4,no_position,0.09409091
2,1919397a5f2f1053,2026-08-01,0,4,no_position,0.135131
2,19419c609d468f7f,2026-08-01,0,3,no_position,0.04264903
2,194ea6c13a068908,2026-08-01,0,3,no_position,0.0503831
2,19629bd3b4ad5f3e,2026-08-01,0,2,no_position,0.10161837
2,199824b169a4f886,2026-08-01,0,4,no_position,0.29287997
2,19b5798b887aa905,2026-08-01,1,4,no_position,0.04150588
2,1a104e02db057e25,2026-08-01,0,2,no_position,0.0569604
2,1a8809f979f4db2f,2026-08-01,0,5,no_position,0.058268562
2,1ab078ca72d24705,2026-08-01,0,2,no_position,0.18022771
2,1b042f285096e5d2,2026-08-01,0,1,no_position,0.03674254
2,1b0610f758902ed6,2026-08-01,0,4,no_position,0.041348565
2,1b06c782966dd8c3,2026-08-01,0,4,no_position,0.080467515
2,1b4bb246f0f92421,2026-08-01,1,3,no_position,0.07644273
2,1b4d0da17eec2458,2026-08-01,0,4,no_position,0.023805212
2,1b4d8f0eb9608ebd,2026-08-01,0,1,no_position,0.1390325
2,1b9310b179a18c93,2026-08-01,0,5,no_position,0.091033354
2,1b97204d3bc042c5,2026-08-01,0,5,no_position,0.298507
2,1ba2b0a7add5dc36,2026-08-01,0,3,no_position,0.077621005
2,1bae2c0ff6d78441,2026-08-01,0,4,no_position,0.17243135
2,1bbd3ad7533a80fa,2026-08-01,0,1,no_position,0.2571483
2,1bd62e037c599a0f,2026-08-01,0,4,no_position,0.034074616
2,1bdbb4ab20de98a9,2026-08-01,0,1,no_position,0.0382362
2,1c2142fc1bdc60db,2026-08-01,0,2,no_position,0.049659707
2,1c376cae76fecc61,2026-08-01,1,2,no_position,0.087966606
2,1c7b6eb4e4407135,2026-08-01,0,1,no_position,0.051544342
2,1ca624327684daf8,2026-08-01,0,2,no_position,0.1388426
2,1d427f6644c5467d,2026-08-01,0,1,no_position,0.0437461
2,1d6b87a6de99f46f,2026-08-01,0,5,no_position,0.04104676
2,1d7f109c3015618e,2026-08-01,0,2,no_position,0.08290883
2,1d9c5c6ce92a9840,2026-08-01,0,3,no_position,0.040150344
2,1dd852dae32a2563,2026-08-01,0,2,no_position,0.039984412
2,1df05b2f2c2428b8,2026-08-01,0,3,no_position,0.038871158
2,1df5013189b88fe9,2026-08-01,0,1,no_position,0.030667437
2,1e01825fafbe0724,2026-08-01,0,3,no_position,0.08677287
2,1e36da432c7d24ae,2026-08-01,0,3,no_position,0.065256104
2,1e38faeae90a7e22,2026-08-01,1,2,no_position,0.11488252
2,1e4c62e68b25c5e3,2026-08-01,1,2,no_position,0.069108695
2,1e6728f632b8eb94,2026-08-01,0,4,no_position,0.042221934
2,1e8c669d58f43946,2026-08-01,0,5,no_position,0.05396928
2,1eba63c9ecf5841b,2026-08-01,0,4,no_position,0.07306555
2,1ec3f749614ab081,2026-08-01,0,5,no_position,0.08007933
2,1ed8df14b0851c6b,2026-08-01,0,1,no_position,0.06795318
2,1ef916069b4e7db1,2026-08-01,1,1,no_position,0.108287305
2,1eff163338d91d93,2026-08-01,0,1,no_position,0.0742166
2,1f33fc248eaed514,2026-08-01,0,5,no_position,0.09275408
2,1f41c3de28b2b0c0,2026-08-01,0,2,no_position,0.057080775
2,1f67ddec466b3587,2026-08-01,0,4,no_position,0.053186685
2,1f70256cf6f769f2,2026-08-01,0,4,no_position,0.04765686
2,1f84f9a08c5166de,2026-08-01,0,5,no_position,0.08350651
2,1fe00b831647dc92,2026-08-01,0,3,no_position,0.036202826
2,1fea87d76272a95e,2026-08-01,0,3,no_position,0.07790422
2,20215122632251f9,2026-08-01,0,2,no_position,0.12439878
2,203fcb6cf256dda2,2026-08-01,0,2,no_position,0.08150701
2,20557597299435c5,2026-08-01,0,5,no_position,0.080788255
2,205a5812b7c32d06,2026-08-01,0,3,no_position,0.03916215
2,2081f287948b3a2c,2026-08-01,0,5,no_position,0.05955087
2,2087d52fa0563c57,2026-08-01,0,1,no_position,0.077021524
2,2088956d8bf845e6,2026-08-01,0,5,no_position,0.06903387
2,2090fd43a3ec8e27,2026-08-01,1,2,no_position,0.17625298
2,20a5157907513a77,2026-08-01,0,5,no_position,0.06348212
2,20b4d7fe02be724a,2026-08-01,0,4,no_position,0.06614573
2,20c6d7e0a9a8c211,2026-08-01,0,1,no_position,0.045527123
2,20d2c63b5d0fe187,2026-08-01,1,4,no_position,0.07225387
2,210b865f35bcd68c,2026-08-01,0,2,no_position,0.1813297
2,213ecaebbb89f989,2026-08-01,0,2,no_position,0.05828705
2,2160ac0aba547862,2026-08-01,0,2,no_position,0.052693665
2,21842165398f2cce,2026-08-01,0,4,no_position,0.039883915
2,21ba56b75a9a1165,2026-08-01,0,4,no_position,0.05148954
2,221b547b5a568c36,2026-08-01,0,4,no_position,0.07687317
2,2225a14b3583badf,2026-08-01,0,5,no_position,0.21632844
2,2236f73261f7cb1f,2026-08-01,0,1,no_position,0.07448188
2,22526ad85ef21089,2026-08-01,0,4,no_position,0.02553698
2,2266ccdfc0a02c58,2026-08-01,0,2,no_position,0.05152404
2,226a90d2dec25cc4,2026-08-01,0,1,no_position,0.047211345
2,227097ae67a6fbb5,2026-08-01,0,1,no_position,0.04311686
2,22fa0eebebf09395,2026-08-01,0,3,no_position,0.035611603
2,2324c262c5ca68b0,2026-08-01,0,1,no_position,0.08756205
2,232fd730f980b772,2026-08-01,0,3,no_position,0.03415055
2,2380b25082f24324,2026-08-01,0,1,no_position,0.10211417
2,239742486058f2ab,2026-08-01,0,5,no_position,0.2076498
2,23a59aca849a7533,2026-08-01,0,5,no_position,0.046722643
2,23c9fd26eef34bfa,2026-08-01,0,2,no_position,0.06079856
2,23d4f88574e2f7bc,2026-08-01,0,4,no_position,0.067099765
2,241b8560c87c46e9,2026-08-01,0,5,no_position,0.04705997
2,24252b4084cde2b1,2026-08-01,0,4,no_position,0.037322655
2,246375baf480ec50,2026-08-01,0,3,no_position,0.03302258
2,247eb77315ee7370,2026-08-01,0,2,no_position,0.117949285
2,248f30ec2d491b76,2026-08-01,0,4,no_position,0.033913806
2,24a941aab5da1678,2026-08-01,0,1,no_position,0.029735342
2,24a9b465f9152ce4,2026-08-01,0,5,no_position,0.4928786
2,24b387ff6ba39fd1,2026-08-01,0,4,no_position,0.0783802
2,24c8abb05318ffad,2026-08-01,0,4,no_position,0.2145277
2,24d2c89f55b6833a,2026-08-01,0,3,no_position,0.04502724
2,24e074b2c4d805de,2026-08-01,1,4,no_position,0.4277161
2,25118d6ddbae9a6a,2026-08-01,0,2,no_position,0.079507425
2,25193ed9f14ab133,2026-08-01,0,1,no_position,0.029829731
2,253540cc7316781c,2026-08-01,1,1,no_position,0.050236896
2,255040a62c6ed007,2026-08-01,0,5,no_position,0.14087008
2,2572493b34a24f24,2026-08-01,0,3,no_position,0.03561541
2,25808f8fcf651fa8,2026-08-01,0,2,no_position,0.055142574
2,258a638c1a98bde6,2026-08-01,0,4,no_position,0.055493355
2,258a69d5673b2da9,2026-08-01,0,2,no_position,0.0511056
2,25d151fd923200bd,2026-08-01,0,3,no_position,0.048108898
2,25d4ef0fff26f2c0,2026-08-01,0,2,no_position,0.062227327
2,25e9641d7bf76cb1,2026-08-01,0,5,no_position,0.03139579
2,26486659feb5c7de,2026-08-01,0,4,no_position,0.04763108
2,264b67bfe4c102d4,2026-08-01,0,2,no_position,0.07689125
2,265bc8417a80656c,2026-08-01,0,3,no_position,0.06503836
2,267646325b13de20,2026-08-01,0,4,no_position,0.15677035
2,2685a4212a61ec25,2026-08-01,0,4,no_position,0.1870743
2,26938111f794c059,2026-08-01,0,4,no_position,0.15450126
2,2697a618af3916fb,2026-08-01,0,4,no_position,0.1998637
2,26997fbaa75a5a0e,2026-08-01,0,2,no_position,0.069122314
2,269ca81df6a9f27f,2026-08-01,0,4,no_position,0.04639639
2,26c7dcfabd78df74,2026-08-01,1,5,no_position,0.24329104
2,26c9fa1b8b0e5b06,2026-08-01,0,4,no_position,0.051650357
2,26d4a35b09540b10,2026-08-01,0,1,no_position,0.09306173
2,26e94f4b8510796d,2026-08-01,1,4,no_position,0.104727894
2,26ff8ea964146e6f,2026-08-01,0,2,no_position,0.062160365
2,271863777db80338,2026-08-01,0,4,no_position,0.07116576
2,2731630aa33aef25,2026-08-01,0,5,no_position,0.16580014
2,2738874e2d8cc28e,2026-08-01,0,4,no_position,0.057700064
2,2753f3bedbd5706e,2026-08-01,1,3,no_position,0.14486358
2,2772cf7738939a04,2026-08-01,0,3,no_position,0.038677786
2,277cc00c9a0f742a,2026-08-01,0,5,no_position,0.035135347
2,278ad97f85b849a2,2026-08-01,1,5,no_position,0.13783266
2,27c39b3aa6fcd143,2026-08-01,0,2,no_position,0.06644465
2,27d61b898f503dd7,2026-08-01,0,1,no_position,0.033863906
2,284ad06ccfdd5060,2026-08-01,0,5,no_position,0.034066565
2,286a96b6811b48c0,2026-08-01,0,4,no_position,0.22271459
2,2871546f860a5807,2026-08-01,0,1,no_position,0.038195472
2,2872372896b8aee7,2026-08-01,0,5,no_position,0.047580805
2,2886f6b0e32013a3,2026-08-01,1,3,no_position,0.032773305
2,28a4e244aee6373a,2026-08-01,0,1,no_position,0.061024193
2,28ae2f2182747a03,2026-08-01,0,1,no_position,0.049489908
2,28cf87e8f7391fd3,2026-08-01,0,1,no_position,0.04303605
2,290aca21ab67b2bc,2026-08-01,0,5,no_position,0.06007284
2,295037162a0866ab,2026-08-01,0,4,no_position,0.18500814
2,298127fe0c0dfd66,2026-08-01,0,4,no_position,0.03545289
2,298a0293dc35eee4,2026-08-01,0,1,no_position,0.04217559
2,29b4bff87d3b0d73,2026-08-01,0,5,no_position,0.04203811
2,29e27c76433c116c,2026-08-01,0,5,no_position,0.06568813
2,29e35554ac7c2502,2026-08-01,0,1,no_position,0.04551649
2,29ef2d401a16116f,2026-08-01,0,1,no_position,0.039463546
2,2a441d4bbc5d9bbc,2026-08-01,0,4,no_position,0.032840196
2,2a78f6d5c1763781,2026-08-01,0,5,no_position,0.042966854
2,2aab294695298104,2026-08-01,1,1,no_position,0.27277234
2,2b2de4c7397aa808,2026-08-01,0,3,no_position,0.04658337
2,2b3115209667df2c,2026-08-01,0,3,no_position,0.1915127
2,2b5fd7173b827bb9,2026-08-01,0,1,no_position,0.0781261
2,2b6533f09391bcbf,2026-08-01,0,3,no_position,0.050766107
2,2b6fc628fdad4677,2026-08-01,0,5,no_position,0.06490764
2,2b9d0cf90f907bab,2026-08-01,0,5,no_position,0.051771313
2,2bf5fd0b35cd50ab,2026-08-01,0,4,no_position,0.45963052
2,2c07547186211575,2026-08-01,0,5,no_position,0.086536095
2,2c091dd7c97bb6d0,2026-08-01,0,3,no_position,0.06424994
2,2c55b782671a5de9,2026-08-01,0,1,no_position,0.041319426
2,2c575b577a43e020,2026-08-01,0,2,no_position,0.059802823
2,2cd31b8d7905d872,2026-08-01,1,2,no_position,0.37126875
2,2cdab4987b6349c8,2026-08-01,0,5,no_position,0.058412526
2,2cecfa4dc9daed2c,2026-08-01,0,4,no_position,0.037058532
2,2d2d36864a779291,2026-08-01,0,2,no_position,0.053250685
2,2d2f2cd5b5c51a27,2026-08-01,0,5,no_position,0.039504025
2,2d4bf7dbf80cbc23,2026-08-01,1,3,no_position,0.40687403
2,2d9f5ffa31488632,2026-08-01,0,3,no_position,0.28611913
2,2dc2618a0461a878,2026-08-01,0,3,no_position,0.046868447
2,2dc61119af66b7d2,2026-08-01,0,4,no_position,0.071754135
2,2dc7deb7dd1fc1a6,2026-08-01,1,1,no_position,0.044865288
2,2de3cfc62ae2284d,2026-08-01,0,4,no_position,0.060204037
2,2e09794fe8e6f725,2026-08-01,1,5,no_position,0.3494052
2,2e45d5e78b6b24e8,2026-08-01,0,3,no_position,0.180378
2,2e5283fe2369eb5d,2026-08-01,0,4,no_position,0.06628244
2,2e8be8aa8424f082,2026-08-01,0,1,no_position,0.09342886
2,2ea2896545f929df,2026-08-01,0,2,no_position,0.10513227
2,2ee898e37582379a,2026-08-01,0,5,no_position,0.053885795
2,2ef14206ec1d41ee,2026-08-01,0,3,no_position,0.046111546
2,2efb9ac29a1976ab,2026-08-01,0,2,no_position,0.110758476
2,2f06c6a115d5bdb1,2026-08-01,0,3,no_position,0.047046814
2,2f6d483cd27c5f88,2026-08-01,0,3,no_position,0.18002146
2,2f784633e16416ee,2026-08-01,0,1,no_position,0.036118694
2,2f9c99caef391934,2026-08-01,0,2,no_position,0.052849896
2,2fbac685aed439eb,2026-08-01,0,4,no_position,0.030869626
2,2fc9a5e965adc900,2026-08-01,0,5,no_position,0.033888023
2,2fce6cfe52886076,2026-08-01,0,5,no_position,0.03944935
2,30392afe8398f781,2026-08-01,0,5,no_position,0.0569732
2,303dce1dbbfe7cb8,2026-08-01,0,3,no_position,0.04464486
2,3043d8e7ebfe6c08,2026-08-01,0,3,no_position,0.037144527
2,304ed3ba5f0e2c82,2026-08-01,0,3,no_position,0.06529064
2,3068a9a70c63364a,2026-08-01,0,2,no_position,0.09231548
2,308b35bf2cd5d34f,2026-08-01,0,4,no_position,0.040616103
2,3094aef91d707632,2026-08-01,0,1,no_position,0.053812142
2,309b2fbebbfc9f7e,2026-08-01,0,3,no_position,0.0695336
2,30c61393685c68c6,2026-08-01,0,5,no_position,0.061476707
2,30d1a085603cb12c,2026-08-01,0,3,no_position,0.05489579
2,30d5ba042b2dd78a,2026-08-01,0,4,no_position,0.113129124
2,3146a14e715c7390,2026-08-01,0,2,no_position,0.05738248
2,317699f6fb29dfbc,2026-08-01,0,3,no_position,0.050455447
2,317719e4034c084f,2026-08-01,0,4,no_position,0.022725673
2,317794b0edc5bb73,2026-08-01,0,3,no_position,0.038756657
2,31de0ff5500f83e1,2026-08-01,0,5,no_position,0.11153289
2,31e0fdac46d0b984,2026-08-01,0,5,no_position,0.21362853
2,31ee851a7087e008,2026-08-01,0,2,no_position,0.08394864
2,3233025defb0cf39,2026-08-01,0,4,no_position,0.03746688
2,32593e6e3a1ab49f,2026-08-01,0,3,no_position,0.046419557
2,3281b405d1e231ef,2026-08-01,0,3,no_position,0.105762854
2,3286f93217c0e0f9,2026-08-01,0,2,no_position,0.06716978
2,3292ac928f210fd7,2026-08-01,0,4,no_position,0.05826592
2,32de86f4e66dd13d,2026-08-01,0,1,no_position,0.06685988
2,3341dc26bd79955c,2026-08-01,0,5,no_position,0.04380764
2,335080d2426dbc81,2026-08-01,0,1,no_position,0.03812898
2,3379e954c4fa7fda,2026-08-01,0,2,no_position,0.29853833
2,33a7a2381190f201,2026-08-01,0,2,no_position,0.05172097
2,33b22965a6ca6257,2026-08-01,0,5,no_position,0.03130326
2,33f930ab56b47aea,2026-08-01,0,1,no_position,0.085515626
2,34106f1ad5846135,2026-08-01,1,4,no_position,0.058833193
2,3462ffbcf5c2321d,2026-08-01,0,5,no_position,0.057112467
2,34798efc7739ef36,2026-08-01,0,4,no_position,0.04321417
2,34d2fbcfa9ff2a25,2026-08-01,0,2,no_position,0.056428216
2,34d86d8de73d0139,2026-08-01,0,1,no_position,0.053304877
2,350c1eb9a827b00a,2026-08-01,0,3,no_position,0.029256696
2,35356ec1cb10981c,2026-08-01,0,3,no_position,0.10738092
2,355c63d63a87827a,2026-08-01,0,5,no_position,0.06347661
2,3563bfbb544def74,2026-08-01,0,2,no_position,0.08462824
2,35b120336abc56d9,2026-08-01,0,5,no_position,0.03200908
2,35e6ed93e3a4a5a2,2026-08-01,0,5,no_position,0.065930426
2,362c8a71185d3d60,2026-08-01,0,5,no_position,0.076831676
2,365ce891af5abd73,2026-08-01,0,1,no_position,0.06506881
2,36efab5e771b99f7,2026-08-01,0,3,no_position,0.052182347
2,372c85910e2ff22f,2026-08-01,0,4,no_position,0.04660342
2,37531b669ec2b7bb,2026-08-01,0,3,no_position,0.052598562
2,3756efa7678ae60a,2026-08-01,0,1,no_position,0.06259039
2,3775d6cbe0ed261e,2026-08-01,0,4,no_position,0.045671996
2,377ebb3fb1d697f8,2026-08-01,0,1,no_position,0.037998002
2,379887c6d5e362f8,2026-08-01,0,3,no_position,0.025141275
2,37a28909c5ae8737,2026-08-01,0,4,no_position,0.038254846
2,38001967781413e0,2026-08-01,0,2,no_position,0.059854507
2,3852334a70f3ebe6,2026-08-01,0,4,no_position,0.07752299
2,38a73f5daa67bc71,2026-08-01,0,5,no_position,0.093985274
2,38cbf75e904648ba,2026-08-01,0,3,no_position,0.028415812
2,38e5c39ffd8000e1,2026-08-01,0,1,no_position,0.091199666
2,38e655f0177de315,2026-08-01,0,4,no_position,0.27262855
2,39091fe1580e40af,2026-08-01,0,3,no_position,0.04295816
2,390e31730fbbddbe,2026-08-01,1,3,no_position,0.26752406
2,391b77c30f5b5541,2026-08-01,0,4,no_position,0.053476196
2,393d3f6668653b4a,2026-08-01,0,3,no_position,0.11729358
2,396c0361a6c6d3af,2026-08-01,0,4,no_position,0.114961974
2,396e34383add291d,2026-08-01,0,2,no_position,0.056368265
2,39eb62861a61577e,2026-08-01,0,5,no_position,0.040107835
2,39ec2b2d77ed09c5,2026-08-01,0,4,no_position,0.047802437
2,3a1ad9da25200b82,2026-08-01,0,3,no_position,0.04537456
2,3a1fb817043dd1e1,2026-08-01,0,5,no_position,0.5364634
2,3a227386e0d1e141,2026-08-01,1,5,no_position,0.05705575
2,3a5445e3c05ba342,2026-08-01,1,1,no_position,0.07643661
2,3a754c86836f02ba,2026-08-01,0,2,no_position,0.067222096
2,3aa4046c2516590f,2026-08-01,0,1,no_position,0.13434963
2,3ab32cd8b3bf3675,2026-08-01,0,3,no_position,0.039864175
2,3abc03bd4ebaa505,2026-08-01,0,1,no_position,0.08369852
2,3af6d1815bd26c5b,2026-08-01,0,5,no_position,0.16475187
2,3b68ed7b710b1263,2026-08-01,0,5,no_position,0.08032587
2,3bea5ab8c3f9640d,2026-08-01,0,5,no_position,0.049326364
2,3bf404d47f96f34d,2026-08-01,0,1,no_position,0.047216497
2,3bf8b9b80f40ee27,2026-08-01,1,2,no_position,0.1854249
2,3c00ac7e73c43116,2026-08-01,0,2,no_position,0.040455725
2,3c02cfdb48c403ce,2026-08-01,0,3,no_position,0.16119643
2,3c276682389ed967,2026-08-01,0,3,no_position,0.037287556
2,3c94e710463e9273,2026-08-01,0,1,no_position,0.11000485
2,3cc517449cc6aab3,2026-08-01,1,2,no_position,0.13212581
2,3cd88e21006a8aee,2026-08-01,0,3,no_position,0.08994519
2,3cd9fa5134da293f,2026-08-01,0,1,no_position,0.05530303
2,3cf7311dfbe8e5e0,2026-08-01,0,4,no_position,0.1625836
2,3d087d99d2401229,2026-08-01,0,2,no_position,0.049790896
2,3d0f9a1a04d5287e,2026-08-01,0,4,no_position,0.056507118
2,3d2de6a9ea1c2702,2026-08-01,0,5,no_position,0.29373258
2,3d5f455cfd246b0e,2026-08-01,0,4,no_position,0.03922516
2,3d938bac070c4574,2026-08-01,0,5,no_position,0.06695799
2,3dc2e473a2527175,2026-08-01,0,4,no_position,0.075495385
2,3dc9a03f4b24c73f,2026-08-01,0,3,no_position,0.037535388
2,3dcc6469e5e464ed,2026-08-01,0,3,no_position,0.06031096
2,3dcfe38e87f7309f,2026-08-01,0,4,no_position,0.04106738
2,3e514f591e2fd387,2026-08-01,0,5,no_position,0.03723319
2,3e5b59c03bd00128,2026-08-01,0,3,no_position,0.056867365
2,3e5c0bc6ac533c6a,2026-08-01,1,4,no_position,0.09453815
2,3e6ae4f17f3adf6e,2026-08-01,0,1,no_position,0.038338795
2,3e7a2cbe4a49bb1c,2026-08-01,0,1,no_position,0.028122012
2,3ead1a2d282483fa,2026-08-01,0,2,no_position,0.048397817
2,3ec0cbd4924dc7f0,2026-08-01,0,4,no_position,0.040393792
2,3ec5ae27d39f80c3,2026-08-01,0,1,no_position,0.03277929
2,3ee73d4da4448e15,2026-08-01,0,4,no_position,0.029392645
2,3f21e1ae5848af49,2026-08-01,0,2,no_position,0.35183933
2,3f65099b7f3ba3ac,2026-08-01,0,5,no_position,0.13780054
2,3f661941b9d38c58,2026-08-01,0,2,no_position,0.046655893
2,3f7db9f75375601f,2026-08-01,0,5,no_position,0.058470473
2,3f9a2b1f445d66c8,2026-08-01,0,5,no_position,0.038027413
2,3fa8c19cd3cca929,2026-08-01,0,3,no_position,0.056418788
2,404ea31dfd6c76b7,2026-08-01,0,3,no_position,0.049759965
2,40622451c37778a4,2026-08-01,0,4,no_position,0.090085685
2,407fedfb60cfebe6,2026-08-01,0,3,no_position,0.091847464
2,40b56cdd7c637ecd,2026-08-01,0,4,no_position,0.08445695
2,40e465b8f3b930a8,2026-08-01,0,5,no_position,0.112333745
2,41068fd58b468c98,2026-08-01,1,3,no_position,0.1702984
2,413cb3a0c26f5a9b,2026-08-01,0,2,no_position,0.10228661
2,41cbd6fff425a7f1,2026-08-01,0,5,no_position,0.044454254
2,41d60058347e0d2a,2026-08-01,0,1,no_position,0.045254093
2,41ef6fc9ea330e17,2026-08-01,0,1,no_position,0.07298563
2,41f19c90a3f4543f,2026-08-01,1,1,no_position,0.2561678
2,42075b3c016767c5,2026-08-01,0,5,no_position,0.041220434
2,423af9a1c71d6896,2026-08-01,0,3,no_position,0.049054056
2,424b827bf4babb47,2026-08-01,0,4,no_position,0.052328333
2,4253547bc0894781,2026-08-01,1,1,no_position,0.03343111
2,42a44e002168505c,2026-08-01,0,1,no_position,0.03234443
2,42a8c166374cdbc7,2026-08-01,0,1,no_position,0.03538133
2,42b0192d6e320d37,2026-08-01,0,1,no_position,0.054979976
2,42c2c727a779c077,2026-08-01,0,1,no_position,0.10925249
2,42d884f3e981bc6f,2026-08-01,0,1,no_position,0.042726975
2,4309ff5c610ed1e8,2026-08-01,0,2,no_position,0.060373988
2,43146c94decff4fd,2026-08-01,0,5,no_position,0.06360007
2,4321c7867a88d6cf,2026-08-01,0,2,no_position,0.038832173
2,43617501788a3626,2026-08-01,0,4,no_position,0.07058709
2,43882bad5ae64bb4,2026-08-01,0,5,no_position,0.039470587
2,43e8e84299613e7e,2026-08-01,1,3,no_position,0.028227389
2,43f7be493cc8e494,2026-08-01,0,4,no_position,0.06631301
2,440981ccd963482c,2026-08-01,0,5,no_position,0.046201356
2,443ac4d94350eef5,2026-08-01,0,1,no_position,0.06065397
2,444093fcda7abddf,2026-08-01,0,1,no_position,0.040541712
2,44c14337f1a1ddb3,2026-08-01,0,2,no_position,0.075345024
2,44d62850129f1224,2026-08-01,0,2,no_position,0.055760697
2,44e13c253508af41,2026-08-01,0,1,no_position,0.041234978
2,453d7743cbe4d38a,2026-08-01,0,4,no_position,0.2710785
2,4556173d1a37da37,2026-08-01,0,5,no_position,0.03310894
2,45830523c974415c,2026-08-01,0,3,no_position,0.038544927
2,45962b99348755ea,2026-08-01,0,1,no_position,0.043352112
2,45a41c4327c272d4,2026-08-01,0,5,no_position,0.4124969
2,45ba08cb1b6a33f7,2026-08-01,0,3,no_position,0.048786268
2,45e3727accae14cc,2026-08-01,0,2,no_position,0.05948822
2,45e6ed6f7c378ab5,2026-08-01,0,5,no_position,0.046998568
2,45e82019ec3fb8e5,2026-08-01,1,4,no_position,0.18810815
2,45f0018bee284ebd,2026-08-01,0,4,no_position,0.047506474
2,45f37d4b00380bab,2026-08-01,0,3,no_position,0.04080164
2,467b06a219734489,2026-08-01,0,3,no_position,0.03697145
2,467b21d889321df4,2026-08-01,0,4,no_position,0.074395545
2,4694d452d0f7c948,2026-08-01,0,5,no_position,0.074567325
2,46e38ce228bfad2d,2026-08-01,0,4,no_position,0.07133516
2,46ec41b40a91244d,2026-08-01,0,2,no_position,0.072638564
2,4705179b74c96d51,2026-08-01,0,2,no_position,0.27257058
2,473d518477ed29e2,2026-08-01,0,2,no_position,0.27248135
2,4745ca2950e2a27e,2026-08-01,1,5,no_position,0.17790595
2,475b3b971de63916,2026-08-01,0,4,no_position,0.15288705
2,478bf85df36c3e5f,2026-08-01,1,1,no_position,0.04888677
2,47ab6db99c5885e0,2026-08-01,0,4,no_position,0.04446021
2,484d29713711c497,2026-08-01,0,2,no_position,0.1379864
2,485ecd3bbfb7ed47,2026-08-01,0,1,no_position,0.31444943
2,4885490c259b67e0,2026-08-01,0,4,no_position,0.06945873
2,4893383dc18691b7,2026-08-01,0,3,no_position,0.2268221
2,48b3776b67992886,2026-08-01,1,3,no_position,0.14005253
2,48bcc4bd8665ceb0,2026-08-01,0,4,no_position,0.044879626
2,48f67b5056eb739e,2026-08-01,0,4,no_position,0.41895247
2,48f779a7a610858d,2026-08-01,0,2,no_position,0.10681157
2,4906d7d7f742425a,2026-08-01,0,1,no_position,0.052283097
2,491bb4c9c813b20c,2026-08-01,1,2,no_position,0.21736579
2,495e301d994dbc6f,2026-08-01,0,2,no_position,0.04455782
2,498d4fab548f295e,2026-08-01,0,4,no_position,0.058204375
2,499473f7685ae3e5,2026-08-01,0,2,no_position,0.047189023
2,499a6a19e91a8d41,2026-08-01,0,3,no_position,0.16488208
2,49a0f5221e47ff34,2026-08-01,0,3,no_position,0.031108221
2,49b23abb76545120,2026-08-01,0,5,no_position,0.12112067
2,49bb8af8a7a48b2b,2026-08-01,0,1,no_position,0.044222947
2,49cd102b98832bdb,2026-08-01,0,2,no_position,0.2859566
2,49ec2c53b379b863,2026-08-01,0,3,no_position,0.21361099
2,49f3bce4d44a4357,2026-08-01,0,3,no_position,0.13653849
2,4a09b05e848934e6,2026-08-01,0,1,no_position,0.11675976
2,4a6d31c66020f7ec,2026-08-01,0,1,no_position,0.05905421
2,4aa28f394dbc5c6b,2026-08-01,0,4,no_position,0.07231453
2,4b766a7828a88c79,2026-08-01,0,5,no_position,0.069806725
2,4b778cf05edd93c8,2026-08-01,0,5,no_position,0.113523215
2,4b79162135cc7f03,2026-08-01,0,5,no_position,0.033026356
2,4ba8c98b1a327ca7,2026-08-01,0,1,no_position,0.042054676
2,4bafbcafec368426,2026-08-01,0,4,no_position,0.17963853
2,4bb061533396e623,2026-08-01,0,2,no_position,0.06763957
2,4bc458b242b9c87f,2026-08-01,0,4,no_position,0.06441759
2,4bef079f77bb713d,2026-08-01,0,2,no_position,0.049678363
2,4c1440923fcc9393,2026-08-01,0,3,no_position,0.25272164
2,4c36846c7ac72a81,2026-08-01,0,4,no_position,0.05343442
2,4c4b9d6acb8650c9,2026-08-01,0,1,no_position,0.045790344
2,4d12108e769d607e,2026-08-01,0,2,no_position,0.053175155
2,4d5638d4e1178ea2,2026-08-01,0,5,no_position,0.056169674
2,4d771fe67f140ac6,2026-08-01,0,4,no_position,0.05226944
2,4d833c5bb80c5c5b,2026-08-01,0,5,no_position,0.07566279
2,4dd68eb21224875b,2026-08-01,0,5,no_position,0.24170814
2,4dee7695c3ee2dbc,2026-08-01,0,2,no_position,0.053706944
2,4dfdcef39508ef08,2026-08-01,0,4,no_position,0.16922402
2,4e07310a6863c0f2,2026-08-01,0,3,no_position,0.0448724
2,4e0e5877707448d5,2026-08-01,0,1,no_position,0.034700148
2,4e307f33a1360357,2026-08-01,0,3,no_position,0.04368648
2,4e438fedccfc381d,2026-08-01,0,1,no_position,0.3587276
2,4e80b7e5397ed28b,2026-08-01,1,4,no_position,0.10411597
2,4e8627b7c49a54c1,2026-08-01,0,4,no_position,0.048476964
2,4e86521699dcd315,2026-08-01,0,1,no_position,0.09247702
2,4ed6825b5d444d4c,2026-08-01,1,4,no_position,0.37335926
2,4efa4623975067f6,2026-08-01,0,3,no_position,0.037731666
2,4eff5c46ea30c529,2026-08-01,0,5,no_position,0.10583682
2,4f0aa5580e31235b,2026-08-01,0,5,no_position,0.075279325
2,4f10eb7972be4ec0,2026-08-01,0,1,no_position,0.14576462
2,4f2bc0d7721efd76,2026-08-01,1,2,no_position,0.069808364
2,4f7005c5518d7a61,2026-08-01,0,3,no_position,0.10146857
2,4fbcffdfa4b4d0bc,2026-08-01,0,1,no_position,0.03596005
2,4fc62a433f698456,2026-08-01,1,4,no_position,0.050008938
2,4fd8407850a571b2,2026-08-01,0,1,no_position,0.036410887
2,50004927d91d695f,2026-08-01,0,5,no_position,0.25111103
2,500547dba5ec0ec8,2026-08-01,0,4,no_position,0.062201545
2,501f6b5e1ff805ac,2026-08-01,0,2,no_position,0.052251656
2,505dabb2a7459650,2026-08-01,1,1,no_position,0.13259804
2,507a0b544625b8cc,2026-08-01,0,1,no_position,0.054963823
2,508018f9159da5d8,2026-08-01,0,3,no_position,0.03381226
2,508e9f2595b06550,2026-08-01,0,2,no_position,0.15181091
2,50b49e8daa0c174a,2026-08-01,0,4,no_position,0.036003325
2,50ba9f01cd371747,2026-08-01,0,1,no_position,0.05123933
2,50d8eae2070a8e10,2026-08-01,0,1,no_position,0.071875356
2,50f7c9f757b89416,2026-08-01,0,4,no_position,0.03476098
2,50fc75ead6701c81,2026-08-01,0,3,no_position,0.04685819
2,51026950862ce3ee,2026-08-01,0,4,no_position,0.08882168
2,5176ac8750767d32,2026-08-01,0,3,no_position,0.14272404
2,51b5d05faeca4740,2026-08-01,0,2,no_position,0.04614324
2,52559640c5b28744,2026-08-01,0,3,no_position,0.12158111
2,526433d020e54ad9,2026-08-01,0,4,no_position,0.059674773
2,526c49ec9feb6b7b,2026-08-01,0,1,no_position,0.034514055
2,5297240d73718681,2026-08-01,0,5,no_position,0.042450752
2,529b3fb761a2559e,2026-08-01,0,5,no_position,0.048922878
2,529c476addc82a4a,2026-08-01,0,2,no_position,0.08149471
2,52cf8d9995ac4051,2026-08-01,0,3,no_position,0.03234722
2,52eff94128c03798,2026-08-01,0,2,no_position,0.05579809
2,5334a3c52c6b959e,2026-08-01,0,2,no_position,0.060776614
2,533d8ab80cd89e18,2026-08-01,0,2,no_position,0.06270514
2,533f46af49946668,2026-08-01,1,4,no_position,0.06906503
2,53524cbef0fee712,2026-08-01,1,4,no_position,0.07097927
2,5391df97ff7f2083,2026-08-01,0,2,no_position,0.04669396
2,53b665d2e407e6c1,2026-08-01,0,4,no_position,0.03958406
2,53c6754ae37daf83,2026-08-01,0,1,no_position,0.056469705
2,53e428ace5dc1c1f,2026-08-01,0,4,no_position,0.04683242
2,53f40bfdbdfcaddb,2026-08-01,0,5,no_position,0.04950475
2,542946d2e571db19,2026-08-01,0,5,no_position,0.043463945
2,543068d026f7f2e9,2026-08-01,0,4,no_position,0.057768174
2,543db342e4831a56,2026-08-01,0,3,no_position,0.090723276
2,54598b07108935bc,2026-08-01,0,3,no_position,0.04955372
2,5545c6b3dea0a3c3,2026-08-01,0,5,no_position,0.033114973
2,559f156dc2450d17,2026-08-01,0,5,no_position,0.059949707
2,55a114d71b40e582,2026-08-01,0,4,no_position,0.043705825
2,55ba9d9aa6e7c68a,2026-08-01,0,4,no_position,0.29033196
2,55e70e0ec4883a2f,2026-08-01,1,3,no_position,0.19663653
2,563baf9700423263,2026-08-01,0,1,no_position,0.31872365
2,56480125155191e9,2026-08-01,0,1,no_position,0.06104717
2,564bdf8dff485543,2026-08-01,0,2,no_position,0.042118065
2,56614a877374565b,2026-08-01,0,3,no_position,0.073280886
2,566be8e909cc66a3,2026-08-01,0,1,no_position,0.046029817
2,56892d2764776b81,2026-08-01,0,1,no_position,0.041407615
2,56aa70003a23c06c,2026-08-01,1,1,no_position,0.30025172
2,56b669e578c4a5b1,2026-08-01,0,1,no_position,0.061124627
2,56b820cd59942b5f,2026-08-01,0,1,no_position,0.032883137
2,56be4750c43455a9,2026-08-01,0,2,no_position,0.06378848
2,56cd460bfa72a68b,2026-08-01,0,4,no_position,0.13671212
2,56f60c1065421093,2026-08-01,0,3,no_position,0.04805495
2,579777e5714082c0,2026-08-01,0,3,no_position,0.046757795
2,57c56e0493d28a95,2026-08-01,0,3,no_position,0.04248639
2,57e2b3c2e22ac1d9,2026-08-01,0,1,no_position,0.04769416
2,58a47002a6e6cfa6,2026-08-01,0,3,no_position,0.047596574
2,58c140c345e8bf9f,2026-08-01,0,1,no_position,0.037672527
2,58de711e5e071997,2026-08-01,0,2,no_position,0.045736674
2,58f4ca3b34ed7413,2026-08-01,0,2,no_position,0.4493761
2,5938404f013d2fd6,2026-08-01,0,5,no_position,0.08773461
2,59397f825c87f708,2026-08-01,0,2,no_position,0.2829672
2,59f26f5c303aa592,2026-08-01,0,5,no_position,0.11047242
2,5a22ff42df5d9296,2026-08-01,0,3,no_position,0.056492813
2,5a3bc840ec1c90d2,2026-08-01,1,3,no_position,0.21127553
2,5a6448dad06d9024,2026-08-01,0,2,no_position,0.06604837
2,5a98f818b1b278fc,2026-08-01,0,5,no_position,0.0930823
2,5ac7b92ac720aee9,2026-08-01,0,4,no_position,0.090387516
2,5b42b619b56c2599,2026-08-01,0,5,no_position,0.048836708
2,5b6560d90e3251bc,2026-08-01,1,4,no_position,0.20245172
2,5b777c0f01e3c726,2026-08-01,0,1,no_position,0.061264273
2,5c260eca176444e9,2026-08-01,0,2,no_position,0.0873862
2,5c3102c191f29175,2026-08-01,0,5,no_position,0.042804815
2,5c427fffcf392eb8,2026-08-01,1,3,no_position,0.13235696
2,5c5232946384cd65,2026-08-01,0,2,no_position,0.06983936
2,5c707f312cf57caf,2026-08-01,0,3,no_position,0.02978985
2,5c9e9e414c636137,2026-08-01,0,1,no_position,0.1718503
2,5ca454975bde5241,2026-08-01,0,3,no_position,0.07504165
2,5cbbbe0d125b31f1,2026-08-01,0,5,no_position,0.04973918
2,5cc518b23ee25605,2026-08-01,0,2,no_position,0.05491479
2,5cd2686cf27532d3,2026-08-01,0,4,no_position,0.029371686
2,5ce904b8a3fedcfb,2026-08-01,0,1,no_position,0.45084298
2,5cf50426537f1ba8,2026-08-01,0,2,no_position,0.054085046
2,5d0f26628cbf8572,2026-08-01,0,1,no_position,0.03511942
2,5d7553985f62c097,2026-08-01,0,5,no_position,0.100513466
2,5d88a55e097ba993,2026-08-01,0,1,no_position,0.064370096
2,5d94ebd8658e126c,2026-08-01,0,4,no_position,0.11155477
2,5db085a28ff6e922,2026-08-01,0,2,no_position,0.059331942
2,5de73091ff95d3ed,2026-08-01,0,1,no_position,0.046311736
2,5df0a8d3ff2e339b,2026-08-01,0,3,no_position,0.026335543
2,5df5f8b84bbaf5f4,2026-08-01,0,5,no_position,0.051943228
2,5df6fe55b5691b8c,2026-08-01,0,2,no_position,0.14533485
2,5e06f1adf6437ca9,2026-08-01,0,3,no_position,0.037954517
2,5e0e1a8c14dfa278,2026-08-01,0,2,no_position,0.06281893
2,5e44e203b39c4b95,2026-08-01,0,3,no_position,0.055096623
2,5e4d7798c33e8292,2026-08-01,0,2,no_position,0.07709932
2,5e5652c1e87323ec,2026-08-01,0,1,no_position,0.04474241
2,5e5b9319f184f028,2026-08-01,0,4,no_position,0.07020876
2,5e6911148dba1fd2,2026-08-01,0,5,no_position,0.07605462
2,5e7d20424189a85f,2026-08-01,0,2,no_position,0.045853477
2,5e91f4986d64cfc5,2026-08-01,0,1,no_position,0.07944536
2,5ea5eb79d222d8e1,2026-08-01,0,1,no_position,0.060778264
2,5ebd93e81a7eef4a,2026-08-01,0,2,no_position,0.40949878
2,5ec261a2720cc940,2026-08-01,1,4,no_position,0.057663143
2,5edd86060a95f4e1,2026-08-01,0,5,no_position,0.073519096
2,5f1e5f63f9423856,2026-08-01,1,3,no_position,0.29521936
2,5f23bdab0208c764,2026-08-01,0,1,no_position,0.034909263
2,5f2d4a8cde8a9395,2026-08-01,0,5,no_position,0.034886263
2,5f5edff9d69891b9,2026-08-01,0,2,no_position,0.045501728
2,5f76fe1a7539c562,2026-08-01,0,5,no_position,0.05553523
2,5fd9431ca01c89ec,2026-08-01,0,4,no_position,0.042579405
2,5fee325019158832,2026-08-01,0,2,no_position,0.08048463
2,600349100c12af68,2026-08-01,0,4,no_position,0.058996815
2,60266cf1d941260f,2026-08-01,0,1,no_position,0.056054812
2,6032a3e5a3ebb080,2026-08-01,0,5,no_position,0.1520853
2,606dc15e3bbf9449,2026-08-01,0,4,no_position,0.058648247
2,6084557f4de25f66,2026-08-01,0,5,no_position,0.06925011
2,60b60277c08259bb,2026-08-01,0,4,no_position,0.045999184
2,611448c4c7104b69,2026-08-01,0,1,no_position,0.048360728
2,6141ac503cd7ff59,2026-08-01,0,2,no_position,0.05840542
2,614f0090d181b3ed,2026-08-01,0,3,no_position,0.08212068
2,6169129fc82c6430,2026-08-01,0,5,no_position,0.5001719
2,61b478be4131c88d,2026-08-01,0,2,no_position,0.37848505
2,61cc4ce127785404,2026-08-01,0,3,no_position,0.046344474
2,620c0acec958528e,2026-08-01,0,4,no_position,0.069374084
2,6222d7a331479ba5,2026-08-01,0,1,no_position,0.04220282
2,623ada95099cb01c,2026-08-01,1,4,no_position,0.074816845
2,624d01189d301f8a,2026-08-01,0,5,no_position,0.034788992
2,625e121405c100e7,2026-08-01,0,3,no_position,0.115838125
2,6295575ce00f0365,2026-08-01,0,5,no_position,0.039356653
2,62fcf39e443e8dd2,2026-08-01,0,2,no_position,0.07728655
2,6345e512b80eaf16,2026-08-01,0,1,no_position,0.045110486
2,6358f0fc58cc7339,2026-08-01,0,4,no_position,0.19424921
2,637f53bb54fb8af0,2026-08-01,0,5,no_position,0.052455522
2,63bd5cb0d0672682,2026-08-01,1,5,no_position,0.12435418
2,63bdd698166d4220,2026-08-01,0,3,no_position,0.08122526
2,63f3d78c158f307b,2026-08-01,0,3,no_position,0.041376773
2,6403bff7c405a640,2026-08-01,0,3,no_position,0.11294705
2,6411e047581a1397,2026-08-01,0,1,no_position,0.041394975
2,6442f71926accfb5,2026-08-01,0,4,no_position,0.041041795
2,646b2adbdf8ad145,2026-08-01,0,1,no_position,0.03384014
2,64729454ec654165,2026-08-01,0,1,no_position,0.05865284
2,64895a19d007f378,2026-08-01,0,2,no_position,0.19837132
2,64de4f7add6b7659,2026-08-01,1,3,no_position,0.29116386
2,653df39d82ae215f,2026-08-01,0,3,no_position,0.2889323
2,65521a09c4166ead,2026-08-01,0,4,no_position,0.06829203
2,65670184484fc894,2026-08-01,0,1,no_position,0.14850141
2,657d914643a4e9b9,2026-08-01,0,2,no_position,0.19174069
2,657f72399009b940,2026-08-01,0,3,no_position,0.05754654
2,6593eaa101bd7dea,2026-08-01,0,2,no_position,0.14469366
2,65947883d0d6fecb,2026-08-01,0,2,no_position,0.08570465
2,65a05e5ccb7aed3d,2026-08-01,0,1,no_position,0.31777346
2,65bcff79b874a870,2026-08-01,0,5,no_position,0.12774248
2,65ff6c8420b743f8,2026-08-01,1,1,no_position,0.086701445
2,66018f0cd8b9ac83,2026-08-01,0,3,no_position,0.12285871
2,66356109f1be47c4,2026-08-01,0,5,no_position,0.11911094
2,664c117bc6973d65,2026-08-01,0,1,no_position,0.05028721
2,665e6130510da773,2026-08-01,0,3,no_position,0.14964518
2,6663e61c641114a7,2026-08-01,0,1,no_position,0.10826896
2,66c7b700d4ec53b4,2026-08-01,0,3,no_position,0.057508074
2,66cbb6b1cfe5634d,2026-08-01,0,1,no_position,0.05190832
2,671d9386a757cc6a,2026-08-01,1,4,no_position,0.07633592
2,6728f2e0480848a6,2026-08-01,0,2,no_position,0.048350245
2,673360ecdf903a35,2026-08-01,0,4,no_position,0.030440964
2,67427d1b875b996f,2026-08-01,0,3,no_position,0.055723965
2,676adb516ccdac42,2026-08-01,0,4,no_position,0.046875346
2,67952366f80ab369,2026-08-01,1,4,no_position,0.3122174
2,67bf5ed66bf78443,2026-08-01,0,2,no_position,0.081902415
2,67d2147a51b99118,2026-08-01,1,3,no_position,0.1504806
2,67d58d562e9dc5ac,2026-08-01,0,4,no_position,0.057647966
2,681e3bbd95ec2a8a,2026-08-01,0,4,no_position,0.05234652
2,6867ad4a61524d33,2026-08-01,0,2,no_position,0.047523424
2,69076654f837d15e,2026-08-01,0,1,no_position,0.028274475
2,692c617c6537fecf,2026-08-01,0,1,no_position,0.04829371
2,69618cab7a1488c7,2026-08-01,0,3,no_position,0.06156751
2,6964fd2447b1751f,2026-08-01,0,1,no_position,0.05782826
2,696fcfb888028ecc,2026-08-01,1,1,no_position,0.0401608
2,69dd25b6c346c915,2026-08-01,0,3,no_position,0.14835599
2,69dfdfc1fedeb34c,2026-08-01,0,2,no_position,0.12953006
2,69e340025c8b6264,2026-08-01,0,5,no_position,0.09568773
2,69f310b10b6e030d,2026-08-01,0,3,no_position,0.039367173
2,69f79c1f2a6ab22e,2026-08-01,0,5,no_position,0.08620666
2,6a0cc348024c6478,2026-08-01,0,3,no_position,0.055614848
2,6a29fd189b77de56,2026-08-01,0,5,no_position,0.059662793
2,6a7017c194779e94,2026-08-01,0,5,no_position,0.04076745
2,6a9647591da4ef7a,2026-08-01,0,1,no_position,0.098956086
2,6abdc72a8b9b7031,2026-08-01,0,1,no_position,0.04887724
2,6ad1cbc70ae4f729,2026-08-01,0,5,no_position,0.04156496
2,6af4c8afc8b52fda,2026-08-01,0,2,no_position,0.044593938
2,6b0670f986f2dc16,2026-08-01,0,4,no_position,0.06862209
2,6b4054e406573099,2026-08-01,0,3,no_position,0.028035307
2,6b9f1aa19824985c,2026-08-01,0,3,no_position,0.078123316
2,6bdb99579cec658a,2026-08-01,0,2,no_position,0.09343742
2,6c049f8d7a6e0578,2026-08-01,1,5,no_position,0.05961875
2,6c16a7eb636f6850,2026-08-01,0,1,no_position,0.0483567
2,6c2e66958c6e7bbc,2026-08-01,0,4,no_position,0.052666347
2,6c3a1910a088775c,2026-08-01,0,4,no_position,0.18002811
2,6c5a9fb1bd6fa24b,2026-08-01,0,2,no_position,0.05794285
2,6c930586268cc2e5,2026-08-01,1,1,no_position,0.063689485
2,6cb69a5544748f7e,2026-08-01,0,3,no_position,0.041653994
2,6ced6d169e4340b2,2026-08-01,0,3,no_position,0.055441104
2,6d0efb14a9530774,2026-08-01,0,4,no_position,0.073993035
2,6d41eb4030364167,2026-08-01,0,2,no_position,0.055512227
2,6d766fa773c4ebc6,2026-08-01,0,3,no_position,0.05675363
2,6daaf71db7866a63,2026-08-01,0,1,no_position,0.068737626
2,6dc94294c18e6823,2026-08-01,0,4,no_position,0.033506755
2,6dcf5f2ca2084033,2026-08-01,0,2,no_position,0.040874485
2,6e038ad2818e1fb3,2026-08-01,0,5,no_position,0.14339793
2,6e16aec4140a6a36,2026-08-01,0,2,no_position,0.06745921
2,6e87c3f15e2662d7,2026-08-01,0,3,no_position,0.0537782
2,6e89f16a84fdbde2,2026-08-01,0,5,no_position,0.044890918
2,6e9794ab3f2a05d6,2026-08-01,0,4,no_position,0.046164766
2,6eb3db6ec6d75514,2026-08-01,0,3,no_position,0.058805835
2,6ee093ee45102b47,2026-08-01,0,1,no_position,0.058417637
2,6ef0f0e15192f7a6,2026-08-01,0,4,no_position,0.08760419
2,6f4bb50f2c3dfd67,2026-08-01,0,5,no_position,0.029405331
2,6f51ee15f8d6d178,2026-08-01,1,3,no_position,0.37244487
2,6fb5233668b795e2,2026-08-01,0,3,no_position,0.072862394
2,6fb99d25be8be518,2026-08-01,0,3,no_position,0.047268018
2,6fcf339ba36a8019,2026-08-01,0,1,no_position,0.1324445
2,6fdcfb24bae1c337,2026-08-01,0,2,no_position,0.46652362
2,7038bed5dc02b7ee,2026-08-01,1,3,no_position,0.066475205
2,7047f54f6392b685,2026-08-01,0,4,no_position,0.04043338
2,706d6360b7f44331,2026-08-01,1,5,no_position,0.22166273
2,707841cea48fc7b0,2026-08-01,0,2,no_position,0.055048753
2,707b49ba1a7c6897,2026-08-01,0,4,no_position,0.15203762
2,7092b575d5e2adfb,2026-08-01,1,4,no_position,0.034872796
2,70a51d014d9a7dda,2026-08-01,0,5,no_position,0.037302975
2,70fec80b341630af,2026-08-01,0,2,no_position,0.13022546
2,710a42e451eb92df,2026-08-01,0,4,no_position,0.044584595
2,71172147bfd7c671,2026-08-01,0,1,no_position,0.45364738
2,71aad5e0843f41a0,2026-08-01,0,2,no_position,0.42688727
2,71abefc2236697a3,2026-08-01,1,1,no_position,0.061167296
2,71be0af4877b7ff4,2026-08-01,0,1,no_position,0.06492797
2,71e65fa88e700b5e,2026-08-01,0,1,no_position,0.04155582
2,71e82c35102e4167,2026-08-01,0,5,no_position,0.11123675
2,7254368e1a213aa3,2026-08-01,0,1,no_position,0.07772212
2,726899221e24da71,2026-08-01,0,2,no_position,0.091726705
2,72e862d3d3fc3976,2026-08-01,0,4,no_position,0.0407376
2,73171a02839fb8cc,2026-08-01,0,1,no_position,0.033347998
2,73328168aa9d5de7,2026-08-01,0,3,no_position,0.05386527
2,7346e31a95f6c6c3,2026-08-01,1,1,no_position,0.29280144
2,7388f2d126c4a626,2026-08-01,0,1,no_position,0.07662409
2,739022c2292c7be5,2026-08-01,0,3,no_position,0.051692776
2,7395b2d10db13d8b,2026-08-01,0,1,no_position,0.046040572
2,73abab1dd7897a84,2026-08-01,0,2,no_position,0.057604924
2,73ce78c8559443d1,2026-08-01,1,5,no_position,0.24456121
2,73d59b025647887c,2026-08-01,1,4,no_position,0.07492996
2,73d88bc9e52ef43a,2026-08-01,0,1,no_position,0.043432534
2,73e734754772e8a2,2026-08-01,0,2,no_position,0.054665595
2,744075ba3d405c12,2026-08-01,1,1,no_position,0.26743266
2,74490dabe5c00a8e,2026-08-01,0,3,no_position,0.18793441
2,7468a2f7a822f716,2026-08-01,0,4,no_position,0.05453313
2,746b5816151eff77,2026-08-01,0,4,no_position,0.046283986
2,74731011369d4ab3,2026-08-01,0,2,no_position,0.054754484
2,74d4faebb3510f67,2026-08-01,0,1,no_position,0.54263395
2,74d5712c6fd48fb8,2026-08-01,0,5,no_position,0.0562116
2,759e058ed7136593,2026-08-01,0,4,no_position,0.08797927
2,75a07dd141093655,2026-08-01,0,3,no_position,0.037002474
2,763045f02981cff3,2026-08-01,1,1,no_position,0.057816092
2,7682cf8444fcd542,2026-08-01,0,2,no_position,0.060897384
2,76ef3cffa4502122,2026-08-01,0,2,no_position,0.08137967
2,775e9b2c5c97ef6a,2026-08-01,0,4,no_position,0.038385473
2,7761486321b6d29c,2026-08-01,0,2,no_position,0.053988583
2,776d215954b7e1cc,2026-08-01,0,4,no_position,0.116504416
2,777b6fbba4cb13b7,2026-08-01,0,5,no_position,0.077881716
2,7789e2e6caed575f,2026-08-01,0,5,no_position,0.09691576
2,77ad83bb86f9237c,2026-08-01,0,3,no_position,0.050718334
2,77c74f6435e7eb87,2026-08-01,1,2,no_position,0.07056057
2,77cdf319aaf9cffc,2026-08-01,0,3,no_position,0.44777605
2,77f78ca6bd293a7d,2026-08-01,0,1,no_position,0.15139873
2,781077f1637a5740,2026-08-01,0,5,no_position,0.08769532
2,78302e6d0421d417,2026-08-01,0,1,no_position,0.029983552
2,784025a50cbc3605,2026-08-01,0,5,no_position,0.05095379
2,784bd8b9dcff433d,2026-08-01,1,5,no_position,0.29269114
2,789c6f21fe2c80e3,2026-08-01,0,1,no_position,0.054295108
2,78cdaf2b01e5f1ff,2026-08-01,0,4,no_position,0.08124943
2,78eb92bb529e2e7d,2026-08-01,0,5,no_position,0.03824283
2,794aba3310dcd21b,2026-08-01,0,4,no_position,0.07055919
2,79618d7d6d994386,2026-08-01,1,5,no_position,0.10513493
2,7963d389e9b7d876,2026-08-01,0,1,no_position,0.31577733
2,7963da1e1c5cc865,2026-08-01,0,2,no_position,0.05381363
2,798e7ad1d8b9a389,2026-08-01,0,2,no_position,0.049886897
2,799254a983202990,2026-08-01,0,4,no_position,0.051974446
2,79954dfc4546941d,2026-08-01,0,1,no_position,0.034527976
2,79a4584e7f53b7ee,2026-08-01,0,2,no_position,0.040638216
2,79d0896c075969e5,2026-08-01,0,1,no_position,0.31420484
2,79e496dc09b57ed9,2026-08-01,0,4,no_position,0.025312953
2,7a2fbe838482ca99,2026-08-01,0,2,no_position,0.35138533
2,7a2fe21c6a2577c1,2026-08-01,0,3,no_position,0.046636187
2,7a34539c8392957a,2026-08-01,0,4,no_position,0.5276688
2,7a3c8de7b45e7080,2026-08-01,0,1,no_position,0.05120904
2,7a94e61e678e942b,2026-08-01,0,1,no_position,0.04733861
2,7acfe318f8afcd13,2026-08-01,0,2,no_position,0.39765927
2,7aedb0077fee54cc,2026-08-01,0,4,no_position,0.04666142
2,7b15ff83fc652e74,2026-08-01,0,3,no_position,0.040057503
2,7b275e597131a119,2026-08-01,0,2,no_position,0.080066256
2,7b324a32c0a9e58e,2026-08-01,1,4,no_position,0.4078155
2,7b47b26b2f90b127,2026-08-01,0,2,no_position,0.044354625
2,7b6ee7302ef45c0a,2026-08-01,0,2,no_position,0.13724828
2,7b74f185d442779f,2026-08-01,0,3,no_position,0.06320186
2,7ba3dd9ecd3bd65a,2026-08-01,1,3,no_position,0.06752585
2,7c002a5c9a6321d5,2026-08-01,0,4,no_position,0.12308617
2,7c049b6830834fc2,2026-08-01,0,4,no_position,0.049806837
2,7c77caf3a860dc30,2026-08-01,0,2,no_position,0.059287712
2,7c985a93b3f06571,2026-08-01,0,1,no_position,0.044792987
2,7c985f930cb0012d,2026-08-01,0,2,no_position,0.3325309
2,7cc4406e28186410,2026-08-01,1,3,no_position,0.041476794
2,7ccdee3598ae2d5d,2026-08-01,1,2,no_position,0.08475338
2,7d1f18abfd5a0dcf,2026-08-01,1,5,no_position,0.10960668
2,7d1fb63087b2486e,2026-08-01,0,3,no_position,0.1852757
2,7d21054d359a857f,2026-08-01,0,3,no_position,0.076529235
2,7d234e5ac11fb1a5,2026-08-01,1,4,no_position,0.09718344
2,7d5da7adf70118c7,2026-08-01,0,4,no_position,0.034854922
2,7dacfef2ca8f6a16,2026-08-01,0,2,no_position,0.057738528
2,7df53badb87d3188,2026-08-01,0,4,no_position,0.04212648
2,7e3e06a11976e5a9,2026-08-01,0,5,no_position,0.28157982
2,7e54fffaeeca5f59,2026-08-01,0,2,no_position,0.060085785
2,7e5d3090ec66e63a,2026-08-01,1,2,no_position,0.09225644
2,7e89f04f46132dbd,2026-08-01,0,4,no_position,0.0592212
2,7ea4948a8ad53a56,2026-08-01,1,2,no_position,0.19657631
2,7ed9c0c5ecb15405,2026-08-01,0,3,no_position,0.049770337
2,7edd43658bc1f4da,2026-08-01,0,1,no_position,0.063641146
2,7eeb69a63ce327f4,2026-08-01,0,3,no_position,0.085154004
2,7f0b872c14158f2c,2026-08-01,0,3,no_position,0.103722356
2,7f269a4786138d54,2026-08-01,0,3,no_position,0.03912101
2,7f2873c06f979315,2026-08-01,0,4,no_position,0.029752748
2,7f4efdcbb3cdaa6a,2026-08-01,0,5,no_position,0.11684837
2,7f7f3ce60b445b35,2026-08-01,1,4,no_position,0.23833041
2,7fa0af531179680b,2026-08-01,0,3,no_position,0.078630395
2,7fa1548ca33e6543,2026-08-01,0,5,no_position,0.035736278
2,7fcfda8d270bb332,2026-08-01,0,1,no_position,0.050922263
2,7fd80728dc44093d,2026-08-01,0,1,no_position,0.08121096
2,80048051c58e38c2,2026-08-01,0,3,no_position,0.12688726
2,802201740e6d00f9,2026-08-01,0,4,no_position,0.32886636
2,802f5ce0cec5b906,2026-08-01,0,3,no_position,0.0729114
2,8067f1c947bf228d,2026-08-01,0,3,no_position,0.056053396
2,8084c031e1cd0618,2026-08-01,0,1,no_position,0.040034797
2,80f8e4ee3deff31a,2026-08-01,0,4,no_position,0.057405386
2,8139e35835b7beed,2026-08-01,0,5,no_position,0.046486553
2,8150a2f6f2673d75,2026-08-01,0,5,no_position,0.03919101
2,816680bf5af1e2f8,2026-08-01,0,4,no_position,0.06435589
2,817313cb13cc74c4,2026-08-01,1,5,no_position,0.098417625
2,8177c85436b79c51,2026-08-01,0,1,no_position,0.031045245
2,81c5266f5abb87c0,2026-08-01,0,5,no_position,0.037317455
2,81d09bb7b16c78ef,2026-08-01,1,5,no_position,0.16710922
2,81f6d7dd74af1482,2026-08-01,0,3,no_position,0.05188086
2,81f74b5b62dd9e44,2026-08-01,0,3,no_position,0.039034124
2,82749a7b2d0e4b34,2026-08-01,0,5,no_position,0.03891405
2,8296f91c979238cd,2026-08-01,0,3,no_position,0.05514336
2,82c207b9cb03182d,2026-08-01,0,3,no_position,0.046243597
2,82e1c50a6c88d9cc,2026-08-01,1,3,no_position,0.18852156
2,8301aa2e1d36c999,2026-08-01,0,2,no_position,0.049715027
2,831d9ec4da0648f5,2026-08-01,1,3,no_position,0.08185517
2,83251e024802305e,2026-08-01,0,2,no_position,0.04592499
2,832acf6c072e9499,2026-08-01,0,1,no_position,0.025201866
2,83384850613003ab,2026-08-01,0,4,no_position,0.05756642
2,836c920836dca7aa,2026-08-01,0,1,no_position,0.33263463
2,83be74df26b20712,2026-08-01,1,3,no_position,0.10888572
2,83e81b0991e57715,2026-08-01,0,4,no_position,0.4165402
2,84528937bd74e8b0,2026-08-01,0,1,no_position,0.04624679
2,8453ccc349f843a6,2026-08-01,0,5,no_position,0.08442944
2,846c3419bf9e9bd1,2026-08-01,0,5,no_position,0.07787563
2,847e1d65b29cba09,2026-08-01,1,1,no_position,0.10384634
2,84902ab0afb0e90a,2026-08-01,0,5,no_position,0.13577585
2,84927d5278e976fd,2026-08-01,0,1,no_position,0.1232133
2,851780071d1faa1a,2026-08-01,0,4,no_position,0.17866924
2,854c3173cba2a0f6,2026-08-01,0,1,no_position,0.058108285
2,855b92e7240895b8,2026-08-01,0,3,no_position,0.03404379
2,855cddd032d5e88a,2026-08-01,0,3,no_position,0.07140121
2,856cc96f52df3ce8,2026-08-01,0,5,no_position,0.02840427
2,856d8eaf13242fb3,2026-08-01,0,5,no_position,0.040863372
2,859197d6184a3749,2026-08-01,0,1,no_position,0.04476621
2,85acd02bd3ddf8b1,2026-08-01,0,5,no_position,0.030670896
2,85c6585de92c1585,2026-08-01,0,1,no_position,0.04305774
2,8610ac51fea63c8f,2026-08-01,1,4,no_position,0.34110764
2,8656e1f43f240ffa,2026-08-01,0,1,no_position,0.10881518
2,865f5cc676b4e36d,2026-08-01,0,1,no_position,0.07029824
2,866943486c79c5d6,2026-08-01,0,5,no_position,0.025979634
2,8687359667a6b24d,2026-08-01,0,3,no_position,0.29288742
2,86b1cfb68113759d,2026-08-01,0,4,no_position,0.04355909
2,871422e76ea72bca,2026-08-01,1,5,no_position,0.29289526
2,873382c4b6554d8e,2026-08-01,0,1,no_position,0.4965531
2,877707f6b4733fad,2026-08-01,0,3,no_position,0.05806099
2,8788245188d850b3,2026-08-01,0,5,no_position,0.060944855
2,87d620d890291908,2026-08-01,0,4,no_position,0.31407946
2,87dc4c73a0e9a12d,2026-08-01,0,1,no_position,0.03293204
2,87f8021a08ad6559,2026-08-01,0,5,no_position,0.08057132
2,881541c27d0c5c5b,2026-08-01,0,1,no_position,0.038839523
2,884ba1a0b130e1e8,2026-08-01,1,5,no_position,0.38738003
2,88897071fd06c10f,2026-08-01,0,2,no_position,0.055224683
2,88adef67fdddacf5,2026-08-01,1,3,no_position,0.25723925
2,88b5bcd440a2cbb0,2026-08-01,0,3,no_position,0.05226781
2,88c7bf691911f471,2026-08-01,0,2,no_position,0.04598005
2,88e7e3b9de00b57f,2026-08-01,0,3,no_position,0.032926496
2,88f56d3e888dd3fb,2026-08-01,1,1,no_position,0.19755675
2,89103928e8e4b52d,2026-08-01,0,5,no_position,0.040249843
2,894ad321785ecdaa,2026-08-01,0,1,no_position,0.087054744
2,89980c490bf41ba7,2026-08-01,0,1,no_position,0.07697188
2,89d3839c7c7b9c61,2026-08-01,0,2,no_position,0.055083912
2,89d455a60bec434b,2026-08-01,1,3,no_position,0.06790501
2,89d7c1d506dafdcd,2026-08-01,0,2,no_position,0.05518217
2,89d8614a14451feb,2026-08-01,0,2,no_position,0.07221971
2,89dae9ebcb30f9cd,2026-08-01,0,5,no_position,0.32660916
2,89f9764d877684a3,2026-08-01,0,5,no_position,0.030124776
2,8a3b32d1252f1c1c,2026-08-01,0,5,no_position,0.16585854
2,8a6de3217b58743b,2026-08-01,0,5,no_position,0.034185417
2,8a7d8db7a098c54e,2026-08-01,0,2,no_position,0.40142947
2,8ac69bfc921edead,2026-08-01,0,2,no_position,0.13224964
2,8b3123f7af047f27,2026-08-01,0,1,no_position,0.05217975
2,8b729743fd7d1003,2026-08-01,0,3,no_position,0.02926624
2,8bc723d803d7ef65,2026-08-01,1,2,no_position,0.3023117
2,8bd8e7aa3596e79d,2026-08-01,0,5,no_position,0.06147117
2,8c244533caa95a40,2026-08-01,0,1,no_position,0.060271814
2,8c2480a57d00fce7,2026-08-01,1,5,no_position,0.038894672
2,8c27dd0363373870,2026-08-01,0,5,no_position,0.29582575
2,8c575c088297d8d1,2026-08-01,0,3,no_position,0.07488869
2,8c68ccc72e2618a9,2026-08-01,0,5,no_position,0.05690358
2,8c7773175edf8d9f,2026-08-01,1,5,no_position,0.06385304
2,8c9b979b7e5a292c,2026-08-01,0,5,no_position,0.05150039
2,8cdef75f1fe34077,2026-08-01,0,2,no_position,0.15751903
2,8ced09b8ddea57cd,2026-08-01,0,4,no_position,0.44219914
2,8d0cd61e28b8209b,2026-08-01,0,4,no_position,0.0660847
2,8d195e30b904d9f2,2026-08-01,0,1,no_position,0.05383162
2,8d32884dd4f791ca,2026-08-01,0,2,no_position,0.071264245
2,8d4f982fa7db555e,2026-08-01,0,1,no_position,0.05801457
2,8d58a56d3fee9da0,2026-08-01,0,5,no_position,0.09987977
2,8dbcffefb68b6dd7,2026-08-01,0,3,no_position,0.03779388
2,8dc54af95a03eb2a,2026-08-01,0,5,no_position,0.1259622
2,8e018e1cf59e297b,2026-08-01,0,1,no_position,0.1422322
2,8e8c02f5b92efcf8,2026-08-01,0,4,no_position,0.04775023
2,8ee245c568edb66a,2026-08-01,0,3,no_position,0.04863596
2,8ee9c751fa1d27bf,2026-08-01,1,1,no_position,0.060516924
2,8f0a62da8d5c2e0a,2026-08-01,0,1,no_position,0.09119487
2,8f0f6987a99d6e63,2026-08-01,0,2,no_position,0.061671942
2,8f4c9076bc78d03e,2026-08-01,0,1,no_position,0.16011135
2,8f6fb5b3588fbe6b,2026-08-01,0,4,no_position,0.06501073
2,8f9dae2f81376be4,2026-08-01,0,4,no_position,0.15934117
2,8fab20cf9a53b064,2026-08-01,0,2,no_position,0.07755975
2,8fb19b6befb10034,2026-08-01,0,5,no_position,0.033430573
2,8fb4d6763deddfbe,2026-08-01,0,5,no_position,0.14061035
2,8fbc1736f2c099ce,2026-08-01,0,5,no_position,0.040290937
2,8fbd91da59c6db4a,2026-08-01,0,3,no_position,0.035892665
2,8fd93b1055d39f00,2026-08-01,0,1,no_position,0.0381322
2,903512811c0604a0,2026-08-01,1,1,no_position,0.0400636
2,904dfbb01d368bea,2026-08-01,0,3,no_position,0.042392775
2,90abf670b93becca,2026-08-01,0,3,no_position,0.04427423
2,90ace711cdca997e,2026-08-01,0,3,no_position,0.057915438
2,90ba0dd4c907606d,2026-08-01,0,4,no_position,0.06294639
2,90c936290168ae7a,2026-08-01,0,4,no_position,0.08072453
2,90d3e97098e20a3e,2026-08-01,0,2,no_position,0.048395745
2,90dae62d8b76ea31,2026-08-01,0,1,no_position,0.055065166
2,90dcd74dad1b0919,2026-08-01,0,1,no_position,0.049481083
2,9108a9cb8850a9b1,2026-08-01,0,4,no_position,0.028395025
2,9150cad48ad74666,2026-08-01,1,5,no_position,0.08241427
2,9160aeeb1909f466,2026-08-01,0,4,no_position,0.074286535
2,91659fc75cc65828,2026-08-01,0,3,no_position,0.040856685
2,91c114c18ceb8323,2026-08-01,0,5,no_position,0.113224104
2,91c6ddc159ca4f56,2026-08-01,0,1,no_position,0.04731038
2,91d4ab501e1b1f7f,2026-08-01,0,4,no_position,0.085977145
2,923212e50044d305,2026-08-01,0,4,no_position,0.057442553
2,923c1866554d3fe8,2026-08-01,0,3,no_position,0.05084268
2,927db2ad7951aaec,2026-08-01,0,3,no_position,0.041600227
2,92e370939bee4471,2026-08-01,0,4,no_position,0.08675558
2,92fc1b40427b5c14,2026-08-01,0,2,no_position,0.0359206
2,931359d15e10408c,2026-08-01,0,5,no_position,0.057274777
2,9323e43c015b9bdc,2026-08-01,0,3,no_position,0.056382243
2,9324409800f96072,2026-08-01,0,5,no_position,0.062792465
2,9328d83df0c7225c,2026-08-01,0,3,no_position,0.043167584
2,933168e0a722f493,2026-08-01,0,2,no_position,0.0756781
2,93ae766eeeb3caf7,2026-08-01,0,1,no_position,0.044670187
2,93d2dc932375f6b0,2026-08-01,0,3,no_position,0.03651483
2,9415a58ad83e09c6,2026-08-01,0,2,no_position,0.075592384
2,943033c4664f5a50,2026-08-01,0,2,no_position,0.06703021
2,94429b51fff73601,2026-08-01,0,5,no_position,0.06669906
2,9494484234b4aa76,2026-08-01,0,2,no_position,0.06717923
2,94c5ab49f4d74468,2026-08-01,0,5,no_position,0.027015118
2,94e0a6a5898d2ca8,2026-08-01,0,4,no_position,0.17355847
2,94fa6616f7950bf7,2026-08-01,0,5,no_position,0.07866192
2,950168ea2fe30257,2026-08-01,0,5,no_position,0.19902335
2,9523d34e48642da6,2026-08-01,0,3,no_position,0.057207882
2,9563a1b9660943f8,2026-08-01,0,5,no_position,0.089641675
2,95642bbea1078de2,2026-08-01,0,2,no_position,0.055621922
2,95ca11896bf52c08,2026-08-01,0,3,no_position,0.041094806
2,96062a339e1b8e2d,2026-08-01,0,4,no_position,0.045425296
2,9609310fe0c53c61,2026-08-01,0,2,no_position,0.055219505
2,962da81cce17765a,2026-08-01,0,4,no_position,0.17865157
2,96b06d048cab233b,2026-08-01,0,3,no_position,0.17568754
2,96c36fa337984982,2026-08-01,0,3,no_position,0.2908892
2,96ddabc1d78a5c95,2026-08-01,0,5,no_position,0.037479237
2,97172d0ad2efb13c,2026-08-01,0,1,no_position,0.030319145
2,9743740677615bfd,2026-08-01,0,1,no_position,0.025104377
2,97aae12d9333edb1,2026-08-01,0,4,no_position,0.03595461
2,97c6bc5468ba1099,2026-08-01,0,3,no_position,0.1097075
2,97ef780afb9fa959,2026-08-01,0,3,no_position,0.049490098
2,98003ac372be47a8,2026-08-01,0,1,no_position,0.06853244
2,9840235fa3b1118c,2026-08-01,0,1,no_position,0.048069324
2,98790ea50a402a9a,2026-08-01,0,2,no_position,0.08338638
2,9889ef7d78ebf5f0,2026-08-01,0,1,no_position,0.037362553
2,988a9993ae7afdf6,2026-08-01,0,2,no_position,0.061782606
2,98b33f1dac028c7e,2026-08-01,1,4,no_position,0.110333726
2,98b47a68306cbd7c,2026-08-01,0,1,no_position,0.036513153
2,98f60ce5feb70786,2026-08-01,0,2,no_position,0.062062874
2,991ee284886adc0a,2026-08-01,0,1,no_position,0.05609161
2,993019c1e0a71da5,2026-08-01,0,2,no_position,0.17189568
2,99700ddbed7e7a2e,2026-08-01,0,3,no_position,0.048586592
2,99b8c431ff10b671,2026-08-01,0,2,no_position,0.045143794
2,99fb559b1bb4b897,2026-08-01,0,2,no_position,0.15937644
2,9a3097d4d8cef285,2026-08-01,0,3,no_position,0.040610533
2,9a7848a403532ad2,2026-08-01,0,2,no_position,0.0659804
2,9acfa8e7aebe3cfa,2026-08-01,0,1,no_position,0.04033571
2,9ad6b3b85962209d,2026-08-01,0,2,no_position,0.08031135
2,9aeda55867385ff6,2026-08-01,0,4,no_position,0.03506847
2,9af7905abd1bc36a,2026-08-01,0,4,no_position,0.17064434
2,9b45364df20bdb68,2026-08-01,0,3,no_position,0.060545143
2,9b95ab0019eb9c67,2026-08-01,1,2,no_position,0.061139926
2,9b95f7b87ebdffc6,2026-08-01,0,1,no_position,0.16506411
2,9bc36d8752964a9b,2026-08-01,0,2,no_position,0.04989732
2,9bc809a36a705942,2026-08-01,0,1,no_position,0.036203146
2,9c33f16a86a4982e,2026-08-01,0,2,no_position,0.051421117
2,9c6f75dbf7c8172d,2026-08-01,0,4,no_position,0.05240813
2,9cfdcce39c2eafb2,2026-08-01,0,2,no_position,0.08497787
2,9d17403d439cbc8a,2026-08-01,0,2,no_position,0.10511473
2,9d3830b380338fbf,2026-08-01,0,3,no_position,0.21377535
2,9d6179d34b00c6ad,2026-08-01,0,4,no_position,0.05279475
2,9d6e0205943753f4,2026-08-01,0,1,no_position,0.058782164
2,9d9eb6257a209e40,2026-08-01,1,1,no_position,0.040349334
2,9da9f0fb1fa8b8c8,2026-08-01,0,4,no_position,0.20768273
2,9dc141df1cf009a2,2026-08-01,0,4,no_position,0.033312615
2,9de7064da417f80f,2026-08-01,0,4,no_position,0.13533786
2,9deeaa1929bbfe55,2026-08-01,1,3,no_position,0.05710736
2,9df8a8136deab0c3,2026-08-01,0,1,no_position,0.044736747
2,9e188fc622581c21,2026-08-01,0,1,no_position,0.09265604
2,9e25262caa2c3cc6,2026-08-01,0,5,no_position,0.08760421
2,9e2a317310299a5c,2026-08-01,0,4,no_position,0.15547575
2,9e2c74704ee5731a,2026-08-01,0,5,no_position,0.03650277
2,9e56bea4487cf51a,2026-08-01,0,3,no_position,0.07195762
2,9e6b7e6fbc69b77f,2026-08-01,0,1,no_position,0.067827985
2,9ea8ba795abaa688,2026-08-01,0,4,no_position,0.10598029
2,9ebe7ce56bce9f2a,2026-08-01,0,5,no_position,0.11694769
2,9ef2f1fb9453dd9e,2026-08-01,0,2,no_position,0.2656513
2,9ef9930899dbac2f,2026-08-01,0,1,no_position,0.13127874
2,9f28aa48c3cb7cbf,2026-08-01,0,4,no_position,0.18714583
2,9f59d72388e4752f,2026-08-01,0,4,no_position,0.10427474
2,9f67443ff2604f42,2026-08-01,0,1,no_position,0.059283502
2,9f6d1f649ad7d8e0,2026-08-01,0,2,no_position,0.06998122
2,9f7acfe87eb3f068,2026-08-01,0,3,no_position,0.03731374
2,9f8e93b9b39832b0,2026-08-01,0,1,no_position,0.10895572
2,9f96af1f260930d9,2026-08-01,0,4,no_position,0.12730715
2,9f9732690bb27078,2026-08-01,1,1,no_position,0.13451897
2,9f97a3a59b40ca2d,2026-08-01,0,2,no_position,0.039110605
2,9f9e8a7b80d4a7fb,2026-08-01,0,5,no_position,0.04744524
2,9faef82e6cd6106f,2026-08-01,0,3,no_position,0.08029116
2,9ffa653bdbeb8e8a,2026-08-01,0,1,no_position,0.033051413
2,a01e86b6afe669b6,2026-08-01,1,1,no_position,0.08052727
2,a02d0fbd8245a4e1,2026-08-01,0,4,no_position,0.045443602
2,a03af240ad635dca,2026-08-01,0,3,no_position,0.03934611
2,a05c42e088e78df1,2026-08-01,0,5,no_position,0.09735767
2,a06d5f119e3aad96,2026-08-01,0,4,no_position,0.040001363
2,a0a01969b20e5640,2026-08-01,0,4,no_position,0.34012148
2,a0b031cb38b16092,2026-08-01,0,4,no_position,0.124415256
2,a0bc044a15fbe757,2026-08-01,0,1,no_position,0.09885335
2,a0e724a151584397,2026-08-01,0,1,no_position,0.059548516
2,a0f5cfda8a99733c,2026-08-01,0,2,no_position,0.043588333
2,a106421db5895643,2026-08-01,0,1,no_position,0.05644211
2,a10e0d6af1592b17,2026-08-01,0,4,no_position,0.04804819
2,a119ba0d75fb7c7c,2026-08-01,0,5,no_position,0.039681047
2,a126d8417b2ee369,2026-08-01,0,5,no_position,0.10022691
2,a128a329a175ed28,2026-08-01,0,1,no_position,0.19903171
2,a1382081e62159a4,2026-08-01,0,1,no_position,0.058432408
2,a1ad0a5382b58211,2026-08-01,1,4,no_position,0.092929624
2,a1b2b75ca633a540,2026-08-01,0,5,no_position,0.031343058
2,a1c8133c5da148a7,2026-08-01,0,5,no_position,0.050187305
2,a1db46265634ec32,2026-08-01,0,1,no_position,0.056739613
2,a1dbebb92f69153d,2026-08-01,0,5,no_position,0.11044065
2,a2143082683ea347,2026-08-01,0,1,no_position,0.07979729
2,a2600b94a9913dbc,2026-08-01,1,1,no_position,0.1521212
2,a2b719da995fe1e8,2026-08-01,0,5,no_position,0.07611074
2,a2cf53b50cb980ae,2026-08-01,1,5,no_position,0.059015617
2,a2d759e6977f2835,2026-08-01,0,2,no_position,0.04805531
2,a2da0a0b514b51b0,2026-08-01,0,5,no_position,0.02875456
2,a2de3eb1aa048e68,2026-08-01,0,2,no_position,0.056183945
2,a2e268b8f65ba783,2026-08-01,0,5,no_position,0.041831125
2,a2f42493fbbb8571,2026-08-01,0,3,no_position,0.14602403
2,a2f610d9637cc429,2026-08-01,0,2,no_position,0.035820734
2,a2fb0da3c836bbce,2026-08-01,0,2,no_position,0.08957477
2,a31d85b840c04ca3,2026-08-01,0,5,no_position,0.08251976
2,a383fe644a8451ed,2026-08-01,0,2,no_position,0.03859245
2,a3a03227558c41b5,2026-08-01,0,3,no_position,0.104067944
2,a3b5e0ba9deca188,2026-08-01,0,3,no_position,0.034471113
2,a3bb35abcff672c9,2026-08-01,0,5,no_position,0.029040003
2,a3cd2307e2dbc640,2026-08-01,0,1,no_position,0.027532334
2,a3cd6f7bd1986ba3,2026-08-01,0,1,no_position,0.08402936
2,a3dea23ed73f02ff,2026-08-01,0,5,no_position,0.09253182
2,a3fae5de5dfc2fd6,2026-08-01,0,5,no_position,0.0284647
2,a41e1a6f10e1c09a,2026-08-01,0,3,no_position,0.04974521
2,a420f67f72b6f8bf,2026-08-01,0,5,no_position,0.07017232
2,a4ec9e6224825e63,2026-08-01,0,5,no_position,0.23523785
2,a50deda2245e6b98,2026-08-01,0,2,no_position,0.32840478
2,a527d04cc7185d1a,2026-08-01,1,3,no_position,0.27853248
2,a560fb81ad3b118d,2026-08-01,0,1,no_position,0.030018868
2,a57466e6db115a5c,2026-08-01,0,4,no_position,0.047134575
2,a57975c6a6c474a2,2026-08-01,0,2,no_position,0.1308591
2,a5bf7d6fc937cef3,2026-08-01,0,4,no_position,0.038688906
2,a5c732a8ad69b057,2026-08-01,0,3,no_position,0.05270085
2,a5ecf0a392194af2,2026-08-01,0,1,no_position,0.031255186
2,a620697383af856b,2026-08-01,0,5,no_position,0.0838972
2,a65ded60242d1fb7,2026-08-01,0,2,no_position,0.14738187
2,a66c2ee1508f6338,2026-08-01,1,4,no_position,0.038664784
2,a6ae7c1d0d138cdd,2026-08-01,0,3,no_position,0.045921504
2,a6bc4a1347871e13,2026-08-01,0,4,no_position,0.045764755
2,a6c00b2d91564a32,2026-08-01,0,3,no_position,0.05710062
2,a6d1d092ae338fde,2026-08-01,0,5,no_position,0.063831665
2,a6e155e17b879c8d,2026-08-01,0,3,no_position,0.15786599
2,a733dade19ae53f4,2026-08-01,0,5,no_position,0.05920015
2,a78af37ceec5a193,2026-08-01,0,1,no_position,0.04209969
2,a78beb5a4101dd7c,2026-08-01,0,4,no_position,0.1905901
2,a7cc5158acc697cb,2026-08-01,0,5,no_position,0.08655385
2,a830edabe7a9d797,2026-08-01,0,5,no_position,0.05598854
2,a84b0280e1396fcd,2026-08-01,0,5,no_position,0.058142375
2,a88a38d20bcece54,2026-08-01,0,1,no_position,0.10253941
2,a8c89d44d53dc856,2026-08-01,0,4,no_position,0.108680256
2,a8cb283d3c7797c6,2026-08-01,0,2,no_position,0.03719415
2,a8d9da62f6b4eae9,2026-08-01,0,4,no_position,0.08798572
2,a8e03c4fdf4e5e42,2026-08-01,0,3,no_position,0.043470733
2,a8ec6d9131404507,2026-08-01,1,4,no_position,0.41137818
2,a8edaf9b9236b36f,2026-08-01,0,2,no_position,0.055690024
2,a93a7778af354e76,2026-08-01,0,5,no_position,0.05282478
2,a9853773d97be2e9,2026-08-01,0,1,no_position,0.0959086
2,a99167563b2408f9,2026-08-01,0,3,no_position,0.037361283
2,a993c3f829a18225,2026-08-01,0,5,no_position,0.07334628
2,a9e4a58003a4cc09,2026-08-01,0,2,no_position,0.041596618
2,a9e5625f46ed2be1,2026-08-01,0,3,no_position,0.052610584
2,aa2b7237ea0c164e,2026-08-01,0,5,no_position,0.09969681
2,aa3e70d385b22efe,2026-08-01,0,5,no_position,0.041076407
2,aa5dd31b583c2bb2,2026-08-01,0,3,no_position,0.03964701
2,aaa6cb645c2339f5,2026-08-01,0,2,no_position,0.031891838
2,aac7f68d84e822e6,2026-08-01,0,4,no_position,0.18748398
2,ab02eb3311ed268d,2026-08-01,0,3,no_position,0.074396364
2,ab105ccea8dee108,2026-08-01,0,2,no_position,0.03782887
2,ab14992e71e63f65,2026-08-01,0,1,no_position,0.052355345
2,ab4a5e3a1a88f1a4,2026-08-01,0,4,no_position,0.04437413
2,ab54f33cd1aedc2c,2026-08-01,0,4,no_position,0.2141398
2,ab5bd6d97c272e7b,2026-08-01,0,4,no_position,0.0627614
2,ab6a31fd6cf3514c,2026-08-01,0,2,no_position,0.046248216
2,ab6d577dc0367aa3,2026-08-01,0,4,no_position,0.12774314
2,ab91e2e9d97a490d,2026-08-01,0,4,no_position,0.13878973
2,aba0c74f8c8c1e58,2026-08-01,0,4,no_position,0.032769147
2,abaaa5500f004974,2026-08-01,0,1,no_position,0.035511777
2,abd80393a4d031b3,2026-08-01,0,3,no_position,0.06149156
2,abefbeacf8d837a6,2026-08-01,0,5,no_position,0.45635578
2,abfb637f85e686aa,2026-08-01,0,3,no_position,0.20791553
2,ac0a3438c4b266f1,2026-08-01,0,2,no_position,0.061618824
2,ac3c445e800aa1ca,2026-08-01,0,4,no_position,0.16747682
2,ac3e30d321d93bc9,2026-08-01,0,2,no_position,0.033717178
2,ac7bbb249775f80e,2026-08-01,0,3,no_position,0.05007371
2,ac86ab6bbd16ae2d,2026-08-01,0,3,no_position,0.04942088
2,ac9cb06aafc55bb7,2026-08-01,0,1,no_position,0.034035854
2,acd5fb670b947a7c,2026-08-01,0,3,no_position,0.05180522
2,ace2fd0ec6cd17c0,2026-08-01,0,2,no_position,0.391286
2,aceb9166e6ea9e3c,2026-08-01,0,2,no_position,0.21179049
2,ad294aaf9163f411,2026-08-01,0,4,no_position,0.036980543
2,ad4cfa5bc1bc9952,2026-08-01,0,2,no_position,0.048035868
2,ad620dc1c1a23289,2026-08-01,0,5,no_position,0.35657576
2,ad68c61c8527db89,2026-08-01,0,3,no_position,0.057773672
2,ad9f9ad46f76ef1a,2026-08-01,0,3,no_position,0.05310748
2,adcac29554ca0420,2026-08-01,0,1,no_position,0.045112126
2,adcf0e9b54c9b3d1,2026-08-01,0,2,no_position,0.15203851
2,add39e8f9f54127f,2026-08-01,0,2,no_position,0.055117752
2,addffe80d041bee3,2026-08-01,0,4,no_position,0.08123259
2,ae0c422aff17b6e6,2026-08-01,0,5,no_position,0.07026498
2,ae4f44d54274af02,2026-08-01,0,5,no_position,0.044314828
2,ae513f4774ee4bea,2026-08-01,0,1,no_position,0.044392012
2,ae63af666e5152a3,2026-08-01,0,5,no_position,0.08757386
2,ae74c65a1d980abe,2026-08-01,1,3,no_position,0.05735695
2,ae88dc33b2033f34,2026-08-01,0,4,no_position,0.16738555
2,ae90a961187d7517,2026-08-01,0,3,no_position,0.05609643
2,aee09aabaa3a6089,2026-08-01,0,3,no_position,0.037936155
2,aee65690bae5c744,2026-08-01,0,5,no_position,0.07260591
2,aef9e42c8b317e99,2026-08-01,0,1,no_position,0.057967763
2,af00549412802d77,2026-08-01,0,5,no_position,0.041715227
2,af1b9e6506b47c46,2026-08-01,0,3,no_position,0.038324475
2,af34bbf275360e12,2026-08-01,0,3,no_position,0.15934387
2,af66cf622bb7d855,2026-08-01,0,5,no_position,0.033297017
2,af8dac02ac7a80fa,2026-08-01,0,3,no_position,0.1156973
2,afbaece3e015cb85,2026-08-01,0,3,no_position,0.053342182
2,afbcaa167f760f41,2026-08-01,0,1,no_position,0.04681837
2,afcc19bea829c337,2026-08-01,0,2,no_position,0.062532164
2,afdc6f91473e162f,2026-08-01,0,2,no_position,0.049513835
2,afdd5a32b08fe4ed,2026-08-01,0,5,no_position,0.16307919
2,aff862107be61687,2026-08-01,0,1,no_position,0.072898015
2,b00593d46073b080,2026-08-01,1,2,no_position,0.27775574
2,b042d553f34670e9,2026-08-01,0,2,no_position,0.068001136
2,b04d8293e23014ac,2026-08-01,0,2,no_position,0.19841914
2,b0636ef7540b9562,2026-08-01,0,3,no_position,0.083130814
2,b08225648afd2617,2026-08-01,0,3,no_position,0.05603546
2,b08f396d0d912b19,2026-08-01,1,1,no_position,0.44452858
2,b0c11fdccd5602f8,2026-08-01,0,4,no_position,0.035264045
2,b0df88abee12229f,2026-08-01,0,1,no_position,0.043728992
2,b0f42905841a6279,2026-08-01,0,1,no_position,0.039681062
2,b1021ac20024a336,2026-08-01,0,4,no_position,0.061369617
2,b135a726e1406faf,2026-08-01,0,3,no_position,0.05102884
2,b18b1ed814b96a6f,2026-08-01,0,5,no_position,0.10705088
2,b191d8beda8323fc,2026-08-01,0,5,no_position,0.07463168
2,b1e456adc93a6691,2026-08-01,0,4,no_position,0.06510167
2,b200d82868c3c948,2026-08-01,0,3,no_position,0.044796888
2,b2298fafe71cf582,2026-08-01,0,5,no_position,0.16378298
2,b268b655f053d44e,2026-08-01,1,4,no_position,0.23896834
2,b2817abfeabc595c,2026-08-01,0,2,no_position,0.06355095
2,b2bc58c5faba8549,2026-08-01,0,1,no_position,0.20922239
2,b2cf2ee8036de490,2026-08-01,0,2,no_position,0.09311262
2,b2e8545e3ba42f5b,2026-08-01,0,4,no_position,0.5621649
2,b3067369708e5062,2026-08-01,0,2,no_position,0.04901604
2,b328afb6b381f6b4,2026-08-01,0,1,no_position,0.4231947
2,b38441e4cce50fc0,2026-08-01,0,4,no_position,0.029424934
2,b3946ea1653a3d03,2026-08-01,0,5,no_position,0.22998033
2,b39cf66f9ddc0969,2026-08-01,0,2,no_position,0.08212273
2,b3b4a68bd81a9c56,2026-08-01,0,2,no_position,0.052574437
2,b3cb4260c1897c9f,2026-08-01,0,5,no_position,0.16786173
2,b3e79e2eeab3da78,2026-08-01,0,4,no_position,0.046987034
2,b440d575a07a7ae7,2026-08-01,0,3,no_position,0.044350926
2,b480be0e73cfba26,2026-08-01,0,1,no_position,0.031890728
2,b4b766d3f6f07b19,2026-08-01,1,3,no_position,0.08297444
2,b4bbb3f9b50e5758,2026-08-01,0,2,no_position,0.348931
2,b500c1702b0d40bf,2026-08-01,0,4,no_position,0.07257573
2,b543ed956b53fb21,2026-08-01,0,4,no_position,0.10907377
2,b55690549255225b,2026-08-01,0,5,no_position,0.07222281
2,b55a54bce52529d3,2026-08-01,0,4,no_position,0.04663066
2,b587eabf9fc27b46,2026-08-01,0,4,no_position,0.06909373
2,b5b3b8c06f921d5b,2026-08-01,0,4,no_position,0.0798889
2,b5ba6841e623d38b,2026-08-01,0,3,no_position,0.051913697
2,b5cabf6fb97cd423,2026-08-01,0,5,no_position,0.03491526
2,b5d50f170b7d2dda,2026-08-01,0,4,no_position,0.1447285
2,b5ea57dade3035e1,2026-08-01,0,2,no_position,0.036540408
2,b61fe0a600e53e67,2026-08-01,0,5,no_position,0.11986783
2,b6227957f4a46b15,2026-08-01,0,3,no_position,0.05753633
2,b628a13f92c582fb,2026-08-01,0,5,no_position,0.027253738
2,b6432297ebb680d9,2026-08-01,0,5,no_position,0.0337857
2,b66de7dc99a03b75,2026-08-01,0,5,no_position,0.048808943
2,b6784732cfa9033b,2026-08-01,0,3,no_position,0.06874028
2,b685e41c8bab731f,2026-08-01,1,4,no_position,0.25851312
2,b68bf369323284ab,2026-08-01,0,4,no_position,0.07180665
2,b6a2c6ae226605c4,2026-08-01,0,5,no_position,0.07265789
2,b6ab316e78ea33aa,2026-08-01,0,5,no_position,0.046892054
2,b6bab12a94a39c91,2026-08-01,1,5,no_position,0.056373883
2,b6e52720aa621b7b,2026-08-01,0,4,no_position,0.38524413
2,b72539c4f784d677,2026-08-01,0,3,no_position,0.25216815
2,b73e5b7e3749b4c1,2026-08-01,0,4,no_position,0.106585294
2,b76754734cf1d3f1,2026-08-01,0,4,no_position,0.05693742
2,b77ceefec05f5052,2026-08-01,0,5,no_position,0.084031366
2,b7813ac4e381057a,2026-08-01,0,2,no_position,0.0392264
2,b785a16e5adc6e6e,2026-08-01,0,2,no_position,0.04470851
2,b79af5c11bf23821,2026-08-01,0,3,no_position,0.060794584
2,b7ca88c8ee1db257,2026-08-01,0,4,no_position,0.41737202
2,b84d23bef55fb27d,2026-08-01,0,2,no_position,0.12424328
2,b84de724029ff043,2026-08-01,1,2,no_position,0.03721757
2,b866c4c79541dd80,2026-08-01,0,4,no_position,0.028279498
2,b88e14602c1cca91,2026-08-01,0,5,no_position,0.035608016
2,b8ba5d622f78701d,2026-08-01,0,2,no_position,0.071968794
2,b91142da717bf492,2026-08-01,0,2,no_position,0.054950725
2,b915260c55ad110e,2026-08-01,0,4,no_position,0.042428117
2,b97bc685924b2b14,2026-08-01,1,4,no_position,0.30150676
2,b995213c5f454619,2026-08-01,0,3,no_position,0.3440717
2,b99d139ba5745fae,2026-08-01,0,2,no_position,0.07577275
2,b99dacd6876b11f1,2026-08-01,0,4,no_position,0.03678923
2,b9bb668c4619a9d3,2026-08-01,0,1,no_position,0.0446523
2,b9bc9ad70e8844e5,2026-08-01,0,5,no_position,0.16075723
2,ba0b1332199a75ef,2026-08-01,0,3,no_position,0.036982447
2,ba507e426e306fa8,2026-08-01,0,1,no_position,0.057018094
2,ba56366041a0ee65,2026-08-01,0,4,no_position,0.04259117
2,bab9743e9262c581,2026-08-01,0,2,no_position,0.0374194
2,badaaef4a5f8a37c,2026-08-01,0,4,no_position,0.07701925
2,badd80f748ea5ba7,2026-08-01,0,2,no_position,0.055187166
2,bae2ad75d1edbadc,2026-08-01,0,2,no_position,0.04109139
2,baf7a0ba49e262f5,2026-08-01,0,1,no_position,0.055991292
2,bb32b79ffc219bb5,2026-08-01,0,3,no_position,0.05680846
2,bb36ac794b49610f,2026-08-01,0,1,no_position,0.043704752
2,bb589db368d5a61b,2026-08-01,0,2,no_position,0.114510454
2,bb73707694903ca1,2026-08-01,1,2,no_position,0.19208093
2,bb808329b557e7a4,2026-08-01,0,1,no_position,0.13397911
2,bbca35f5aa585e71,2026-08-01,0,3,no_position,0.045984697
2,bbe42c7d65c18409,2026-08-01,0,2,no_position,0.04503303
2,bbe5f6df6e65ebcf,2026-08-01,0,5,no_position,0.13262005
2,bbf638f1188b3213,2026-08-01,0,4,no_position,0.046670385
2,bc0516377fd0c789,2026-08-01,1,3,no_position,0.546468
2,bc0f36540d98c664,2026-08-01,0,3,no_position,0.03664701
2,bc35ef03fd206f95,2026-08-01,0,3,no_position,0.04838358
2,bc52f54016f9754f,2026-08-01,1,3,no_position,0.12132575
2,bc9daa107d015da2,2026-08-01,0,1,no_position,0.39301106
2,bca5f75d75e6b903,2026-08-01,0,1,no_position,0.06093708
2,bca7323c776cf361,2026-08-01,0,2,no_position,0.05763152
2,bcd72042a69d4400,2026-08-01,0,3,no_position,0.035481874
2,bcea6e49d5f12117,2026-08-01,0,5,no_position,0.029168501
2,bd196adbbbe6d272,2026-08-01,0,3,no_position,0.054321937
2,bd3bbba5db668ee4,2026-08-01,0,1,no_position,0.027964553
2,bd3ee64cace2f233,2026-08-01,0,4,no_position,0.05840965
2,bd47e665f8c8fd80,2026-08-01,0,4,no_position,0.0678911
2,bd5f3c0a753f6d46,2026-08-01,0,4,no_position,0.23770824
2,bd786391f3063121,2026-08-01,0,2,no_position,0.0791426
2,bdd0687bfef2c769,2026-08-01,0,5,no_position,0.2796717
2,be2763acb14928c9,2026-08-01,0,1,no_position,0.060375147
2,be31f9fe19958dcd,2026-08-01,0,3,no_position,0.045619905
2,be55bfc57fcb1ecc,2026-08-01,0,4,no_position,0.034954548
2,be99309423146bc9,2026-08-01,0,4,no_position,0.05635849
2,bec242379df0f164,2026-08-01,0,4,no_position,0.049020484
2,bee383b051728700,2026-08-01,0,5,no_position,0.096556775
2,bf49b6ce11a0d8f2,2026-08-01,0,1,no_position,0.056505002
2,bf4e277ca8e326f0,2026-08-01,0,1,no_position,0.07304048
2,bf4f5bb0fb0aac47,2026-08-01,0,1,no_position,0.07729339
2,bf6b0f6da3f1211f,2026-08-01,0,4,no_position,0.06335878
2,bf80315c6b93b0bd,2026-08-01,0,3,no_position,0.08605514
2,bf96aae12dab5cea,2026-08-01,0,3,no_position,0.029160332
2,bfbefea4f3d54c2b,2026-08-01,0,2,no_position,0.061056294
2,c03f0ccfc4b1e691,2026-08-01,0,5,no_position,0.08172065
2,c0b0908c83a52af3,2026-08-01,0,5,no_position,0.057698704
2,c0fb3a6ebaf7471b,2026-08-01,0,3,no_position,0.055570096
2,c18e5108c7114ea2,2026-08-01,0,1,no_position,0.07201737
2,c1a24df67a6729b9,2026-08-01,0,2,no_position,0.085201606
2,c1cf1d3e38ece0a3,2026-08-01,0,5,no_position,0.08874295
2,c1ec39e84e01b13d,2026-08-01,0,4,no_position,0.04664722
2,c21c163c2bc4340f,2026-08-01,0,2,no_position,0.053814474
2,c22285f25c000941,2026-08-01,0,1,no_position,0.05383237
2,c237361491d8aec6,2026-08-01,0,1,no_position,0.047889918
2,c269c42c707c1226,2026-08-01,0,2,no_position,0.043286722
2,c2ac788fff250f62,2026-08-01,0,2,no_position,0.09161486
2,c2aea665a3684745,2026-08-01,0,1,no_position,0.047184844
2,c2b872c39e93e5e8,2026-08-01,0,5,no_position,0.05229941
2,c2c8767a669e45f7,2026-08-01,0,2,no_position,0.041965958
2,c341811d0f584892,2026-08-01,0,2,no_position,0.19818851
2,c34cdf43a9bf0e3f,2026-08-01,1,1,no_position,0.1799896
2,c3566876df20aacd,2026-08-01,0,2,no_position,0.07964625
2,c391ce936f43e12d,2026-08-01,0,4,no_position,0.033802997
2,c39cf225e095c5d6,2026-08-01,0,1,no_position,0.045155533
2,c3b37f01052ed126,2026-08-01,0,1,no_position,0.05580506
2,c3ee74fc801610a1,2026-08-01,0,5,no_position,0.06765925
2,c3eedfeabc3c1e29,2026-08-01,0,5,no_position,0.0968405
2,c4a068592a0c7efa,2026-08-01,0,5,no_position,0.046061635
2,c4a3b83b84cf4e5d,2026-08-01,0,2,no_position,0.04343905
2,c4aff94c150b5f0c,2026-08-01,0,3,no_position,0.05924074
2,c4ebe37e01dbbaf1,2026-08-01,0,2,no_position,0.047141332
2,c506c90dc3fa6cf7,2026-08-01,0,4,no_position,0.116442926
2,c52fb2600f4882f5,2026-08-01,0,5,no_position,0.07325104
2,c544bff715a83ec5,2026-08-01,0,2,no_position,0.039479207
2,c56c2124fb807c05,2026-08-01,0,4,no_position,0.053682193
2,c57a12c804964398,2026-08-01,0,4,no_position,0.4530635
2,c5941363aa6aa374,2026-08-01,0,3,no_position,0.052949708
2,c5a8a90bf1e3f3a2,2026-08-01,0,4,no_position,0.110222146
2,c5b02ff7eea02877,2026-08-01,0,4,no_position,0.11546365
2,c6010701eda5d7c7,2026-08-01,1,2,no_position,0.05699986
2,c6136db46d5978df,2026-08-01,1,5,no_position,0.08753169
2,c61673cec8bcafea,2026-08-01,0,3,no_position,0.054793786
2,c65305b7ac5e3e4a,2026-08-01,0,1,no_position,0.02498352
2,c65428b7334127e2,2026-08-01,0,2,no_position,0.04353771
2,c655419f15aeaf32,2026-08-01,0,3,no_position,0.05427507
2,c68693ecd7c335dc,2026-08-01,0,5,no_position,0.069035724
2,c6886c535378c0c6,2026-08-01,0,1,no_position,0.03499508
2,c6e82197c2f36695,2026-08-01,0,1,no_position,0.054926623
2,c6ff018dcc2bffb1,2026-08-01,0,2,no_position,0.05183486
2,c72eec1ae4762763,2026-08-01,0,1,no_position,0.031035691
2,c740168dbe204354,2026-08-01,0,1,no_position,0.033347253
2,c758ada5f2176097,2026-08-01,0,1,no_position,0.06667423
2,c78ca395209ddf86,2026-08-01,0,5,no_position,0.061458852
2,c78fc8d3bec6f090,2026-08-01,1,5,no_position,0.30557206
2,c7c36392d8399090,2026-08-01,0,4,no_position,0.051465742
2,c7cee8aa3e1ddf9d,2026-08-01,0,5,no_position,0.07111724
2,c8458372ca1c8529,2026-08-01,0,4,no_position,0.041065674
2,c846f3b00f33a7f4,2026-08-01,0,4,no_position,0.06420738
2,c848bfb279ad17ab,2026-08-01,0,1,no_position,0.08579251
2,c873f5884dcf797d,2026-08-01,0,3,no_position,0.12613916
2,c8a9d532139601cf,2026-08-01,0,1,no_position,0.10333557
2,c8f3261b0643ede7,2026-08-01,0,3,no_position,0.22439115
2,c931750751dca250,2026-08-01,0,4,no_position,0.0687535
2,c96cd77ea0aafd0a,2026-08-01,0,2,no_position,0.04034496
2,c98c1097d6fccede,2026-08-01,0,3,no_position,0.050580535
2,ca0d54473b815e77,2026-08-01,0,3,no_position,0.034085542
2,ca2f51ba2ac6b361,2026-08-01,0,2,no_position,0.056224428
2,ca52c268f98cb46e,2026-08-01,1,2,no_position,0.089601636
2,ca6fbaea615ae8f1,2026-08-01,0,3,no_position,0.0786244
2,ca806908304d10dc,2026-08-01,1,3,no_position,0.48711547
2,caaab56740921539,2026-08-01,0,5,no_position,0.03411893
2,caea4e9151d2c846,2026-08-01,0,5,no_position,0.05315544
2,caeff3143d04e56c,2026-08-01,0,2,no_position,0.13368547
2,caf95081a190441d,2026-08-01,0,5,no_position,0.09029455
2,caf967e104ba54a4,2026-08-01,0,5,no_position,0.65266603
2,cb05e2d1aba9337b,2026-08-01,1,3,no_position,0.3044945
2,cb27467b1f8a695e,2026-08-01,0,2,no_position,0.06502331
2,cb2b1648a2c7de74,2026-08-01,0,5,no_position,0.04864238
2,cb2fcd72a8dfff8f,2026-08-01,1,4,no_position,0.11318507
2,cb42d0af969afda4,2026-08-01,0,5,no_position,0.07561731
2,cb57c13fcc674c89,2026-08-01,0,1,no_position,0.094562836
2,cb8c11bc85b48a58,2026-08-01,0,3,no_position,0.058877062
2,cbad63a83bfd1054,2026-08-01,0,3,no_position,0.08390441
2,cbc128242137c397,2026-08-01,0,4,no_position,0.12125173
2,cbc1aa2fe228a11e,2026-08-01,0,2,no_position,0.04277396
2,cbfb0bf89664a8a9,2026-08-01,0,5,no_position,0.05121182
2,cc18d23dd71df0ef,2026-08-01,0,3,no_position,0.051164564
2,cc32a218ffe8a097,2026-08-01,0,4,no_position,0.036511812
2,cc492ab838450975,2026-08-01,0,2,no_position,0.048011974
2,cc4da7fac0d79781,2026-08-01,0,1,no_position,0.0336146
2,cc7ee4594c42ef5d,2026-08-01,0,3,no_position,0.057859913
2,cc8c102183a8cd78,2026-08-01,0,2,no_position,0.050562102
2,ccea94d0b23bed23,2026-08-01,0,5,no_position,0.07731471
2,cd15c6340c591e78,2026-08-01,0,4,no_position,0.48048836
2,cd1719b670ee0b27,2026-08-01,0,2,no_position,0.07421921
2,cd66c14ce697ffc7,2026-08-01,0,5,no_position,0.047694806
2,cd6ce5eed7f1286e,2026-08-01,0,2,no_position,0.05156903
2,cd70488cd98f16c5,2026-08-01,0,1,no_position,0.08036924
2,cd803438a6e6bcf7,2026-08-01,0,2,no_position,0.0643253
2,cdc99d6b72de5a2f,2026-08-01,0,2,no_position,0.120617814
2,cde002779a102924,2026-08-01,0,5,no_position,0.1277621
2,cdefb8abac5b1ad8,2026-08-01,1,2,no_position,0.07776427
2,ce0192f085949305,2026-08-01,0,2,no_position,0.038098298
2,ce073daec7af1f64,2026-08-01,0,2,no_position,0.20216855
2,ce0b39ede76edda3,2026-08-01,0,5,no_position,0.15560755
2,ce3baa91488e1c7e,2026-08-01,1,2,no_position,0.13160025
2,ce447328571488a2,2026-08-01,1,3,no_position,0.23168784
2,ce4733e30cfe648c,2026-08-01,0,2,no_position,0.039930806
2,ce4b26eb1f4d3720,2026-08-01,0,3,no_position,0.36467046
2,ce98e63e08d79aa8,2026-08-01,0,1,no_position,0.08364781
2,ceb978d91b6acf53,2026-08-01,0,1,no_position,0.03414233
2,cedb36482da99557,2026-08-01,0,3,no_position,0.06920293
2,cee0b81d67fc521a,2026-08-01,0,3,no_position,0.058146637
2,cf0e8ecbaef57bd0,2026-08-01,0,1,no_position,0.03036772
2,cf4ebe5f8b151c36,2026-08-01,0,3,no_position,0.048960652
2,cf7b8472dd7c5265,2026-08-01,0,2,no_position,0.09134865
2,cfa34661458026b4,2026-08-01,0,4,no_position,0.08787038
2,cfe9ab974be2a3fb,2026-08-01,0,5,no_position,0.07186737
2,cff27e651303a36e,2026-08-01,0,3,no_position,0.049108185
2,d00e7b5be819521b,2026-08-01,1,4,no_position,0.2499055
2,d020dbdeed8e6273,2026-08-01,0,5,no_position,0.053556506
2,d0247eca0633a769,2026-08-01,0,5,no_position,0.054585252
2,d0469a65b7e371ac,2026-08-01,0,1,no_position,0.35032547
2,d0652202134e01c9,2026-08-01,0,4,no_position,0.053239077
2,d09092d3a90cb6e2,2026-08-01,0,5,no_position,0.047294747
2,d0d6e456125a7b48,2026-08-01,0,4,no_position,0.02769318
2,d1095ae6aac81c01,2026-08-01,0,2,no_position,0.07529773
2,d10b53c6ee16fe90,2026-08-01,0,1,no_position,0.03483249
2,d118cffc2003276f,2026-08-01,0,4,no_position,0.04179017
2,d11b0b9599c37572,2026-08-01,0,1,no_position,0.06413752
2,d13641a2f77cbe57,2026-08-01,0,3,no_position,0.039477296
2,d13d8fcd7702b2f4,2026-08-01,0,3,no_position,0.14778914
2,d1553c652e426e7a,2026-08-01,0,3,no_position,0.04961071
2,d159d5703def5786,2026-08-01,0,4,no_position,0.04536794
2,d17cfc12f7d59048,2026-08-01,0,5,no_position,0.06221676
2,d197dbad181ab2d7,2026-08-01,0,1,no_position,0.030437818
2,d19a6f20d35486bf,2026-08-01,0,3,no_position,0.03366096
2,d1b6be818fe5e66b,2026-08-01,0,4,no_position,0.035875086
2,d1cf93d0896b4b21,2026-08-01,0,2,no_position,0.050976895
2,d200132d22f60acd,2026-08-01,1,2,no_position,0.09503262
2,d22c7db255e9718c,2026-08-01,0,2,no_position,0.13819754
2,d2337f043929077b,2026-08-01,0,3,no_position,0.03895161
2,d23e81db4f9dd1eb,2026-08-01,0,1,no_position,0.05145611
2,d2d51497be442a8a,2026-08-01,0,2,no_position,0.051541474
2,d32c2edb76bcd393,2026-08-01,0,2,no_position,0.051195975
2,d36006c4916ae4ff,2026-08-01,0,4,no_position,0.11795603
2,d3ac9b613b12ff2b,2026-08-01,0,1,no_position,0.0782329
2,d3ba9669e8595142,2026-08-01,0,2,no_position,0.15810433
2,d3bb1c61e7bf52f8,2026-08-01,0,4,no_position,0.056658987
2,d3c58b03b50e535c,2026-08-01,0,5,no_position,0.31523502
2,d3cb32a5943b6907,2026-08-01,0,4,no_position,0.04205015
2,d3dfdf86b29fb0fe,2026-08-01,0,5,no_position,0.044751257
2,d414a239b86107d9,2026-08-01,0,1,no_position,0.091891184
2,d433bb53810a2012,2026-08-01,0,4,no_position,0.055441454
2,d43e2bb009f5bc91,2026-08-01,0,2,no_position,0.0706186
2,d455df5d8c4c6219,2026-08-01,0,4,no_position,0.13006578
2,d47a2df939b02844,2026-08-01,0,5,no_position,0.14875299
2,d4b1b029faea2717,2026-08-01,0,5,no_position,0.03750454
2,d4b75911aca226e4,2026-08-01,0,4,no_position,0.53373414
2,d4b8622052a089b0,2026-08-01,0,5,no_position,0.055652086
2,d4ebaff61f01eb7c,2026-08-01,0,2,no_position,0.05113982
2,d5521f10f4119861,2026-08-01,0,4,no_position,0.06574647
2,d55f38c735ea9e08,2026-08-01,0,5,no_position,0.049646325
2,d58401de5a8f99a6,2026-08-01,0,4,no_position,0.04676363
2,d5b3c52b2810c656,2026-08-01,0,5,no_position,0.04504479
2,d64959903d661250,2026-08-01,1,3,no_position,0.14820422
2,d65d402c3dc5ba33,2026-08-01,0,2,no_position,0.10641072
2,d6cec2de94669b1f,2026-08-01,0,2,no_position,0.056271948
2,d704592d8764a35a,2026-08-01,1,1,no_position,0.049606152
2,d752907de1be901b,2026-08-01,0,5,no_position,0.06897275
2,d762cfc1876c21a2,2026-08-01,0,2,no_position,0.060279436
2,d7873e62cc1ad19f,2026-08-01,0,1,no_position,0.07609832
2,d7a0ff718ed919d4,2026-08-01,0,5,no_position,0.20910908
2,d7c098d45cba134f,2026-08-01,0,1,no_position,0.06712174
2,d7c9bf845fae6266,2026-08-01,0,5,no_position,0.038000092
2,d8153a4180fe02db,2026-08-01,0,4,no_position,0.103987895
2,d821ae3cda370911,2026-08-01,0,5,no_position,0.09198466
2,d82895d0dc149889,2026-08-01,0,4,no_position,0.036798947
2,d885eef4ba58dbfd,2026-08-01,0,2,no_position,0.06092851
2,d88eb706657fb6d9,2026-08-01,0,3,no_position,0.04311922
2,d8d0b9e3569f2d8c,2026-08-01,0,1,no_position,0.052007254
2,d8e05853a5a086f2,2026-08-01,0,2,no_position,0.051835187
2,d8e429d45dc48ff7,2026-08-01,0,4,no_position,0.115985796
2,d912ea6721aae1b0,2026-08-01,0,4,no_position,0.033340637
2,d95d60d6ba88f1db,2026-08-01,0,5,no_position,0.06981694
2,d963e3f5f28361ae,2026-08-01,0,1,no_position,0.070286185
2,d96f714a500b4e14,2026-08-01,0,4,no_position,0.05385837
2,d982a9eea53bf26d,2026-08-01,0,1,no_position,0.05652073
2,d9b5a63ecd1efbad,2026-08-01,0,3,no_position,0.04731998
2,d9c11abe11104f58,2026-08-01,1,2,no_position,0.07692557
2,d9c65bc44b380478,2026-08-01,1,5,no_position,0.044913873
2,d9e82491653a703a,2026-08-01,1,3,no_position,0.06148226
2,d9ff3b449cbfd837,2026-08-01,0,3,no_position,0.19125962
2,da32b3f3f54c8b95,2026-08-01,1,2,no_position,0.20082662
2,da49f31b200b7e14,2026-08-01,0,2,no_position,0.055664163
2,da4a6c835039b4cf,2026-08-01,0,3,no_position,0.073803306
2,da4e4eda787a95a1,2026-08-01,1,2,no_position,0.046812255
2,da51a1b06dd8e475,2026-08-01,0,4,no_position,0.083741374
2,da81a3589936e18d,2026-08-01,0,1,no_position,0.04057583
2,da9d9419cf71ef96,2026-08-01,0,1,no_position,0.060177386
2,daeaf2e59f24f6f8,2026-08-01,0,3,no_position,0.10383862
2,db1b839b8f697dc5,2026-08-01,0,4,no_position,0.054751243
2,db357dc8a96fe540,2026-08-01,0,2,no_position,0.06975574
2,db72348bede2e803,2026-08-01,0,3,no_position,0.042734895
2,db75536eaa8607b5,2026-08-01,0,5,no_position,0.05807721
2,db76d3eb650baf43,2026-08-01,0,4,no_position,0.040088817
2,db80e952ad4806e9,2026-08-01,0,4,no_position,0.12625055
2,dbb3dff5cd3e87bf,2026-08-01,0,3,no_position,0.23989569
2,dc27a17f97c9999f,2026-08-01,0,1,no_position,0.03771184
2,dc50e0ad7d76cbcb,2026-08-01,0,1,no_position,0.08982579
2,dc657e8880ad46f7,2026-08-01,0,2,no_position,0.06280946
2,dc9314285851258f,2026-08-01,0,2,no_position,0.09749953
2,dc96c4b19288c67e,2026-08-01,0,4,no_position,0.31792408
2,dcecd5702b81e427,2026-08-01,0,5,no_position,0.09362525
2,dcfb09de9c9b7657,2026-08-01,0,1,no_position,0.06639543
2,dd055d8a9df29869,2026-08-01,1,2,no_position,0.09190226
2,dd45127b81a41d2c,2026-08-01,0,4,no_position,0.04975152
2,dd46110b54cea3d6,2026-08-01,0,4,no_position,0.14637135
2,dd644cdaeb5b4273,2026-08-01,0,3,no_position,0.13643196
2,dd85ae4e77c99b6e,2026-08-01,0,4,no_position,0.042425096
2,dda9a01437552e19,2026-08-01,0,2,no_position,0.057976317
2,ddbe875e48fd4603,2026-08-01,0,4,no_position,0.049656104
2,ddc58b3cba274960,2026-08-01,0,4,no_position,0.036312826
2,ddccf7bd8ecc3b0e,2026-08-01,0,3,no_position,0.059186943
2,dddd4ca0ce42a1db,2026-08-01,0,1,no_position,0.11607831
2,de058e1c8250c1f1,2026-08-01,0,4,no_position,0.053185914
2,de7a0850d3c1a8d2,2026-08-01,0,3,no_position,0.11084929
2,de8e371f9617e921,2026-08-01,0,3,no_position,0.10650872
2,def1b5ba78f28587,2026-08-01,0,5,no_position,0.0654604
2,df02099efa532a09,2026-08-01,0,3,no_position,0.0930021
2,df15825802fab8cc,2026-08-01,0,5,no_position,0.026538135
2,df2c1073b48b5e0f,2026-08-01,0,1,no_position,0.2298927
2,df4da807224fae44,2026-08-01,0,3,no_position,0.033386048
2,df720996ec180d46,2026-08-01,0,3,no_position,0.093910284
2,df816c7ff77a1d0f,2026-08-01,1,5,no_position,0.2622437
2,dffa05a13d6658a7,2026-08-01,0,5,no_position,0.057166133
2,e0036651db570a49,2026-08-01,0,3,no_position,0.21167827
2,e00c6ca759a26a1c,2026-08-01,0,1,no_position,0.062697485
2,e02d377096cb39e7,2026-08-01,0,4,no_position,0.09717949
2,e03b5fdfd8756819,2026-08-01,0,2,no_position,0.05351584
2,e0de95821fcd6427,2026-08-01,0,2,no_position,0.24794808
2,e0e417bd238ac6d4,2026-08-01,0,2,no_position,0.060630016
2,e13a3e13415fc6c2,2026-08-01,0,4,no_position,0.0629165
2,e16231440cf50eb9,2026-08-01,0,3,no_position,0.03384213
2,e18062ddc29aff75,2026-08-01,0,2,no_position,0.06153436
2,e1cb05ba0b3c982e,2026-08-01,0,3,no_position,0.053268358
2,e209698ebde51d8f,2026-08-01,0,3,no_position,0.23637217
2,e20d2d41cac91406,2026-08-01,0,4,no_position,0.1468492
2,e20ec284e1cf3853,2026-08-01,0,5,no_position,0.03989323
2,e21a3e964a6c2712,2026-08-01,0,2,no_position,0.04959126
2,e2d911ec09621d3e,2026-08-01,0,5,no_position,0.26309225
2,e2e54325b0b8531e,2026-08-01,0,4,no_position,0.10770564
2,e2e8de3053e12936,2026-08-01,0,4,no_position,0.03647889
2,e31681b532cec67d,2026-08-01,0,5,no_position,0.07131954
2,e3c072f632659efe,2026-08-01,0,5,no_position,0.051296394
2,e3f4a44b5cb07b91,2026-08-01,0,4,no_position,0.09718512
2,e3f8d93ebae0dd09,2026-08-01,0,2,no_position,0.04117924
2,e45f92288e9fe024,2026-08-01,1,2,no_position,0.10417322
2,e469a2b4b89f06e4,2026-08-01,0,1,no_position,0.35603097
2,e483230cb05e02c4,2026-08-01,0,5,no_position,0.42259753
2,e49dd054adea4bdc,2026-08-01,0,5,no_position,0.045774046
2,e4a7110c5d85898a,2026-08-01,0,3,no_position,0.032148957
2,e4e4f97564e3c677,2026-08-01,0,5,no_position,0.0641937
2,e51285e3bf4ef904,2026-08-01,0,2,no_position,0.08594865
2,e53ed47d4e6ad8e7,2026-08-01,0,4,no_position,0.19580054
2,e53fb1e10036abf4,2026-08-01,0,2,no_position,0.086995535
2,e544bca75e1f8213,2026-08-01,1,5,no_position,0.2149965
2,e56cf8b0be39120d,2026-08-01,0,5,no_position,0.10911606
2,e58f599511875482,2026-08-01,0,2,no_position,0.07169838
2,e59995251947603d,2026-08-01,0,4,no_position,0.027377065
2,e5da007f94c3d50c,2026-08-01,0,1,no_position,0.1291434
2,e5e318c9c04751b5,2026-08-01,0,1,no_position,0.47562966
2,e5e5565784c41afd,2026-08-01,0,3,no_position,0.12920703
2,e646f00b48fe69a6,2026-08-01,0,2,no_position,0.06392309
2,e64d1b068d9c84dc,2026-08-01,0,5,no_position,0.15202942
2,e664956ca808a4fc,2026-08-01,1,1,no_position,0.22565205
2,e67e06c7802b77b3,2026-08-01,0,5,no_position,0.026797459
2,e6e93c9f7312a5f0,2026-08-01,0,4,no_position,0.26241305
2,e6f0ba9ab2f41c4e,2026-08-01,0,5,no_position,0.08202951
2,e6f356c46675053b,2026-08-01,0,2,no_position,0.052775834
2,e71ae69b4e36ec09,2026-08-01,0,5,no_position,0.13197814
2,e72b5b62dc2c0213,2026-08-01,0,2,no_position,0.05930438
2,e73a7f75d871ef0b,2026-08-01,0,1,no_position,0.05021402
2,e754a891e76b8713,2026-08-01,0,2,no_position,0.05032097
2,e7859343705e9abf,2026-08-01,0,3,no_position,0.05593768
2,e7889c2bd9e899aa,2026-08-01,0,3,no_position,0.13849242
2,e79df005a5d196bb,2026-08-01,0,4,no_position,0.32323453
2,e7bfe06d611bb47e,2026-08-01,0,4,no_position,0.21760273
2,e8256b53c1909d3a,2026-08-01,1,1,no_position,0.1428106
2,e86ac2a220204042,2026-08-01,0,2,no_position,0.043738008
2,e872ef49805a282d,2026-08-01,0,5,no_position,0.05725557
2,e88b10f578cdc540,2026-08-01,1,1,no_position,0.052096177
2,e8a34755ae4631ad,2026-08-01,0,4,no_position,0.09097102
2,e8bae89dc8e68f3e,2026-08-01,0,5,no_position,0.07869104
2,e91f25fc2c7b62cc,2026-08-01,0,2,no_position,0.04082716
2,e940767d2f913c89,2026-08-01,0,5,no_position,0.066308215
2,e971a5ed2bc5606e,2026-08-01,0,1,no_position,0.052105397
2,e994343174492450,2026-08-01,0,4,no_position,0.152218
2,e998063965f22eb1,2026-08-01,0,2,no_position,0.059721153
2,e9a7c89619841761,2026-08-01,0,1,no_position,0.05606503
2,e9c374cf26088b52,2026-08-01,0,2,no_position,0.091935724
2,e9cdc7f1823e724c,2026-08-01,0,1,no_position,0.037518002
2,e9fd156382f4a392,2026-08-01,0,4,no_position,0.11874118
2,ea0b61f7d6b824ef,2026-08-01,0,3,no_position,0.072065495
2,ea208e41f6132ea0,2026-08-01,0,3,no_position,0.1281674
2,ea318e78c0dc5c23,2026-08-01,0,1,no_position,0.08029787
2,ea339600541dcec4,2026-08-01,0,4,no_position,0.12562516
2,ea489bba445985ba,2026-08-01,0,1,no_position,0.03903062
2,ea4e34ff5c7a2fb1,2026-08-01,0,4,no_position,0.12740973
2,ea7bb723d54d7194,2026-08-01,0,3,no_position,0.103242315
2,eb0a2a7e48c134f0,2026-08-01,0,1,no_position,0.051379174
2,eb453ca9d6935d8d,2026-08-01,1,5,no_position,0.16038457
2,eb5a2cd630c99ef9,2026-08-01,0,1,no_position,0.042441417
2,eb80180c5c6958cb,2026-08-01,0,3,no_position,0.059952166
2,ebb0938c60ef5f27,2026-08-01,0,5,no_position,0.036854528
2,ebeb4aa720ca0b3e,2026-08-01,0,2,no_position,0.12388725
2,ebfdb71fc07e0fcb,2026-08-01,0,3,no_position,0.18585248
2,ec0ed92a304e8db2,2026-08-01,0,4,no_position,0.03793175
2,ec2b0bfdcc369bda,2026-08-01,1,4,no_position,0.57553345
2,ec317ae50e0f0e22,2026-08-01,0,1,no_position,0.04736755
2,ec3c07105b009d71,2026-08-01,0,3,no_position,0.04026146
2,ec4270bda48cd8d0,2026-08-01,0,5,no_position,0.03467726
2,ec50fe70891c2c4a,2026-08-01,0,3,no_position,0.049425628
2,ec6a62dc20f2d051,2026-08-01,0,2,no_position,0.040028974
2,ec76208b8a0d2b28,2026-08-01,0,1,no_position,0.029700452
2,ec89a52e44871ee1,2026-08-01,0,2,no_position,0.09020448
2,ec8b976c5c25c00c,2026-08-01,0,4,no_position,0.044788174
2,ec99e61eb25f8a8f,2026-08-01,0,5,no_position,0.029005356
2,eca15a7f32aef462,2026-08-01,0,4,no_position,0.32597256
2,ecbfac13cf5350d3,2026-08-01,0,5,no_position,0.033329096
2,ecd37907806cc0ec,2026-08-01,0,3,no_position,0.049746033
2,ed3b0a84482d807b,2026-08-01,0,1,no_position,0.40123898
2,ed4aa6dd738d9791,2026-08-01,0,5,no_position,0.0391733
2,ed7a6f1763f008fd,2026-08-01,0,1,no_position,0.04159557
2,edafab4c8b4f78c5,2026-08-01,0,3,no_position,0.051054556
2,edbcc0afa75832e8,2026-08-01,0,2,no_position,0.05573499
2,edc187b668bc8589,2026-08-01,0,5,no_position,0.032156978
2,ede9c1b2e9e47501,2026-08-01,0,3,no_position,0.07045649
2,ee00b7eff3165815,2026-08-01,0,1,no_position,0.030493544
2,ee1b287db7178a8f,2026-08-01,1,5,no_position,0.18806976
2,ee1f1b478eba7038,2026-08-01,1,4,no_position,0.20046993
2,ee3c3eab4caf4a38,2026-08-01,0,3,no_position,0.032038353
2,ee486dd4624a201e,2026-08-01,0,2,no_position,0.079497665
2,ee6c16e2cba319a6,2026-08-01,0,3,no_position,0.11059919
2,eeb061ad8f746b78,2026-08-01,0,4,no_position,0.046873603
2,eed0471c3c376379,2026-08-01,0,5,no_position,0.08690184
2,eef7e63e01f9f7f0,2026-08-01,0,5,no_position,0.034700077
2,ef089ec05fd4816c,2026-08-01,0,1,no_position,0.052157
2,ef18ad7c536b7222,2026-08-01,0,1,no_position,0.04310262
2,ef3dc28ccf6b80dd,2026-08-01,0,1,no_position,0.23158206
2,ef6123652670cfdb,2026-08-01,0,4,no_position,0.14521104
2,ef8a4bb2ae2fc7aa,2026-08-01,0,1,no_position,0.028581256
2,ef9159ad416d41ae,2026-08-01,0,2,no_position,0.055079766
2,efd156127d074d61,2026-08-01,1,5,no_position,0.16515712
2,f0385feab22c1fa8,2026-08-01,0,1,no_position,0.100629605
2,f08a7608116afea8,2026-08-01,1,4,no_position,0.073411934
2,f08e478d4894dad5,2026-08-01,0,3,no_position,0.24543448
2,f0960757a26e4636,2026-08-01,0,5,no_position,0.21472985
2,f0ef712c3572aa09,2026-08-01,0,2,no_position,0.37879142
2,f14e5b1df48bff4e,2026-08-01,0,5,no_position,0.027642861
2,f1589c52e532270c,2026-08-01,0,1,no_position,0.045276243
2,f16434b543e3b8ec,2026-08-01,0,5,no_position,0.03799784
2,f1890602c4fa0fa2,2026-08-01,0,5,no_position,0.062360197
2,f19c76203590f17c,2026-08-01,0,4,no_position,0.03328725
2,f1b248081340ebbc,2026-08-01,1,1,no_position,0.035677657
2,f246720fbc2b296e,2026-08-01,0,5,no_position,0.03356687
2,f24ae8de0fc3cdaf,2026-08-01,0,1,no_position,0.046596482
2,f258a167ab54476a,2026-08-01,0,2,no_position,0.04798701
2,f25e0710356b99e3,2026-08-01,0,4,no_position,0.07271222
2,f268a1e3ea6329f9,2026-08-01,0,4,no_position,0.10146035
2,f2865814a46d61b9,2026-08-01,0,5,no_position,0.086014345
2,f2b60f7125002147,2026-08-01,0,1,no_position,0.040249355
2,f2bfe0d7bd01209a,2026-08-01,1,5,no_position,0.057971176
2,f2c39cddd05b29f1,2026-08-01,0,1,no_position,0.1062907
2,f2e12db360475af9,2026-08-01,0,3,no_position,0.044969823
2,f2f3e8b8e134255c,2026-08-01,0,5,no_position,0.09856793
2,f312c0ca275c1a98,2026-08-01,0,1,no_position,0.08759211
2,f3152fe14455dc72,2026-08-01,0,4,no_position,0.04422543
2,f319f94ad84e694a,2026-08-01,0,5,no_position,0.08702675
2,f3342644297985e7,2026-08-01,0,2,no_position,0.12152381
2,f35b88945b0746f8,2026-08-01,0,4,no_position,0.03643992
2,f386c83f6ca949b9,2026-08-01,0,2,no_position,0.06348038
2,f3aafd31c4c5250c,2026-08-01,0,3,no_position,0.045438502
2,f3cfbdf90954795f,2026-08-01,0,1,no_position,0.048659824
2,f410b177629bd7eb,2026-08-01,0,5,no_position,0.07325612
2,f491d2e05335a118,2026-08-01,0,3,no_position,0.059129484
2,f498fe809470f5bc,2026-08-01,0,5,no_position,0.16021046
2,f4aac3c943c8437a,2026-08-01,0,3,no_position,0.24217391
2,f4cb7819ac487981,2026-08-01,0,4,no_position,0.03867458
2,f4cdc2d7ca957111,2026-08-01,0,3,no_position,0.17783366
2,f503a105e6af961d,2026-08-01,0,4,no_position,0.3590794
2,f50674bfed9dbc6c,2026-08-01,0,2,no_position,0.15060468
2,f536c8048a5ab8a9,2026-08-01,0,3,no_position,0.04829165
2,f53b0762c6ad000b,2026-08-01,0,3,no_position,0.055173755
2,f53fffbe28bc6353,2026-08-01,0,5,no_position,0.10488759
2,f54965605ad2e085,2026-08-01,0,5,no_position,0.07511118
2,f5568f2c68e7c74d,2026-08-01,0,1,no_position,0.040658478
2,f57e0f208888c4c3,2026-08-01,0,3,no_position,0.043133132
2,f58acc27341fe7cc,2026-08-01,0,2,no_position,0.06227109
2,f60df0a21ddcc30c,2026-08-01,0,2,no_position,0.04068344
2,f643e969cbd14247,2026-08-01,0,3,no_position,0.1028348
2,f66beb8c208458c1,2026-08-01,0,4,no_position,0.46080402
2,f691cd3a8bbcf06b,2026-08-01,1,4,no_position,0.30549473
2,f6e44b8ad8207d2e,2026-08-01,0,4,no_position,0.048618417
2,f71cd91c475ecca8,2026-08-01,1,5,no_position,0.17708927
2,f72eb30f4103d68c,2026-08-01,0,5,no_position,0.055197593
2,f746832c6e950c03,2026-08-01,0,4,no_position,0.03288075
2,f7aeb3e7370d15a2,2026-08-01,0,2,no_position,0.04666807
2,f7b256f8a3dfb961,2026-08-01,0,4,no_position,0.22324534
2,f82387411b7b85ca,2026-08-01,0,5,no_position,0.057598818
2,f84ee2a94ec04912,2026-08-01,0,5,no_position,0.04819547
2,f85ee5aa6082e845,2026-08-01,0,3,no_position,0.052843478
2,f8732470ae7b547f,2026-08-01,0,2,no_position,0.051054057
2,f87e01972c062749,2026-08-01,0,5,no_position,0.16527985
2,f8906aa10353b87e,2026-08-01,0,1,no_position,0.040170036
2,f8c4a72bed23549b,2026-08-01,0,1,no_position,0.06998376
2,f8e4b3bd7a4f4249,2026-08-01,0,3,no_position,0.119034976
2,f8ed750a3cfa0966,2026-08-01,0,4,no_position,0.033350535
2,f8f5d5ac14f4dd7a,2026-08-01,0,5,no_position,0.043052357
2,f8f6bc396c856e6c,2026-08-01,0,3,no_position,0.053144146
2,f8fc82bc01c9b4f5,2026-08-01,0,4,no_position,0.072449155
2,f9097ff8fd63859c,2026-08-01,0,4,no_position,0.056084715
2,f92919d9a10188d3,2026-08-01,0,3,no_position,0.029075019
2,f9b09850b08a1a09,2026-08-01,0,1,no_position,0.03669039
2,f9cf288be3904039,2026-08-01,0,2,no_position,0.047519278
2,f9de000148aff812,2026-08-01,1,2,no_position,0.57201767
2,fa94b34450c240ee,2026-08-01,0,4,no_position,0.02609503
2,fac3967943152bcd,2026-08-01,0,3,no_position,0.07188884
2,facf11416938b5de,2026-08-01,0,5,no_position,0.076447904
2,fae21d4ec3979163,2026-08-01,0,5,no_position,0.060847856
2,fb2800ef040a7165,2026-08-01,0,1,no_position,0.082446784
2,fb4789afae979d69,2026-08-01,0,1,no_position,0.06799411
2,fbfec11256103ec2,2026-08-01,0,4,no_position,0.38863152
2,fc1338e87e0bfd41,2026-08-01,0,4,no_position,0.109818056
2,fc2d9f0c4f042358,2026-08-01,0,1,no_position,0.04502276
2,fc3e8acb1157f18e,2026-08-01,0,4,no_position,0.052653298
2,fc5c4e6269bd85cc,2026-08-01,0,4,no_position,0.07023158
2,fc9b5995b5341a23,2026-08-01,0,5,no_position,0.030445177
2,fca7ab780dd30101,2026-08-01,0,2,no_position,0.05253779
2,fccff1896f6db85b,2026-08-01,0,3,no_position,0.047276415
2,fcd974f757f5393c,2026-08-01,0,4,no_position,0.06572771
2,fd03b2adda65fe3b,2026-08-01,0,3,no_position,0.059032653
2,fd4003ce77985cec,2026-08-01,0,3,no_position,0.115070425
2,fd45accbe60b1022,2026-08-01,0,4,no_position,0.048873834
2,fd4d0b03ce992804,2026-08-01,0,4,no_position,0.05704941
2,fd58a020ca82dba9,2026-08-01,0,1,no_position,0.47298312
2,fddd3b61d250b726,2026-08-01,0,3,no_position,0.06808903
2,fdf99cdcecdb3e16,2026-08-01,0,1,no_position,0.05278822
2,fe15279b0160812c,2026-08-01,0,3,no_position,0.09088923
2,fe18f9cda6156a41,2026-08-01,0,2,no_position,0.046424065
2,fe36bb1bc56b3957,2026-08-01,0,5,no_position,0.30757275
2,fe3da5d11c28a32c,2026-08-01,0,2,no_position,0.052742768
2,fe47ec173e1b89e3,2026-08-01,0,3,no_position,0.052039895
2,fe4e7bb1ea354abf,2026-08-01,0,5,no_position,0.04932717
2,fe5b1a1f9f6dbd1a,2026-08-01,0,1,no_position,0.03953829
2,fe6bba490ffb4b42,2026-08-01,1,1,no_position,0.04237611
2,fea52414f6f2c191,2026-08-01,0,4,no_position,0.07387295
2,fea99dc6f7d98e64,2026-08-01,0,4,no_position,0.1236128
2,fefbf5fa11a48682,2026-08-01,1,5,no_position,0.15865472
2,ff134a73518a556c,2026-08-01,0,5,no_position,0.12591355
2,ff5f0ec6df1a71de,2026-08-01,0,1,no_position,0.025473172
2,ff70cea65d7a9274,2026-08-01,0,5,no_position,0.053343102
2,ff75413420fe9f77,2026-08-01,0,2,no_position,0.31536695
2,ff842f6e58da5e0a,2026-08-01,0,2,no_position,0.06649835
2,ff9d2d808dc847a3,2026-08-01,0,2,no_position,0.06252077
2,ffa6aac0c0be4e2c,2026-08-01,0,1,no_position,0.055125773
2,ffbe690492de3eb7,2026-08-01,0,5,no_position,0.058364
2,ffd75b93dcd028e3,2026-08-01,0,4,no_position,0.05235892
3,000326259f038096,2026-08-01,0,4,no_position,0.044314712
3,00094590abfe430d,2026-08-01,0,5,no_position,0.0646455
3,000998b044e34765,2026-08-01,0,5,no_position,0.14223951
3,003e907929cd0158,2026-08-01,0,5,no_position,0.05344835
3,00546da6f5f418dd,2026-08-01,0,2,no_position,0.07116543
3,005e8258e7c9ac7b,2026-08-01,1,2,no_position,0.48491576
3,006935cedb973db7,2026-08-01,0,3,no_position,0.035218783
3,00df5d911e6f6a85,2026-08-01,0,1,no_position,0.037687615
3,00e3a2213dfd8b32,2026-08-01,0,1,no_position,0.035902485
3,00e4e1bc1f24bd4b,2026-08-01,0,4,no_position,0.04559861
3,0106f6a56f308f57,2026-08-01,0,1,no_position,0.13422425
3,0182d85d717ad467,2026-08-01,1,3,no_position,0.16573577
3,01cb5da7ceedf0ac,2026-08-01,0,5,no_position,0.062431745
3,01f0d6c4b5cae2d6,2026-08-01,0,2,no_position,0.042480987
3,01f557505e7fa016,2026-08-01,1,4,no_position,0.084811874
3,0200fefcc4ced090,2026-08-01,0,4,no_position,0.054155946
3,02253a51dbcedaa8,2026-08-01,0,2,no_position,0.03969068
3,022d3eda584a0bd6,2026-08-01,0,1,no_position,0.033448596
3,023d5456ec7a6e48,2026-08-01,0,1,no_position,0.03688077
3,024869551a251743,2026-08-01,1,4,no_position,0.044899203
3,02b01bd168ff7827,2026-08-01,0,1,no_position,0.11140863
3,02bdc8b6d11cd161,2026-08-01,0,1,no_position,0.05983082
3,0327b8a26f2fdb5c,2026-08-01,0,2,no_position,0.04574918
3,0330bc0412175f4f,2026-08-01,1,2,no_position,0.055345543
3,033c146a94cb9c18,2026-08-01,1,1,no_position,0.13955615
3,03455db41c062e31,2026-08-01,0,1,no_position,0.052279077
3,0398fe7ce3f99568,2026-08-01,0,1,no_position,0.048403025
3,03a33b00ccc0f124,2026-08-01,0,5,no_position,0.048873756
3,03b850707bc28a67,2026-08-01,0,3,no_position,0.038434766
3,03f18525e5839bf4,2026-08-01,0,4,no_position,0.07134407
3,0409946a8d1aee83,2026-08-01,0,1,no_position,0.053209715
3,0436c00255d600bf,2026-08-01,0,4,no_position,0.08468564
3,043c193f1e7a2176,2026-08-01,0,4,no_position,0.17060097
3,04641be11899bf03,2026-08-01,0,4,no_position,0.07349084
3,04844acbdb4d032d,2026-08-01,0,3,no_position,0.11699578
3,048cff6de463e27e,2026-08-01,0,3,no_position,0.060820255
3,04c0441a52d4ae31,2026-08-01,0,3,no_position,0.06806826
3,04d43b36d10bcbe0,2026-08-01,0,5,no_position,0.0507234
3,04e24228169feab8,2026-08-01,1,3,no_position,0.058716293
3,04e92dad2ed0ee2f,2026-08-01,0,4,no_position,0.04127661
3,04f4f75df71fa335,2026-08-01,0,1,no_position,0.037173998
3,05170ae5d9d5bb7a,2026-08-01,0,1,no_position,0.05016499
3,0526640e5c66a7b4,2026-08-01,0,5,no_position,0.071476206
3,05578a9f67fac73f,2026-08-01,0,2,no_position,0.05748039
3,057e4b5674951c86,2026-08-01,0,2,no_position,0.08678719
3,05cbce03f424e814,2026-08-01,0,5,no_position,0.032653507
3,05cdd3988fde7c7d,2026-08-01,0,3,no_position,0.036208604
3,05f21e8bb8680bf2,2026-08-01,0,5,no_position,0.05684907
3,060c7cbe9dcddb6a,2026-08-01,0,5,no_position,0.06609271
3,06149af9c732896c,2026-08-01,0,3,no_position,0.14020807
3,062a19228242c9f1,2026-08-01,0,4,no_position,0.035280433
3,067cd8bdd8a746a0,2026-08-01,0,3,no_position,0.048642203
3,06869390bf91cdb3,2026-08-01,0,5,no_position,0.0870026
3,06cf66cb1f091add,2026-08-01,0,3,no_position,0.05026533
3,06f1602df4ad7121,2026-08-01,1,2,no_position,0.3234763
3,073e731c0fe412b7,2026-08-01,0,5,no_position,0.07198568
3,0763fc41928cf511,2026-08-01,0,2,no_position,0.039932296
3,0785656080efd06c,2026-08-01,0,4,no_position,0.030761486
3,07b44675d54aca31,2026-08-01,0,1,no_position,0.036681782
3,07c4e3534a7f9996,2026-08-01,0,1,no_position,0.1556857
3,07e4ad5ea7c86d5c,2026-08-01,0,1,no_position,0.035974227
3,07eefb228a28d9f8,2026-08-01,0,2,no_position,0.0323844
3,0852ac25394a9bbe,2026-08-01,0,2,no_position,0.17178077
3,0852f44617478667,2026-08-01,0,4,no_position,0.07795325
3,087d2710756b9cb5,2026-08-01,0,1,no_position,0.055294435
3,08cb765954ba4d56,2026-08-01,0,2,no_position,0.04441057
3,08d8f0f1c333d81b,2026-08-01,0,5,no_position,0.03335042
3,08f2ae28aab152c1,2026-08-01,0,3,no_position,0.05288464
3,0933245ab1c6595e,2026-08-01,0,3,no_position,0.097725786
3,097442ce778be72e,2026-08-01,0,1,no_position,0.03310087
3,099cb48c3482d494,2026-08-01,0,2,no_position,0.053155452
3,09cfa28f468dd3fa,2026-08-01,0,5,no_position,0.055504188
3,09fc0ea177712278,2026-08-01,0,5,no_position,0.04035444
3,0a2d7d572dbb2851,2026-08-01,0,4,no_position,0.064514495
3,0a536827c5437b53,2026-08-01,0,4,no_position,0.07836513
3,0a7546f931f42b5f,2026-08-01,0,4,no_position,0.064416245
3,0a8b3f513b39e521,2026-08-01,0,4,no_position,0.1264435
3,0a9b2bf69f0b9fe6,2026-08-01,0,1,no_position,0.07027869
3,0ab34bba0e95c67a,2026-08-01,0,2,no_position,0.085564375
3,0ab9f23d4cf15c9b,2026-08-01,0,2,no_position,0.08264037
3,0b0debe198761e66,2026-08-01,0,2,no_position,0.08724503
3,0b1dc5f16a7fdd35,2026-08-01,0,5,no_position,0.0829293
3,0b4585529793aaa8,2026-08-01,0,3,no_position,0.052140784
3,0b4efcfd33121b44,2026-08-01,1,2,no_position,0.11823123
3,0b7870afdff180c4,2026-08-01,0,1,no_position,0.0329423
3,0bd07d158a5050bc,2026-08-01,0,2,no_position,0.16855435
3,0bdf8d14e70133a0,2026-08-01,0,5,no_position,0.032935496
3,0c20908c9b637a77,2026-08-01,0,4,no_position,0.09379801
3,0c3a0cb2abab5393,2026-08-01,0,3,no_position,0.11319725
3,0c3efd78c368afc6,2026-08-01,0,1,no_position,0.045198876
3,0c6f3791d9664345,2026-08-01,0,4,no_position,0.070478775
3,0c845c4834d77cbb,2026-08-01,0,4,no_position,0.13088253
3,0c981ec81f5cfcc2,2026-08-01,0,5,no_position,0.14583977
3,0c9f7836b549bbf2,2026-08-01,0,3,no_position,0.047060166
3,0ca5bafa49a27f26,2026-08-01,0,1,no_position,0.09401336
3,0cb52cddd97b9214,2026-08-01,0,4,no_position,0.06898134
3,0cf8c1f36193497b,2026-08-01,0,1,no_position,0.032256916
3,0d310598525241b0,2026-08-01,0,3,no_position,0.03850359
3,0d563a735782b3b1,2026-08-01,1,3,no_position,0.3919713
3,0d6a6132b404fe66,2026-08-01,0,3,no_position,0.033158086
3,0d96167017322b2f,2026-08-01,0,2,no_position,0.045471758
3,0db1dfa918f86e22,2026-08-01,0,5,no_position,0.07953084
3,0db4f28d4280dde4,2026-08-01,0,5,no_position,0.039871164
3,0de21fd4b780b677,2026-08-01,0,3,no_position,0.040693797
3,0e16069ca1fcf41b,2026-08-01,1,3,no_position,0.32176304
3,0e23d1eb4de9f22b,2026-08-01,0,1,no_position,0.06378562
3,0e51786348a57e25,2026-08-01,0,3,no_position,0.042398952
3,0e5d0977d6d6008f,2026-08-01,0,3,no_position,0.05293901
3,0e6c418eaebefacb,2026-08-01,0,3,no_position,0.14760002
3,0e761632eb2d0e87,2026-08-01,0,4,no_position,0.22114486
3,0e8bcf6dfee50046,2026-08-01,0,3,no_position,0.045827072
3,0e8e34acdde0c48f,2026-08-01,0,3,no_position,0.058995854
3,0eb77799ab19c886,2026-08-01,0,1,no_position,0.035003334
3,0ef560148ad0bec9,2026-08-01,0,1,no_position,0.05331715
3,0f1d73b9f8059747,2026-08-01,0,2,no_position,0.49270487
3,0f2bdba0b38999c2,2026-08-01,0,4,no_position,0.0671882
3,0f40829f57981d16,2026-08-01,0,2,no_position,0.036956146
3,0fabbe4d38b8c187,2026-08-01,0,5,no_position,0.0788694
3,0fe8c469686afc13,2026-08-01,0,3,no_position,0.040421035
3,0ffc63cf079ceb01,2026-08-01,0,4,no_position,0.24669129
3,10285096396eadfb,2026-08-01,0,4,no_position,0.05574596
3,1059978c8fc3cb04,2026-08-01,0,5,no_position,0.040834006
3,106f931dc742accf,2026-08-01,0,2,no_position,0.047827557
3,1092e4927aaa4bd7,2026-08-01,0,5,no_position,0.034280755
3,10ad1a00b4fa5ecd,2026-08-01,0,2,no_position,0.06490969
3,10c06af53e8f973e,2026-08-01,0,4,no_position,0.09045925
3,10c0f2871fe56918,2026-08-01,0,2,no_position,0.052116387
3,10cbfe59da7766be,2026-08-01,0,5,no_position,0.10067371
3,10dcc8a2fae98680,2026-08-01,0,3,no_position,0.062053908
3,10dd8ffe8ca1bd78,2026-08-01,0,4,no_position,0.035429318
3,111b3adf6fb141c9,2026-08-01,0,5,no_position,0.09954063
3,113a0facba800c0f,2026-08-01,0,5,no_position,0.05415289
3,118a9fa10c23da3a,2026-08-01,0,5,no_position,0.20440792
3,11b6d51d2f6ce6b1,2026-08-01,0,3,no_position,0.027675202
3,11c2f1458a332a71,2026-08-01,1,2,no_position,0.20917828
3,11e7c04e8181e113,2026-08-01,1,1,no_position,0.06786046
3,123324da5cd7db74,2026-08-01,1,3,no_position,0.049838845
3,1269f990bdddda23,2026-08-01,0,3,no_position,0.046554536
3,128ab93598af32ff,2026-08-01,0,5,no_position,0.031604566
3,128f4ba38ab0bbd8,2026-08-01,0,4,no_position,0.36116698
3,12a67cddf5d6f0b2,2026-08-01,1,3,no_position,0.21121801
3,12b1f81eaff952d9,2026-08-01,0,4,no_position,0.05446566
3,12e0d8e91463d410,2026-08-01,0,4,no_position,0.11200217
3,12fe81c424c83fd1,2026-08-01,0,1,no_position,0.04720798
3,1306809fb0fe125e,2026-08-01,0,3,no_position,0.034545925
3,132820fe45333f01,2026-08-01,0,3,no_position,0.175096
3,133c48a63ad273cc,2026-08-01,0,2,no_position,0.04409806
3,134b5ccf7555a3de,2026-08-01,0,3,no_position,0.04719902
3,1354102b5ef93db8,2026-08-01,0,1,no_position,0.046587724
3,13578e233552b557,2026-08-01,0,2,no_position,0.036460124
3,137f74b12ac3cc4d,2026-08-01,0,4,no_position,0.06828032
3,13ae7ae57a1ccde4,2026-08-01,0,5,no_position,0.04708994
3,13b606a8b6f331a0,2026-08-01,0,5,no_position,0.054614402
3,13b89e2e2c4f278e,2026-08-01,0,4,no_position,0.031877898
3,13b8bdc160dc15c9,2026-08-01,0,5,no_position,0.05434433
3,140b4640dcb6e0e3,2026-08-01,0,2,no_position,0.046819385
3,14140a36ad4a52b1,2026-08-01,0,5,no_position,0.31965822
3,1418298ca1fa2e6b,2026-08-01,0,4,no_position,0.13328913
3,14378416a66eeff2,2026-08-01,1,4,no_position,0.071454376
3,14475dadfc55c9d7,2026-08-01,0,5,no_position,0.068979464
3,14d1430d4a183b7d,2026-08-01,1,5,no_position,0.07184508
3,14efe7ea1e275190,2026-08-01,0,3,no_position,0.042132676
3,14f98f1241a934c7,2026-08-01,0,1,no_position,0.084225684
3,14fb6707b423a6a5,2026-08-01,0,3,no_position,0.07535339
3,1506810a2cff8dd3,2026-08-01,0,4,no_position,0.024890637
3,1516e9862fbcb11f,2026-08-01,0,4,no_position,0.031237388
3,156c01cfcaa886ca,2026-08-01,0,2,no_position,0.070742704
3,15a1feeddbe61b9a,2026-08-01,0,2,no_position,0.06388357
3,15c8d70d7a2d47db,2026-08-01,0,5,no_position,0.03499929
3,15caedcb733dc5de,2026-08-01,0,2,no_position,0.048244555
3,15cef3c657e13799,2026-08-01,0,3,no_position,0.04259415
3,1600ec1425bc48ef,2026-08-01,0,4,no_position,0.2765674
3,160a3fba6acd0702,2026-08-01,0,1,no_position,0.040701553
3,1617b8c9f4bdef9e,2026-08-01,0,3,no_position,0.032142002
3,161dea4d120bfa0f,2026-08-01,0,2,no_position,0.04305615
3,162e42ce40703773,2026-08-01,0,4,no_position,0.048310086
3,168e09095e7fe790,2026-08-01,0,4,no_position,0.038454473
3,16968d20b383996c,2026-08-01,0,4,no_position,0.03674225
3,16e47655b7a36da0,2026-08-01,0,2,no_position,0.046864443
3,1769bb50782c3b40,2026-08-01,0,2,no_position,0.037920754
3,176c56bc8e7b6728,2026-08-01,0,5,no_position,0.041275065
3,177a02b14a0960b8,2026-08-01,0,1,no_position,0.06869811
3,179e42ea70299d50,2026-08-01,0,2,no_position,0.06186978
3,17bfbdbddc596f6e,2026-08-01,0,4,no_position,0.06545789
3,18069beac9514910,2026-08-01,1,2,no_position,0.067360245
3,18105af6823fabbc,2026-08-01,0,5,no_position,0.042534698
3,1892e65d61e805a5,2026-08-01,0,3,no_position,0.037645552
3,18a1a09578d81c5d,2026-08-01,0,5,no_position,0.027999993
3,18d76a6442da44bb,2026-08-01,0,4,no_position,0.08217794
3,18e08f6b0f820d1b,2026-08-01,1,3,no_position,0.26111978
3,18f9cbc8427a0d5f,2026-08-01,0,3,no_position,0.048047546
3,18fe883d84e708f7,2026-08-01,0,3,no_position,0.08394453
3,1960f7de5b4f29b7,2026-08-01,0,1,no_position,0.05743833
3,198091eee710c839,2026-08-01,0,5,no_position,0.0451339
3,19d2fc4e591b1d2a,2026-08-01,0,1,no_position,0.04772067
3,19f4a9cdf3caabf5,2026-08-01,0,1,no_position,0.06256871
3,1a1ae42d1bcab31e,2026-08-01,0,1,no_position,0.50137335
3,1a249d2be37b4b0c,2026-08-01,0,4,no_position,0.041226994
3,1a2f5607b2b18444,2026-08-01,0,3,no_position,0.04211838
3,1a41e6fb399a86cd,2026-08-01,0,5,no_position,0.04677662
3,1a865c608646f625,2026-08-01,0,3,no_position,0.053941637
3,1aaf745a53260dc2,2026-08-01,0,5,no_position,0.03464688
3,1aafc576b158a36d,2026-08-01,0,2,no_position,0.09123255
3,1ae0520afd8f0a62,2026-08-01,1,1,no_position,0.25430876
3,1ae537814c2bb3ff,2026-08-01,0,5,no_position,0.027045088
3,1aed538ccd94a143,2026-08-01,0,1,no_position,0.039215375
3,1af21c2f29485696,2026-08-01,0,1,no_position,0.06999254
3,1b087626e0f6df00,2026-08-01,0,2,no_position,0.062303077
3,1b29042124a1a663,2026-08-01,0,4,no_position,0.053824663
3,1b8104ffa9f80b08,2026-08-01,0,5,no_position,0.033335425
3,1bfaf664a62a47ad,2026-08-01,0,2,no_position,0.050685126
3,1c451dc1e0499dde,2026-08-01,0,1,no_position,0.055823795
3,1c6236651596a10a,2026-08-01,0,2,no_position,0.23862685
3,1c76d01e1d05bfa6,2026-08-01,1,2,no_position,0.31440172
3,1c7866e53eb262bf,2026-08-01,0,2,no_position,0.05693944
3,1ca61506c75a7954,2026-08-01,0,3,no_position,0.07870985
3,1cbb90c4c8d33d1e,2026-08-01,0,4,no_position,0.027409507
3,1cbf936b776ecbf9,2026-08-01,0,2,no_position,0.10059238
3,1cf473f572096ab9,2026-08-01,0,3,no_position,0.03931477
3,1cfb80763c7de1ea,2026-08-01,0,4,no_position,0.06302857
3,1d027c1a78e3c15c,2026-08-01,0,5,no_position,0.035034038
3,1d21dfaa1c1ac21c,2026-08-01,0,2,no_position,0.06615787
3,1d3f492659dcb6c9,2026-08-01,0,3,no_position,0.049037445
3,1d7cc60edf77e92c,2026-08-01,1,4,no_position,0.05405178
3,1de92aaa6177edfc,2026-08-01,0,5,no_position,0.04436364
3,1e05fccb80775c20,2026-08-01,0,2,no_position,0.05754004
3,1e0f7c096046e73f,2026-08-01,0,3,no_position,0.050836638
3,1e1c38a8a08c2fc3,2026-08-01,0,4,no_position,0.06836275
3,1e2658d656210938,2026-08-01,0,1,no_position,0.03949602
3,1e3dd2049693e32c,2026-08-01,0,1,no_position,0.063036054
3,1e6a86c99b8daab2,2026-08-01,0,1,no_position,0.105851464
3,1e7c0e06f8ff7762,2026-08-01,0,4,no_position,0.23629698
3,1e8c3fc27ff20ca2,2026-08-01,0,2,no_position,0.036989424
3,1ed9651d549f7941,2026-08-01,0,2,no_position,0.08231404
3,1f6d1b3718fc041f,2026-08-01,0,2,no_position,0.052679624
3,1fa357185a1a4d62,2026-08-01,0,5,no_position,0.05335697
3,1fb0dea450db36f9,2026-08-01,0,1,no_position,0.08005962
3,1fb7bad911521417,2026-08-01,0,4,no_position,0.23811693
3,1fbd513f04d514b6,2026-08-01,0,1,no_position,0.0978906
3,1fef30128ead3df9,2026-08-01,0,2,no_position,0.07640535
3,20248c67ba3f47cd,2026-08-01,0,2,no_position,0.055238042
3,202740edb3c60c0e,2026-08-01,0,2,no_position,0.054594696
3,20386d99d9f6c5e5,2026-08-01,0,3,no_position,0.090725996
3,20757a6a3a9806d4,2026-08-01,0,5,no_position,0.08606802
3,208095916d6e0bc2,2026-08-01,0,1,no_position,0.12408643
3,20a134658dd8348d,2026-08-01,0,3,no_position,0.04278105
3,20b280ed0822eeeb,2026-08-01,0,4,no_position,0.04266124
3,20b3dbeca739c19a,2026-08-01,0,4,no_position,0.051463556
3,20e0ea0b7e3d5f73,2026-08-01,0,3,no_position,0.039806385
3,20ebdeaa8e203f06,2026-08-01,0,2,no_position,0.113883406
3,212e64bb603fbe8d,2026-08-01,0,2,no_position,0.046210386
3,217b8fd457d1ee54,2026-08-01,0,4,no_position,0.027813295
3,218aa59fc222b48a,2026-08-01,0,4,no_position,0.02768592
3,2195ceba39fe180b,2026-08-01,0,4,no_position,0.044739902
3,21a3a9238cde31d4,2026-08-01,0,4,no_position,0.025280602
3,21cc8dbbd7d1fe14,2026-08-01,0,2,no_position,0.0482856
3,21df84122884a6cd,2026-08-01,0,5,no_position,0.10653404
3,21f8e96c2e0c12a3,2026-08-01,0,5,no_position,0.028852344
3,21f93301ec0c560b,2026-08-01,0,3,no_position,0.31228667
3,21f9cad92badc57b,2026-08-01,0,4,no_position,0.05040218
3,21fa64b3c61b7783,2026-08-01,0,3,no_position,0.040820185
3,21fc573bb23cff8d,2026-08-01,0,3,no_position,0.05594516
3,2267f536feae6a68,2026-08-01,0,2,no_position,0.053973224
3,22763fbd903764ab,2026-08-01,0,4,no_position,0.057706065
3,2287f4e548301879,2026-08-01,0,4,no_position,0.05468976
3,229394f4e3fc5078,2026-08-01,0,2,no_position,0.0666382
3,22cebc06d06deb0d,2026-08-01,0,5,no_position,0.045530688
3,22ee6ca71eb19e9f,2026-08-01,0,4,no_position,0.084015585
3,22f5c01747797321,2026-08-01,0,1,no_position,0.103500575
3,230471c5449fc67f,2026-08-01,0,1,no_position,0.33894172
3,2329e73c80b64492,2026-08-01,0,1,no_position,0.03507405
3,23396da0ea24e4b7,2026-08-01,0,4,no_position,0.26896468
3,2392ceb9a13f1ac2,2026-08-01,0,4,no_position,0.030401016
3,23d5ba7c2c330fac,2026-08-01,0,3,no_position,0.1187935
3,23f715018ac1b8bb,2026-08-01,0,3,no_position,0.030651936
3,23fd510fa8d00ca7,2026-08-01,0,3,no_position,0.2473671
3,2414fb58baae6ef0,2026-08-01,0,5,no_position,0.037031252
3,2437a3a6b17dc47e,2026-08-01,0,4,no_position,0.044758257
3,243dcd7035389fc2,2026-08-01,0,5,no_position,0.03158853
3,2485f971f58c8656,2026-08-01,0,2,no_position,0.057784524
3,24d5435ca0b46dc9,2026-08-01,0,3,no_position,0.15331277
3,24e1cd51cffecbeb,2026-08-01,0,2,no_position,0.05649565
3,24f6067ffc8b0eb5,2026-08-01,0,3,no_position,0.037794754
3,251d0383474dc4d4,2026-08-01,0,4,no_position,0.043887198
3,2520b47a5394d8b1,2026-08-01,0,2,no_position,0.0729613
3,2523b486ad3323f0,2026-08-01,0,4,no_position,0.055020917
3,2549c55263b61a7c,2026-08-01,1,5,no_position,0.043552708
3,257d0fee192f061e,2026-08-01,0,5,no_position,0.095646925
3,25b786f3d81da4f9,2026-08-01,0,4,no_position,0.0999523
3,25f129fb0157eb2c,2026-08-01,0,3,no_position,0.04140692
3,26052593ca45dc52,2026-08-01,0,1,no_position,0.04238207
3,262050c407f4b64d,2026-08-01,1,4,no_position,0.09666556
3,263f4e0fa404d1ac,2026-08-01,0,3,no_position,0.2315005
3,264d067fd92b3fd0,2026-08-01,0,4,no_position,0.03874695
3,265932d2d3d5a969,2026-08-01,0,1,no_position,0.12373428
3,266252da17e69a7f,2026-08-01,0,3,no_position,0.040159293
3,266af0ffd58dbaab,2026-08-01,0,5,no_position,0.05628461
3,266d9727b5135de2,2026-08-01,0,2,no_position,0.06741185
3,26e039f9d5eb7d42,2026-08-01,0,1,no_position,0.077978685
3,26ed4ed34e5a702a,2026-08-01,0,5,no_position,0.037408173
3,271016b8f7a183b3,2026-08-01,0,5,no_position,0.03331108
3,27112c31112ba083,2026-08-01,0,5,no_position,0.028969722
3,2747219c67e7b341,2026-08-01,0,2,no_position,0.04237667
3,2773362f1f71dd6a,2026-08-01,0,4,no_position,0.3563823
3,2785d778f12b9709,2026-08-01,1,2,no_position,0.07069608
3,27a3b5f3a3ff9c28,2026-08-01,0,1,no_position,0.124072954
3,27c4383835e9035d,2026-08-01,0,4,no_position,0.053967804
3,27ca487325a6104a,2026-08-01,0,3,no_position,0.16188817
3,281010f69f996c34,2026-08-01,0,1,no_position,0.04203854
3,28280a2f2364e812,2026-08-01,0,4,no_position,0.36507097
3,283fa06759b49bb3,2026-08-01,0,4,no_position,0.044145167
3,28442b1927618005,2026-08-01,0,2,no_position,0.043491337
3,28a8d001b6bdc0a8,2026-08-01,0,4,no_position,0.0806731
3,28acb25a8326ccca,2026-08-01,0,5,no_position,0.048649024
3,28ad7b0beb3cbf46,2026-08-01,0,4,no_position,0.05771569
3,290fec4333cfcf9a,2026-08-01,0,1,no_position,0.037662122
3,296908f7b2e6ebfe,2026-08-01,1,3,no_position,0.090040356
3,296fa67b3bf95033,2026-08-01,0,2,no_position,0.054537553
3,297a75b80ab346c4,2026-08-01,0,5,no_position,0.22255139
3,2988b552b715ff07,2026-08-01,0,2,no_position,0.055919014
3,298b867b2f3c8dff,2026-08-01,0,2,no_position,0.05573394
3,29a86c310f727bf4,2026-08-01,0,2,no_position,0.037996832
3,2a191c9f48e96d58,2026-08-01,0,3,no_position,0.04728392
3,2a2b39444425af16,2026-08-01,0,5,no_position,0.057193585
3,2a3a91b13cbc307e,2026-08-01,0,4,no_position,0.033778347
3,2a73dde34162a8fe,2026-08-01,0,4,no_position,0.082969904
3,2ac863288f4082be,2026-08-01,0,4,no_position,0.046188943
3,2af28c6ec326fe5d,2026-08-01,0,5,no_position,0.05620305
3,2afa571e7062cae7,2026-08-01,0,5,no_position,0.0512127
3,2b1080000087328f,2026-08-01,0,4,no_position,0.10592914
3,2b4e0089822aaa77,2026-08-01,0,2,no_position,0.08009544
3,2bd6e5dbf4867fc6,2026-08-01,0,1,no_position,0.033194028
3,2bfe490321daabb1,2026-08-01,0,5,no_position,0.06013727
3,2c19ec734f47ab33,2026-08-01,0,4,no_position,0.03232224
3,2c4e96398d3becd2,2026-08-01,0,4,no_position,0.058670077
3,2c689da8939c4021,2026-08-01,0,1,no_position,0.054150727
3,2cc09e3c9d6f4114,2026-08-01,0,1,no_position,0.04091219
3,2d21a30daf1ee747,2026-08-01,0,1,no_position,0.21876137
3,2d21ab1901453bca,2026-08-01,0,1,no_position,0.03766603
3,2d26dd2cc08c4527,2026-08-01,0,1,no_position,0.132326
3,2d35f42718d60432,2026-08-01,0,4,no_position,0.06538263
3,2d4b54f60904663e,2026-08-01,0,1,no_position,0.033529237
3,2da89679ddbb5168,2026-08-01,0,1,no_position,0.05497798
3,2db2bafd1570e9cd,2026-08-01,0,2,no_position,0.045577005
3,2e071d8fc9fae550,2026-08-01,0,5,no_position,0.041054707
3,2e4b6d3659f46337,2026-08-01,0,2,no_position,0.07969821
3,2e504f6878387695,2026-08-01,0,4,no_position,0.052186403
3,2e882358cf932d7b,2026-08-01,0,2,no_position,0.043125045
3,2e95f8856569a7c8,2026-08-01,0,2,no_position,0.041197676
3,2ea59cc760760b49,2026-08-01,0,5,no_position,0.45408252
3,2ec750dd71fc9257,2026-08-01,0,4,no_position,0.019996101
3,2f03316b629ed2fc,2026-08-01,0,5,no_position,0.043233473
3,2f48c205a308092b,2026-08-01,0,1,no_position,0.08941326
3,2f674d9a2218e756,2026-08-01,0,4,no_position,0.03230828
3,2f802cafa68a7a93,2026-08-01,0,2,no_position,0.045164466
3,2f88352227fddbfc,2026-08-01,1,5,no_position,0.201416
3,2f9aeac262c4c911,2026-08-01,0,2,no_position,0.06576344
3,2faf209e1dc73ff1,2026-08-01,0,5,no_position,0.4655074
3,2fb7342736ba988a,2026-08-01,0,3,no_position,0.034772817
3,2fc74f627a576e6f,2026-08-01,0,4,no_position,0.08286646
3,2ffbd00dab57d7db,2026-08-01,0,5,no_position,0.0946331
3,2fff9fb41c92e9e4,2026-08-01,0,2,no_position,0.054332774
3,300e25f5df0d3324,2026-08-01,0,4,no_position,0.2554288
3,302a1d103cfda506,2026-08-01,0,3,no_position,0.041942336
3,303576e498ab25e0,2026-08-01,0,1,no_position,0.040659536
3,305657f45e1babdf,2026-08-01,0,4,no_position,0.09726974
3,30575b421e3ee6bb,2026-08-01,0,1,no_position,0.0483066
3,309bc21c4be65739,2026-08-01,0,2,no_position,0.04092442
3,30ab7edfefd05ad8,2026-08-01,0,2,no_position,0.0537087
3,30b51652bd30d7f3,2026-08-01,0,3,no_position,0.07395606
3,30c11bba58c6913d,2026-08-01,0,5,no_position,0.102306746
3,30cef560caff5804,2026-08-01,0,5,no_position,0.028227756
3,30e9543b0655930f,2026-08-01,1,2,no_position,0.050782766
3,311c4cf179546def,2026-08-01,0,3,no_position,0.03260068
3,312deb51eca56a9e,2026-08-01,0,5,no_position,0.109232426
3,313643f64ea076bb,2026-08-01,0,1,no_position,0.038776513
3,3159ee2cbfe5f888,2026-08-01,1,2,no_position,0.15237361
3,3170c0625de6eb0b,2026-08-01,0,3,no_position,0.15826531
3,31aded826419f3b2,2026-08-01,0,5,no_position,0.04992248
3,31dddbec41e89f22,2026-08-01,0,5,no_position,0.034303028
3,31eb3b3395e7fd98,2026-08-01,0,3,no_position,0.03777862
3,31f86c4844a9e1ac,2026-08-01,0,2,no_position,0.0423822
3,31f99064e58b7161,2026-08-01,0,1,no_position,0.061856057
3,326af0e724ee0649,2026-08-01,0,2,no_position,0.06995909
3,326cc224b068a62b,2026-08-01,0,1,no_position,0.045571882
3,32787db450f56afe,2026-08-01,0,2,no_position,0.21457691
3,329677fc50ca3e47,2026-08-01,0,4,no_position,0.034897905
3,329c214fd89124db,2026-08-01,0,1,no_position,0.04359049
3,333be327673e71b2,2026-08-01,0,3,no_position,0.081415296
3,33519e26f92c7b23,2026-08-01,0,2,no_position,0.06406167
3,33a4c262746574a3,2026-08-01,0,2,no_position,0.13339104
3,33b0d6c9d6986179,2026-08-01,0,1,no_position,0.043385785
3,33d37a5fefa54b05,2026-08-01,0,2,no_position,0.04254846
3,33d7cca947f341af,2026-08-01,0,2,no_position,0.14544436
3,33f4aa2aaa6f2e62,2026-08-01,0,5,no_position,0.0699661
3,341dce90be393c28,2026-08-01,0,2,no_position,0.051630124
3,343616f221b82a44,2026-08-01,0,1,no_position,0.043783117
3,3437b467460612b9,2026-08-01,0,1,no_position,0.05167705
3,345a459ec6676b9a,2026-08-01,0,3,no_position,0.035185687
3,345e7297479daaa5,2026-08-01,0,5,no_position,0.038420986
3,34614059140da0c2,2026-08-01,1,4,no_position,0.094613865
3,3476a2ed4b2e5cec,2026-08-01,0,2,no_position,0.06781641
3,34def2d93a7da9cc,2026-08-01,0,5,no_position,0.0579336
3,351191c9b12acb83,2026-08-01,0,5,no_position,0.027259782
3,352c458ff5d9d235,2026-08-01,0,2,no_position,0.1174534
3,353fb3e6b143f371,2026-08-01,0,5,no_position,0.06751809
3,35a561ff1b8c50d5,2026-08-01,0,4,no_position,0.056825798
3,35e2dd09015280c1,2026-08-01,0,2,no_position,0.046296652
3,360a16694e6e4d76,2026-08-01,0,5,no_position,0.05817675
3,362853abd36ddd02,2026-08-01,0,2,no_position,0.09143448
3,364e35d8d7c9f295,2026-08-01,0,1,no_position,0.046865594
3,3655fe5906ced313,2026-08-01,0,2,no_position,0.048002634
3,365eafd64beb48fb,2026-08-01,0,4,no_position,0.0409643
3,367fe0679fdc76bf,2026-08-01,0,2,no_position,0.051094886
3,37118b9837d5fa75,2026-08-01,0,2,no_position,0.059486456
3,3719a41ea3b221e9,2026-08-01,0,3,no_position,0.05005387
3,3721e1f91cd8e53f,2026-08-01,0,5,no_position,0.03433367
3,372772d7453bbb9b,2026-08-01,0,2,no_position,0.103453346
3,37437f16d60de745,2026-08-01,0,2,no_position,0.061801124
3,376a0e83f66998a9,2026-08-01,0,5,no_position,0.060891375
3,37ba9f726a0939b7,2026-08-01,0,1,no_position,0.042143602
3,37c8506f9378346f,2026-08-01,0,3,no_position,0.05732253
3,3856d1789a6fee29,2026-08-01,0,4,no_position,0.076098874
3,3860358a0d3fa308,2026-08-01,0,5,no_position,0.030724585
3,38617a39d333e3da,2026-08-01,0,2,no_position,0.06288038
3,38d492fa2f703462,2026-08-01,1,3,no_position,0.068494976
3,391d104c0cfe9fd7,2026-08-01,0,1,no_position,0.03471829
3,3937620c028717ab,2026-08-01,0,4,no_position,0.05430653
3,393e65484d96a9d9,2026-08-01,1,3,no_position,0.18078864
3,393ebb629c08de6d,2026-08-01,0,1,no_position,0.084767774
3,3941ee317708664e,2026-08-01,0,5,no_position,0.028215233
3,39690c9aeb1a8b61,2026-08-01,0,4,no_position,0.06770288
3,396a5c34afa9f8b3,2026-08-01,0,2,no_position,0.056727342
3,39b83f2e444af0a5,2026-08-01,0,3,no_position,0.2135275
3,39b8e01550e9273c,2026-08-01,0,5,no_position,0.047149096
3,39bc9c66767aa3db,2026-08-01,0,4,no_position,0.14358912
3,3a01200ac43f3d7f,2026-08-01,0,5,no_position,0.06984178
3,3a22c48075e1c8a3,2026-08-01,0,4,no_position,0.025436634
3,3a2330e8273c20d8,2026-08-01,0,3,no_position,0.027804798
3,3a45833df2a6a662,2026-08-01,0,5,no_position,0.051639087
3,3a7b20de812e67bd,2026-08-01,0,3,no_position,0.10598648
3,3a8c2ea00aa8e298,2026-08-01,1,5,no_position,0.113216706
3,3aad6a32a0daa9f3,2026-08-01,0,1,no_position,0.029982852
3,3ab3dbf182b0bfaf,2026-08-01,0,4,no_position,0.083645366
3,3aca12b7d3269690,2026-08-01,0,5,no_position,0.04762121
3,3adddd2ace5a69d6,2026-08-01,0,1,no_position,0.07191305
3,3adf494e62cf489b,2026-08-01,0,2,no_position,0.064214066
3,3b37c32ea932fd42,2026-08-01,0,2,no_position,0.04565676
3,3b53af30d8af246b,2026-08-01,0,4,no_position,0.049070165
3,3b6d0de9aa481d2a,2026-08-01,0,1,no_position,0.06746303
3,3bb6269bbb086287,2026-08-01,0,3,no_position,0.037864223
3,3c210e58b27551cf,2026-08-01,0,4,no_position,0.058619108
3,3c295db2bf3c6910,2026-08-01,0,4,no_position,0.037608687
3,3c2f2a2fc854af33,2026-08-01,0,2,no_position,0.064475365
3,3c35978e8e8de976,2026-08-01,0,5,no_position,0.08287085
3,3c400277a483f1b4,2026-08-01,0,5,no_position,0.03771658
3,3c5f412bd740144c,2026-08-01,0,1,no_position,0.2996521
3,3c640891b0b92a52,2026-08-01,0,5,no_position,0.058053672
3,3c7a794a5793fc03,2026-08-01,0,3,no_position,0.20756347
3,3cada4421cadd87d,2026-08-01,0,4,no_position,0.04923316
3,3ce814b74a0d2feb,2026-08-01,0,5,no_position,0.12764226
3,3d290213df0015b5,2026-08-01,0,1,no_position,0.20563026
3,3d320156c5b69f6f,2026-08-01,0,4,no_position,0.03659761
3,3d49b21cd0c2053d,2026-08-01,0,2,no_position,0.048254274
3,3d57b54b8868531e,2026-08-01,0,4,no_position,0.07482875
3,3d5d2aab796af685,2026-08-01,0,4,no_position,0.112258404
3,3d95273c8838e8a9,2026-08-01,0,4,no_position,0.07547372
3,3dedf628881fd1e9,2026-08-01,0,3,no_position,0.18648161
3,3e021e7358375391,2026-08-01,0,2,no_position,0.15143116
3,3e2742cdf0c0bc70,2026-08-01,0,3,no_position,0.039608773
3,3e274effb3f045f8,2026-08-01,0,4,no_position,0.031109173
3,3e53f02deba0a50f,2026-08-01,0,2,no_position,0.13426764
3,3e58bc60ffd70959,2026-08-01,0,2,no_position,0.18518347
3,3eabc8f3890c730d,2026-08-01,1,4,no_position,0.06858385
3,3ed84ca905ca888a,2026-08-01,0,5,no_position,0.6482512
3,3ef85db76da7c91b,2026-08-01,0,5,no_position,0.11806149
3,3f02a030241afcd7,2026-08-01,0,1,no_position,0.050286505
3,3f24fc8ab688c745,2026-08-01,0,3,no_position,0.06263113
3,3f76f8d5f8a24429,2026-08-01,0,5,no_position,0.03852938
3,3f9e92f8bcafafef,2026-08-01,1,5,no_position,0.081482954
3,3fb531b170acccf4,2026-08-01,0,5,no_position,0.040786155
3,3fc964416c5aacdd,2026-08-01,0,3,no_position,0.11050809
3,3fe229c620ce7752,2026-08-01,0,2,no_position,0.088652566
3,40107d24119142e4,2026-08-01,0,2,no_position,0.05423334
3,4015b89c1bc0bfc6,2026-08-01,0,4,no_position,0.04673527
3,401d4f3f5303abf7,2026-08-01,0,4,no_position,0.033814423
3,405c165f3aa1214d,2026-08-01,1,3,no_position,0.19842312
3,408b816a7d7393b0,2026-08-01,0,3,no_position,0.042633206
3,409e79c6b28740a2,2026-08-01,0,2,no_position,0.044851374
3,40d2edb6c05693f2,2026-08-01,1,4,no_position,0.32001773
3,40d4cc64abf99afb,2026-08-01,0,4,no_position,0.0570381
3,40dc015c755ecb72,2026-08-01,0,1,no_position,0.06349373
3,4100d2f03b456ea4,2026-08-01,0,5,no_position,0.05498804
3,413a96adfd39b627,2026-08-01,0,2,no_position,0.040954363
3,4155c614086b000c,2026-08-01,0,5,no_position,0.07092379
3,41915209e0979ace,2026-08-01,0,3,no_position,0.03646976
3,4194f51b6fd46f3a,2026-08-01,0,3,no_position,0.026527982
3,41ad13f359de8ece,2026-08-01,0,1,no_position,0.030325782
3,41b32f2a944e15b6,2026-08-01,0,4,no_position,0.042633504
3,41e0036a7a3d47d4,2026-08-01,0,1,no_position,0.04507239
3,41fbbe31ebd88322,2026-08-01,0,5,no_position,0.038500264
3,42129b4048016115,2026-08-01,0,1,no_position,0.031237135
3,421cf070351f9764,2026-08-01,0,3,no_position,0.08179667
3,422334fefa6ca4cc,2026-08-01,0,4,no_position,0.3130401
3,427351685bd196b4,2026-08-01,0,5,no_position,0.034290947
3,427bb65b64f387b9,2026-08-01,0,3,no_position,0.027004063
3,428503bb5c09be44,2026-08-01,0,1,no_position,0.035846632
3,42bc719ee2695e41,2026-08-01,0,2,no_position,0.048623033
3,432f9f3b69d24d87,2026-08-01,0,2,no_position,0.046172284
3,436c62450a0c4ce8,2026-08-01,0,3,no_position,0.027168943
3,437f1713a4fc29e5,2026-08-01,0,4,no_position,0.06551256
3,43a4d4388d1c9754,2026-08-01,0,1,no_position,0.044525202
3,43dfc8da4defd924,2026-08-01,1,1,no_position,0.28013578
3,442be64b4bd999d5,2026-08-01,0,5,no_position,0.026195856
3,442d3bd139e8f2bc,2026-08-01,0,1,no_position,0.038126707
3,445992b16b2f4c15,2026-08-01,0,3,no_position,0.040426683
3,446555f196ffcca5,2026-08-01,0,1,no_position,0.030909788
3,4479555cd0c8ba5d,2026-08-01,0,4,no_position,0.07869716
3,44bf84c61fa17513,2026-08-01,0,2,no_position,0.05226277
3,44cd2612bdb2c9ea,2026-08-01,0,2,no_position,0.14451666
3,44d6365a6cfbd35e,2026-08-01,1,5,no_position,0.66378456
3,4552d3402caa9e79,2026-08-01,0,1,no_position,0.04438461
3,456d6ee2c430c565,2026-08-01,0,5,no_position,0.055101115
3,4572b35cf6eccc82,2026-08-01,0,3,no_position,0.116875045
3,45864395db5190a8,2026-08-01,0,4,no_position,0.116363354
3,458a1052bb1dc80a,2026-08-01,0,5,no_position,0.03402968
3,45932c042c6306a2,2026-08-01,0,1,no_position,0.13534985
3,4665071f25fae16c,2026-08-01,0,1,no_position,0.041522097
3,4666688af4c97c31,2026-08-01,1,2,no_position,0.08900636
3,468b18862a2d5a3e,2026-08-01,0,2,no_position,0.1945342
3,468e096fc731dc12,2026-08-01,0,4,no_position,0.14367838
3,46c4b0d4379d7928,2026-08-01,0,1,no_position,0.052438427
3,46c6756309ab6679,2026-08-01,0,3,no_position,0.051073793
3,46c72e5c641eee03,2026-08-01,0,5,no_position,0.052955367
3,46c8acc2056ff058,2026-08-01,0,1,no_position,0.043592915
3,46d65571cdfe017d,2026-08-01,0,3,no_position,0.03494761
3,46de47519977dda3,2026-08-01,0,4,no_position,0.060305078
3,470cb4aa16699246,2026-08-01,0,5,no_position,0.0669105
3,471124d5506c5046,2026-08-01,0,3,no_position,0.04348012
3,4717c439b62876f7,2026-08-01,0,5,no_position,0.14056745
3,47202c67a6b6bba5,2026-08-01,0,4,no_position,0.04849347
3,4747aaf0a763c5fc,2026-08-01,0,5,no_position,0.062212247
3,477681c04f803e51,2026-08-01,0,5,no_position,0.051405884
3,4810f9a151eae8da,2026-08-01,0,5,no_position,0.06888928
3,481d0f771a377b13,2026-08-01,0,2,no_position,0.07646828
3,4836c877caf561a1,2026-08-01,0,5,no_position,0.051120527
3,4869681e07f988ca,2026-08-01,0,5,no_position,0.05497539
3,48793647d814595d,2026-08-01,0,4,no_position,0.02990339
3,487f2e6378a4ab54,2026-08-01,0,3,no_position,0.2848487
3,488e17ac32824096,2026-08-01,0,5,no_position,0.045469195
3,48ab73f45057af57,2026-08-01,0,5,no_position,0.12729727
3,48bf38f2dc9bd5c4,2026-08-01,0,1,no_position,0.15791844
3,48dd75745c9e47a5,2026-08-01,0,2,no_position,0.042124446
3,48e4d3515b533092,2026-08-01,0,1,no_position,0.04448937
3,49169d6e4dbebf13,2026-08-01,0,5,no_position,0.10129949
3,494d7f93541a3d64,2026-08-01,0,4,no_position,0.09445079
3,4958334f29fc3496,2026-08-01,0,5,no_position,0.45282918
3,497645c20fa19563,2026-08-01,0,5,no_position,0.038287036
3,4979182d6093f2c9,2026-08-01,0,5,no_position,0.04740625
3,49fafa34a3c75137,2026-08-01,0,5,no_position,0.057284806
3,4a4737acbe533004,2026-08-01,0,3,no_position,0.10957855
3,4a7771c7da3d1fdd,2026-08-01,0,1,no_position,0.44385803
3,4a821ff2622682c0,2026-08-01,0,1,no_position,0.03437149
3,4abb94a7b612d072,2026-08-01,0,3,no_position,0.16481635
3,4ac39df9aafd1cd0,2026-08-01,0,4,no_position,0.23717842
3,4add7ea837547e3d,2026-08-01,1,4,no_position,0.06703688
3,4af2c430dc4ad56f,2026-08-01,0,5,no_position,0.49577475
3,4b14a63038b2b6c0,2026-08-01,0,4,no_position,0.05950874
3,4b43d7fe4ea73751,2026-08-01,0,3,no_position,0.07324629
3,4b5bf7c6012f3502,2026-08-01,0,5,no_position,0.061494924
3,4b85e617d6dbe380,2026-08-01,0,2,no_position,0.18907733
3,4b9203c040cac93a,2026-08-01,0,5,no_position,0.035314113
3,4ba30d1e6fac0ec7,2026-08-01,0,3,no_position,0.16972469
3,4bb201b4d18baaac,2026-08-01,0,1,no_position,0.10013505
3,4be18850ca1cdb3e,2026-08-01,0,2,no_position,0.07625025
3,4c5b86a56c5df2b9,2026-08-01,0,5,no_position,0.053203244
3,4c5bea6369cf57be,2026-08-01,0,4,no_position,0.085813195
3,4c9ea24576afb666,2026-08-01,0,1,no_position,0.07958546
3,4ca582e2a1c199b4,2026-08-01,0,4,no_position,0.07608715
3,4ca67e6747639029,2026-08-01,0,1,no_position,0.080552444
3,4cb370d53e429e63,2026-08-01,0,3,no_position,0.03948374
3,4cf114d9663483c2,2026-08-01,0,2,no_position,0.06896902
3,4d1f770529b1eaa2,2026-08-01,0,4,no_position,0.16554911
3,4d453a450b7f1696,2026-08-01,0,3,no_position,0.08694612
3,4da31aef782691f4,2026-08-01,0,2,no_position,0.12772162
3,4da43460e9b7d1d1,2026-08-01,0,2,no_position,0.12781174
3,4dc260dad920533f,2026-08-01,0,2,no_position,0.03876559
3,4df14413b551fab7,2026-08-01,0,3,no_position,0.052513666
3,4e48d0ae9a8b28b4,2026-08-01,0,2,no_position,0.11541901
3,4e7571f0d9a9a52b,2026-08-01,0,5,no_position,0.057401184
3,4eb6d19c42d194c5,2026-08-01,0,3,no_position,0.1525058
3,4f289a2a079446b2,2026-08-01,0,1,no_position,0.16529725
3,4f3f0906a7bed000,2026-08-01,0,1,no_position,0.21302761
3,4f5d24729622d0e2,2026-08-01,0,3,no_position,0.09798414
3,4f7406380c48d916,2026-08-01,0,2,no_position,0.038772434
3,4f9d464226bdce08,2026-08-01,0,5,no_position,0.057318855
3,4ff191835250608b,2026-08-01,0,4,no_position,0.03469099
3,50399287a8030cf1,2026-08-01,0,2,no_position,0.08041727
3,505797e298a69269,2026-08-01,0,4,no_position,0.029615467
3,509341855959b123,2026-08-01,0,1,no_position,0.047672704
3,50ac88c1e4d90c83,2026-08-01,0,3,no_position,0.060271643
3,50b7e0f164635b00,2026-08-01,0,2,no_position,0.049741548
3,50bfb1d73354ba69,2026-08-01,0,3,no_position,0.046391353
3,50fd3a8f6fc8c572,2026-08-01,0,3,no_position,0.045762237
3,51242402cf6c938e,2026-08-01,0,2,no_position,0.058630597
3,5136db771ed7c160,2026-08-01,0,1,no_position,0.07946987
3,516a49c6f4269753,2026-08-01,0,2,no_position,0.035515375
3,516d48d49945a260,2026-08-01,0,4,no_position,0.049060676
3,517a7e66de4ca111,2026-08-01,0,2,no_position,0.04241133
3,519ece2fcb4e00b3,2026-08-01,0,1,no_position,0.04808267
3,51a98924f46a1d14,2026-08-01,0,3,no_position,0.03876474
3,51b506ac46d66236,2026-08-01,0,5,no_position,0.046607792
3,51bbec83fb68550a,2026-08-01,0,2,no_position,0.08682407
3,51e01124438f150e,2026-08-01,0,2,no_position,0.14223367
3,51f856e9c626b976,2026-08-01,1,1,no_position,0.29327232
3,52051ee48a97d93e,2026-08-01,0,2,no_position,0.051435202
3,5209ce1d1a2ea7e3,2026-08-01,0,1,no_position,0.035595365
3,52105dc550dca845,2026-08-01,0,4,no_position,0.045072984
3,5224870ce04dcc43,2026-08-01,0,1,no_position,0.035570536
3,5256f8d2b75f2a09,2026-08-01,0,2,no_position,0.053606234
3,525de3e2323179e1,2026-08-01,0,3,no_position,0.091955654
3,52616f5f4295e400,2026-08-01,0,5,no_position,0.030511454
3,5268a46a034a739f,2026-08-01,0,3,no_position,0.07276671
3,528f22caa8f0f0bc,2026-08-01,0,5,no_position,0.06449368
3,52b566e8b0783d85,2026-08-01,0,3,no_position,0.04563843
3,52cda522c75e75c1,2026-08-01,0,1,no_position,0.12481458
3,52d596e56912afbc,2026-08-01,0,5,no_position,0.0431475
3,53126b4b55abf6c7,2026-08-01,0,2,no_position,0.07203258
3,5314b139298298d1,2026-08-01,0,2,no_position,0.20146443
3,533b2bf0135db46c,2026-08-01,0,1,no_position,0.029132942
3,535594fefc06e62a,2026-08-01,0,4,no_position,0.04098552
3,5377c05898842fea,2026-08-01,0,5,no_position,0.031671017
3,537aa52de7c6310f,2026-08-01,1,2,no_position,0.068503484
3,53e4d1a222d070a5,2026-08-01,1,1,no_position,0.22897525
3,5422f09ac5145f62,2026-08-01,0,5,no_position,0.116478056
3,543752809758e52b,2026-08-01,0,2,no_position,0.03532348
3,5466a81ec27fa22b,2026-08-01,0,5,no_position,0.09650729
3,546955959dd8171c,2026-08-01,0,2,no_position,0.06890594
3,54906087d085361e,2026-08-01,0,2,no_position,0.042376217
3,54a791a82a5b40f0,2026-08-01,1,5,no_position,0.06222663
3,54c2f2b02373fa1b,2026-08-01,0,1,no_position,0.040680416
3,54f632fc1ae718e6,2026-08-01,0,1,no_position,0.09625648
3,550545eecbc3bf67,2026-08-01,0,4,no_position,0.02473317
3,5537d06120f3d634,2026-08-01,0,3,no_position,0.036972664
3,55594d1d0a09e4d5,2026-08-01,0,3,no_position,0.039538093
3,555985f6dc7dba8d,2026-08-01,1,2,no_position,0.09998291
3,5563649d7ec08bf2,2026-08-01,0,1,no_position,0.08454341
3,55dd9fbf7952c813,2026-08-01,0,4,no_position,0.13313389
3,55df14409a1c2182,2026-08-01,0,2,no_position,0.047939505
3,560063648e706b19,2026-08-01,1,1,no_position,0.11566365
3,5661bd727e59887f,2026-08-01,0,3,no_position,0.07869043
3,56669d82a91c7059,2026-08-01,0,3,no_position,0.06565763
3,56d051e9493cd2b3,2026-08-01,0,4,no_position,0.064817905
3,578a287788101b59,2026-08-01,0,2,no_position,0.18368906
3,578e1a0ad69af84f,2026-08-01,0,5,no_position,0.054849397
3,5790143c88cfc66b,2026-08-01,0,4,no_position,0.06923748
3,57924900120516eb,2026-08-01,0,3,no_position,0.18626364
3,57b14765bd4d16a3,2026-08-01,0,2,no_position,0.044827104
3,57b228dff530742a,2026-08-01,0,1,no_position,0.047153145
3,57c5158adb8fe5a4,2026-08-01,0,5,no_position,0.03335237
3,580d69512b3d1591,2026-08-01,0,5,no_position,0.038572803
3,581aee4fe8db385e,2026-08-01,0,3,no_position,0.057099655
3,5821dc3a7cec4d51,2026-08-01,0,4,no_position,0.113390826
3,58468e18043d035c,2026-08-01,0,5,no_position,0.04886345
3,58516adc65369d10,2026-08-01,0,4,no_position,0.11364982
3,5862aed705ae003f,2026-08-01,0,4,no_position,0.043567743
3,586811ece77bdea3,2026-08-01,0,1,no_position,0.037105408
3,589be2cd7aaeb2b9,2026-08-01,0,2,no_position,0.040850416
3,58bda2d39dfd3949,2026-08-01,0,4,no_position,0.039419938
3,58d3a30fab02433c,2026-08-01,0,5,no_position,0.034498446
3,58f2adb90f75d20b,2026-08-01,0,3,no_position,0.04544787
3,5915732ec71f992b,2026-08-01,0,3,no_position,0.05143775
3,5945c8dabf905d8c,2026-08-01,0,2,no_position,0.06600096
3,599f48295cb41d37,2026-08-01,0,4,no_position,0.08578002
3,59a3e9fd73fafa4c,2026-08-01,0,4,no_position,0.036132753
3,59a65f7f13131e3d,2026-08-01,0,5,no_position,0.109044746
3,59ebabe7ec08e5ca,2026-08-01,0,3,no_position,0.36566758
3,5a087cd0498765d2,2026-08-01,0,4,no_position,0.232557
3,5a8800bb863e6dfa,2026-08-01,1,5,no_position,0.105762325
3,5afc1f8a9386c217,2026-08-01,0,4,no_position,0.06700356
3,5b039f0e29b29195,2026-08-01,0,5,no_position,0.30244341
3,5b7080fb2d6ffcef,2026-08-01,0,1,no_position,0.21029735
3,5b80f3953b40ff93,2026-08-01,0,4,no_position,0.15604103
3,5b868482f8018cca,2026-08-01,0,2,no_position,0.3926029
3,5b9063f977886618,2026-08-01,0,5,no_position,0.09822497
3,5b90a31de5b69907,2026-08-01,0,5,no_position,0.08513941
3,5baadf07644f2d51,2026-08-01,0,4,no_position,0.19721606
3,5bc1c7684de7f9cb,2026-08-01,1,3,no_position,0.23620431
3,5c41349080ae5059,2026-08-01,0,1,no_position,0.06825047
3,5c87d029eac1a34a,2026-08-01,0,2,no_position,0.04421152
3,5c9df5a905c47f75,2026-08-01,0,2,no_position,0.07472981
3,5cd4d49a1e616a03,2026-08-01,0,5,no_position,0.04165022
3,5d07219f0cb653e3,2026-08-01,1,3,no_position,0.6478893
3,5d27647521aa8de8,2026-08-01,0,1,no_position,0.056034885
3,5d3905daab645d12,2026-08-01,0,1,no_position,0.14018056
3,5d448a3b812c9989,2026-08-01,1,2,no_position,0.08554232
3,5d66ff4b1df0bd1b,2026-08-01,0,1,no_position,0.03412932
3,5d7a7719c99466ec,2026-08-01,0,2,no_position,0.043711316
3,5d8bd3d8769f5b4a,2026-08-01,0,2,no_position,0.041501217
3,5dc78c68a93074b8,2026-08-01,0,3,no_position,0.100281656
3,5e8ab530108850ed,2026-08-01,0,4,no_position,0.047477074
3,5e9ba2724bdf5897,2026-08-01,0,1,no_position,0.07414841
3,5ec2baa32c14d438,2026-08-01,0,1,no_position,0.066484
3,5ece8981bf4352bf,2026-08-01,0,4,no_position,0.07631574
3,5ede8205150e53a1,2026-08-01,0,5,no_position,0.097198375
3,5ee8f21b84787106,2026-08-01,1,5,no_position,0.15393023
3,5f7a2d6de69d7ede,2026-08-01,0,2,no_position,0.14684886
3,5fa2a7fa8b1047b0,2026-08-01,0,1,no_position,0.5458451
3,5fce35780c34f4b1,2026-08-01,0,4,no_position,0.05848683
3,6002048381910721,2026-08-01,0,5,no_position,0.22479826
3,60251b089a43d7d4,2026-08-01,0,4,no_position,0.111138694
3,60a7f9f82b7b44aa,2026-08-01,0,1,no_position,0.14113219
3,60af106a7299e7b7,2026-08-01,0,2,no_position,0.07812611
3,60f66055c403de1a,2026-08-01,0,5,no_position,0.059271935
3,6145b7935a2a8fd9,2026-08-01,0,5,no_position,0.079648174
3,615c9f49ea949e2d,2026-08-01,0,5,no_position,0.030025456
3,617e07ab2284fb7f,2026-08-01,0,3,no_position,0.04403904
3,61d7ab3556409caa,2026-08-01,1,4,no_position,0.5990512
3,62a5bf367513e892,2026-08-01,0,2,no_position,0.031777844
3,62bbf1ad4a65705f,2026-08-01,0,2,no_position,0.040066995
3,62f75deae5e37cdb,2026-08-01,0,3,no_position,0.037680645
3,630627cb78a867a3,2026-08-01,0,5,no_position,0.024574172
3,630e7830cf069cdd,2026-08-01,0,4,no_position,0.20008533
3,63aae24330d6243a,2026-08-01,0,3,no_position,0.07148092
3,63c08e6bcfe357cd,2026-08-01,0,5,no_position,0.13763227
3,64276f48b7f040ab,2026-08-01,0,4,no_position,0.22032502
3,64347532b9b13da8,2026-08-01,0,4,no_position,0.094331264
3,645469bfe408c529,2026-08-01,0,2,no_position,0.16449228
3,6483b5359cedf06f,2026-08-01,0,2,no_position,0.052651208
3,64961fb7036391ca,2026-08-01,0,1,no_position,0.044683587
3,650633b7d415a7f7,2026-08-01,0,2,no_position,0.29766983
3,6517d043ad732a3d,2026-08-01,0,4,no_position,0.08487823
3,651f694241a41871,2026-08-01,0,2,no_position,0.0556536
3,659533fc4f8f9b96,2026-08-01,0,2,no_position,0.046091545
3,6595dc860cdb11cb,2026-08-01,0,4,no_position,0.036360834
3,660dc136de6699be,2026-08-01,0,2,no_position,0.10513757
3,6611d1e8d9a12713,2026-08-01,0,2,no_position,0.04279277
3,663b508bc185b182,2026-08-01,0,5,no_position,0.059224278
3,663ece8c586c3646,2026-08-01,0,2,no_position,0.04460357
3,664dc953607197fa,2026-08-01,0,5,no_position,0.075748846
3,6680d0791b52e25a,2026-08-01,0,5,no_position,0.19705929
3,668fd6e7b340c9a3,2026-08-01,0,1,no_position,0.32377854
3,66aef99cba1ab258,2026-08-01,0,3,no_position,0.031422358
3,66afc6cca56e7e02,2026-08-01,0,4,no_position,0.03750945
3,66b6e233d52bb6fb,2026-08-01,0,2,no_position,0.056923416
3,66ef83d39f9dac4e,2026-08-01,0,5,no_position,0.22639543
3,66f7ee672cea6fdd,2026-08-01,0,5,no_position,0.05284497
3,672627e2a90b263f,2026-08-01,0,1,no_position,0.47118413
3,6740349224c3382f,2026-08-01,0,2,no_position,0.039423395
3,6752822ecf72e9b4,2026-08-01,0,5,no_position,0.057471424
3,67601fbffcbf28e0,2026-08-01,0,1,no_position,0.1288561
3,676a5d0e467210f9,2026-08-01,0,4,no_position,0.14282286
3,67f1719e0467546e,2026-08-01,0,4,no_position,0.054878373
3,67ff6817dd51ccf8,2026-08-01,0,3,no_position,0.0493045
3,68178ee8f0273fd5,2026-08-01,0,2,no_position,0.036932126
3,682e5a86c682bac2,2026-08-01,0,1,no_position,0.046140406
3,68335dc00481e816,2026-08-01,0,1,no_position,0.03538402
3,6857c0d11718f12d,2026-08-01,0,4,no_position,0.08743576
3,686b463e47344ef1,2026-08-01,0,1,no_position,0.048583806
3,689c7119c5508d95,2026-08-01,0,2,no_position,0.31039
3,68a1de0a38f0de95,2026-08-01,0,4,no_position,0.30436665
3,68a3b36d760c71a1,2026-08-01,0,2,no_position,0.044674236
3,68bab66987668b38,2026-08-01,0,5,no_position,0.049638286
3,68c44d261c1daf9f,2026-08-01,0,5,no_position,0.044768207
3,68cd24af09ef8486,2026-08-01,0,2,no_position,0.08181604
3,68f5581962ef662d,2026-08-01,0,1,no_position,0.043738563
3,696bc6c78487ca87,2026-08-01,0,4,no_position,0.100527756
3,69867fc23477e9f7,2026-08-01,0,4,no_position,0.024344757
3,69a36343bfc492dc,2026-08-01,0,5,no_position,0.06644751
3,69dad16e93634b7c,2026-08-01,0,1,no_position,0.051065292
3,6a1c3bfaddf3f962,2026-08-01,0,3,no_position,0.055163115
3,6a2a566aed5547f2,2026-08-01,0,1,no_position,0.1561294
3,6a4c8dd40363408d,2026-08-01,0,1,no_position,0.02871205
3,6a5fc6788e12fec1,2026-08-01,0,5,no_position,0.064180106
3,6a81b7bbfb0833b7,2026-08-01,0,3,no_position,0.033976387
3,6a88affe41a66ee0,2026-08-01,0,4,no_position,0.35425317
3,6a9643e156dbd36a,2026-08-01,0,3,no_position,0.05486292
3,6acd3f485741197b,2026-08-01,0,3,no_position,0.048188478
3,6ad8ce3ab705f68e,2026-08-01,0,3,no_position,0.062945515
3,6ad9bc63ce7c79fb,2026-08-01,1,1,no_position,0.34116226
3,6af6b57306e776a2,2026-08-01,0,4,no_position,0.039177056
3,6b085ecef629a9e2,2026-08-01,0,5,no_position,0.11936324
3,6b273883d1fa6518,2026-08-01,0,2,no_position,0.049388442
3,6b55e89553e6a69b,2026-08-01,0,2,no_position,0.066194735
3,6b6712c13a0b8795,2026-08-01,0,4,no_position,0.024914037
3,6b7a1e1f37856ca8,2026-08-01,0,5,no_position,0.053596787
3,6bb407bfb69cc238,2026-08-01,0,3,no_position,0.2560402
3,6bc3c71bfbace810,2026-08-01,1,4,no_position,0.12842156
3,6c39b3b92439ea2d,2026-08-01,0,4,no_position,0.06232375
3,6c4998dbdc47ac5b,2026-08-01,0,5,no_position,0.09456603
3,6c688ae2986b23e6,2026-08-01,0,2,no_position,0.05131602
3,6cc111629b17bb80,2026-08-01,0,5,no_position,0.067163184
3,6cccc0e2eb5a7fd4,2026-08-01,0,4,no_position,0.1177691
3,6cfaaf5008e3a368,2026-08-01,0,1,no_position,0.08073678
3,6d0fabf2737acd96,2026-08-01,0,4,no_position,0.047077395
3,6d54882c089c738c,2026-08-01,0,2,no_position,0.09223436
3,6d763acede05a57e,2026-08-01,0,2,no_position,0.05401313
3,6d7d1ac65b8e2b71,2026-08-01,0,2,no_position,0.22931588
3,6e03d30cfa2d4d7d,2026-08-01,0,4,no_position,0.07422708
3,6e2e0d3333366da8,2026-08-01,0,1,no_position,0.1052307
3,6eaf56faf92d6e1e,2026-08-01,0,1,no_position,0.03715928
3,6ebe5700ae86bd83,2026-08-01,0,2,no_position,0.054044135
3,6ef045018206cb55,2026-08-01,0,5,no_position,0.04026694
3,6f204569aa37516e,2026-08-01,1,1,no_position,0.50168765
3,6f4eca54c3aa2bc1,2026-08-01,0,1,no_position,0.11509505
3,6f651f986293dafb,2026-08-01,0,2,no_position,0.035356622
3,6f6792f3a97dfb88,2026-08-01,0,1,no_position,0.0578661
3,6fb63fe98bb40d41,2026-08-01,0,1,no_position,0.07232428
3,6fca9eb62235956e,2026-08-01,0,3,no_position,0.05265148
3,6fe3c44dd9cbfaae,2026-08-01,0,2,no_position,0.08376763
3,706992daca2df278,2026-08-01,0,5,no_position,0.090606615
3,70a7c83a4072d170,2026-08-01,0,2,no_position,0.048224263
3,70b99ef3175db7f4,2026-08-01,1,5,no_position,0.04540668
3,70c23b94718456df,2026-08-01,0,3,no_position,0.037536405
3,70d8f56bb47fa695,2026-08-01,0,1,no_position,0.098907605
3,70f858452af19f8f,2026-08-01,0,2,no_position,0.04971907
3,712b15cc1a16f40e,2026-08-01,0,4,no_position,0.022380508
3,7135bf0f61d1ff45,2026-08-01,0,5,no_position,0.040711135
3,71911ead7fc487a2,2026-08-01,1,4,no_position,0.049835503
3,71a3beeadba4a14a,2026-08-01,0,1,no_position,0.07769929
3,71bdbeae06c611da,2026-08-01,0,2,no_position,0.080964416
3,71e0918bc947a70f,2026-08-01,0,2,no_position,0.04844561
3,71ecf623274b969a,2026-08-01,0,4,no_position,0.10383226
3,7209492d1bab4bcd,2026-08-01,0,2,no_position,0.042801734
3,7242018ba1a33d45,2026-08-01,0,2,no_position,0.08102783
3,72532fb94c54c265,2026-08-01,0,3,no_position,0.052164014
3,725628e4a7596910,2026-08-01,1,5,no_position,0.0672369
3,7256b09caa899831,2026-08-01,0,5,no_position,0.100631796
3,725b37b1907b50d9,2026-08-01,0,3,no_position,0.027989663
3,72a3bc4213e3cb58,2026-08-01,0,2,no_position,0.073323905
3,72d46fb38d14c41c,2026-08-01,0,4,no_position,0.12636265
3,72e138216d4c1087,2026-08-01,0,2,no_position,0.042759422
3,72f676aec235e7cf,2026-08-01,0,5,no_position,0.06073975
3,72fdaadd4906219c,2026-08-01,0,5,no_position,0.07232579
3,732b3a0cded95339,2026-08-01,0,1,no_position,0.14677827
3,73965092d34d2b9a,2026-08-01,0,4,no_position,0.04090614
3,739a8078e2c0c28a,2026-08-01,0,1,no_position,0.15528204
3,73a854d1911e1c4d,2026-08-01,0,3,no_position,0.08287584
3,73d76b6ac182487f,2026-08-01,0,1,no_position,0.06320504
3,73db54883334e447,2026-08-01,0,5,no_position,0.035952304
3,73ea7b72742dc5e8,2026-08-01,0,4,no_position,0.02168078
3,748d0b09094c9b01,2026-08-01,0,2,no_position,0.11978822
3,748f832ff17635e3,2026-08-01,0,1,no_position,0.14472818
3,749650f04260b5e6,2026-08-01,0,2,no_position,0.037893
3,74a08a598a032a1d,2026-08-01,1,3,no_position,0.11061926
3,74a7b4ba1282ee47,2026-08-01,0,2,no_position,0.068569496
3,74d47a9d4a58942e,2026-08-01,0,1,no_position,0.06999903
3,74f247c17039f90d,2026-08-01,0,4,no_position,0.30028442
3,7528e5d9aa2facb1,2026-08-01,0,2,no_position,0.04868675
3,753cdea395d239a5,2026-08-01,0,1,no_position,0.03899887
3,75447c40e61cecf0,2026-08-01,0,5,no_position,0.04788042
3,755745df95ff0a69,2026-08-01,0,2,no_position,0.07883356
3,75703715f50699db,2026-08-01,0,3,no_position,0.11819236
3,75e414784ebd7f51,2026-08-01,0,2,no_position,0.04879493
3,75e80b55e66c2732,2026-08-01,0,1,no_position,0.078255616
3,75f30f73370c6e9a,2026-08-01,1,3,no_position,0.50545
3,764797b1db1412fb,2026-08-01,1,2,no_position,0.48969725
3,76ce46b1f40e9db0,2026-08-01,0,3,no_position,0.034938063
3,76d79330dc07537e,2026-08-01,0,3,no_position,0.0447833
3,774e9a8d1feecf4e,2026-08-01,0,2,no_position,0.047501963
3,7756f7a33eb9742c,2026-08-01,0,3,no_position,0.042284273
3,776384347af07be1,2026-08-01,0,1,no_position,0.104569845
3,77ad16d00dd7763f,2026-08-01,0,4,no_position,0.13251987
3,77ba0a399e463009,2026-08-01,0,3,no_position,0.0981259
3,7822f667387b29c7,2026-08-01,0,4,no_position,0.3196173
3,783f1435d067b6da,2026-08-01,0,2,no_position,0.054517347
3,7858913f63d751db,2026-08-01,0,1,no_position,0.035220873
3,786148badc8885a8,2026-08-01,0,5,no_position,0.08604646
3,787a54c685eb4905,2026-08-01,0,5,no_position,0.03316964
3,78c5b2be3b57a635,2026-08-01,0,1,no_position,0.055514213
3,78c6df26f6e60deb,2026-08-01,0,4,no_position,0.040398553
3,790575c250daebeb,2026-08-01,0,5,no_position,0.07466604
3,7924fc7a33a94fd7,2026-08-01,0,5,no_position,0.05098858
3,794117e30646a384,2026-08-01,1,1,no_position,0.103578225
3,7993b9d06cc9138f,2026-08-01,0,5,no_position,0.047984105
3,79a073738a1eea2d,2026-08-01,0,4,no_position,0.0517924
3,79bef50ddebf7136,2026-08-01,0,3,no_position,0.03314764
3,79ca13d5cab1c005,2026-08-01,0,4,no_position,0.0548579
3,79e792ebe61208d4,2026-08-01,0,3,no_position,0.07280556
3,7a13a0eea6307278,2026-08-01,0,5,no_position,0.22549975
3,7a20dae074f2a9d7,2026-08-01,0,2,no_position,0.04306148
3,7a931f36e2766186,2026-08-01,0,5,no_position,0.11106047
3,7a99096be88051ee,2026-08-01,0,5,no_position,0.066308215
3,7ac219791398ad90,2026-08-01,0,3,no_position,0.05772972
3,7ae5153c103cae58,2026-08-01,0,3,no_position,0.08244536
3,7b22593523b7444c,2026-08-01,0,5,no_position,0.33370742
3,7b404a403b4f0e5c,2026-08-01,0,1,no_position,0.12184647
3,7b6c1d974eb1a170,2026-08-01,0,4,no_position,0.26505068
3,7bb11dc51ba9c97b,2026-08-01,0,3,no_position,0.07203771
3,7bb45507640e3943,2026-08-01,0,4,no_position,0.48115543
3,7bd6dc51f38f2c44,2026-08-01,0,3,no_position,0.068948984
3,7c04e7b054e0c124,2026-08-01,0,2,no_position,0.040494934
3,7c8aeacf1fa72ab3,2026-08-01,0,3,no_position,0.18505335
3,7ca9ed9e32ddf851,2026-08-01,0,3,no_position,0.06296951
3,7cc77d4f9904a8e1,2026-08-01,0,2,no_position,0.35592875
3,7ce4c945061f643a,2026-08-01,0,5,no_position,0.11667609
3,7cfdede4400eea59,2026-08-01,0,2,no_position,0.033526447
3,7d33acd56b024065,2026-08-01,0,1,no_position,0.12598914
3,7d3747c4378d47ae,2026-08-01,0,1,no_position,0.06792718
3,7d76df379326eab1,2026-08-01,0,5,no_position,0.038454693
3,7d9db37e1ed6e427,2026-08-01,0,5,no_position,0.100553825
3,7dc1ddf462be6bc5,2026-08-01,0,5,no_position,0.04501718
3,7dcb9ef8bbf9e4e4,2026-08-01,0,4,no_position,0.04272205
3,7dcfcdc409e502cd,2026-08-01,0,1,no_position,0.036025193
3,7dda8c1dc22c4ce6,2026-08-01,0,4,no_position,0.043526452
3,7e5e11ddc426f774,2026-08-01,0,4,no_position,0.043576922
3,7e641fe4afaf0d70,2026-08-01,0,1,no_position,0.16978164
3,7ebfbf3457024c73,2026-08-01,0,4,no_position,0.0721278
3,7ec747f977d6f5bf,2026-08-01,0,2,no_position,0.0434032
3,7ec7bbac1751f2d1,2026-08-01,0,1,no_position,0.07196927
3,7ee1753da5cce9b8,2026-08-01,0,4,no_position,0.085211076
3,7eeba9b9bbdcc619,2026-08-01,0,3,no_position,0.040465392
3,7f1d9a9904632eb6,2026-08-01,0,1,no_position,0.11055628
3,7f507a92e65dadad,2026-08-01,0,4,no_position,0.19719535
3,7f722281a4db3b1d,2026-08-01,0,2,no_position,0.33479294
3,7f7d5b9a789b4387,2026-08-01,0,4,no_position,0.055202767
3,7faf5dfae7e7e597,2026-08-01,0,2,no_position,0.076046355
3,80186fe21865b3d1,2026-08-01,0,5,no_position,0.03835519
3,804a36bdcb7df426,2026-08-01,0,3,no_position,0.12555552
3,808c916fdd731cf6,2026-08-01,0,1,no_position,0.08010953
3,809fff685f55ddeb,2026-08-01,0,5,no_position,0.0709745
3,80aa9adc593a379c,2026-08-01,0,5,no_position,0.058113135
3,80d8f3e6920c9954,2026-08-01,0,5,no_position,0.054225013
3,80ef2265eeefbe6c,2026-08-01,0,1,no_position,0.09032205
3,80f63d7faf3932ab,2026-08-01,0,3,no_position,0.06313857
3,8102e2532d334c1e,2026-08-01,0,4,no_position,0.037667852
3,8145d4f50b3ab222,2026-08-01,0,1,no_position,0.034937803
3,817fc433b6ecaefc,2026-08-01,0,4,no_position,0.1666214
3,818a79bdaba6a37a,2026-08-01,0,3,no_position,0.058761828
3,819af7d8ff2d924c,2026-08-01,1,2,no_position,0.13177969
3,81dfa6629c13b316,2026-08-01,0,5,no_position,0.080160476
3,81fc9d3d51ce5366,2026-08-01,0,2,no_position,0.08976168
3,822612270af518cb,2026-08-01,0,3,no_position,0.05430835
3,8295da3b3202abdf,2026-08-01,0,2,no_position,0.16431649
3,82e8a5b54f692f94,2026-08-01,0,1,no_position,0.055698212
3,832278673db18633,2026-08-01,0,5,no_position,0.057074267
3,83525327a673c197,2026-08-01,0,3,no_position,0.0970266
3,83546176b0fe51c7,2026-08-01,0,5,no_position,0.03422119
3,83ff9714b05d041a,2026-08-01,0,5,no_position,0.0560325
3,841103cabc0b106c,2026-08-01,0,4,no_position,0.05058809
3,842246e106b1ea8d,2026-08-01,0,4,no_position,0.064124145
3,84324e772d11375c,2026-08-01,0,2,no_position,0.19135001
3,84559f8bdecfee77,2026-08-01,0,1,no_position,0.27049917
3,84a7be9849355a05,2026-08-01,0,4,no_position,0.04952289
3,84dc0b9a87a8ea12,2026-08-01,0,4,no_position,0.08630366
3,853d3ab6559631e2,2026-08-01,0,4,no_position,0.04811154
3,855ca47819cf5703,2026-08-01,0,1,no_position,0.04525058
3,8584cf7a70a6d3e8,2026-08-01,0,5,no_position,0.027908891
3,85d4d56603523e44,2026-08-01,0,3,no_position,0.07914072
3,85dd641f03eb059f,2026-08-01,0,5,no_position,0.08882543
3,86194b8ed4ade423,2026-08-01,0,1,no_position,0.04144973
3,86730df7a6fe999e,2026-08-01,0,5,no_position,0.043868702
3,86a177935d232c69,2026-08-01,0,3,no_position,0.05245909
3,86c5d82112d4d61d,2026-08-01,0,3,no_position,0.04654302
3,86d2c6ecab138e80,2026-08-01,0,3,no_position,0.090819515
3,86e300d62fdd81b0,2026-08-01,0,3,no_position,0.036081187
3,870ea517056d67bb,2026-08-01,0,1,no_position,0.044006832
3,875477673c8ee3d9,2026-08-01,0,5,no_position,0.03056035
3,877351281acec94c,2026-08-01,0,1,no_position,0.029689668
3,87981be00758ff81,2026-08-01,0,3,no_position,0.15749156
3,87a32ed9d666e99a,2026-08-01,0,1,no_position,0.044202264
3,87b8024da9dde6d3,2026-08-01,0,2,no_position,0.06385773
3,87c30bc09bcbe6cd,2026-08-01,1,5,no_position,0.34806383
3,87dec59167ad256d,2026-08-01,1,4,no_position,0.11734112
3,8814713a2c820302,2026-08-01,0,4,no_position,0.044997804
3,88227a7d741a5260,2026-08-01,0,5,no_position,0.06018215
3,88295cb9b31fcb1e,2026-08-01,0,5,no_position,0.030160246
3,887366c9a288cbb6,2026-08-01,0,4,no_position,0.03298651
3,888d5ebb6dcd54fd,2026-08-01,1,3,no_position,0.09913794
3,888d6adec828fd25,2026-08-01,0,1,no_position,0.07446558
3,889d0484e4c25c25,2026-08-01,0,2,no_position,0.060785465
3,890a8bf387658eb5,2026-08-01,0,3,no_position,0.16315706
3,89390d6c06cac3f5,2026-08-01,0,3,no_position,0.02770845
3,89611552d0174ff6,2026-08-01,0,5,no_position,0.06901789
3,8996f01d262ba875,2026-08-01,0,5,no_position,0.20615858
3,899d7d64c2b83f21,2026-08-01,0,3,no_position,0.09477752
3,89e2040aeb415707,2026-08-01,0,5,no_position,0.06326007
3,8a22101fe12eb2c5,2026-08-01,1,5,no_position,0.08992046
3,8a5c0b5ad8e104a8,2026-08-01,0,1,no_position,0.043500267
3,8a8414e70a6de5f7,2026-08-01,0,1,no_position,0.0576143
3,8aa167ad0208b0ea,2026-08-01,0,4,no_position,0.06900432
3,8ad6d6cb7cee43e7,2026-08-01,0,5,no_position,0.068770416
3,8ae4f0381f513699,2026-08-01,0,3,no_position,0.044489127
3,8b0c143fd843722e,2026-08-01,0,2,no_position,0.066335
3,8b220a0384032bf0,2026-08-01,0,5,no_position,0.036105957
3,8b315dc1730da0c8,2026-08-01,0,5,no_position,0.04560995
3,8b98028b5219338f,2026-08-01,0,3,no_position,0.04001683
3,8bebc9cb93533252,2026-08-01,0,2,no_position,0.049206894
3,8bfaf4973eaba339,2026-08-01,0,4,no_position,0.044596214
3,8c15590e040d6608,2026-08-01,0,4,no_position,0.040478464
3,8c18a30e67e714ab,2026-08-01,0,3,no_position,0.092696644
3,8c379c4d88316b5f,2026-08-01,0,4,no_position,0.42599827
3,8c3f87304731746f,2026-08-01,0,5,no_position,0.09139707
3,8ca039b7cae4ded8,2026-08-01,0,5,no_position,0.06936922
3,8cacac70e0c8a431,2026-08-01,0,2,no_position,0.17542686
3,8cd01036387d0033,2026-08-01,0,2,no_position,0.045360837
3,8d01315db3bfa9c6,2026-08-01,0,5,no_position,0.08980978
3,8d3f82827b0890e0,2026-08-01,0,4,no_position,0.030322708
3,8d5c703afcec1b99,2026-08-01,0,1,no_position,0.051203586
3,8d7602c3974b0aaa,2026-08-01,0,1,no_position,0.029029856
3,8d8c09db3b765544,2026-08-01,0,5,no_position,0.03787786
3,8db86abd14e45e77,2026-08-01,0,5,no_position,0.032456603
3,8dd83465d46be50c,2026-08-01,0,5,no_position,0.052381374
3,8e27eb733ed058bd,2026-08-01,1,1,no_position,0.14398356
3,8e9cef6d191d4f78,2026-08-01,0,5,no_position,0.07512537
3,8ec0b262a25f0213,2026-08-01,0,2,no_position,0.06474802
3,8efd717c8e956434,2026-08-01,0,3,no_position,0.052062836
3,8f174cfed26bfe06,2026-08-01,0,1,no_position,0.29838926
3,8f58eb42e4bcff39,2026-08-01,1,5,no_position,0.1794919
3,8f6a6863ef27d373,2026-08-01,0,4,no_position,0.037623867
3,8f742a6486a107c2,2026-08-01,0,2,no_position,0.047951095
3,8f98efb75d639716,2026-08-01,0,4,no_position,0.061223336
3,8fae729a975e1589,2026-08-01,0,4,no_position,0.05192035
3,8fba9069c0ba45ea,2026-08-01,0,3,no_position,0.044830587
3,908929396ab4c953,2026-08-01,0,5,no_position,0.04703278
3,908bfa9116756ee7,2026-08-01,0,2,no_position,0.04391983
3,90c3e825e848b5d0,2026-08-01,0,2,no_position,0.042036287
3,91211fd51a1d48d9,2026-08-01,0,3,no_position,0.03324435
3,91266c03880b12d6,2026-08-01,1,5,no_position,0.110802166
3,919f51fbf57512f7,2026-08-01,0,5,no_position,0.038902353
3,91b0e87278726e3e,2026-08-01,0,2,no_position,0.05668208
3,91bc5d5ff8d66a5e,2026-08-01,0,1,no_position,0.027616035
3,92018e6142f69623,2026-08-01,0,2,no_position,0.0707785
3,921c76f30a27b4b2,2026-08-01,1,1,no_position,0.18362749
3,924b34d606674713,2026-08-01,0,5,no_position,0.04594432
3,92530b14bcd89ab8,2026-08-01,0,4,no_position,0.10414686
3,9258832c9b88feac,2026-08-01,0,3,no_position,0.03848109
3,926ec48829999094,2026-08-01,1,3,no_position,0.07158106
3,92711c93d6c31bb1,2026-08-01,1,1,no_position,0.20813
3,929628966cbe9c3a,2026-08-01,1,2,no_position,0.11216601
3,92c085f436bf40d1,2026-08-01,1,3,no_position,0.106920294
3,92cebf4c31ba3c0c,2026-08-01,1,2,no_position,0.07381194
3,92da135370e30e2b,2026-08-01,0,5,no_position,0.050023858
3,92df5b40c9b72000,2026-08-01,0,4,no_position,0.050260752
3,934e417989cac234,2026-08-01,1,5,no_position,0.056494154
3,9364a2910ec8b1a4,2026-08-01,0,3,no_position,0.07014948
3,93c99cdb34a71512,2026-08-01,0,1,no_position,0.025695585
3,93d4300f1f5d6d8b,2026-08-01,0,1,no_position,0.04874202
3,941719fc6af54272,2026-08-01,0,1,no_position,0.059364874
3,942cb5d293dbe546,2026-08-01,0,2,no_position,0.049951848
3,943a597d4017b8f6,2026-08-01,0,2,no_position,0.05067354
3,94510d88d6e7c1ae,2026-08-01,0,5,no_position,0.25761664
3,94523b841f1b13b1,2026-08-01,0,1,no_position,0.034723155
3,9455d2c2247eab6b,2026-08-01,0,1,no_position,0.039145548
3,9469e0f7b0485d15,2026-08-01,0,3,no_position,0.029875448
3,947a15456539216e,2026-08-01,0,5,no_position,0.06972332
3,947bfb88e3f67301,2026-08-01,0,1,no_position,0.12885232
3,9481ce77250d5699,2026-08-01,0,3,no_position,0.043240212
3,9482ac37fbb2a459,2026-08-01,0,4,no_position,0.047200024
3,949e497d556a3207,2026-08-01,0,2,no_position,0.043530542
3,94c0710f018fc21b,2026-08-01,0,1,no_position,0.036985733
3,94cda231ad7ec1ee,2026-08-01,0,2,no_position,0.06374716
3,95196236233b18e9,2026-08-01,1,2,no_position,0.07863108
3,9556185d4a18924b,2026-08-01,0,1,no_position,0.09731967
3,9564e1164ee5d4c0,2026-08-01,0,4,no_position,0.039714858
3,9593a23a5878163b,2026-08-01,0,2,no_position,0.06411622
3,959b7d01ad823ebb,2026-08-01,0,2,no_position,0.05827033
3,95aebe7d44494d9a,2026-08-01,1,2,no_position,0.1301705
3,95d59c6a8b8bbaaf,2026-08-01,0,4,no_position,0.49492976
3,960c2c84d850f3fb,2026-08-01,0,4,no_position,0.053035714
3,96209a3993cf3589,2026-08-01,0,5,no_position,0.05219643
3,962e163e3f95007b,2026-08-01,0,2,no_position,0.05084873
3,9632063f88d1b734,2026-08-01,1,3,no_position,0.16636796
3,9648adebd74c0369,2026-08-01,0,5,no_position,0.04112758
3,964da491f09ae5f5,2026-08-01,0,5,no_position,0.035703946
3,9663ee03693bc1ba,2026-08-01,0,2,no_position,0.03391797
3,966686038b842717,2026-08-01,0,3,no_position,0.11838535
3,967b807ffdbc4561,2026-08-01,0,3,no_position,0.041074347
3,968087a462e73a1b,2026-08-01,0,1,no_position,0.055958457
3,969760fcba2e6fbe,2026-08-01,0,1,no_position,0.055097677
3,96a08eafa1db1917,2026-08-01,0,3,no_position,0.047931407
3,96c0cbad3cc5e46b,2026-08-01,0,3,no_position,0.055534907
3,96c849cde5fc3d4e,2026-08-01,1,4,no_position,0.2714772
3,96d3524f7227cf9c,2026-08-01,0,3,no_position,0.049477234
3,9722c1d065130712,2026-08-01,0,4,no_position,0.15491982
3,9726e7cc4d6e5754,2026-08-01,0,5,no_position,0.09456941
3,9745ae02e62b0106,2026-08-01,0,4,no_position,0.22917295
3,97b8ff70808c0e69,2026-08-01,0,3,no_position,0.13916041
3,97ea16ed330e2396,2026-08-01,0,2,no_position,0.051691648
3,9809ca7837e35ebf,2026-08-01,0,1,no_position,0.10983391
3,982e07eee88de864,2026-08-01,0,2,no_position,0.05258804
3,9830f37af2db872b,2026-08-01,0,2,no_position,0.042897876
3,98787dce6bc02858,2026-08-01,0,5,no_position,0.10620817
3,987b8c526fb64ca1,2026-08-01,1,3,no_position,0.14225824
3,98c29edc6d96f11c,2026-08-01,1,4,no_position,0.21033828
3,98e7e3143907bb04,2026-08-01,0,1,no_position,0.03545628
3,990baafc86600963,2026-08-01,0,1,no_position,0.063795716
3,992f51527d4c91c3,2026-08-01,0,5,no_position,0.040059507
3,999fe38a8576f561,2026-08-01,0,4,no_position,0.05265148
3,99c4b3182e4d885f,2026-08-01,0,4,no_position,0.030692637
3,99dc5b286d4131d4,2026-08-01,0,4,no_position,0.041773625
3,99ee6f601f914330,2026-08-01,0,5,no_position,0.24762729
3,99eef8f5517a4d2f,2026-08-01,0,3,no_position,0.089786224
3,9a06fcdab7395033,2026-08-01,0,4,no_position,0.086573176
3,9a5db952f96c0e77,2026-08-01,1,4,no_position,0.06726136
3,9aa724ed02c28f5a,2026-08-01,0,5,no_position,0.03050968
3,9ab0134baa1960ab,2026-08-01,0,4,no_position,0.10153958
3,9ab21b39b641882d,2026-08-01,0,3,no_position,0.047690026
3,9ad3d93d4eadfa97,2026-08-01,0,3,no_position,0.027267773
3,9af028b11d5809f7,2026-08-01,0,5,no_position,0.0726109
3,9b30c24c590ecb82,2026-08-01,0,3,no_position,0.073711574
3,9b3211a99e6d77d8,2026-08-01,0,5,no_position,0.067497484
3,9b8a9738aa705079,2026-08-01,0,3,no_position,0.16128863
3,9b91d34e1fdd50e2,2026-08-01,0,2,no_position,0.048801262
3,9bbc013dfa84d784,2026-08-01,0,1,no_position,0.15721403
3,9be023aa553759d1,2026-08-01,0,2,no_position,0.0731336
3,9c0719790b187ef8,2026-08-01,0,3,no_position,0.041528393
3,9c511f9c2f44ce78,2026-08-01,0,1,no_position,0.03579277
3,9c8ec09e67afbb35,2026-08-01,0,4,no_position,0.034171805
3,9c8f9a92cb948fee,2026-08-01,0,4,no_position,0.05390386
3,9d040be315a8707f,2026-08-01,0,1,no_position,0.04178776
3,9d3a61eb9aa261e8,2026-08-01,0,4,no_position,0.037354723
3,9d4c32ed4590ed6c,2026-08-01,0,4,no_position,0.08672077
3,9db146f013d7d60a,2026-08-01,1,2,no_position,0.12438866
3,9e0438deaf9d2e3f,2026-08-01,0,1,no_position,0.056955654
3,9e39138651a820c2,2026-08-01,0,2,no_position,0.048431255
3,9e6115ab696893c8,2026-08-01,0,1,no_position,0.07387307
3,9e7542a6acb94bc0,2026-08-01,0,4,no_position,0.0802233
3,9e8cd0bf75b33dde,2026-08-01,0,5,no_position,0.039742626
3,9ed92e4106337b9b,2026-08-01,0,2,no_position,0.04080136
3,9efb040fb451034b,2026-08-01,0,2,no_position,0.10440997
3,9f91a16c548bbf9f,2026-08-01,0,2,no_position,0.032716867
3,9fc184516d4b6874,2026-08-01,0,4,no_position,0.03514942
3,9ff8f19000625311,2026-08-01,0,1,no_position,0.06641839
3,9ff99277aef0660c,2026-08-01,0,4,no_position,0.039095923
3,a085cdd4630c804b,2026-08-01,1,1,no_position,0.12970752
3,a0c462f731b98a5c,2026-08-01,1,5,no_position,0.08849972
3,a0f93a44d8792479,2026-08-01,0,2,no_position,0.04930915
3,a1b24bb7b36a50f9,2026-08-01,0,4,no_position,0.027376946
3,a1c7b698d9cbc450,2026-08-01,0,3,no_position,0.0341679
3,a1dc3d3af0ac184b,2026-08-01,0,5,no_position,0.0737651
3,a1f3d64342d58daa,2026-08-01,0,2,no_position,0.045569
3,a25d9c30008629ce,2026-08-01,0,2,no_position,0.34549943
3,a2d0b3f9212aa1ab,2026-08-01,0,5,no_position,0.10543371
3,a2d1ac3f3c933304,2026-08-01,0,5,no_position,0.06338259
3,a30fd7b395ee1986,2026-08-01,0,5,no_position,0.12781079
3,a325f646da7b1417,2026-08-01,0,2,no_position,0.04004712
3,a34175ec1f03a8e4,2026-08-01,0,5,no_position,0.06890724
3,a34c251f8d9d84cb,2026-08-01,0,3,no_position,0.032558024
3,a385c8dcff65b440,2026-08-01,0,4,no_position,0.09899023
3,a38efc6024f21269,2026-08-01,0,5,no_position,0.02966152
3,a3bfda7044bacc59,2026-08-01,0,5,no_position,0.04943913
3,a3d2511aa13a37ca,2026-08-01,0,1,no_position,0.2259212
3,a3e6d25504844590,2026-08-01,0,5,no_position,0.043059938
3,a41758e7d634c664,2026-08-01,0,5,no_position,0.07897138
3,a45d21bd449a09df,2026-08-01,1,4,no_position,0.17412055
3,a46193d604bed5f3,2026-08-01,0,4,no_position,0.036628824
3,a47b76de2c81984d,2026-08-01,1,2,no_position,0.10951834
3,a49036d69aec05b9,2026-08-01,0,4,no_position,0.052573215
3,a4904a7d608d5daf,2026-08-01,0,4,no_position,0.056661807
3,a4a1d85bb9bff4eb,2026-08-01,0,5,no_position,0.06300225
3,a4bfa61a90ed5365,2026-08-01,0,2,no_position,0.05298774
3,a4d5699111e3af72,2026-08-01,0,4,no_position,0.029695436
3,a50b08b6e8e6df22,2026-08-01,0,5,no_position,0.041012995
3,a55d9ee9673125c5,2026-08-01,0,3,no_position,0.09960343
3,a58564a46d57c180,2026-08-01,0,5,no_position,0.05396796
3,a595e2e70cfe7a47,2026-08-01,0,2,no_position,0.040022112
3,a5c070bc702094fa,2026-08-01,0,1,no_position,0.029473241
3,a5dd509365d64f15,2026-08-01,0,2,no_position,0.053263288
3,a6288040cf6ef247,2026-08-01,0,2,no_position,0.10292031
3,a6c4257d648a354d,2026-08-01,0,4,no_position,0.39827892
3,a6e66824f8966007,2026-08-01,0,4,no_position,0.14326686
3,a6fd336a1407c117,2026-08-01,0,4,no_position,0.08131107
3,a70b8e3c08cd20e4,2026-08-01,0,4,no_position,0.32948086
3,a77469d18535a4be,2026-08-01,0,2,no_position,0.08511204
3,a793ae9d4775896f,2026-08-01,0,4,no_position,0.055450156
3,a7995607e7dc4a5f,2026-08-01,0,3,no_position,0.031804733
3,a7e05fbdf77e7d46,2026-08-01,0,3,no_position,0.037287567
3,a80a2f90e8d71f0e,2026-08-01,0,4,no_position,0.03344941
3,a81f05f8e0ae2bf4,2026-08-01,0,3,no_position,0.050688487
3,a82fcae34ae3339b,2026-08-01,0,2,no_position,0.08069093
3,a8340db25ad37cbe,2026-08-01,0,2,no_position,0.052642416
3,a834f3663fb1e615,2026-08-01,0,3,no_position,0.033681937
3,a862892d62c72766,2026-08-01,0,1,no_position,0.28768882
3,a8925e8f6d5494e9,2026-08-01,0,2,no_position,0.11825291
3,a8b101a86f455744,2026-08-01,0,2,no_position,0.42702773
3,a8d309f5e65bc8ea,2026-08-01,0,5,no_position,0.17211603
3,a8e4b4d6bbd879c6,2026-08-01,0,4,no_position,0.23684365
3,a9295b1117787b73,2026-08-01,0,3,no_position,0.03596744
3,a96c0b9c67d2d973,2026-08-01,0,5,no_position,0.10670969
3,a970b7a1c87289f7,2026-08-01,0,3,no_position,0.07103247
3,a977e1422ddb24e4,2026-08-01,0,5,no_position,0.105197705
3,a9839c22a7429607,2026-08-01,0,5,no_position,0.04284765
3,a998a3471aa33926,2026-08-01,0,2,no_position,0.05383183
3,aa05409e91de5463,2026-08-01,0,2,no_position,0.056459088
3,aa49b38a1a9a506d,2026-08-01,0,4,no_position,0.034044918
3,aa973d6e1ec57a3b,2026-08-01,1,1,no_position,0.17976163
3,aaa60e0692a61d69,2026-08-01,0,5,no_position,0.3728534
3,aab6cbbd9f004a8e,2026-08-01,0,2,no_position,0.043945767
3,aaeb5b9a9c7290ea,2026-08-01,0,2,no_position,0.07579813
3,aaf4518f9a97077d,2026-08-01,0,5,no_position,0.026547141
3,aaf58c407934cc00,2026-08-01,0,4,no_position,0.061831437
3,ab018adf1fda41d2,2026-08-01,0,1,no_position,0.06600106
3,ab1a05e1b589e0d8,2026-08-01,0,3,no_position,0.05504811
3,ab473cdfdea50b90,2026-08-01,0,5,no_position,0.13672678
3,ab48a16fc4e89ffb,2026-08-01,0,4,no_position,0.26313016
3,ab49db7daaa03b02,2026-08-01,0,1,no_position,0.059333876
3,ab5e266ca2d39a35,2026-08-01,0,4,no_position,0.042767745
3,ab6109b126687f81,2026-08-01,0,5,no_position,0.1066875
3,ab6574359ebb2a52,2026-08-01,0,1,no_position,0.039474167
3,ab6f4b9dcaa5d9d6,2026-08-01,0,2,no_position,0.10635419
3,ab883e4c89cb2d8f,2026-08-01,1,2,no_position,0.15987353
3,abda01a6fb188c95,2026-08-01,0,1,no_position,0.101362124
3,abeec4b51563f76a,2026-08-01,0,1,no_position,0.039294988
3,abfad212a161a1ec,2026-08-01,0,5,no_position,0.061675478
3,ac1f9d1eddbf7c1a,2026-08-01,0,5,no_position,0.20172864
3,ac346947a848454f,2026-08-01,0,3,no_position,0.05642696
3,ac4bc2d45eda2808,2026-08-01,0,3,no_position,0.047394216
3,ac7a93543c3b8cae,2026-08-01,0,2,no_position,0.04122922
3,ac8383a4a4b95c3a,2026-08-01,0,3,no_position,0.05098937
3,acc0428f720bd4ef,2026-08-01,0,3,no_position,0.05306004
3,acf2d120ed640fc9,2026-08-01,0,4,no_position,0.21212468
3,acfd849875323dc8,2026-08-01,0,1,no_position,0.08608768
3,ad481422e1f30881,2026-08-01,0,5,no_position,0.060484312
3,ad54974d4e94e913,2026-08-01,0,1,no_position,0.20166606
3,ad84df4a1494275c,2026-08-01,0,1,no_position,0.057082135
3,ad8fbf8b7202dcab,2026-08-01,0,2,no_position,0.050872542
3,ada7ac7f67f9b310,2026-08-01,0,4,no_position,0.07009125
3,adcd4a27330439d4,2026-08-01,0,1,no_position,0.054040298
3,add27dbe86745be7,2026-08-01,0,2,no_position,0.041665886
3,ade3b4ed35b4855f,2026-08-01,0,5,no_position,0.16677268
3,adee7fe5d8dfd349,2026-08-01,0,4,no_position,0.028307416
3,adf28196863522bb,2026-08-01,1,1,no_position,0.049269177
3,ae0a5928a980ed2a,2026-08-01,0,3,no_position,0.10070787
3,ae1a0fc5f40071cd,2026-08-01,1,1,no_position,0.38247463
3,ae253c75810fb951,2026-08-01,0,3,no_position,0.034694966
3,ae2ae0b850b43025,2026-08-01,1,1,no_position,0.057811636
3,ae64653ec6fb828c,2026-08-01,0,4,no_position,0.03195601
3,ae7bfc32807e2254,2026-08-01,0,1,no_position,0.28408846
3,aecb15c87b539a87,2026-08-01,0,4,no_position,0.032877617
3,aecbd08c6083dc15,2026-08-01,0,1,no_position,0.18912259
3,aed6c6ae972e65b1,2026-08-01,1,4,no_position,0.0961666
3,aee08e42f0ebd181,2026-08-01,0,5,no_position,0.032524794
3,af2fc23dcfd9a840,2026-08-01,0,1,no_position,0.0344129
3,af561b09fd9c36c7,2026-08-01,0,2,no_position,0.061449695
3,af7f641dcf613257,2026-08-01,0,4,no_position,0.13167182
3,af833e343dd62a40,2026-08-01,0,2,no_position,0.39126873
3,afa145b02ae2dc97,2026-08-01,0,3,no_position,0.06295356
3,b029312eaeefe98f,2026-08-01,0,4,no_position,0.07840845
3,b046fc94551a7ac2,2026-08-01,0,3,no_position,0.034855068
3,b07275d3a6de233d,2026-08-01,0,3,no_position,0.036447838
3,b0ad5881901b319c,2026-08-01,0,3,no_position,0.054226626
3,b0b4ddc1465a1906,2026-08-01,0,4,no_position,0.3970428
3,b0c39aaf38b4dabf,2026-08-01,0,3,no_position,0.029356424
3,b0d18645fbb34773,2026-08-01,0,1,no_position,0.047082894
3,b102526594e3c520,2026-08-01,0,4,no_position,0.10192051
3,b156f7256ee43dd6,2026-08-01,0,2,no_position,0.042822156
3,b161e909a16233c8,2026-08-01,0,2,no_position,0.08324134
3,b1832ed47d58e701,2026-08-01,0,2,no_position,0.08110367
3,b1acbbf3874d0291,2026-08-01,1,4,no_position,0.07002098
3,b1f55b2e43c84264,2026-08-01,0,5,no_position,0.07124741
3,b211b25c19775854,2026-08-01,0,4,no_position,0.035888713
3,b243735ddbb74ebc,2026-08-01,0,3,no_position,0.048592877
3,b24a0f881b2d8a33,2026-08-01,0,3,no_position,0.029785354
3,b24ed9bbf4ab4c87,2026-08-01,0,5,no_position,0.03985009
3,b2927a8dfe1a10fa,2026-08-01,0,5,no_position,0.0332499
3,b2969e7523f2b7f8,2026-08-01,0,4,no_position,0.056704868
3,b2b6d912d1b117c1,2026-08-01,0,4,no_position,0.19553435
3,b2c3f04a683df3ce,2026-08-01,0,1,no_position,0.07032352
3,b2f2013f1db1043d,2026-08-01,0,2,no_position,0.23058757
3,b3323902b6938774,2026-08-01,0,2,no_position,0.04431236
3,b345ea2c910ecd7e,2026-08-01,0,3,no_position,0.041703846
3,b355ba35c6d55754,2026-08-01,0,2,no_position,0.05033346
3,b39a1e6fcdb48862,2026-08-01,0,1,no_position,0.05393026
3,b3fc88f44a27f9a1,2026-08-01,0,1,no_position,0.031682223
3,b4226aea486adac8,2026-08-01,0,2,no_position,0.04286439
3,b435b0fb540ced26,2026-08-01,0,3,no_position,0.034502074
3,b43bbae04101e267,2026-08-01,0,3,no_position,0.13618241
3,b43e6d90bfd8b455,2026-08-01,0,1,no_position,0.08818771
3,b496b4f53f340fc9,2026-08-01,0,4,no_position,0.032366533
3,b4cda78a16f981b6,2026-08-01,0,4,no_position,0.029665856
3,b4dbf17e5305b625,2026-08-01,1,1,no_position,0.04522874
3,b50cb2bf11fca9ce,2026-08-01,0,3,no_position,0.026443534
3,b52b26e70a5ed87f,2026-08-01,0,2,no_position,0.061427686
3,b532f53cd987c773,2026-08-01,0,2,no_position,0.05491962
3,b54e8c986816f2fc,2026-08-01,0,3,no_position,0.03102112
3,b554ace63b2f6f95,2026-08-01,0,5,no_position,0.032132294
3,b60015259ac7c7d7,2026-08-01,0,2,no_position,0.104237385
3,b60c1869f1a3b26b,2026-08-01,0,4,no_position,0.057284314
3,b67f06ace8153b39,2026-08-01,0,2,no_position,0.049553614
3,b69967c862efc158,2026-08-01,0,4,no_position,0.10835252
3,b6e83a2890b9c55c,2026-08-01,0,5,no_position,0.2438882
3,b784a39375205451,2026-08-01,0,3,no_position,0.05695579
3,b79ab15d99180066,2026-08-01,0,1,no_position,0.18111455
3,b7adcc6f90eb583f,2026-08-01,0,5,no_position,0.050576415
3,b7ce0c81a047219e,2026-08-01,0,5,no_position,0.11524067
3,b7d21663ad7adaa6,2026-08-01,0,1,no_position,0.087086685
3,b7e4735b2a1a03f5,2026-08-01,0,4,no_position,0.07471246
3,b8062c17895b3973,2026-08-01,0,5,no_position,0.17490932
3,b81b5cd416c17013,2026-08-01,1,2,no_position,0.041673426
3,b833774146e4eecc,2026-08-01,0,5,no_position,0.068311654
3,b858d8c997f386fa,2026-08-01,0,1,no_position,0.06368725
3,b8bd73ca0600bc95,2026-08-01,0,3,no_position,0.26597518
3,b8cce02d47f12180,2026-08-01,0,5,no_position,0.0384852
3,b8f4af2a7e22ff84,2026-08-01,0,4,no_position,0.048536804
3,b8f81daab4517c6a,2026-08-01,0,4,no_position,0.0417076
3,b923ee56b487623a,2026-08-01,0,1,no_position,0.04839725
3,b937b5a9c55c2cdd,2026-08-01,0,1,no_position,0.029363737
3,b93bcc0e93df0491,2026-08-01,0,1,no_position,0.2264368
3,b9445c7bd2e161ea,2026-08-01,0,2,no_position,0.06127653
3,b963c9f43a68d0bd,2026-08-01,0,2,no_position,0.058752764
3,b96c62b5ab7c881a,2026-08-01,1,3,no_position,0.08413797
3,b96e22539b2e628c,2026-08-01,0,2,no_position,0.4466628
3,b9f11ba2a950e582,2026-08-01,0,5,no_position,0.07076595
3,ba3a2ccf81eebf86,2026-08-01,0,1,no_position,0.08528619
3,ba557dee4917045d,2026-08-01,0,2,no_position,0.08494929
3,baaba68a70ce6d73,2026-08-01,1,3,no_position,0.051319025
3,baad00b3be7ccdec,2026-08-01,0,3,no_position,0.10900604
3,baaf6ad5e976b0f3,2026-08-01,0,3,no_position,0.06470905
3,bb0b04c697710928,2026-08-01,0,3,no_position,0.032020073
3,bb273459a6449f4e,2026-08-01,0,4,no_position,0.08610762
3,bb310da94bfa795b,2026-08-01,0,1,no_position,0.06251019
3,bb4cbe3d71426b68,2026-08-01,0,4,no_position,0.077404566
3,bb523db7dad7ef0b,2026-08-01,0,1,no_position,0.033012636
3,bb61b84beabcbddb,2026-08-01,0,2,no_position,0.108438306
3,bbb8c159517c06a5,2026-08-01,0,2,no_position,0.053457156
3,bbcd3a81c4fd3631,2026-08-01,0,3,no_position,0.03265924
3,bbdcea5ce68f30ab,2026-08-01,0,3,no_position,0.09170327
3,bbe7ed9adf77c9bc,2026-08-01,0,1,no_position,0.040186256
3,bbe94781cdf34a80,2026-08-01,0,3,no_position,0.15888467
3,bbfbdebc9bf64428,2026-08-01,0,3,no_position,0.08719174
3,bc2c28c3baaedf99,2026-08-01,0,1,no_position,0.35551903
3,bc3f8d42afb7e68e,2026-08-01,0,3,no_position,0.04089452
3,bc42cc92438707fe,2026-08-01,0,3,no_position,0.036385607
3,bca4d84c6f4d8555,2026-08-01,0,3,no_position,0.038876288
3,bcc74d1d1ad3cfd3,2026-08-01,0,4,no_position,0.24236684
3,bcf7533afc5a3568,2026-08-01,0,1,no_position,0.03717183
3,bcff67cbdc7e19e7,2026-08-01,0,4,no_position,0.05767799
3,bd16f8e37fd6ab2c,2026-08-01,0,2,no_position,0.04065872
3,bd4c94c3207910cc,2026-08-01,0,3,no_position,0.11898546
3,bd5460a73770cfad,2026-08-01,0,3,no_position,0.053533792
3,bd63c2a298ca6404,2026-08-01,0,1,no_position,0.03663845
3,bd9a6cdda4ae9770,2026-08-01,0,5,no_position,0.036834363
3,be0fd32339648de2,2026-08-01,0,5,no_position,0.13429093
3,be35ec896fc59cad,2026-08-01,0,3,no_position,0.05702761
3,be3876e9fbe77193,2026-08-01,0,5,no_position,0.056016125
3,be42ea36e2fd2029,2026-08-01,0,4,no_position,0.10066431
3,be72dd69d434cbe2,2026-08-01,0,2,no_position,0.09552431
3,be819dc4ef83e4b9,2026-08-01,0,2,no_position,0.11363551
3,be8dca1d779bff9a,2026-08-01,0,4,no_position,0.58079314
3,beee47cf00066631,2026-08-01,0,1,no_position,0.030541787
3,bf322de127725dc2,2026-08-01,0,1,no_position,0.0644572
3,bfcf9e25f697fbdb,2026-08-01,0,3,no_position,0.036786
3,bfd2b95adee977c7,2026-08-01,0,5,no_position,0.10748691
3,c012ab98e40eb552,2026-08-01,0,1,no_position,0.04476356
3,c0335d3e15be8c68,2026-08-01,1,2,no_position,0.059495375
3,c04d92da5a8aacf5,2026-08-01,0,1,no_position,0.07523701
3,c07690dcad1d6c44,2026-08-01,0,4,no_position,0.062351327
3,c07eb6b91a68ed69,2026-08-01,0,3,no_position,0.039234873
3,c0a44e31c8ca2dde,2026-08-01,0,2,no_position,0.06711036
3,c0e4d063e6ed5264,2026-08-01,0,2,no_position,0.29680723
3,c0f3b73eebb05229,2026-08-01,0,4,no_position,0.0739406
3,c0fe4013840df43c,2026-08-01,1,1,no_position,0.59464276
3,c10a46362a5a8eb3,2026-08-01,0,3,no_position,0.051196646
3,c11636afc804eaea,2026-08-01,0,4,no_position,0.032366578
3,c12ee61fa354ad9f,2026-08-01,0,1,no_position,0.0509273
3,c159016f148d87cc,2026-08-01,0,5,no_position,0.039894864
3,c166c4299622cdef,2026-08-01,0,3,no_position,0.064077914
3,c17a04d615bc0e4c,2026-08-01,0,4,no_position,0.12554103
3,c185b69cfdbed08a,2026-08-01,1,4,no_position,0.18859915
3,c189255a7a240522,2026-08-01,1,4,no_position,0.1002597
3,c1d69958117780f5,2026-08-01,0,4,no_position,0.11762167
3,c1e6bad479b1ea4b,2026-08-01,0,4,no_position,0.061818164
3,c1ecaa7fe1ecd375,2026-08-01,0,3,no_position,0.036849864
3,c21d27c04b83632e,2026-08-01,0,5,no_position,0.05797845
3,c247ec08524c40b4,2026-08-01,0,1,no_position,0.1192662
3,c26823dd6c125109,2026-08-01,0,4,no_position,0.09767458
3,c27da98b5b92a0bf,2026-08-01,0,3,no_position,0.04882291
3,c2a745a9a0e3501d,2026-08-01,0,3,no_position,0.03299281
3,c2b74433a5c4ba78,2026-08-01,0,2,no_position,0.070131354
3,c2ec0e3cfbad6880,2026-08-01,1,3,no_position,0.07191273
3,c2f7c46c434f9792,2026-08-01,0,1,no_position,0.04443765
3,c2f856d6bd816347,2026-08-01,0,5,no_position,0.18375176
3,c2f9adee3bc814a3,2026-08-01,0,5,no_position,0.08877066
3,c2f9d439b4f396cb,2026-08-01,0,4,no_position,0.19433473
3,c3153148bf14ddbd,2026-08-01,0,4,no_position,0.117183916
3,c341ac405f802d01,2026-08-01,0,5,no_position,0.05744037
3,c3535c552d965bda,2026-08-01,0,1,no_position,0.028316896
3,c360105bd98adec2,2026-08-01,0,4,no_position,0.25256753
3,c37637e579c8001b,2026-08-01,0,5,no_position,0.07803736
3,c391d7ce56fac7ad,2026-08-01,0,5,no_position,0.112813935
3,c3fc43ac32c7b9c8,2026-08-01,0,5,no_position,0.029832296
3,c41330925d5be8f2,2026-08-01,0,3,no_position,0.034905657
3,c417503646cd1442,2026-08-01,1,1,no_position,0.12729351
3,c45fd949cea80243,2026-08-01,0,3,no_position,0.268622
3,c46ba2edd5e0bc8a,2026-08-01,0,2,no_position,0.08088104
3,c483dc84b4c670d0,2026-08-01,0,3,no_position,0.04711081
3,c491f1e5fc8bf73d,2026-08-01,0,1,no_position,0.039341073
3,c4adadead364033e,2026-08-01,1,3,no_position,0.34897193
3,c4b1ddb5d6c3d768,2026-08-01,0,3,no_position,0.059910152
3,c4bbda1b9c7fb014,2026-08-01,1,3,no_position,0.16184099
3,c4cdb810d6a75acf,2026-08-01,0,2,no_position,0.05419635
3,c4e07beae6aba384,2026-08-01,0,5,no_position,0.0556486
3,c50d29bdc483a60c,2026-08-01,0,2,no_position,0.032604646
3,c5241175dc43645a,2026-08-01,0,1,no_position,0.027629696
3,c541447076d1987f,2026-08-01,0,1,no_position,0.061778087
3,c547ca2948aab6b0,2026-08-01,0,1,no_position,0.043309573
3,c579f9b42a7cf2bb,2026-08-01,0,4,no_position,0.06004641
3,c57b7c9110450808,2026-08-01,0,4,no_position,0.0614616
3,c589c0f81c02c3a6,2026-08-01,0,1,no_position,0.03881155
3,c59723bf8f7e3dd0,2026-08-01,0,2,no_position,0.0851891
3,c5aac25ed6d555cd,2026-08-01,0,5,no_position,0.14841953
3,c5cb3010ef088ffb,2026-08-01,0,4,no_position,0.05929219
3,c616ce7528a6c38f,2026-08-01,0,5,no_position,0.046913944
3,c624070689ed7527,2026-08-01,0,5,no_position,0.04271154
3,c679c0766d91cfde,2026-08-01,0,3,no_position,0.03314825
3,c6bdb83397785450,2026-08-01,1,4,no_position,0.14227429
3,c6c59dde1d0dcca7,2026-08-01,0,1,no_position,0.03848311
3,c6e8bd22f69cdd3c,2026-08-01,0,3,no_position,0.10745472
3,c745d9844dd188de,2026-08-01,0,5,no_position,0.036629576
3,c760f378704ad5bd,2026-08-01,0,3,no_position,0.07369427
3,c778f637b5e5cc94,2026-08-01,1,2,no_position,0.1033842
3,c77d97df74d9b0b8,2026-08-01,0,5,no_position,0.035302375
3,c7a3289b08f36bb5,2026-08-01,0,1,no_position,0.041165046
3,c7a79c9f337b4e8b,2026-08-01,0,2,no_position,0.048771884
3,c7c59e77e40166c2,2026-08-01,0,2,no_position,0.052863743
3,c7cc94995053ffae,2026-08-01,0,1,no_position,0.111164235
3,c7e75a834c211006,2026-08-01,0,4,no_position,0.030795198
3,c7fa0ef606e12744,2026-08-01,0,1,no_position,0.046907634
3,c7fe76530a3f12d1,2026-08-01,0,1,no_position,0.1539869
3,c80a1b5f26418e00,2026-08-01,0,1,no_position,0.033498377
3,c84b41f8bcaabab0,2026-08-01,0,3,no_position,0.07230746
3,c86d0f3d19db3da8,2026-08-01,0,2,no_position,0.04861571
3,c877cfb983be63ca,2026-08-01,0,4,no_position,0.07222126
3,c8785b7b94b6e0d5,2026-08-01,0,1,no_position,0.06605566
3,c8ec1d35f51969b7,2026-08-01,0,4,no_position,0.05615104
3,c8f02f647791f871,2026-08-01,0,1,no_position,0.043104388
3,c925b77ca7232677,2026-08-01,0,1,no_position,0.060267255
3,c92f259f4e7ce52e,2026-08-01,0,1,no_position,0.043018784
3,c9857f5257291cce,2026-08-01,0,1,no_position,0.20263775
3,c99705cedcc0fd70,2026-08-01,0,2,no_position,0.051385112
3,c9cde92dc888c743,2026-08-01,0,4,no_position,0.26578096
3,c9d24dc3c7bb39f1,2026-08-01,1,4,no_position,0.13067757
3,c9e98fb255ccf650,2026-08-01,0,2,no_position,0.41405764
3,ca03b65f2d48f1db,2026-08-01,0,5,no_position,0.04553512
3,ca5a2589c025b0c8,2026-08-01,1,3,no_position,0.1771082
3,ca712aa8e7e07cb0,2026-08-01,0,1,no_position,0.0671813
3,cababc027099b371,2026-08-01,0,1,no_position,0.039583515
3,cafb197d86347af1,2026-08-01,0,4,no_position,0.04178601
3,cb0e4b12df6742d4,2026-08-01,1,5,no_position,0.3914536
3,cb1d0d50a97e2f09,2026-08-01,0,2,no_position,0.27691185
3,cb3211aa260baa05,2026-08-01,0,1,no_position,0.04667558
3,cb5bfd4de4a24a39,2026-08-01,0,5,no_position,0.054248445
3,cbb0682b3e5baa3e,2026-08-01,1,1,no_position,0.045302853
3,cbf78c1d76f71599,2026-08-01,0,2,no_position,0.059267357
3,cbffefa0793c0cf6,2026-08-01,0,2,no_position,0.12673862
3,cc5fc078752a2d9e,2026-08-01,0,3,no_position,0.04711023
3,cc67012a8db11b6e,2026-08-01,1,3,no_position,0.41709998
3,cc6dee7039591838,2026-08-01,0,2,no_position,0.062588096
3,cc94b1cad9af0439,2026-08-01,0,2,no_position,0.06358363
3,cca80f56884dd56c,2026-08-01,0,5,no_position,0.059989505
3,cd367ebb7a56db2a,2026-08-01,0,3,no_position,0.09686261
3,cd74971e18701a42,2026-08-01,0,3,no_position,0.06404928
3,cd78dbef19460d37,2026-08-01,0,1,no_position,0.11107807
3,cd8039ce8d069a74,2026-08-01,0,1,no_position,0.053184595
3,cda1d48ee2909503,2026-08-01,0,2,no_position,0.040086184
3,cda85ba9030e58de,2026-08-01,0,1,no_position,0.06252177
3,cdbe37af63426988,2026-08-01,0,5,no_position,0.051349383
3,cdc1dae41c300e8b,2026-08-01,0,4,no_position,0.32578135
3,cddc2535b41fa7d3,2026-08-01,0,5,no_position,0.061719947
3,cde395003811b073,2026-08-01,0,2,no_position,0.09934085
3,ce0940a3cb7f1d66,2026-08-01,0,2,no_position,0.04008982
3,ce1ea19550c4554c,2026-08-01,0,1,no_position,0.059361365
3,ce223577f555e770,2026-08-01,1,4,no_position,0.20857869
3,ce8513ae6ca01431,2026-08-01,0,1,no_position,0.16687775
3,ce8b0435ac9c9a41,2026-08-01,0,4,no_position,0.0349563
3,ce8b6f896b3991b4,2026-08-01,0,3,no_position,0.29647714
3,cea63f28cb229c32,2026-08-01,0,3,no_position,0.056094263
3,ceb995c3a78287d7,2026-08-01,0,5,no_position,0.14933707
3,cece8ee94919b060,2026-08-01,0,4,no_position,0.050256807
3,cf6039a8add9f119,2026-08-01,0,3,no_position,0.11209903
3,cf675adfe261b830,2026-08-01,0,5,no_position,0.06487007
3,cfa4d9aabe461095,2026-08-01,0,2,no_position,0.062439233
3,cfc301d34195508a,2026-08-01,0,4,no_position,0.050203945
3,cfea2b34b7aa8638,2026-08-01,0,4,no_position,0.15041696
3,cffa28db6211a6b5,2026-08-01,0,2,no_position,0.03822675
3,d002b1fa86b7fb8b,2026-08-01,0,1,no_position,0.053762734
3,d00c8115c5af8f60,2026-08-01,0,2,no_position,0.04065455
3,d0115054cd352deb,2026-08-01,0,3,no_position,0.041225128
3,d031155b9a3e61f0,2026-08-01,0,5,no_position,0.029763248
3,d03fd847f36b6fe2,2026-08-01,0,3,no_position,0.038877822
3,d05e6a6c00739c99,2026-08-01,0,5,no_position,0.046227105
3,d06460d7dcc86d36,2026-08-01,0,3,no_position,0.087515205
3,d06a3b55d51978b2,2026-08-01,0,1,no_position,0.06404917
3,d0839beb713314b9,2026-08-01,0,4,no_position,0.03869696
3,d0c08f39aa1d3208,2026-08-01,0,5,no_position,0.03765514
3,d0dcd7c3621f1586,2026-08-01,0,4,no_position,0.023246419
3,d1109c96abee7fac,2026-08-01,0,1,no_position,0.029522523
3,d1730a85ab24bc60,2026-08-01,0,5,no_position,0.08277453
3,d186d0a38906944d,2026-08-01,1,1,no_position,0.30455703
3,d18f9cc38378d4a4,2026-08-01,0,4,no_position,0.13723977
3,d1b1ce66b97597cb,2026-08-01,0,2,no_position,0.047954295
3,d1df9fcc70f265b6,2026-08-01,0,2,no_position,0.10751722
3,d22901ccc57a7932,2026-08-01,0,4,no_position,0.04245642
3,d22cd22e863c193b,2026-08-01,0,3,no_position,0.038614206
3,d2c84b3021b9b7e1,2026-08-01,0,3,no_position,0.1332958
3,d2d47b41db34b331,2026-08-01,0,2,no_position,0.11483238
3,d2f58acd12a3c252,2026-08-01,0,1,no_position,0.045892972
3,d2f66f95dd531cbc,2026-08-01,0,4,no_position,0.033366315
3,d314ff3760261bb7,2026-08-01,0,5,no_position,0.043757416
3,d31e3f1a08798e2c,2026-08-01,0,1,no_position,0.111708455
3,d31fc1ae55b59b70,2026-08-01,0,5,no_position,0.039766364
3,d331a5c5e24846dd,2026-08-01,0,4,no_position,0.06347799
3,d3567b3f2d0f42b9,2026-08-01,0,2,no_position,0.42868686
3,d35fca40cbd12ab1,2026-08-01,0,3,no_position,0.34975284
3,d3663db6c48aed9b,2026-08-01,0,4,no_position,0.04498895
3,d3886146bd64a402,2026-08-01,0,5,no_position,0.03351294
3,d396a8d07ece7916,2026-08-01,0,5,no_position,0.1013499
3,d3f112d60060851d,2026-08-01,0,3,no_position,0.040623672
3,d3fc3a0f59d58eb3,2026-08-01,0,1,no_position,0.04338066
3,d43597a77f8d1a19,2026-08-01,0,3,no_position,0.045783628
3,d44b1eb158d4c168,2026-08-01,1,4,no_position,0.06560663
3,d44f8c54b4a5b0e1,2026-08-01,0,4,no_position,0.35286894
3,d458534be259ab07,2026-08-01,0,1,no_position,0.06724277
3,d461e2841ff3a85f,2026-08-01,0,4,no_position,0.10436397
3,d4a9ae08542688c7,2026-08-01,0,1,no_position,0.0737541
3,d4bbcea36223164b,2026-08-01,0,4,no_position,0.02701867
3,d4da00b1e7b60f52,2026-08-01,0,3,no_position,0.2728392
3,d4ffcb29c70c1c2a,2026-08-01,0,4,no_position,0.077819414
3,d5076de70fb57034,2026-08-01,0,2,no_position,0.044766635
3,d51123f2f15f74db,2026-08-01,0,3,no_position,0.049676776
3,d51143c7d687c902,2026-08-01,0,2,no_position,0.061018582
3,d52fb3aab5d5ad6a,2026-08-01,0,4,no_position,0.24026494
3,d5655b8ac2d26aac,2026-08-01,0,5,no_position,0.04617636
3,d59d8a9ea95e65d0,2026-08-01,0,3,no_position,0.036604468
3,d64f2cd72deb56f4,2026-08-01,0,1,no_position,0.0764404
3,d68a5660e0dc1c10,2026-08-01,0,4,no_position,0.08714856
3,d6b760e6a64d61fc,2026-08-01,0,2,no_position,0.05924516
3,d6c97733b0d8afde,2026-08-01,0,1,no_position,0.051438026
3,d73ccdbe2a0d1c69,2026-08-01,0,4,no_position,0.11141998
3,d745b7fbb54ede2d,2026-08-01,0,4,no_position,0.050840836
3,d76e97cf2da40203,2026-08-01,0,5,no_position,0.05214776
3,d7725382363674aa,2026-08-01,0,5,no_position,0.030453715
3,d77b1a296ab74f3f,2026-08-01,1,1,no_position,0.3219648
3,d784a3950c1f1c20,2026-08-01,0,1,no_position,0.048978105
3,d7d87785535e17b6,2026-08-01,0,2,no_position,0.34311014
3,d7ee22bbad92b7b8,2026-08-01,0,5,no_position,0.20866702
3,d80957a60034c86c,2026-08-01,0,2,no_position,0.04227011
3,d80dca2673945fb8,2026-08-01,0,1,no_position,0.039536174
3,d8289618d25b5479,2026-08-01,0,3,no_position,0.1689288
3,d83cc1093e7ccb69,2026-08-01,0,1,no_position,0.052235175
3,d87186aa0fe44a34,2026-08-01,1,5,no_position,0.18511826
3,d89d54c24de9dff0,2026-08-01,0,1,no_position,0.0424224
3,d8a4c88c6db3dcb6,2026-08-01,0,4,no_position,0.040805932
3,d8b642ab76e51e27,2026-08-01,0,3,no_position,0.04267234
3,d8bdd813395645ef,2026-08-01,0,1,no_position,0.058468964
3,d900a6573dac2fd3,2026-08-01,0,3,no_position,0.07641647
3,d90acc0ee2f9b047,2026-08-01,0,5,no_position,0.06422691
3,d94c0aa09639eb28,2026-08-01,0,3,no_position,0.05511393
3,d95b49000de70581,2026-08-01,0,1,no_position,0.27316892
3,d97a114b73be118f,2026-08-01,0,4,no_position,0.09038289
3,d99cd594585c75bc,2026-08-01,0,1,no_position,0.061830528
3,d9b9a99c928faf8c,2026-08-01,0,2,no_position,0.04699283
3,d9c59a7632bafd25,2026-08-01,0,3,no_position,0.092136964
3,d9d393d15a0bb7ae,2026-08-01,0,1,no_position,0.3408623
3,d9e2bc1633ecbbb4,2026-08-01,0,2,no_position,0.10014115
3,d9ef86d8828b1bfd,2026-08-01,0,4,no_position,0.120209314
3,d9f334ed35470c91,2026-08-01,0,2,no_position,0.041379593
3,da1bc874f2ff7b3b,2026-08-01,0,3,no_position,0.029785378
3,da429c22a8f9ef21,2026-08-01,0,3,no_position,0.042371
3,dab5b89013ae494b,2026-08-01,0,2,no_position,0.04404405
3,dada57d6494bd2c7,2026-08-01,0,5,no_position,0.10964112
3,dae222b9451444ab,2026-08-01,0,3,no_position,0.03835193
3,dae8ca4802f0d292,2026-08-01,0,1,no_position,0.042091034
3,db479b2699ec894a,2026-08-01,0,3,no_position,0.06379919
3,dba507c4fc7124f8,2026-08-01,0,4,no_position,0.029137924
3,dbdfec3e13e2dcc0,2026-08-01,0,1,no_position,0.048081588
3,dc0e09e639393409,2026-08-01,0,4,no_position,0.040571596
3,dc127599821e3999,2026-08-01,0,5,no_position,0.06416378
3,dc1440f6028a463d,2026-08-01,0,3,no_position,0.055806305
3,dc380c55d2091afb,2026-08-01,0,2,no_position,0.043388624
3,dc3d25e8d08b00c3,2026-08-01,0,4,no_position,0.11511039
3,dc6713761ddfa876,2026-08-01,1,5,no_position,0.0645098
3,dc73458dab629567,2026-08-01,0,3,no_position,0.036052395
3,dc8271fe3a83ff9e,2026-08-01,0,4,no_position,0.07389593
3,dc96558dc2abc4c7,2026-08-01,0,4,no_position,0.07576806
3,dcb4bd56d1976fa8,2026-08-01,0,1,no_position,0.037847664
3,dcdd35b762eebd94,2026-08-01,0,5,no_position,0.16518202
3,dcfad0a85ff8cd42,2026-08-01,0,1,no_position,0.05612171
3,dd606793ffa63ee7,2026-08-01,0,4,no_position,0.026249358
3,dd673266333a80e8,2026-08-01,0,5,no_position,0.042187143
3,dd76e88ecd0d758f,2026-08-01,0,5,no_position,0.0684202
3,dd78744d874a9086,2026-08-01,0,5,no_position,0.077588715
3,ddd3359bde937d40,2026-08-01,0,1,no_position,0.056112338
3,de110aeb005f1155,2026-08-01,0,1,no_position,0.04471962
3,de1cbfda71e97f58,2026-08-01,0,2,no_position,0.048468355
3,de2195a9e406e922,2026-08-01,0,2,no_position,0.051207382
3,de2be78e7c9a7fad,2026-08-01,0,1,no_position,0.0327558
3,de323d7597616091,2026-08-01,1,1,no_position,0.07592162
3,deb4eb8d52b76d45,2026-08-01,0,5,no_position,0.038482446
3,ded2b8107f2f4164,2026-08-01,0,1,no_position,0.034856953
3,dee0c348249c23a2,2026-08-01,0,5,no_position,0.336991
3,def42e794d7f04e6,2026-08-01,0,2,no_position,0.04884023
3,defb67d4009862c0,2026-08-01,0,3,no_position,0.32765102
3,df131441fb6df011,2026-08-01,0,1,no_position,0.05891724
3,df13ffc2f9a278df,2026-08-01,0,1,no_position,0.15264471
3,df1f0eb5b0bb26e8,2026-08-01,0,2,no_position,0.055177756
3,df218b8d1adb2e13,2026-08-01,1,4,no_position,0.04920319
3,df2bf66d4e0c7c19,2026-08-01,1,4,no_position,0.3578402
3,df512b82ae6fa274,2026-08-01,0,2,no_position,0.04078335
3,df8a1f6223cf5956,2026-08-01,0,3,no_position,0.051823433
3,df94bbf6630be87e,2026-08-01,1,1,no_position,0.06878848
3,dff6a4b4e3d19e24,2026-08-01,0,5,no_position,0.051028676
3,e00603847303bea9,2026-08-01,0,2,no_position,0.053828
3,e0497bb75c414b92,2026-08-01,0,1,no_position,0.049405538
3,e073507739c36099,2026-08-01,0,1,no_position,0.5037188
3,e0a4f09370ee423e,2026-08-01,0,5,no_position,0.0834902
3,e0a855828414f326,2026-08-01,0,1,no_position,0.046631407
3,e0d338ecf95282ff,2026-08-01,0,5,no_position,0.04749395
3,e0e132fa6048fbde,2026-08-01,0,1,no_position,0.1221469
3,e0fc91b7138f96de,2026-08-01,0,3,no_position,0.029918639
3,e1035c4923fafcdf,2026-08-01,0,3,no_position,0.055420432
3,e1132d4fa2288a1e,2026-08-01,0,2,no_position,0.23120697
3,e11ad5c0aa951661,2026-08-01,0,2,no_position,0.059958003
3,e11f7eef68629708,2026-08-01,0,1,no_position,0.04780629
3,e13cf1c171c074a0,2026-08-01,0,2,no_position,0.039082445
3,e16e25ac48f5cff5,2026-08-01,0,3,no_position,0.034598637
3,e1b00750f80918b0,2026-08-01,0,4,no_position,0.03848459
3,e23cdb6525234f1b,2026-08-01,0,2,no_position,0.07021265
3,e25a3e3d2be0978a,2026-08-01,0,3,no_position,0.04733413
3,e261043c45eab006,2026-08-01,0,3,no_position,0.041466933
3,e26335296cd4b1df,2026-08-01,0,1,no_position,0.03480069
3,e2d929f8c4cdbd64,2026-08-01,0,4,no_position,0.03966328
3,e3321164226ca0e9,2026-08-01,0,1,no_position,0.050157916
3,e3499c25f879324a,2026-08-01,0,5,no_position,0.036632854
3,e35cc64cee64b3fd,2026-08-01,0,2,no_position,0.048376918
3,e365043d62d2dfd7,2026-08-01,1,2,no_position,0.09587873
3,e38c21bc6d8c2753,2026-08-01,1,3,no_position,0.080247805
3,e3a9e46ef99b4a32,2026-08-01,0,1,no_position,0.054236557
3,e3b746c0bc34c7ac,2026-08-01,0,4,no_position,0.05875121
3,e3ecbba5160c99f5,2026-08-01,1,1,no_position,0.059545018
3,e40dbdd31317dfaf,2026-08-01,0,3,no_position,0.17075497
3,e45eac0e69bf908e,2026-08-01,0,2,no_position,0.26549685
3,e462e65c212b8f84,2026-08-01,0,2,no_position,0.26958054
3,e4747c2bcabd32f7,2026-08-01,0,5,no_position,0.05551229
3,e4839bbb04f3cebd,2026-08-01,0,1,no_position,0.03186824
3,e4aae22e226df2d3,2026-08-01,0,1,no_position,0.045361027
3,e4b889aa5bf75a71,2026-08-01,0,3,no_position,0.1395313
3,e4e059354164c6a5,2026-08-01,0,4,no_position,0.045976866
3,e55c037c87e06c84,2026-08-01,0,2,no_position,0.046012487
3,e56bf70c61f09772,2026-08-01,0,5,no_position,0.07055695
3,e592dc63cc81f695,2026-08-01,0,2,no_position,0.092562586
3,e593372da32c82fd,2026-08-01,0,1,no_position,0.042339254
3,e5d21fef5a1f970e,2026-08-01,0,4,no_position,0.04586428
3,e5e8a8623ed35b3c,2026-08-01,0,3,no_position,0.049807467
3,e5fc560a248f156f,2026-08-01,0,4,no_position,0.057633914
3,e606ffaf154fb548,2026-08-01,0,5,no_position,0.052660886
3,e61b0b83e614a5c0,2026-08-01,0,2,no_position,0.13880062
3,e61db2934f709d23,2026-08-01,1,5,no_position,0.055387862
3,e62adc2de58a75ae,2026-08-01,0,1,no_position,0.06566882
3,e6483b7d8df0eebc,2026-08-01,0,3,no_position,0.10864511
3,e65e9641c753cc75,2026-08-01,0,3,no_position,0.03608935
3,e66c61cae76af2e4,2026-08-01,0,4,no_position,0.029217117
3,e69b33dc3d1605aa,2026-08-01,0,3,no_position,0.035266675
3,e6a543a953c5519c,2026-08-01,0,4,no_position,0.04422057
3,e6c086787ee8af76,2026-08-01,0,1,no_position,0.034465805
3,e6c50a69bd21771d,2026-08-01,0,1,no_position,0.19287762
3,e715b3a335dcb05d,2026-08-01,0,5,no_position,0.11865942
3,e71ef14acaf89607,2026-08-01,0,5,no_position,0.052545466
3,e71f493be2f6b17f,2026-08-01,0,5,no_position,0.16335292
3,e72fc9fd16cc9723,2026-08-01,0,5,no_position,0.050272033
3,e75de9bc70ac3780,2026-08-01,0,1,no_position,0.06261193
3,e7746b5df1c989c1,2026-08-01,0,2,no_position,0.045235254
3,e7a372884126a098,2026-08-01,0,2,no_position,0.043443955
3,e7c84f806edcf380,2026-08-01,0,3,no_position,0.07191933
3,e7dbf61956872aa1,2026-08-01,0,3,no_position,0.15203987
3,e7fab300b3d9be7a,2026-08-01,0,2,no_position,0.081255555
3,e80191d2e72bd60c,2026-08-01,0,3,no_position,0.038104977
3,e8111be46f0acadf,2026-08-01,0,1,no_position,0.06939786
3,e846048aca7000e7,2026-08-01,0,3,no_position,0.050157867
3,e84e8effb79829f1,2026-08-01,0,4,no_position,0.06488571
3,e8c7001061a757e6,2026-08-01,1,3,no_position,0.13810658
3,e8d630de466e296e,2026-08-01,0,3,no_position,0.044111922
3,e98f4f8dc0b0ca5f,2026-08-01,0,1,no_position,0.04163039
3,e9c4100932721d54,2026-08-01,1,3,no_position,0.040321074
3,ea267ff14906c369,2026-08-01,0,5,no_position,0.03232634
3,ea2c5a70aeb778e2,2026-08-01,0,4,no_position,0.068072885
3,ea7dbba03c36ff30,2026-08-01,0,3,no_position,0.06924629
3,ea99e0c6d1de2bd6,2026-08-01,0,1,no_position,0.047171272
3,eaa962dfbf56fcb6,2026-08-01,0,1,no_position,0.038539115
3,eab3b6b512d37fca,2026-08-01,0,1,no_position,0.053651042
3,eafd0027eccadab1,2026-08-01,0,3,no_position,0.029564932
3,eb47a0b582f1715f,2026-08-01,0,3,no_position,0.112431094
3,eb68ddd006369605,2026-08-01,0,5,no_position,0.08403848
3,eb7f015f486b9e29,2026-08-01,0,4,no_position,0.019791782
3,eb8c2a4b3846484f,2026-08-01,0,2,no_position,0.047977746
3,eb93e266b18da9bf,2026-08-01,0,3,no_position,0.036267236
3,eb9857f9f2407381,2026-08-01,0,5,no_position,0.043129236
3,eba5f2fc2336ab7f,2026-08-01,1,1,no_position,0.060133543
3,ebd49450af9db9a2,2026-08-01,0,2,no_position,0.06856137
3,ebff1a3d16cf7a86,2026-08-01,0,1,no_position,0.05636814
3,ec36e74c007b6c75,2026-08-01,0,1,no_position,0.0357429
3,ec519ea42d0d027b,2026-08-01,0,5,no_position,0.10951602
3,ec5d8da8fb7eb269,2026-08-01,0,2,no_position,0.056133512
3,ec6ef9a51ee00145,2026-08-01,0,2,no_position,0.076950066
3,ec78042f241a67e1,2026-08-01,0,3,no_position,0.10742449
3,ec916ea8504b9efc,2026-08-01,0,3,no_position,0.31878537
3,ecbe8f14a80fd48c,2026-08-01,0,1,no_position,0.5103779
3,ecdb3dff84aaec56,2026-08-01,0,3,no_position,0.037121236
3,ecfa51c9511e8ffe,2026-08-01,0,4,no_position,0.03415382
3,ecfc34d7d3084013,2026-08-01,0,5,no_position,0.15419212
3,ed10df13e8c3d6a4,2026-08-01,0,3,no_position,0.059514266
3,ed4aa2538a7dbf62,2026-08-01,0,3,no_position,0.19384143
3,ed558d8a01f233f0,2026-08-01,0,5,no_position,0.042749714
3,ed5b7cd4aeaae690,2026-08-01,0,3,no_position,0.055118646
3,ed7ad77c96ca3142,2026-08-01,0,1,no_position,0.059417296
3,eda7ed52ae491f81,2026-08-01,0,4,no_position,0.020029394
3,edaef082727da6cb,2026-08-01,0,3,no_position,0.08780022
3,ee07196a4e304f1f,2026-08-01,0,5,no_position,0.08417748
3,ee2fe0668b4d7621,2026-08-01,0,3,no_position,0.21386269
3,ee7a884974a9d88e,2026-08-01,0,5,no_position,0.042863697
3,eea0a35e47747e8b,2026-08-01,0,3,no_position,0.07015567
3,eeb42e625ddb66d4,2026-08-01,0,3,no_position,0.25821462
3,eedcc58c535ba88b,2026-08-01,0,4,no_position,0.065485425
3,eef354ddf1eb98df,2026-08-01,0,3,no_position,0.030527502
3,ef057e3acd34e1e8,2026-08-01,0,5,no_position,0.038572446
3,ef08e24e110afde5,2026-08-01,1,2,no_position,0.16999996
3,efb2877b79d9ce43,2026-08-01,0,1,no_position,0.04190471
3,f0030ebd26f6244f,2026-08-01,0,5,no_position,0.097233996
3,f014e13926c9cfcf,2026-08-01,0,3,no_position,0.042472802
3,f0269981cf5d27d6,2026-08-01,0,1,no_position,0.03641634
3,f04b85166805266a,2026-08-01,0,5,no_position,0.029196486
3,f059acd2d0b42179,2026-08-01,0,4,no_position,0.046294786
3,f0e2d776db3a6d41,2026-08-01,0,1,no_position,0.033508632
3,f149e01a0f125a0a,2026-08-01,0,5,no_position,0.037293267
3,f14a80b2c1a257c0,2026-08-01,0,4,no_position,0.029929789
3,f157b08d6651c126,2026-08-01,0,2,no_position,0.37426132
3,f1627953332ba38d,2026-08-01,0,3,no_position,0.03987645
3,f16879c34b9df4b2,2026-08-01,0,3,no_position,0.04172133
3,f17ba29af2df25c5,2026-08-01,0,4,no_position,0.11454639
3,f18eba8787886103,2026-08-01,0,2,no_position,0.05609381
3,f1a9484dba0b11ad,2026-08-01,0,3,no_position,0.16755334
3,f1acb9f343b0a3c0,2026-08-01,0,3,no_position,0.026115883
3,f1c0d1cb541b9fb0,2026-08-01,0,5,no_position,0.098420046
3,f1c63cc651047664,2026-08-01,0,1,no_position,0.039351046
3,f221a38ea7173a13,2026-08-01,0,1,no_position,0.29689372
3,f22201fca8c422a4,2026-08-01,0,5,no_position,0.038526397
3,f260a10706ebbb88,2026-08-01,0,2,no_position,0.056641776
3,f2b6a03815ddf4f1,2026-08-01,0,2,no_position,0.050248146
3,f2beaad8cbbbcfc8,2026-08-01,0,4,no_position,0.039999396
3,f2c760cb55b348c8,2026-08-01,0,1,no_position,0.053935125
3,f31399646e26bd2a,2026-08-01,0,3,no_position,0.05271226
3,f33a69bc978b1d41,2026-08-01,1,2,no_position,0.10274926
3,f39e8825a4df2f1a,2026-08-01,0,4,no_position,0.17828546
3,f3cde82a11242053,2026-08-01,0,1,no_position,0.04124747
3,f3e6817ff4ef2981,2026-08-01,1,4,no_position,0.17194428
3,f3ebcc131ad9ca79,2026-08-01,0,1,no_position,0.03186324
3,f3f6044c237558ad,2026-08-01,0,5,no_position,0.041973844
3,f4033214c06ae401,2026-08-01,0,2,no_position,0.038042374
3,f40f5844be3626a3,2026-08-01,0,5,no_position,0.067764364
3,f432c1ce96556a66,2026-08-01,0,5,no_position,0.20680296
3,f439e4607e27dbb6,2026-08-01,0,1,no_position,0.053214114
3,f44d227300881edd,2026-08-01,0,2,no_position,0.07758699
3,f45746c65185bbef,2026-08-01,0,1,no_position,0.34172055
3,f458e1a66c29e26d,2026-08-01,0,1,no_position,0.03166194
3,f48c2e37f0b902d9,2026-08-01,1,5,no_position,0.28035003
3,f48c2e547efc235e,2026-08-01,0,1,no_position,0.053594764
3,f4b6a7557aaf035a,2026-08-01,0,4,no_position,0.065807715
3,f4be5643e799cab4,2026-08-01,1,5,no_position,0.088093996
3,f4c772b27e52d652,2026-08-01,0,1,no_position,0.040275104
3,f4d5b8b3fb3e2676,2026-08-01,0,4,no_position,0.032276943
3,f4efa936f6c7f6b4,2026-08-01,0,5,no_position,0.075228766
3,f50a475522b1a695,2026-08-01,0,1,no_position,0.2156726
3,f50bd67a138f7094,2026-08-01,1,1,no_position,0.08129825
3,f5292ac8b1f26f74,2026-08-01,0,4,no_position,0.13452882
3,f55563fd3c19b752,2026-08-01,0,2,no_position,0.04981073
3,f55ce5e2a5651d9f,2026-08-01,0,1,no_position,0.03412957
3,f55cfa50b0f6a792,2026-08-01,0,2,no_position,0.035316426
3,f58b014562f6c99f,2026-08-01,0,1,no_position,0.05703569
3,f58f965a982df7b6,2026-08-01,0,2,no_position,0.042985074
3,f5a065510dcd0433,2026-08-01,0,3,no_position,0.053198412
3,f61812771fe10eb5,2026-08-01,0,4,no_position,0.03604985
3,f62012fecc21a2f9,2026-08-01,0,1,no_position,0.1011767
3,f644215ebd5d828d,2026-08-01,0,4,no_position,0.02737107
3,f644d98f6bf99918,2026-08-01,0,3,no_position,0.03287815
3,f67ecebfacb45c3b,2026-08-01,0,2,no_position,0.26387116
3,f6af2fd7432707f8,2026-08-01,0,1,no_position,0.24360023
3,f6bdca9136c22a8e,2026-08-01,0,4,no_position,0.06816277
3,f6ddf90ada0eb0b7,2026-08-01,0,4,no_position,0.16744885
3,f6dffbb00874d5a6,2026-08-01,0,4,no_position,0.061153904
3,f6e9cbe434a580f9,2026-08-01,1,2,no_position,0.21538945
3,f6f7a24eb7774c65,2026-08-01,0,5,no_position,0.047008444
3,f73f0aad5afce152,2026-08-01,0,2,no_position,0.21958937
3,f74b69f6473edb13,2026-08-01,0,4,no_position,0.061893273
3,f76c30d598bd36e5,2026-08-01,0,2,no_position,0.05812392
3,f77741bcb5b14788,2026-08-01,0,5,no_position,0.098138936
3,f77ee2fe126a897c,2026-08-01,0,2,no_position,0.067483164
3,f791d8b7b0710968,2026-08-01,0,1,no_position,0.08576516
3,f7cde9d0b350713c,2026-08-01,0,2,no_position,0.053945128
3,f7cecf2c00c1819d,2026-08-01,0,2,no_position,0.04079844
3,f7eea07d7aff2d0d,2026-08-01,1,3,no_position,0.0839621
3,f83cc16ad925f20b,2026-08-01,0,1,no_position,0.06384061
3,f877968a9fe0ec25,2026-08-01,0,3,no_position,0.029087827
3,f880fba46709cd90,2026-08-01,0,2,no_position,0.09022168
3,f89c86987d743674,2026-08-01,0,2,no_position,0.09321576
3,f8af60474a4cd023,2026-08-01,0,3,no_position,0.111654714
3,f8b89e7cbb1cf588,2026-08-01,1,1,no_position,0.18890707
3,f8f61eaee8ebbdc8,2026-08-01,0,5,no_position,0.038450006
3,f91fd86082356094,2026-08-01,0,3,no_position,0.029681899
3,f922701411b5eef6,2026-08-01,0,3,no_position,0.055282306
3,f930193b394ad7c6,2026-08-01,0,2,no_position,0.056317307
3,f973fe9cc07d10c2,2026-08-01,0,4,no_position,0.15504608
3,f99153a6a21d7383,2026-08-01,1,4,no_position,0.2419299
3,f99cb33f5b71541c,2026-08-01,0,4,no_position,0.17141521
3,f9b8106f4cd92395,2026-08-01,0,5,no_position,0.040625237
3,f9bb716aa202b9e7,2026-08-01,0,5,no_position,0.16458118
3,f9d469aba8b024f1,2026-08-01,0,1,no_position,0.030266354
3,f9d49565267a7292,2026-08-01,0,4,no_position,0.032177493
3,fa3b9c2fb58ca024,2026-08-01,0,2,no_position,0.19341934
3,fa689e072c7c3c2d,2026-08-01,0,3,no_position,0.04784869
3,fa6b62fef25c3d09,2026-08-01,0,4,no_position,0.029497491
3,fa6d469111b8718b,2026-08-01,0,5,no_position,0.034879323
3,fa7c9bf4012e9f38,2026-08-01,0,4,no_position,0.03271072
3,faa0571618565b95,2026-08-01,0,2,no_position,0.033336334
3,fac4722117e2a013,2026-08-01,0,2,no_position,0.23668079
3,fb1581f2bf471e85,2026-08-01,0,5,no_position,0.059174325
3,fb1a3d1aa4d34b80,2026-08-01,0,2,no_position,0.08150701
3,fb1fbf868e9efed5,2026-08-01,1,3,no_position,0.058602482
3,fb5afe9bcb1c1bb3,2026-08-01,0,2,no_position,0.041545775
3,fba2180942644c4a,2026-08-01,1,4,no_position,0.20567113
3,fbcbfe7a16a73048,2026-08-01,0,3,no_position,0.08153561
3,fbcc0cf9ffca368c,2026-08-01,0,2,no_position,0.076969676
3,fbcca9ebc83c62ed,2026-08-01,0,4,no_position,0.05008511
3,fc2058d4d98dcc8a,2026-08-01,0,1,no_position,0.42004246
3,fc3c8a50eefcde12,2026-08-01,0,5,no_position,0.03432741
3,fc49ba836bcdeb34,2026-08-01,0,5,no_position,0.04334432
3,fc56a22d3c12818f,2026-08-01,0,3,no_position,0.13045254
3,fca14a2f1d78c98a,2026-08-01,0,4,no_position,0.18786268
3,fcb1eea2188e017f,2026-08-01,0,2,no_position,0.061671972
3,fcdc500e666668c3,2026-08-01,0,5,no_position,0.033312064
3,fcf40720187dc4de,2026-08-01,0,2,no_position,0.038169466
3,fd3ff18c855927d5,2026-08-01,0,2,no_position,0.0624161
3,fd713e849f3f1905,2026-08-01,0,1,no_position,0.06587263
3,fd74d7de71c9d49e,2026-08-01,0,5,no_position,0.25564978
3,fd7a7089db028722,2026-08-01,0,3,no_position,0.041810457
3,fdbd8efa8c6eb478,2026-08-01,0,4,no_position,0.09387741
3,fdc244aad2d501f4,2026-08-01,0,4,no_position,0.035218474
3,fdd03f77cbf5466f,2026-08-01,0,5,no_position,0.046457313
3,fddefba040d79b32,2026-08-01,1,1,no_position,0.048141446
3,fdea8be6b392717e,2026-08-01,0,3,no_position,0.051944062
3,fdeb4e6863b31d90,2026-08-01,0,1,no_position,0.05648543
3,fe01de103ed06503,2026-08-01,0,3,no_position,0.059526354
3,fe2c0d77ca4235ca,2026-08-01,0,2,no_position,0.050124902
3,fe3c8553a0258252,2026-08-01,0,3,no_position,0.075854406
3,fe7c9afb81ed1701,2026-08-01,0,1,no_position,0.13521516
3,fe87abc960767736,2026-08-01,0,4,no_position,0.04123135
3,ff09b03a5e8b51da,2026-08-01,1,3,no_position,0.13322578
3,ff24bb4caf77c871,2026-08-01,0,1,no_position,0.04724452
3,ff334ba8100df479,2026-08-01,0,4,no_position,0.07435727
3,ff3940ba72b8d3c4,2026-08-01,0,3,no_position,0.038720086
3,ff687a1a0772c6d9,2026-08-01,0,4,no_position,0.033428922
3,ff975ff15a86a1ea,2026-08-01,0,3,no_position,0.21755047
3,ffabe38013f62f9b,2026-08-01,0,1,no_position,0.03583149
3,ffad1c93ed6268c6,2026-08-01,0,1,no_position,0.03990062
3,ffaf2d56cc963564,2026-08-01,0,5,no_position,0.07472394
3,ffd207ff73f6d04f,2026-08-01,0,1,no_position,0.04564193
3,fffc21d1686bad3a,2026-08-01,0,2,no_position,0.05221279
4,003dff44bb035f94,2026-08-01,0,3,no_position,0.039111763
4,007c4152a626220f,2026-08-01,0,4,no_position,0.034649193
4,0087b38c11c345fe,2026-08-01,0,4,no_position,0.066832304
4,00fb68bdcbdf9831,2026-08-01,0,1,no_position,0.067701526
4,00ff48e92ce36c02,2026-08-01,0,5,no_position,0.046910364
4,01011d6a33f29ce4,2026-08-01,0,5,no_position,0.047506172
4,01931b333584918c,2026-08-01,0,1,no_position,0.050018728
4,01ca9eaeaa13b8bd,2026-08-01,0,2,no_position,0.23405349
4,01dd01c2beb93afd,2026-08-01,0,4,no_position,0.03977881
4,01e2918b377d478d,2026-08-01,0,2,no_position,0.05117997
4,01e2fa583cd5ee0f,2026-08-01,0,1,no_position,0.02672727
4,02323b998690e3cf,2026-08-01,0,3,no_position,0.03621806
4,024fdf1931b79b2d,2026-08-01,0,1,no_position,0.05216374
4,027a04b92bf01d15,2026-08-01,0,2,no_position,0.039647244
4,0291abc382cd2520,2026-08-01,0,4,no_position,0.08461988
4,02aa0450880a170c,2026-08-01,1,2,no_position,0.2511018
4,02d704b7c6db5c36,2026-08-01,0,5,no_position,0.123962484
4,02da04f9dddbf43e,2026-08-01,1,5,no_position,0.19449805
4,02e61cd5ee2ac311,2026-08-01,1,4,no_position,0.4832737
4,02e80a2290e428ea,2026-08-01,0,3,no_position,0.090537004
4,02f263fb134b213c,2026-08-01,0,2,no_position,0.2861897
4,03350f283185b484,2026-08-01,0,1,no_position,0.07603854
4,03381668918ac00c,2026-08-01,0,4,no_position,0.035972018
4,03910eb439d1e832,2026-08-01,0,3,no_position,0.029233616
4,03a04256e6ca66fc,2026-08-01,0,3,no_position,0.04778435
4,03a2bf880fcec3dd,2026-08-01,0,1,no_position,0.057463158
4,03af17d417fe98d5,2026-08-01,0,2,no_position,0.04553565
4,03bd9424504d8f82,2026-08-01,1,4,no_position,0.3558883
4,03dd4c288847f104,2026-08-01,0,1,no_position,0.039980017
4,03f24a5739765bab,2026-08-01,0,2,no_position,0.06959636
4,0418aadcc732b12c,2026-08-01,0,2,no_position,0.04032999
4,0424b0a2b07b7cad,2026-08-01,0,2,no_position,0.044732127
4,043d316a84266449,2026-08-01,0,2,no_position,0.040319618
4,049b6682bcef2888,2026-08-01,0,2,no_position,0.0560523
4,04d319becc8ad4c4,2026-08-01,0,4,no_position,0.04107145
4,04eadda387a64c19,2026-08-01,0,5,no_position,0.14583889
4,0502685a736a80a3,2026-08-01,0,2,no_position,0.043404587
4,051ff465c1447c26,2026-08-01,0,1,no_position,0.032885395
4,054a5ed1536eb00f,2026-08-01,0,1,no_position,0.058706082
4,05b7596487829c35,2026-08-01,0,2,no_position,0.046201862
4,061d5038aa8112db,2026-08-01,0,3,no_position,0.061080385
4,0657a2cdc075a177,2026-08-01,0,2,no_position,0.1308939
4,0659b4e995f9de58,2026-08-01,0,2,no_position,0.08311277
4,071200be1b958442,2026-08-01,0,1,no_position,0.033007585
4,07b644f877c2a74a,2026-08-01,0,5,no_position,0.07262887
4,07c3e06329bde539,2026-08-01,0,1,no_position,0.045286357
4,07c849ca2a1a930a,2026-08-01,0,4,no_position,0.044844512
4,081a4ff78fefabc0,2026-08-01,0,3,no_position,0.11077875
4,082a4ceb329f8d16,2026-08-01,1,4,no_position,0.119704664
4,084a4bf69c56aeee,2026-08-01,0,1,no_position,0.13439035
4,08597494bc841e31,2026-08-01,0,3,no_position,0.048665993
4,085ad10ca17eea09,2026-08-01,0,1,no_position,0.13437694
4,08c78a834b857d72,2026-08-01,0,4,no_position,0.045910284
4,090139f1189de981,2026-08-01,0,4,no_position,0.11693093
4,0930757aaeeaebfa,2026-08-01,0,2,no_position,0.056081925
4,095db03f45b0ce55,2026-08-01,0,4,no_position,0.04727531
4,096a087971a43c60,2026-08-01,0,1,no_position,0.06465706
4,0978230101d5de85,2026-08-01,0,3,no_position,0.031970114
4,097ed0b71992702d,2026-08-01,0,4,no_position,0.11897614
4,0999320f94723842,2026-08-01,1,4,no_position,0.27923545
4,099a8184ef18ddc9,2026-08-01,0,2,no_position,0.14642812
4,09a2a63364b55c57,2026-08-01,0,1,no_position,0.11471306
4,09a6a863b9cacb81,2026-08-01,0,5,no_position,0.051641423
4,09c58b090a3ffbce,2026-08-01,1,5,no_position,0.038636528
4,09e1262e84fd3841,2026-08-01,0,4,no_position,0.13471824
4,0a15b22d5ac55b15,2026-08-01,0,3,no_position,0.040943597
4,0a44ad88738b0311,2026-08-01,0,2,no_position,0.08159
4,0a4cb0ddcdd0c8c2,2026-08-01,0,5,no_position,0.03384469
4,0a52ff64f1443802,2026-08-01,0,5,no_position,0.038594786
4,0ab7b254b5782ae2,2026-08-01,0,2,no_position,0.054811265
4,0ae52db92ac27d8c,2026-08-01,0,1,no_position,0.031930197
4,0b20624577ba4646,2026-08-01,0,4,no_position,0.06363609
4,0b49e0c4173b1283,2026-08-01,0,2,no_position,0.3464304
4,0b5d536357e847ed,2026-08-01,0,1,no_position,0.041467458
4,0b95055d0c571240,2026-08-01,0,1,no_position,0.1460301
4,0ba03c9bddde3466,2026-08-01,1,4,no_position,0.10361788
4,0bb4750ad23b07ad,2026-08-01,1,1,no_position,0.25625265
4,0bb4c1518d9cff90,2026-08-01,0,4,no_position,0.034329038
4,0bb56b29c02e6abd,2026-08-01,0,1,no_position,0.033885185
4,0bbb18dce6b389ea,2026-08-01,0,2,no_position,0.04553708
4,0bebf56c66d1d55e,2026-08-01,0,5,no_position,0.04119133
4,0bf9ce729e3b2639,2026-08-01,0,1,no_position,0.068859756
4,0c602a538b824355,2026-08-01,0,3,no_position,0.031036204
4,0c79f93836c235ef,2026-08-01,0,2,no_position,0.06525619
4,0cab2d865e0581e2,2026-08-01,0,3,no_position,0.05676963
4,0cb42e72a5656054,2026-08-01,0,2,no_position,0.064916566
4,0cc663a921621614,2026-08-01,0,4,no_position,0.060603734
4,0cc996363c0a24ab,2026-08-01,0,4,no_position,0.06599606
4,0ce1d50c7fe89d94,2026-08-01,0,4,no_position,0.037251484
4,0cec959166e1e602,2026-08-01,0,4,no_position,0.03246262
4,0d4b1a562cfa772f,2026-08-01,0,4,no_position,0.13291767
4,0d4c341b1c1392db,2026-08-01,0,2,no_position,0.100440525
4,0d50812e49656790,2026-08-01,1,4,no_position,0.21742293
4,0d634193e1a80ef5,2026-08-01,0,1,no_position,0.046238195
4,0d6e53b82e5292c5,2026-08-01,0,2,no_position,0.14593385
4,0d7132f117f7e80d,2026-08-01,0,3,no_position,0.029427718
4,0d773bf5a137ed3c,2026-08-01,0,1,no_position,0.030005652
4,0d8397975d8b06c0,2026-08-01,0,4,no_position,0.08665731
4,0d8a788ed39dca5b,2026-08-01,0,5,no_position,0.11535787
4,0d97e3c1f366c75e,2026-08-01,0,1,no_position,0.032917965
4,0da5935f0b1eeac9,2026-08-01,0,5,no_position,0.04105042
4,0dd2a4fd6c5f8bdd,2026-08-01,0,4,no_position,0.18551241
4,0dfd7b295cff6e7e,2026-08-01,0,2,no_position,0.068105415
4,0e1dc2f350d502ed,2026-08-01,0,5,no_position,0.08799997
4,0e256f771502feb5,2026-08-01,0,4,no_position,0.024307348
4,0e53db0d3fbed6e7,2026-08-01,0,1,no_position,0.040888153
4,0e64bae2a42679ee,2026-08-01,0,3,no_position,0.23741466
4,0e684c471a717446,2026-08-01,0,5,no_position,0.073472925
4,0e87775f25a189d8,2026-08-01,0,5,no_position,0.057371944
4,0e9b710dc9fe4597,2026-08-01,0,2,no_position,0.06822666
4,0ea6196135d03d16,2026-08-01,0,5,no_position,0.16464576
4,0ed589c270774997,2026-08-01,0,4,no_position,0.07657692
4,0ee7c3103d027bc9,2026-08-01,0,2,no_position,0.10748733
4,0f34cd5358ede917,2026-08-01,0,1,no_position,0.12832113
4,0f3c9faec3d5550b,2026-08-01,0,3,no_position,0.048619546
4,0f40b70536e1812a,2026-08-01,1,3,no_position,0.06307455
4,0f80ccd12f426a91,2026-08-01,0,1,no_position,0.042342465
4,0fa054a7f9eee0f7,2026-08-01,0,1,no_position,0.07483712
4,1033b7ed2e2b27ac,2026-08-01,0,3,no_position,0.037630923
4,10576ad846871f6e,2026-08-01,0,1,no_position,0.05444334
4,106355d7cc37068c,2026-08-01,0,5,no_position,0.035444736
4,10a0027a558e4143,2026-08-01,0,3,no_position,0.069641195
4,10a1fbf7e2142097,2026-08-01,0,2,no_position,0.06423404
4,1173f07cdcc69285,2026-08-01,0,1,no_position,0.057428874
4,119b797ff0b26ae5,2026-08-01,0,5,no_position,0.07170674
4,11a05e8de1f545a3,2026-08-01,0,3,no_position,0.05746551
4,11b7334c529b0456,2026-08-01,1,1,no_position,0.20934173
4,11d1f12f120ea96e,2026-08-01,0,3,no_position,0.18087584
4,126530ae2f1c7e84,2026-08-01,0,1,no_position,0.037095197
4,12d4d2441731262f,2026-08-01,0,4,no_position,0.1997521
4,12f261dd905b8bd6,2026-08-01,0,4,no_position,0.03676205
4,131b3b53b7bd6c7b,2026-08-01,0,3,no_position,0.10676146
4,13245e15f185f1b1,2026-08-01,0,4,no_position,0.052527893
4,135649f37cd26743,2026-08-01,0,5,no_position,0.3756615
4,1392854ed74fcd1c,2026-08-01,0,4,no_position,0.0777605
4,13a788ae647cea48,2026-08-01,0,2,no_position,0.044034645
4,13e77e6358b1178c,2026-08-01,0,3,no_position,0.078752115
4,1456c68e29c8a7b3,2026-08-01,0,1,no_position,0.05339433
4,1471999f46d223cf,2026-08-01,0,5,no_position,0.05435526
4,1482e137d927715a,2026-08-01,0,1,no_position,0.05156444
4,14c01c20f834728f,2026-08-01,0,5,no_position,0.15750651
4,14daaccf5170ee1f,2026-08-01,0,2,no_position,0.051149923
4,14ee9e03dad7ece8,2026-08-01,0,4,no_position,0.3368934
4,15196236628f9eca,2026-08-01,0,3,no_position,0.16495104
4,156fc33e7d352f83,2026-08-01,0,1,no_position,0.045598645
4,15bba3601bca4303,2026-08-01,0,2,no_position,0.05205153
4,15c70348f63af13c,2026-08-01,1,2,no_position,0.053059213
4,15cc15fb91e373f7,2026-08-01,0,4,no_position,0.0834616
4,15e26c22e75d0327,2026-08-01,0,5,no_position,0.04996613
4,15ec20d873c47cd3,2026-08-01,0,5,no_position,0.04657233
4,15f671b7a635fbb8,2026-08-01,0,4,no_position,0.17488876
4,164fbcbd8a3cd874,2026-08-01,0,1,no_position,0.047573805
4,1665185b0cca1907,2026-08-01,0,2,no_position,0.07428936
4,16662ff58bdc2d9e,2026-08-01,0,3,no_position,0.043541733
4,16a80e2646f5c6c9,2026-08-01,1,3,no_position,0.073792875
4,16ae9748ba12296c,2026-08-01,0,3,no_position,0.23268516
4,16e9600f8dc0b903,2026-08-01,0,1,no_position,0.049834397
4,16eddc6398337938,2026-08-01,1,2,no_position,0.17951967
4,170b1887461b2ad8,2026-08-01,0,4,no_position,0.03832014
4,171156f0e4679c17,2026-08-01,0,3,no_position,0.046323784
4,171b9a18e1d1f5f9,2026-08-01,0,1,no_position,0.044515982
4,175e194389f78800,2026-08-01,0,4,no_position,0.049357545
4,175eadc25f5b3389,2026-08-01,0,5,no_position,0.040832322
4,17961588f079b498,2026-08-01,0,3,no_position,0.061368424
4,17a851703d6d0012,2026-08-01,0,1,no_position,0.049287226
4,17b499b2d1852006,2026-08-01,0,4,no_position,0.27986565
4,17c9d1d44245214a,2026-08-01,0,4,no_position,0.36246696
4,17d14ecfc7b15143,2026-08-01,0,5,no_position,0.044917043
4,17d176c2c21ab561,2026-08-01,0,3,no_position,0.08681872
4,17d7e541db5e4b08,2026-08-01,0,1,no_position,0.030613406
4,181caf7cc65080a8,2026-08-01,0,5,no_position,0.14494446
4,182b1b9ca4f197c4,2026-08-01,0,5,no_position,0.023470797
4,183089cee2cf85fb,2026-08-01,0,3,no_position,0.051029544
4,18471babfc828dfc,2026-08-01,0,3,no_position,0.059074916
4,1862356eb33bc027,2026-08-01,0,5,no_position,0.023048101
4,1879606555e38bd3,2026-08-01,0,4,no_position,0.29803118
4,1880dc74296d0cfa,2026-08-01,0,4,no_position,0.4135149
4,18ce04bc597e2847,2026-08-01,0,5,no_position,0.094045684
4,19148ed2b0c06472,2026-08-01,0,2,no_position,0.038362965
4,1919262e80c5f25b,2026-08-01,1,3,no_position,0.05104716
4,194cf550b3fa862e,2026-08-01,0,2,no_position,0.044834323
4,195ae92aa2e66451,2026-08-01,0,5,no_position,0.03868369
4,1976891f1e3c15b4,2026-08-01,0,5,no_position,0.026097532
4,197f0fec636b0f81,2026-08-01,0,3,no_position,0.031621225
4,19a8fa7f8d5b8bc2,2026-08-01,1,2,no_position,0.38532376
4,19fa2b5e5693502a,2026-08-01,0,1,no_position,0.05816218
4,1a0c539714f90980,2026-08-01,0,1,no_position,0.035327937
4,1a104ce41b51d391,2026-08-01,0,3,no_position,0.113597296
4,1a40fba1297a7077,2026-08-01,0,1,no_position,0.054168876
4,1a86e49a3784af3e,2026-08-01,0,5,no_position,0.034644935
4,1ae0db4a5532db3b,2026-08-01,0,3,no_position,0.05156459
4,1ae8a05a31d7dbb8,2026-08-01,0,3,no_position,0.028089976
4,1b5e51df1972e7a5,2026-08-01,1,4,no_position,0.23445621
4,1b5f7eba40f67612,2026-08-01,0,1,no_position,0.062394075
4,1b7d597d86c22fcc,2026-08-01,1,5,no_position,0.3356372
4,1ba968991ab9e484,2026-08-01,0,4,no_position,0.06294754
4,1bb5b1d75a533d6b,2026-08-01,0,3,no_position,0.24488167
4,1bbab17a4d154370,2026-08-01,0,5,no_position,0.0708776
4,1bcb594c89383b13,2026-08-01,0,3,no_position,0.045389
4,1c112b1443df2ab1,2026-08-01,0,5,no_position,0.060585357
4,1c2b3ffea84a6a25,2026-08-01,0,2,no_position,0.049238876
4,1c656dbbe33a6149,2026-08-01,0,3,no_position,0.061763015
4,1c7c9b5480e09b97,2026-08-01,0,3,no_position,0.050679054
4,1c946293083a8951,2026-08-01,0,2,no_position,0.3624984
4,1cb88bf483912a65,2026-08-01,1,5,no_position,0.49142373
4,1cd16568a0702722,2026-08-01,0,1,no_position,0.05389682
4,1cd82036dcb7cce6,2026-08-01,0,3,no_position,0.041738547
4,1d9f58f4c64318f2,2026-08-01,0,5,no_position,0.12892294
4,1dc58be705428dce,2026-08-01,0,3,no_position,0.09535648
4,1dd9edc7fb8ceca0,2026-08-01,0,3,no_position,0.048156533
4,1e0a0d02eed2ffb4,2026-08-01,0,4,no_position,0.037641406
4,1e64dc128cb958a9,2026-08-01,0,5,no_position,0.09764925
4,1e8e64614cda21df,2026-08-01,0,5,no_position,0.2038032
4,1ebe042f307af5b7,2026-08-01,0,1,no_position,0.03290229
4,1eda5b019b3191f9,2026-08-01,0,1,no_position,0.04969792
4,1f2384023017844e,2026-08-01,0,1,no_position,0.059440132
4,1f578da493b40ef8,2026-08-01,0,4,no_position,0.21287937
4,1f6c5783cc90b5df,2026-08-01,0,5,no_position,0.0819739
4,1f8512dcc8a12abb,2026-08-01,0,2,no_position,0.05813949
4,1f94c5d02264c243,2026-08-01,0,2,no_position,0.051152214
4,1f9c741b849a078b,2026-08-01,0,1,no_position,0.2697508
4,1fbee37d12a8b485,2026-08-01,0,1,no_position,0.085505314
4,1fc4cc720cebbdf8,2026-08-01,0,4,no_position,0.06848929
4,1fe6e5caa87a9439,2026-08-01,0,3,no_position,0.0388028
4,1fed880efd3187ab,2026-08-01,0,2,no_position,0.0488621
4,1fef13d5b3936f28,2026-08-01,1,2,no_position,0.07559164
4,1fff7bf38e397e1b,2026-08-01,0,1,no_position,0.051323913
4,2001824e72a458fc,2026-08-01,0,2,no_position,0.06404491
4,200cf4c65accccb4,2026-08-01,0,5,no_position,0.059168722
4,201dddb16dfc9922,2026-08-01,0,4,no_position,0.049785
4,201ebaa41c188af5,2026-08-01,0,4,no_position,0.03271032
4,207c0e47a421dfe7,2026-08-01,0,2,no_position,0.033068214
4,208aa9f9b298ad0b,2026-08-01,0,5,no_position,0.04012042
4,209c5c52c7d8a613,2026-08-01,0,3,no_position,0.046914544
4,20c6a708d1e34ff0,2026-08-01,0,1,no_position,0.03871243
4,20d6acd6f691d4fd,2026-08-01,0,5,no_position,0.06487617
4,210c2672c721b438,2026-08-01,0,3,no_position,0.03270629
4,21114003b1a79644,2026-08-01,0,1,no_position,0.24922931
4,211b22349d581e5d,2026-08-01,0,1,no_position,0.10143901
4,2145327dd856767f,2026-08-01,1,1,no_position,0.09343279
4,217a80592eb6a2fb,2026-08-01,0,2,no_position,0.04136731
4,21c01d9e8d965664,2026-08-01,0,5,no_position,0.03216803
4,21fb8e9de9d9ddd8,2026-08-01,0,5,no_position,0.079720005
4,22243c7e1e2d4d0f,2026-08-01,0,1,no_position,0.04063226
4,223d76e50e5e7030,2026-08-01,0,3,no_position,0.044645917
4,2260856d7d550bdf,2026-08-01,0,4,no_position,0.03772812
4,2262c954f3ff0615,2026-08-01,0,5,no_position,0.03652157
4,226fe1ad156fe00a,2026-08-01,0,3,no_position,0.04184222
4,2293a7e760e60bf4,2026-08-01,0,4,no_position,0.02597721
4,22f677848ede9b34,2026-08-01,1,4,no_position,0.03842815
4,230522ad26c17225,2026-08-01,0,3,no_position,0.03916895
4,232835e00f6032be,2026-08-01,0,3,no_position,0.04104161
4,2354df575a371860,2026-08-01,0,1,no_position,0.0653161
4,235a751bd5d66004,2026-08-01,0,5,no_position,0.028483603
4,236bb6c0f87382e8,2026-08-01,0,5,no_position,0.077069
4,23848bd2b6e309ab,2026-08-01,0,3,no_position,0.041300092
4,23a4003afb1e54f7,2026-08-01,1,1,no_position,0.08272499
4,23a42f256cd6a909,2026-08-01,0,5,no_position,0.08356266
4,23eaa9b15cf4ba72,2026-08-01,0,4,no_position,0.05432595
4,23ed4bec9154f57b,2026-08-01,0,3,no_position,0.04502656
4,23f1ee5fa0d1be68,2026-08-01,0,3,no_position,0.054817315
4,2415740722ea22f1,2026-08-01,0,5,no_position,0.12516995
4,2432105be515b8a9,2026-08-01,0,2,no_position,0.04037883
4,243b27ad63680bef,2026-08-01,0,3,no_position,0.031205412
4,243cd8f338ae59b1,2026-08-01,0,1,no_position,0.082564525
4,244674969f11663d,2026-08-01,0,1,no_position,0.08061452
4,24bd41b9ac35e6eb,2026-08-01,0,4,no_position,0.07753706
4,24e47216e29dfddf,2026-08-01,0,4,no_position,0.10589482
4,251c47e6991d071b,2026-08-01,0,5,no_position,0.09468586
4,256b061e379abd2a,2026-08-01,0,2,no_position,0.06315174
4,2586bf23bd43441a,2026-08-01,0,3,no_position,0.055257358
4,2593de552019143c,2026-08-01,1,2,no_position,0.07543084
4,25987c8de8c39984,2026-08-01,0,5,no_position,0.26468936
4,25afe0cf056ce102,2026-08-01,0,2,no_position,0.047362406
4,25f38382fc5a4a06,2026-08-01,0,4,no_position,0.11239419
4,2692cf1e54a6ed8f,2026-08-01,0,4,no_position,0.27388796
4,26ca77dd2bc429e9,2026-08-01,0,5,no_position,0.038524408
4,272d8ba83d6d08e5,2026-08-01,0,1,no_position,0.05452069
4,2780d9e4dce89a38,2026-08-01,0,4,no_position,0.09321643
4,2785996ba6e611cd,2026-08-01,0,2,no_position,0.04651717
4,27b4605cb70f5783,2026-08-01,0,3,no_position,0.075158074
4,27d49405700b7f14,2026-08-01,0,2,no_position,0.06031129
4,27e65903d898cff5,2026-08-01,0,1,no_position,0.04710336
4,28369db8d540121b,2026-08-01,0,5,no_position,0.07613308
4,283fac19f7caf4ce,2026-08-01,1,3,no_position,0.043629337
4,2840cfc5157e42d5,2026-08-01,0,5,no_position,0.024392392
4,28bfbf1cd6ad38af,2026-08-01,0,2,no_position,0.057464253
4,28e11ac5b5e879f7,2026-08-01,0,3,no_position,0.029948082
4,28e42064ffc5b6f9,2026-08-01,0,2,no_position,0.11662063
4,290081d022acc550,2026-08-01,0,1,no_position,0.052128494
4,294ea872733840ba,2026-08-01,0,2,no_position,0.06311517
4,29722864de80a7a8,2026-08-01,0,2,no_position,0.35291362
4,297af7ef6a739bf9,2026-08-01,0,1,no_position,0.1492953
4,29b335b2f1d9edeb,2026-08-01,0,3,no_position,0.10745472
4,29d4eb41a9fb51af,2026-08-01,0,1,no_position,0.030481923
4,29dd24cf93149928,2026-08-01,0,1,no_position,0.032841522
4,29fefcfbfa904c44,2026-08-01,0,5,no_position,0.07711047
4,2a0757fa52353806,2026-08-01,0,2,no_position,0.046226013
4,2a6e995d1d710f1e,2026-08-01,0,4,no_position,0.15978634
4,2ac9bca6ebdba849,2026-08-01,0,2,no_position,0.039611783
4,2acca47d7c7617ea,2026-08-01,0,3,no_position,0.41645285
4,2ae4843d90b34579,2026-08-01,1,4,no_position,0.19657423
4,2ae9ac3127603c73,2026-08-01,0,3,no_position,0.043188613
4,2b40e3a95d9e4235,2026-08-01,0,3,no_position,0.036826015
4,2b4f532883f382e9,2026-08-01,1,4,no_position,0.404915
4,2b8b7f0d6dc93d31,2026-08-01,0,2,no_position,0.079752125
4,2bcc60c0d2e743f1,2026-08-01,0,4,no_position,0.04626687
4,2c3a2191840cfd85,2026-08-01,0,3,no_position,0.08843382
4,2c40224927e62dfd,2026-08-01,0,2,no_position,0.051682368
4,2c46854282faac91,2026-08-01,0,2,no_position,0.17152345
4,2c824747cc138197,2026-08-01,0,2,no_position,0.05422313
4,2cc58ef79e4c30b4,2026-08-01,0,4,no_position,0.21673144
4,2cc97d88649af95e,2026-08-01,0,4,no_position,0.0874879
4,2cff63919ef808b1,2026-08-01,0,1,no_position,0.1840081
4,2d2801de3502c44a,2026-08-01,0,5,no_position,0.23472317
4,2d41689a2f73fb69,2026-08-01,0,5,no_position,0.07891871
4,2d4646d760d83598,2026-08-01,0,5,no_position,0.037975132
4,2d6417930bd97c48,2026-08-01,0,5,no_position,0.10811364
4,2d8cb43f88514c9c,2026-08-01,0,4,no_position,0.085137405
4,2dbae3ab66c6c9ee,2026-08-01,0,1,no_position,0.47844082
4,2dbe1d7dd28e8ab0,2026-08-01,0,5,no_position,0.2688417
4,2dd89f349088588f,2026-08-01,0,5,no_position,0.038750056
4,2e53857e628c4f99,2026-08-01,0,2,no_position,0.06096516
4,2e63998b0bf0bacd,2026-08-01,0,5,no_position,0.03570844
4,2e89989cb32a370e,2026-08-01,0,3,no_position,0.035146687
4,2eb0aade426ce92a,2026-08-01,0,4,no_position,0.03547012
4,2ed055f5aad1607b,2026-08-01,0,4,no_position,0.10751862
4,2ed824ebd56c546c,2026-08-01,0,5,no_position,0.066500835
4,2ee2a560bdfab227,2026-08-01,0,4,no_position,0.047952116
4,2ee7db9247487a0d,2026-08-01,0,3,no_position,0.27674556
4,2ef5268f39de40e5,2026-08-01,0,2,no_position,0.06958881
4,2f4393aa46781c08,2026-08-01,0,1,no_position,0.05184244
4,2f950c5981acb432,2026-08-01,0,3,no_position,0.054416955
4,2f9683d645f14723,2026-08-01,0,1,no_position,0.0987302
4,2fb57adb4fecd870,2026-08-01,0,4,no_position,0.033939198
4,2fcdb5619dd8c2e3,2026-08-01,0,1,no_position,0.030705377
4,2fd2b15a0dbec90a,2026-08-01,0,3,no_position,0.036905464
4,30448efe011952e4,2026-08-01,0,3,no_position,0.041294087
4,3075ff35a1d922a1,2026-08-01,0,3,no_position,0.03734524
4,3078c192f242d8a5,2026-08-01,0,3,no_position,0.05026492
4,3080b6a19fb1b4be,2026-08-01,0,2,no_position,0.06796334
4,309212bec88c8ae2,2026-08-01,0,1,no_position,0.06229359
4,30a1a1a3d58c7656,2026-08-01,0,4,no_position,0.34113774
4,30c342a4260531be,2026-08-01,0,1,no_position,0.1882232
4,30c4b6430c3cfa29,2026-08-01,0,1,no_position,0.10984473
4,30cc94d467535dc4,2026-08-01,0,4,no_position,0.036521304
4,30d360594379c9fa,2026-08-01,1,5,no_position,0.049957797
4,311029bde4456d6a,2026-08-01,0,4,no_position,0.05799844
4,315cfbfca781d273,2026-08-01,0,1,no_position,0.031552944
4,316d804254b40540,2026-08-01,0,4,no_position,0.09885412
4,3176ca05ca60a9ac,2026-08-01,0,4,no_position,0.08781923
4,3181e0839f2c78c2,2026-08-01,0,3,no_position,0.21731403
4,3195f466ee35f1e2,2026-08-01,0,2,no_position,0.06494184
4,31b3d08135707313,2026-08-01,0,5,no_position,0.063175775
4,31bf95434a40a22b,2026-08-01,0,1,no_position,0.028527424
4,31f99f83ef7d163a,2026-08-01,0,4,no_position,0.040608313
4,32088b29e7a2988e,2026-08-01,0,5,no_position,0.04024691
4,326f4a8b4e941238,2026-08-01,0,4,no_position,0.15341167
4,327fc087ff994c13,2026-08-01,0,5,no_position,0.028676752
4,329c8de1bf4f6dae,2026-08-01,0,5,no_position,0.033026356
4,32a1c35fc71856d6,2026-08-01,0,3,no_position,0.03025554
4,32cf371554065451,2026-08-01,1,2,no_position,0.13019791
4,32d6fdbe898eb8ad,2026-08-01,0,3,no_position,0.0368991
4,32e69f4804884b90,2026-08-01,0,1,no_position,0.040301826
4,33085e4ed06338ac,2026-08-01,0,2,no_position,0.14874144
4,331a16e4a28bb8d5,2026-08-01,0,5,no_position,0.035818838
4,331d6581315445ce,2026-08-01,0,4,no_position,0.03812569
4,33297a3d66f423c1,2026-08-01,1,5,no_position,0.089376144
4,332bc2c4e9e3c479,2026-08-01,1,5,no_position,0.09460698
4,333cca11d8b161b2,2026-08-01,0,1,no_position,0.09555413
4,337efba1d28f5e7b,2026-08-01,0,3,no_position,0.052167006
4,33b399c6e08fa990,2026-08-01,0,3,no_position,0.051640827
4,3404879940cc68fe,2026-08-01,0,4,no_position,0.0716484
4,340a92d5cb051509,2026-08-01,0,5,no_position,0.049958467
4,3463c5bbfcce4762,2026-08-01,1,2,no_position,0.08584533
4,346daed0e656cb2c,2026-08-01,0,1,no_position,0.037409116
4,347a96efe25830aa,2026-08-01,0,3,no_position,0.044333182
4,347aa28704eccdfe,2026-08-01,1,4,no_position,0.16238059
4,34c3fec3e99b0377,2026-08-01,0,3,no_position,0.07430592
4,34e36df045351494,2026-08-01,0,2,no_position,0.039299138
4,353048b2a7024a02,2026-08-01,0,2,no_position,0.043715432
4,353ad444345ac403,2026-08-01,0,4,no_position,0.05062595
4,3551b501573f7d89,2026-08-01,0,4,no_position,0.05497668
4,3555213bd2f8ddef,2026-08-01,0,3,no_position,0.13963741
4,355de9d9d74d4642,2026-08-01,0,3,no_position,0.06868599
4,3596f4eaefecb18f,2026-08-01,0,4,no_position,0.07098041
4,35ba3a4f968ec21d,2026-08-01,1,1,no_position,0.04404156
4,35c889aa7fe8578f,2026-08-01,0,1,no_position,0.040008176
4,35e280ef04deef3e,2026-08-01,0,3,no_position,0.032242898
4,361e7f49a128b1c9,2026-08-01,0,2,no_position,0.053883266
4,3653dd2358bbca5e,2026-08-01,0,5,no_position,0.040624525
4,3663429aed93624d,2026-08-01,0,4,no_position,0.050862405
4,368c1d00dbd3e137,2026-08-01,0,5,no_position,0.089106165
4,36a3cf77bd4b77a5,2026-08-01,0,3,no_position,0.0504088
4,3724947ad2a8d4cc,2026-08-01,0,4,no_position,0.26651314
4,373843cd6d4bfffa,2026-08-01,0,1,no_position,0.043573264
4,373849e64ee2fea7,2026-08-01,0,5,no_position,0.041375685
4,379cfe648f827b90,2026-08-01,0,3,no_position,0.21148011
4,37ae584752cc8d0d,2026-08-01,1,5,no_position,0.0323135
4,37e83304d73574ec,2026-08-01,0,1,no_position,0.05375398
4,385d6ed7891184ca,2026-08-01,0,5,no_position,0.03988639
4,388fec8ebdaefb1a,2026-08-01,0,4,no_position,0.20220938
4,38974ba09893ee03,2026-08-01,1,1,no_position,0.16430697
4,38e879e7f12686d4,2026-08-01,0,5,no_position,0.028152362
4,392416ed445fe2ca,2026-08-01,0,2,no_position,0.042532425
4,393031e0826f8f83,2026-08-01,0,2,no_position,0.03946294
4,394ee054ef5645cf,2026-08-01,0,2,no_position,0.44657847
4,3954728de86e7367,2026-08-01,0,3,no_position,0.1548472
4,398f565db6e53618,2026-08-01,0,1,no_position,0.038131125
4,39d1cc4131b01576,2026-08-01,1,2,no_position,0.17342679
4,39f3b3277527438b,2026-08-01,0,1,no_position,0.0488267
4,3a24efff1f5c063e,2026-08-01,0,5,no_position,0.08702088
4,3a4b80c694d02e67,2026-08-01,0,2,no_position,0.060197603
4,3a52ae5eb572abc5,2026-08-01,0,1,no_position,0.09803456
4,3a84bd992596e8b4,2026-08-01,0,3,no_position,0.029138446
4,3b086a0254f42591,2026-08-01,0,2,no_position,0.3359967
4,3b0a6c2aca96473d,2026-08-01,1,4,no_position,0.23665963
4,3b1f6e880e01bc49,2026-08-01,0,5,no_position,0.1424437
4,3b3303d566130021,2026-08-01,0,4,no_position,0.08224822
4,3b58fc76af0c9fe0,2026-08-01,0,4,no_position,0.053102523
4,3b59fb4fc8357367,2026-08-01,0,2,no_position,0.057934746
4,3b6d9399a98c1bab,2026-08-01,0,4,no_position,0.072129115
4,3b77dfb434916a47,2026-08-01,0,1,no_position,0.06483842
4,3b8efbf49ab5ea96,2026-08-01,0,3,no_position,0.046766073
4,3b99b630eb7b4423,2026-08-01,0,3,no_position,0.20705567
4,3bb973769e667c7e,2026-08-01,0,1,no_position,0.04456092
4,3bba9640d2aca900,2026-08-01,0,3,no_position,0.034166947
4,3bd715edab244867,2026-08-01,0,4,no_position,0.09959092
4,3c07ad16cb4f2cd0,2026-08-01,0,4,no_position,0.030201694
4,3c1663b2498adcca,2026-08-01,0,1,no_position,0.27509215
4,3c37431cbb42ca2d,2026-08-01,0,5,no_position,0.07740591
4,3c45fb247fd44f51,2026-08-01,0,5,no_position,0.05245793
4,3c47516bcef0e3ed,2026-08-01,1,4,no_position,0.3215014
4,3cb21868eef4c1e6,2026-08-01,0,2,no_position,0.04102363
4,3cb983144f49282d,2026-08-01,0,2,no_position,0.055990838
4,3cc43b650df782c6,2026-08-01,0,4,no_position,0.19186392
4,3cc4bccbb27a99ab,2026-08-01,0,4,no_position,0.068367824
4,3ccdc7aff7f79996,2026-08-01,0,5,no_position,0.04676352
4,3cce56f11e38a0a8,2026-08-01,0,5,no_position,0.039422113
4,3cdecd5740bc7bb3,2026-08-01,0,4,no_position,0.0684948
4,3ce1c39d71c72985,2026-08-01,0,3,no_position,0.047924567
4,3cec0c309b3437f6,2026-08-01,0,4,no_position,0.046893664
4,3cede8380e51e5a3,2026-08-01,0,4,no_position,0.049799785
4,3cf6007f17ebc0cd,2026-08-01,0,2,no_position,0.06537005
4,3d25f4e81b8d1b11,2026-08-01,0,3,no_position,0.22399288
4,3d334c60ed48d7fe,2026-08-01,0,4,no_position,0.061744392
4,3d75b01859b4f4a4,2026-08-01,0,5,no_position,0.20313483
4,3d977acaf8cc0688,2026-08-01,0,4,no_position,0.053793598
4,3de3a53f4191b4e4,2026-08-01,0,5,no_position,0.1473162
4,3e0ad4bd45e505a1,2026-08-01,0,4,no_position,0.11786536
4,3e1c312afba15c8c,2026-08-01,0,5,no_position,0.115248576
4,3e5f6a79c26527dd,2026-08-01,0,4,no_position,0.060686797
4,3e6e9928e3478613,2026-08-01,0,3,no_position,0.0377291
4,3e6ee1c40f6b18b1,2026-08-01,0,5,no_position,0.052560057
4,3ed25a489cdc2408,2026-08-01,0,5,no_position,0.0576119
4,3f45e9fa77af0f16,2026-08-01,0,5,no_position,0.050029457
4,3f60c0d6c0bb298b,2026-08-01,0,1,no_position,0.09547952
4,3f814472e4d750b5,2026-08-01,0,5,no_position,0.067721255
4,3f9207a5658d7c1a,2026-08-01,0,5,no_position,0.043194003
4,3fbbd56efc5d0e94,2026-08-01,0,1,no_position,0.045566704
4,3fbbf57c2d9ae885,2026-08-01,0,5,no_position,0.028782453
4,3fd9c029949c7c3f,2026-08-01,0,4,no_position,0.13574414
4,3ff23cac429f5fe7,2026-08-01,0,3,no_position,0.041559268
4,3ffea6f2fb1446eb,2026-08-01,0,3,no_position,0.042300392
4,404232c565e0d48b,2026-08-01,1,5,no_position,0.14141725
4,4058f6192f8c37b8,2026-08-01,0,1,no_position,0.0466015
4,406cc4511552be47,2026-08-01,0,1,no_position,0.08755468
4,408917720cac4f45,2026-08-01,0,3,no_position,0.08242306
4,40954dbd9b211045,2026-08-01,0,2,no_position,0.06056472
4,4098bf057746f618,2026-08-01,0,4,no_position,0.050942805
4,40dda62134cd3e50,2026-08-01,0,4,no_position,0.04945014
4,411b2861cb30f4b1,2026-08-01,0,3,no_position,0.055402625
4,41a853d298d386c1,2026-08-01,0,2,no_position,0.04027947
4,41c1c06a4980a87a,2026-08-01,0,5,no_position,0.031349182
4,41c3f7b0704e9050,2026-08-01,0,3,no_position,0.042939726
4,41e550cde11bc570,2026-08-01,0,3,no_position,0.062944986
4,42466bf4f178c91c,2026-08-01,0,1,no_position,0.08692795
4,42969de5995ee03a,2026-08-01,0,2,no_position,0.09961395
4,42971d3c3f77358d,2026-08-01,0,3,no_position,0.04653786
4,42a3e323759a2ac6,2026-08-01,1,3,no_position,0.08059909
4,42b6b5e2e9212f48,2026-08-01,0,3,no_position,0.109742895
4,42f85ee5972de078,2026-08-01,0,5,no_position,0.10195881
4,42fc04d56fd15247,2026-08-01,0,3,no_position,0.046678644
4,430cbd0f651cba37,2026-08-01,0,2,no_position,0.055929948
4,431b1b088bcb458e,2026-08-01,0,4,no_position,0.32634902
4,4379b979bf41d2af,2026-08-01,0,3,no_position,0.068860084
4,43b292e5499a60bd,2026-08-01,0,3,no_position,0.036505353
4,43cf99f4303358f2,2026-08-01,0,3,no_position,0.051323667
4,43ecff422a6dbfba,2026-08-01,0,3,no_position,0.17342202
4,441b8364200e7524,2026-08-01,0,5,no_position,0.10752607
4,441c43fb37ca3b04,2026-08-01,0,4,no_position,0.10725454
4,44485f1c60dc18a7,2026-08-01,0,3,no_position,0.11073778
4,446dbcfe64988a75,2026-08-01,0,1,no_position,0.044288915
4,447692d1a3d3fc04,2026-08-01,0,3,no_position,0.07033002
4,4480aaf216343083,2026-08-01,0,5,no_position,0.15707736
4,44833232552fb5cd,2026-08-01,0,1,no_position,0.03790412
4,4495172f2cc3c904,2026-08-01,0,3,no_position,0.14857148
4,44c215ee22910c68,2026-08-01,1,5,no_position,0.46020523
4,45010dbfbc37df1c,2026-08-01,1,5,no_position,0.060095605
4,4514ca2cbfd4d27a,2026-08-01,1,1,no_position,0.07826846
4,453c49372b929d47,2026-08-01,0,3,no_position,0.052822463
4,4541e878fdd8927f,2026-08-01,0,4,no_position,0.034775306
4,4581d9ae350bb07f,2026-08-01,0,4,no_position,0.039306223
4,45cdf7053bf66b65,2026-08-01,0,3,no_position,0.056790706
4,45d257ec5ed578f6,2026-08-01,0,2,no_position,0.0434669
4,45da2ef772f18b21,2026-08-01,0,1,no_position,0.0498556
4,45ddc834293ef7e0,2026-08-01,1,4,no_position,0.12633161
4,45f7d5909b9e5f69,2026-08-01,0,2,no_position,0.058349144
4,4604fccd88184e11,2026-08-01,0,1,no_position,0.07093754
4,46266624a2a2c967,2026-08-01,0,3,no_position,0.05923485
4,462b9556e4a7e3e7,2026-08-01,0,5,no_position,0.031369105
4,465f460b9d1d8469,2026-08-01,0,2,no_position,0.04597453
4,465f9ebd144ad7f6,2026-08-01,0,5,no_position,0.057193585
4,466a419fa36c2165,2026-08-01,0,2,no_position,0.054875333
4,469f913bbf4d5e3f,2026-08-01,0,1,no_position,0.05593909
4,46a36d388347f642,2026-08-01,0,2,no_position,0.05694917
4,46b235908ca97fba,2026-08-01,0,1,no_position,0.03746964
4,46eff22687885715,2026-08-01,1,3,no_position,0.12367532
4,47119cd291f793a4,2026-08-01,0,1,no_position,0.06172406
4,47249238eeab5364,2026-08-01,0,4,no_position,0.04171739
4,473385b22ca80954,2026-08-01,0,3,no_position,0.044125866
4,4741313e146f7757,2026-08-01,0,5,no_position,0.031968374
4,477fd48f71ea9869,2026-08-01,0,5,no_position,0.04678408
4,47b29494d1e057e1,2026-08-01,0,3,no_position,0.0672649
4,47cdc0d573864538,2026-08-01,0,3,no_position,0.06242131
4,47e3f41a3cb6298e,2026-08-01,0,5,no_position,0.07579267
4,47eb5c0a5457a099,2026-08-01,0,2,no_position,0.13549678
4,483aa066732b3acd,2026-08-01,0,2,no_position,0.04906211
4,48508451cb54a710,2026-08-01,0,1,no_position,0.081572
4,4878bfa143bd6a1c,2026-08-01,0,5,no_position,0.22904189
4,48f011a93c264a2d,2026-08-01,0,2,no_position,0.039346118
4,491222e5ae5a810b,2026-08-01,0,1,no_position,0.29457197
4,491549d44f2ac009,2026-08-01,0,3,no_position,0.035085358
4,492390e819a7f52c,2026-08-01,0,3,no_position,0.08053601
4,49421909e3bca389,2026-08-01,0,3,no_position,0.049001157
4,49478a8e7961ff63,2026-08-01,0,2,no_position,0.048603583
4,494c5352e5c936d6,2026-08-01,0,5,no_position,0.10641772
4,498322097ab921d2,2026-08-01,0,5,no_position,0.034376983
4,498e0098a7c33292,2026-08-01,0,3,no_position,0.04291605
4,49ddd18ee171a26b,2026-08-01,0,5,no_position,0.06495421
4,49f6aa15c7285da5,2026-08-01,0,3,no_position,0.07529639
4,4a406fc0161968c8,2026-08-01,0,5,no_position,0.045509513
4,4a594b33d2363ff8,2026-08-01,0,3,no_position,0.031246912
4,4a5d3e2c270a89b9,2026-08-01,0,2,no_position,0.05435261
4,4ac47525bd17cd6e,2026-08-01,0,5,no_position,0.14163104
4,4b61ceab6f2ff93e,2026-08-01,0,4,no_position,0.046235494
4,4b65095d8d9f4976,2026-08-01,1,5,no_position,0.11102128
4,4b68d10f6ce35e4c,2026-08-01,0,2,no_position,0.04849685
4,4b81a6a8f7256f90,2026-08-01,0,2,no_position,0.08245845
4,4bb37cc638dfdc07,2026-08-01,1,5,no_position,0.266038
4,4bc414605aa9dd0d,2026-08-01,0,2,no_position,0.049989063
4,4bf4446ab579880a,2026-08-01,1,5,no_position,0.49773934
4,4bf723d5debc8e7b,2026-08-01,0,4,no_position,0.19706441
4,4c199013fb8b0138,2026-08-01,0,2,no_position,0.097566426
4,4c1a86c0daa244b7,2026-08-01,0,1,no_position,0.046340797
4,4c433505ea73617f,2026-08-01,0,3,no_position,0.039281085
4,4c6618c5b2addcf5,2026-08-01,1,3,no_position,0.1453495
4,4c6eaf624b580349,2026-08-01,0,1,no_position,0.14155027
4,4c748af20e45736c,2026-08-01,0,2,no_position,0.04886089
4,4c94fdffd05355a4,2026-08-01,1,2,no_position,0.07312215
4,4c952d7708124b24,2026-08-01,0,2,no_position,0.05885529
4,4cd1d3fc404a36e9,2026-08-01,0,1,no_position,0.03901432
4,4d69281d1307c779,2026-08-01,0,1,no_position,0.0496032
4,4d8710dde6c54072,2026-08-01,0,1,no_position,0.09025362
4,4d987c0eb672af1b,2026-08-01,0,1,no_position,0.046584155
4,4df31172e7448ec3,2026-08-01,0,2,no_position,0.0640655
4,4e2942af520924b8,2026-08-01,0,5,no_position,0.04124609
4,4e379d9772288120,2026-08-01,0,5,no_position,0.0624373
4,4e7fd8bc9e814963,2026-08-01,0,5,no_position,0.085560605
4,4eba7b08932ff7ff,2026-08-01,0,4,no_position,0.057342112
4,4ece66cfa521761e,2026-08-01,0,1,no_position,0.08113597
4,4ed0a51fb521e68e,2026-08-01,1,2,no_position,0.062205724
4,4ed3f5150e367491,2026-08-01,0,2,no_position,0.043630436
4,4f226451d00f676c,2026-08-01,0,5,no_position,0.055337682
4,4f2900d5cd6eacba,2026-08-01,0,5,no_position,0.10726842
4,4f5f9533471ab829,2026-08-01,0,2,no_position,0.045220338
4,4f6f8dc16440a307,2026-08-01,0,3,no_position,0.15005074
4,4f90fa326add00c4,2026-08-01,0,3,no_position,0.038044464
4,4f946d2f8029e24d,2026-08-01,0,2,no_position,0.067962356
4,4fb9b3bd549d432e,2026-08-01,0,3,no_position,0.058903206
4,4fc569d5cf83b3d6,2026-08-01,0,4,no_position,0.09557807
4,4fd5264af66dc45a,2026-08-01,0,2,no_position,0.08343762
4,501dc497c76b6355,2026-08-01,0,3,no_position,0.07299211
4,5024b0c53b6656de,2026-08-01,0,5,no_position,0.26165164
4,5048b478ebb966c2,2026-08-01,0,3,no_position,0.061977506
4,50577f4e8566632c,2026-08-01,0,1,no_position,0.03904211
4,507bf2b6f7e3d349,2026-08-01,0,2,no_position,0.06080935
4,507d43ca3b3c694b,2026-08-01,0,2,no_position,0.051214527
4,51206444207839cc,2026-08-01,0,1,no_position,0.03095514
4,5121be72b086a0ec,2026-08-01,0,2,no_position,0.23766525
4,5126a91f5cc3239a,2026-08-01,0,4,no_position,0.09056476
4,5154b5c6b8bfbec2,2026-08-01,0,4,no_position,0.06094153
4,515a04286237f13d,2026-08-01,0,3,no_position,0.034468036
4,5195d7cb6250b20d,2026-08-01,0,3,no_position,0.040851302
4,51a13f8830050b04,2026-08-01,0,4,no_position,0.1910377
4,51fb35c6ad8f8484,2026-08-01,0,1,no_position,0.05665523
4,522b40618cf5e6ba,2026-08-01,0,2,no_position,0.07197315
4,5234fcc64472fc3b,2026-08-01,0,2,no_position,0.10180817
4,52577d853ea056cb,2026-08-01,0,2,no_position,0.03566032
4,5264420e71bd1f1f,2026-08-01,0,2,no_position,0.04748777
4,527ada3a90d34b02,2026-08-01,0,1,no_position,0.032616206
4,528abb2a2a5256d2,2026-08-01,0,5,no_position,0.1910274
4,528c30e4d95cecc7,2026-08-01,0,5,no_position,0.18100141
4,529b274fceceeb0b,2026-08-01,0,3,no_position,0.047397874
4,52cea67a456d3ea8,2026-08-01,0,2,no_position,0.0387343
4,52fa33e4459689ed,2026-08-01,1,1,no_position,0.33088067
4,531252749a0e87f6,2026-08-01,0,1,no_position,0.073296726
4,533024394fc80dde,2026-08-01,0,3,no_position,0.0549415
4,534ca5cef88c8ae8,2026-08-01,0,4,no_position,0.048277408
4,5350abe23e5b6d5c,2026-08-01,0,1,no_position,0.0397513
4,537d0d1d156fb52b,2026-08-01,0,5,no_position,0.5605825
4,53f0d80a1b1ded3a,2026-08-01,0,1,no_position,0.11002581
4,5410eb7881bf142e,2026-08-01,0,3,no_position,0.11397204
4,543a1b4cee67ca9d,2026-08-01,0,4,no_position,0.049073882
4,547f47fa4438704b,2026-08-01,0,5,no_position,0.03053825
4,5487acc416381e19,2026-08-01,0,3,no_position,0.046398975
4,54a8e61fa992a976,2026-08-01,0,3,no_position,0.035255387
4,54b829b4ae4435da,2026-08-01,0,4,no_position,0.035572875
4,54d36691ed310bb0,2026-08-01,0,2,no_position,0.06615083
4,54e87bf52bc7bd74,2026-08-01,0,5,no_position,0.042242043
4,54f4e565b3aca0a3,2026-08-01,0,2,no_position,0.053405136
4,54f8e85ab127dd76,2026-08-01,0,4,no_position,0.10682346
4,553bb4ca0bdec86c,2026-08-01,0,3,no_position,0.09598084
4,5577f0e4b5bbd2f6,2026-08-01,0,1,no_position,0.03476623
4,558d75ae4b37b312,2026-08-01,0,2,no_position,0.13028502
4,55932ff6b6db6137,2026-08-01,0,4,no_position,0.073028386
4,55c62301b7fb2096,2026-08-01,0,5,no_position,0.026927419
4,55dc20d7bc1b6d41,2026-08-01,0,5,no_position,0.04470577
4,55e10aab4b3b665f,2026-08-01,0,3,no_position,0.03676823
4,562bfe4315641308,2026-08-01,0,2,no_position,0.057285976
4,567af06aa756be6b,2026-08-01,0,1,no_position,0.29452607
4,567f81ab84b471ab,2026-08-01,0,3,no_position,0.20834856
4,56bdb90979230372,2026-08-01,0,3,no_position,0.028419334
4,56d4f2e61b5af6aa,2026-08-01,0,5,no_position,0.033818647
4,56d69bdb5f758cd2,2026-08-01,0,3,no_position,0.061933946
4,56decc429e4eec8a,2026-08-01,0,2,no_position,0.2640259
4,56e6a1c91e7c45e5,2026-08-01,0,5,no_position,0.047712553
4,56f4fe4387e325ee,2026-08-01,0,5,no_position,0.08264189
4,56f5124bd11b1640,2026-08-01,0,2,no_position,0.07547488
4,573a17dc18af2a1b,2026-08-01,0,5,no_position,0.06852818
4,578b8199b469800c,2026-08-01,0,1,no_position,0.053602397
4,5796610e0b2023cf,2026-08-01,0,1,no_position,0.03364426
4,57b4ad449f4243df,2026-08-01,0,2,no_position,0.097756945
4,57c06b078633c67b,2026-08-01,0,3,no_position,0.04089191
4,57efce2151d57cb6,2026-08-01,0,5,no_position,0.090378545
4,582d38a0da97095d,2026-08-01,1,3,no_position,0.25035498
4,584cfc177c498556,2026-08-01,0,2,no_position,0.048784286
4,586392abf9ad9d1d,2026-08-01,0,2,no_position,0.04118837
4,5864ecb3207a3c51,2026-08-01,0,2,no_position,0.06879068
4,58df3dc88789b9f4,2026-08-01,0,1,no_position,0.06026145
4,59064fa6bd5cc085,2026-08-01,0,5,no_position,0.034339726
4,591e7c25e7db4215,2026-08-01,0,2,no_position,0.056961246
4,593f6b659b72c938,2026-08-01,0,4,no_position,0.13788149
4,595de99cdd79435d,2026-08-01,0,1,no_position,0.06281598
4,5979e5a582892307,2026-08-01,0,3,no_position,0.108004436
4,59a05af41ee0934a,2026-08-01,0,2,no_position,0.050054967
4,59bc08d7baaa7758,2026-08-01,1,4,no_position,0.27901843
4,59be1b3e23625cf8,2026-08-01,0,3,no_position,0.03409724
4,59fe602c96bf0b43,2026-08-01,0,2,no_position,0.06525311
4,5a01770e73816c01,2026-08-01,0,2,no_position,0.12025365
4,5a1d57760563b2af,2026-08-01,0,2,no_position,0.07177248
4,5a280759f0a20838,2026-08-01,1,5,no_position,0.07832545
4,5a81b4f09ebeaea8,2026-08-01,0,4,no_position,0.028251642
4,5b86a3b758c0c444,2026-08-01,0,4,no_position,0.062243305
4,5b961a3a69a32bdb,2026-08-01,0,5,no_position,0.067584
4,5bb1dd5adb67512e,2026-08-01,0,4,no_position,0.1298146
4,5c3718a6934f654e,2026-08-01,0,3,no_position,0.23436493
4,5c5ceb2cc4822edb,2026-08-01,0,4,no_position,0.10794214
4,5d08cc68f8320ae0,2026-08-01,0,1,no_position,0.042037476
4,5d299be6f6188b12,2026-08-01,0,1,no_position,0.06302319
4,5d42f970043953f5,2026-08-01,1,5,no_position,0.19909678
4,5d654f140a21ce62,2026-08-01,0,5,no_position,0.07340933
4,5d9d67ed46cae17f,2026-08-01,0,1,no_position,0.028543029
4,5da8913710574bdd,2026-08-01,0,4,no_position,0.042519826
4,5db402efb7bf1511,2026-08-01,0,5,no_position,0.05536584
4,5dba0d5e0119ca66,2026-08-01,0,4,no_position,0.052314434
4,5dbc1baee86749b2,2026-08-01,0,5,no_position,0.029793652
4,5dcc4c599a3f6c33,2026-08-01,0,2,no_position,0.12597558
4,5de7ea40011e365f,2026-08-01,0,1,no_position,0.047299497
4,5dee5d0ddec52220,2026-08-01,0,4,no_position,0.1276869
4,5dfe54fdcc4cb095,2026-08-01,0,4,no_position,0.02985339
4,5e0776fb04dfb714,2026-08-01,0,4,no_position,0.12112861
4,5e396c17e47aa502,2026-08-01,0,2,no_position,0.03315963
4,5e5ef45624a9213d,2026-08-01,0,5,no_position,0.6348742
4,5e88a964e1dc3ac7,2026-08-01,0,3,no_position,0.072406836
4,5e929b6d874e9289,2026-08-01,0,1,no_position,0.077173375
4,5ead7d53847b01fd,2026-08-01,0,1,no_position,0.054566294
4,5ec07ab892790426,2026-08-01,0,5,no_position,0.07766373
4,5ed16d77931d2ed4,2026-08-01,0,1,no_position,0.029468961
4,5edd2f3c7e869414,2026-08-01,0,3,no_position,0.034982752
4,5ef2e96bca7b71ce,2026-08-01,0,5,no_position,0.13276584
4,5f1ec9a55e63103c,2026-08-01,0,1,no_position,0.25051147
4,5f7fee907b63c350,2026-08-01,0,1,no_position,0.07587167
4,5f96a60f75c6b49c,2026-08-01,0,4,no_position,0.039883908
4,5fc2c17467b3cc9a,2026-08-01,0,1,no_position,0.029507482
4,60020c42309a06b3,2026-08-01,0,2,no_position,0.048305582
4,601e48ebd881f65a,2026-08-01,0,4,no_position,0.087649465
4,6043f4b7a6b2e797,2026-08-01,0,1,no_position,0.13393217
4,607f65f0fab65043,2026-08-01,0,2,no_position,0.03799518
4,6089ba5c0b991273,2026-08-01,0,1,no_position,0.04673612
4,60a243ad14680453,2026-08-01,0,5,no_position,0.028063841
4,60e729967036215a,2026-08-01,0,1,no_position,0.046283018
4,60f4ed77ed78ef87,2026-08-01,0,3,no_position,0.15584208
4,6120d33315fa19c1,2026-08-01,0,3,no_position,0.036020417
4,6121b1d3358511b7,2026-08-01,0,5,no_position,0.035116255
4,612a2493a68c2786,2026-08-01,0,2,no_position,0.05772357
4,612d511978aee556,2026-08-01,0,3,no_position,0.11986409
4,615e51bee2e51f43,2026-08-01,0,3,no_position,0.038799543
4,61816b5e4ffe8b72,2026-08-01,0,2,no_position,0.04274332
4,619418dc4c21dac6,2026-08-01,0,4,no_position,0.111340255
4,6197efab8faa9f42,2026-08-01,0,2,no_position,0.19110605
4,61a114a6d9907ec7,2026-08-01,0,5,no_position,0.08459816
4,61b67d3d4684d5c8,2026-08-01,0,2,no_position,0.18576929
4,6245e388b1ca2404,2026-08-01,1,5,no_position,0.04401239
4,624d1995725b289e,2026-08-01,0,2,no_position,0.0692949
4,625d164d0bc770b6,2026-08-01,0,5,no_position,0.072600156
4,62c1e7c5034f7e06,2026-08-01,0,1,no_position,0.04055662
4,62d15be2fd9d903f,2026-08-01,0,3,no_position,0.037074585
4,630552c82c21b666,2026-08-01,0,3,no_position,0.04410648
4,63457c6f9255b10e,2026-08-01,1,5,no_position,0.10598306
4,6368f741c5c3e099,2026-08-01,0,5,no_position,0.12101571
4,6375e50285534cd3,2026-08-01,0,2,no_position,0.059493862
4,639819d42a212454,2026-08-01,0,2,no_position,0.10930507
4,63a8ca345e9d9aba,2026-08-01,0,3,no_position,0.099146195
4,63cd7e8bac36643c,2026-08-01,0,2,no_position,0.06353537
4,63e5cf7a745a13db,2026-08-01,0,4,no_position,0.05068774
4,6444e59cfee6858e,2026-08-01,0,2,no_position,0.052581716
4,646be24488f724c9,2026-08-01,0,4,no_position,0.13851264
4,64e5883c13cdedae,2026-08-01,0,5,no_position,0.15637682
4,6535ee2dbd982e70,2026-08-01,0,2,no_position,0.045502454
4,6592941866fb9a8b,2026-08-01,0,3,no_position,0.07588013
4,6597b5c2832a1f0b,2026-08-01,0,4,no_position,0.054371126
4,65bd89df93cce51c,2026-08-01,0,2,no_position,0.046505902
4,65d199cd46fa6c04,2026-08-01,0,3,no_position,0.032017954
4,65ef5976da678ef1,2026-08-01,0,2,no_position,0.051131874
4,65fa7e14d7b26f10,2026-08-01,0,1,no_position,0.0982726
4,66400e25ea9143f0,2026-08-01,0,5,no_position,0.05538748
4,6646dc9450e2d1cc,2026-08-01,0,1,no_position,0.043595333
4,66472e85c3591289,2026-08-01,0,1,no_position,0.13176174
4,6647635af385f41a,2026-08-01,0,2,no_position,0.041546226
4,666ba8679ea73b63,2026-08-01,0,3,no_position,0.05097899
4,666cf1c30547eff3,2026-08-01,0,3,no_position,0.062172677
4,66818e11ed8b7578,2026-08-01,0,4,no_position,0.06932395
4,66886ce5d1be0283,2026-08-01,0,1,no_position,0.046612944
4,669a72367eee7488,2026-08-01,0,4,no_position,0.11345335
4,66b1542542b54ffa,2026-08-01,0,1,no_position,0.15568687
4,66d77f54ea6ed69d,2026-08-01,1,3,no_position,0.080924295
4,66f932644bf59c9b,2026-08-01,0,2,no_position,0.040565904
4,6721cd7b19456c59,2026-08-01,0,5,no_position,0.08170864
4,673a3091e3ad7ea1,2026-08-01,0,5,no_position,0.1505059
4,67651410876787f7,2026-08-01,1,3,no_position,0.07815702
4,676f60b9391356f8,2026-08-01,0,2,no_position,0.18294173
4,67a8eda8eff4dd93,2026-08-01,0,4,no_position,0.20280409
4,68067ca1927daeed,2026-08-01,0,5,no_position,0.13311057
4,682abe48e86b7899,2026-08-01,0,5,no_position,0.091239296
4,683a27b22146e14b,2026-08-01,0,3,no_position,0.04485875
4,683a6570276ff829,2026-08-01,0,5,no_position,0.043487262
4,6854a6ede4cbc6fe,2026-08-01,0,3,no_position,0.10622157
4,689739a7b6151763,2026-08-01,0,5,no_position,0.15946886
4,68abad538f103ae7,2026-08-01,0,5,no_position,0.06491293
4,68d838a5a4edeb26,2026-08-01,0,2,no_position,0.060921006
4,68fa26fba053c547,2026-08-01,0,1,no_position,0.09350536
4,690f514f5ba2e9db,2026-08-01,0,2,no_position,0.043487716
4,6971b7636e248ebc,2026-08-01,0,4,no_position,0.098087974
4,69ea9268fa08b787,2026-08-01,0,4,no_position,0.050789364
4,69ee61f05b5c7601,2026-08-01,1,5,no_position,0.08407872
4,6a82cd439f4a9e67,2026-08-01,0,4,no_position,0.12500243
4,6a84dd19b55fe235,2026-08-01,0,4,no_position,0.1942752
4,6aa0065772f94d94,2026-08-01,0,4,no_position,0.054119743
4,6ab9b8aa6d365f89,2026-08-01,1,3,no_position,0.073196255
4,6ac08a1f2df62054,2026-08-01,1,1,no_position,0.16865103
4,6afc1edd85d1de99,2026-08-01,0,1,no_position,0.22373122
4,6b4f9507b7a798fd,2026-08-01,0,3,no_position,0.039781705
4,6b75bf556a7ae109,2026-08-01,0,2,no_position,0.05540033
4,6b980c0b9687520b,2026-08-01,0,3,no_position,0.028826926
4,6bbae772982730fa,2026-08-01,0,4,no_position,0.1263309
4,6be2aaa3e7701251,2026-08-01,0,1,no_position,0.04588541
4,6c10d2764bd32bd5,2026-08-01,0,4,no_position,0.107175015
4,6c12557ae3be5ae7,2026-08-01,0,1,no_position,0.084134
4,6c52055f49cc4aba,2026-08-01,0,1,no_position,0.03201448
4,6c66ae3f6d11f493,2026-08-01,0,1,no_position,0.048808508
4,6c87a0416e3c9e0c,2026-08-01,0,2,no_position,0.045869112
4,6ccbf90af6873ec1,2026-08-01,0,5,no_position,0.025164502
4,6d340b7f7be42750,2026-08-01,0,1,no_position,0.068044335
4,6d39965a52e526a7,2026-08-01,0,5,no_position,0.032597188
4,6d802e39c1567584,2026-08-01,0,4,no_position,0.13639668
4,6d8d448d8e1730b2,2026-08-01,0,2,no_position,0.064158805
4,6da5e977896183ff,2026-08-01,1,2,no_position,0.106572285
4,6e164e89a5f012eb,2026-08-01,0,4,no_position,0.05566878
4,6e30360546f38548,2026-08-01,0,4,no_position,0.031647008
4,6e61d4dd3c4b64e4,2026-08-01,0,4,no_position,0.048697043
4,6e8ddebcff868b26,2026-08-01,1,1,no_position,0.30012292
4,6e9464bcf41423f4,2026-08-01,0,3,no_position,0.05598393
4,6eae429a533d3cf3,2026-08-01,0,3,no_position,0.03442729
4,6f87b7579107dee1,2026-08-01,0,3,no_position,0.18380438
4,6f900714c998fee8,2026-08-01,0,3,no_position,0.04217649
4,6fd4715ca479103e,2026-08-01,0,4,no_position,0.10153251
4,6fd9b527ea359aae,2026-08-01,0,2,no_position,0.041308552
4,6fdbd567da11f303,2026-08-01,0,2,no_position,0.045486093
4,6fecd7de1e00cd1c,2026-08-01,0,4,no_position,0.08736977
4,6ffd8c90763370e6,2026-08-01,0,2,no_position,0.13362452
4,7020e268d6ad6d55,2026-08-01,0,5,no_position,0.08154091
4,70337ad30de07905,2026-08-01,0,2,no_position,0.09945926
4,70471c76b3538e60,2026-08-01,0,4,no_position,0.042049527
4,70521944b6dde28d,2026-08-01,0,2,no_position,0.07662864
4,7082c3bdf06172d9,2026-08-01,0,5,no_position,0.061693847
4,7088980fed27f1fd,2026-08-01,0,3,no_position,0.051008455
4,709c295fdd1dafde,2026-08-01,0,2,no_position,0.05202871
4,712ef4969f0ec8a2,2026-08-01,0,1,no_position,0.07993114
4,71325f7d952397cb,2026-08-01,0,4,no_position,0.11931602
4,7138a63e5d0ec817,2026-08-01,0,3,no_position,0.11505358
4,714b46de3dbf53a3,2026-08-01,0,5,no_position,0.054310765
4,7167047194ca9e81,2026-08-01,0,4,no_position,0.40564886
4,7172a09032966e8b,2026-08-01,0,4,no_position,0.36096275
4,717f9b258847ff7f,2026-08-01,0,5,no_position,0.055966366
4,71a6285be1f7128f,2026-08-01,0,3,no_position,0.027888885
4,71b013c0ce5e145a,2026-08-01,0,3,no_position,0.045886
4,71d1654f082f3379,2026-08-01,0,2,no_position,0.06452395
4,7203c13a0d11598d,2026-08-01,0,1,no_position,0.039625008
4,7209a01bb39fc1b9,2026-08-01,1,4,no_position,0.33637592
4,7211e16691edebf4,2026-08-01,0,3,no_position,0.26712844
4,723456efff1c11aa,2026-08-01,0,1,no_position,0.047317825
4,724aaa65cb0e7c7f,2026-08-01,0,5,no_position,0.11944583
4,72944a7971d33761,2026-08-01,0,2,no_position,0.19721289
4,72b7fd7949442c41,2026-08-01,0,3,no_position,0.108826324
4,72b9b16e5e4f1536,2026-08-01,0,1,no_position,0.546254
4,72db7305e6f63dc5,2026-08-01,0,2,no_position,0.05747189
4,72de310a32d69226,2026-08-01,0,3,no_position,0.22214675
4,72e6c4a827333d8a,2026-08-01,0,4,no_position,0.047038745
4,72e945036dbf7efc,2026-08-01,1,1,no_position,0.13488962
4,72f2cf6160adba6b,2026-08-01,0,1,no_position,0.03604401
4,72fed6145b8e88b0,2026-08-01,0,5,no_position,0.05122081
4,732c59a3bf5fa3ab,2026-08-01,0,5,no_position,0.059953835
4,734a8697072b3516,2026-08-01,1,4,no_position,0.23751123
4,73672a75f34b887d,2026-08-01,0,5,no_position,0.029837044
4,739037d626687cf2,2026-08-01,0,1,no_position,0.047180522
4,743bddba281f4b4d,2026-08-01,0,2,no_position,0.051211808
4,744ef37ff3103836,2026-08-01,1,2,no_position,0.29394194
4,748293bf156a3325,2026-08-01,0,3,no_position,0.3941773
4,74e1b8682916cc6c,2026-08-01,0,3,no_position,0.14048977
4,75394cc102d9033c,2026-08-01,0,3,no_position,0.040048834
4,753a5dcb26610c6d,2026-08-01,0,3,no_position,0.036381632
4,754982c4f6b42dcb,2026-08-01,0,4,no_position,0.07734621
4,7553e4106a7f18ab,2026-08-01,1,3,no_position,0.087341756
4,755430b7f6b5f82d,2026-08-01,0,4,no_position,0.038829718
4,755c685f1d2e3aa5,2026-08-01,0,2,no_position,0.07124479
4,7560ead0fbf92fea,2026-08-01,1,1,no_position,0.37407437
4,7581f0b67310daea,2026-08-01,1,1,no_position,0.042745527
4,75f0c1ee2ebee85a,2026-08-01,0,3,no_position,0.047201525
4,75f71bfab657a686,2026-08-01,0,3,no_position,0.059062924
4,7607e2595ff454ff,2026-08-01,0,5,no_position,0.03830377
4,76188eba1d446aa2,2026-08-01,0,3,no_position,0.07037928
4,766e25848489b186,2026-08-01,0,2,no_position,0.09781763
4,768104980c4f277a,2026-08-01,0,4,no_position,0.3848144
4,76be1dbcd3789291,2026-08-01,0,3,no_position,0.053888686
4,76caad6e6cd1ce31,2026-08-01,1,5,no_position,0.0780433
4,76ceea8473ad9f8c,2026-08-01,0,1,no_position,0.40153262
4,770ece33339677bf,2026-08-01,0,4,no_position,0.024715884
4,77231f43e269572f,2026-08-01,0,2,no_position,0.0773209
4,777d8a4a2e31dd77,2026-08-01,0,2,no_position,0.054345917
4,77856ec74ccb347a,2026-08-01,0,3,no_position,0.11044257
4,77a5b8b230d553ac,2026-08-01,0,4,no_position,0.049009435
4,77e7a15809be6958,2026-08-01,0,4,no_position,0.12434013
4,782399c1491edbe1,2026-08-01,0,4,no_position,0.25277895
4,78363f1b04a6f872,2026-08-01,0,5,no_position,0.03160538
4,787eb5624ff5fa8e,2026-08-01,0,4,no_position,0.026087718
4,7899bd29ab5a23a4,2026-08-01,0,4,no_position,0.04907395
4,78ad54ae48692810,2026-08-01,0,1,no_position,0.028446779
4,78ba6d58349ef2f3,2026-08-01,0,2,no_position,0.0826092
4,78be0e66fc8267be,2026-08-01,0,4,no_position,0.0658901
4,78c481ba73b2c2d1,2026-08-01,1,5,no_position,0.19983129
4,78c6d5da2aaaf87a,2026-08-01,0,2,no_position,0.08567273
4,78f0bab81fd0c92d,2026-08-01,0,1,no_position,0.41952464
4,78f344b29762b4f9,2026-08-01,0,1,no_position,0.100703284
4,79206083aeab7b3e,2026-08-01,0,5,no_position,0.06953056
4,7947d52ade2c4691,2026-08-01,0,2,no_position,0.15771675
4,79782fdcae363761,2026-08-01,0,4,no_position,0.15968965
4,7978c290d4b67a20,2026-08-01,0,2,no_position,0.12504044
4,79c4da58d5f2f3d9,2026-08-01,0,4,no_position,0.22599171
4,79f1a685d454a881,2026-08-01,0,3,no_position,0.044410907
4,7a0a36f48d20e575,2026-08-01,0,1,no_position,0.06400453
4,7a4cc0d51190a47f,2026-08-01,0,3,no_position,0.031500906
4,7a4e066ec27df623,2026-08-01,1,3,no_position,0.059977744
4,7a80a3d2a7559bbd,2026-08-01,0,3,no_position,0.073176086
4,7a828bed8ca4e808,2026-08-01,0,2,no_position,0.110544324
4,7a85bba4a3a3542b,2026-08-01,0,4,no_position,0.029801117
4,7a8f3d5e8fa56e48,2026-08-01,0,2,no_position,0.06421238
4,7ab62db82f4e5c73,2026-08-01,0,4,no_position,0.04303407
4,7ac4610aacf00776,2026-08-01,0,3,no_position,0.0626924
4,7adcbd5e0c1c7c26,2026-08-01,0,1,no_position,0.107721694
4,7b04647afa6ac5ab,2026-08-01,0,1,no_position,0.04762683
4,7b3a06ca2bc9593e,2026-08-01,0,1,no_position,0.041015513
4,7b76059f37404fca,2026-08-01,0,2,no_position,0.040060524
4,7b853ac7025438b2,2026-08-01,0,4,no_position,0.091188006
4,7be1361136e936f3,2026-08-01,0,3,no_position,0.1218165
4,7c4e4ca3775ec8bb,2026-08-01,0,1,no_position,0.027519735
4,7ca10bc58707f5b3,2026-08-01,0,2,no_position,0.059726372
4,7ca3bb37a12c9a35,2026-08-01,0,4,no_position,0.32886383
4,7cde934c6f7b1625,2026-08-01,0,1,no_position,0.03690692
4,7cf154529d96337a,2026-08-01,0,1,no_position,0.0709343
4,7d023a47b0890f8a,2026-08-01,0,2,no_position,0.05399148
4,7d3a78baea44db30,2026-08-01,0,3,no_position,0.34864736
4,7d6402054f3ad7f4,2026-08-01,0,2,no_position,0.04902891
4,7d69ec49e74f1003,2026-08-01,0,2,no_position,0.04430998
4,7d8c20c75702263d,2026-08-01,0,5,no_position,0.12969854
4,7e040a9f5db5de1c,2026-08-01,0,5,no_position,0.056717645
4,7e2a7ef35beaa4d7,2026-08-01,0,4,no_position,0.10868549
4,7e468c88c61262fa,2026-08-01,0,4,no_position,0.032140426
4,7e6631b140569b78,2026-08-01,0,1,no_position,0.30214486
4,7e74e0a32983950b,2026-08-01,0,5,no_position,0.09103978
4,7e77e3af565109ab,2026-08-01,0,5,no_position,0.07398214
4,7ec17bee55514fc1,2026-08-01,0,2,no_position,0.050896347
4,7ed9c3919f889a17,2026-08-01,0,5,no_position,0.031729918
4,7ef29d7f2f698196,2026-08-01,0,4,no_position,0.2903712
4,7ef6e0314220ad91,2026-08-01,1,3,no_position,0.08780534
4,7f2e27ae50c8a030,2026-08-01,0,3,no_position,0.04845036
4,7f572b9773f4ce9a,2026-08-01,0,4,no_position,0.06441985
4,7fa1bd0f38542361,2026-08-01,0,2,no_position,0.08295996
4,7fdad5f8a66ff63d,2026-08-01,0,5,no_position,0.13738258
4,7fe1ba027ea49348,2026-08-01,0,2,no_position,0.0510458
4,80312e486a43b66c,2026-08-01,0,5,no_position,0.09931337
4,8054c905f32a9c97,2026-08-01,0,2,no_position,0.09543732
4,80777b47f80e01b1,2026-08-01,0,2,no_position,0.0588244
4,80839a3c6322a0a8,2026-08-01,0,2,no_position,0.04804319
4,80a1ba479291dfc0,2026-08-01,0,4,no_position,0.097130865
4,80c299676803053d,2026-08-01,0,4,no_position,0.18859364
4,813f4a290d4f7ca0,2026-08-01,0,1,no_position,0.23496288
4,816a00d6681321f2,2026-08-01,0,1,no_position,0.032712534
4,8173578264621f7b,2026-08-01,0,5,no_position,0.035282075
4,819cfd6f01e7882a,2026-08-01,0,2,no_position,0.05086982
4,81e3712fcfb97eaf,2026-08-01,0,2,no_position,0.052296102
4,820fc1758894cbfb,2026-08-01,0,5,no_position,0.08348874
4,821509b68e904378,2026-08-01,0,4,no_position,0.0855005
4,824c11687ffd8d30,2026-08-01,0,4,no_position,0.13103265
4,827b9bdfeef77c89,2026-08-01,0,3,no_position,0.04374336
4,828454d92bc39ab2,2026-08-01,0,4,no_position,0.047979094
4,828ecfb088cb7295,2026-08-01,0,3,no_position,0.040138584
4,8295c1816c519844,2026-08-01,0,4,no_position,0.029853448
4,82ff5a2e9ec6645b,2026-08-01,0,5,no_position,0.32836455
4,832271153b77592d,2026-08-01,0,4,no_position,0.07157234
4,8340128a5315dcd1,2026-08-01,1,5,no_position,0.43559498
4,83b5f88f5dbc975d,2026-08-01,0,1,no_position,0.14586562
4,83b69101906824ee,2026-08-01,0,2,no_position,0.048628107
4,83c0e48fa608089f,2026-08-01,0,3,no_position,0.06610292
4,83c3afdf23cd357f,2026-08-01,1,5,no_position,0.057795405
4,842d51c7beda7679,2026-08-01,0,4,no_position,0.10200135
4,843f33583f8f2cee,2026-08-01,0,2,no_position,0.071763195
4,846c8ce72764b2d8,2026-08-01,0,5,no_position,0.037977856
4,84924cb9d0bc8aee,2026-08-01,0,4,no_position,0.05977521
4,84c3ecccad9e8035,2026-08-01,0,4,no_position,0.05748455
4,84ddc2cd680bef2b,2026-08-01,0,1,no_position,0.07212503
4,85272d4df3866f00,2026-08-01,0,3,no_position,0.05266359
4,85760dca5d969fed,2026-08-01,0,1,no_position,0.05081879
4,85bfe0aaf3f1a921,2026-08-01,0,2,no_position,0.05856528
4,85d841747ec0fd15,2026-08-01,0,2,no_position,0.04555922
4,85f818dba059c738,2026-08-01,0,4,no_position,0.60896647
4,8615e3316239cb39,2026-08-01,0,1,no_position,0.0880662
4,861676af7695b2f7,2026-08-01,0,5,no_position,0.045958158
4,8632e8f6a5d4376e,2026-08-01,0,4,no_position,0.040055756
4,863f4a3bbacc1692,2026-08-01,0,5,no_position,0.033770986
4,864094d810939a4d,2026-08-01,0,2,no_position,0.050560046
4,864457b8de3095c6,2026-08-01,0,3,no_position,0.05710718
4,8649cbf161bd7f4f,2026-08-01,0,1,no_position,0.054445744
4,8657b0de6ede5cc3,2026-08-01,0,5,no_position,0.09977528
4,8696a1b32ca40fdb,2026-08-01,0,2,no_position,0.1660961
4,86b9eab5beed4fb0,2026-08-01,0,5,no_position,0.043741535
4,86ba5d34a8be964d,2026-08-01,0,4,no_position,0.0834217
4,86ddd1b3e62e7576,2026-08-01,0,4,no_position,0.06340858
4,86df1b21b1b74be7,2026-08-01,0,5,no_position,0.13006134
4,86df88f330e859fb,2026-08-01,0,3,no_position,0.05322663
4,87029ef064e5770d,2026-08-01,0,4,no_position,0.06824738
4,871cf2dfe2558ff7,2026-08-01,0,3,no_position,0.044982016
4,871ec8fbb8a7fdca,2026-08-01,0,4,no_position,0.03695542
4,8791efcebf03f4aa,2026-08-01,0,2,no_position,0.6287803
4,879651e0639bbf26,2026-08-01,0,1,no_position,0.039228167
4,87a34ce39a5f1fcd,2026-08-01,0,2,no_position,0.07806423
4,87b53ae4fccc9e3e,2026-08-01,0,5,no_position,0.13184349
4,87eb062ca08b5fd9,2026-08-01,0,5,no_position,0.04695255
4,87ecd5bb1c321ec6,2026-08-01,0,4,no_position,0.05527603
4,87f4e34072d83e2b,2026-08-01,0,1,no_position,0.037356976
4,88017e795fd16be1,2026-08-01,0,4,no_position,0.03176074
4,8818f60a0a9ea4b7,2026-08-01,0,4,no_position,0.045301676
4,881dbf2198bf9761,2026-08-01,0,1,no_position,0.036273085
4,882dc89627fb9e5d,2026-08-01,0,3,no_position,0.038112815
4,8841f94017e31ab8,2026-08-01,0,1,no_position,0.12460685
4,8878139d82c81f5b,2026-08-01,0,4,no_position,0.098601
4,88785f6444f6dbd6,2026-08-01,0,2,no_position,0.060816694
4,88bccb7cc6944388,2026-08-01,0,2,no_position,0.20150492
4,88ce8ff5ef57afac,2026-08-01,1,2,no_position,0.17128897
4,88e632017bdcb416,2026-08-01,0,1,no_position,0.056062836
4,88f8a851d780a7e5,2026-08-01,0,4,no_position,0.036764823
4,891efd905dab8c41,2026-08-01,0,1,no_position,0.084089845
4,8933fd8759e0b63c,2026-08-01,0,2,no_position,0.13732357
4,89978d6e7f5d04a4,2026-08-01,0,3,no_position,0.034635767
4,899eda3170821b6d,2026-08-01,0,3,no_position,0.048514005
4,89a767264a23a02c,2026-08-01,0,1,no_position,0.11188731
4,89be89634bb2acb9,2026-08-01,0,3,no_position,0.045088872
4,89dc7eb34695a882,2026-08-01,0,5,no_position,0.13723293
4,89eb6355e04ddcff,2026-08-01,0,4,no_position,0.04293832
4,8a619ca7b25795df,2026-08-01,0,4,no_position,0.07923151
4,8a7e1768820969eb,2026-08-01,0,3,no_position,0.05590299
4,8aa295b010434c48,2026-08-01,0,1,no_position,0.044573702
4,8aa755cc5ddbafc3,2026-08-01,0,5,no_position,0.041526675
4,8ad25a3501d408be,2026-08-01,0,3,no_position,0.03986545
4,8ad8c8f3114235d2,2026-08-01,1,4,no_position,0.46060696
4,8ae46465baae863a,2026-08-01,0,4,no_position,0.39003256
4,8b1543c7d28a0d97,2026-08-01,0,5,no_position,0.18039651
4,8b223d5acfa10b00,2026-08-01,0,1,no_position,0.04501582
4,8b6274d7fbc9d694,2026-08-01,0,5,no_position,0.03780416
4,8b6cdac0ed7571bd,2026-08-01,0,4,no_position,0.03157501
4,8bd7d0ff2606671f,2026-08-01,0,5,no_position,0.03582448
4,8be03eebed9bff2a,2026-08-01,0,4,no_position,0.22672074
4,8c1a94fc6aa44fbc,2026-08-01,0,3,no_position,0.061496135
4,8c32922cac5db305,2026-08-01,0,3,no_position,0.14303294
4,8c5d1d4e7f3aeaa2,2026-08-01,0,3,no_position,0.10275165
4,8c67694c6687c7cc,2026-08-01,0,4,no_position,0.092578
4,8c72ec5ca6f58244,2026-08-01,0,4,no_position,0.2542044
4,8c7d9881e0f79ba6,2026-08-01,0,2,no_position,0.076309465
4,8d219220107ace1a,2026-08-01,0,5,no_position,0.5338983
4,8d2c706d0d1faaf0,2026-08-01,0,5,no_position,0.065831415
4,8d8e69cca84826e3,2026-08-01,0,5,no_position,0.27700967
4,8dbdf683d88dd8ac,2026-08-01,0,2,no_position,0.035410706
4,8df8e10d95dadbf0,2026-08-01,0,1,no_position,0.043806456
4,8e02f46d8d2d58b3,2026-08-01,0,4,no_position,0.073338956
4,8e1062159c56a086,2026-08-01,0,4,no_position,0.12159234
4,8e238fc84b0333a1,2026-08-01,0,1,no_position,0.03876051
4,8e31409dea5dcecd,2026-08-01,0,1,no_position,0.1634521
4,8e3616c25584dc38,2026-08-01,0,5,no_position,0.032488048
4,8e42e72013dad63e,2026-08-01,0,2,no_position,0.043853547
4,8e5d271d14e5adfb,2026-08-01,0,1,no_position,0.05644696
4,8e7aeeef4b820b39,2026-08-01,0,1,no_position,0.39278787
4,8ea7ad3aba6599d2,2026-08-01,0,4,no_position,0.04518087
4,8ed046af8da5c71f,2026-08-01,0,2,no_position,0.11724335
4,8ed8b73c6afc74ff,2026-08-01,0,3,no_position,0.05787629
4,8ee2c442abc469db,2026-08-01,0,2,no_position,0.04437753
4,8f43c286c0ca30cb,2026-08-01,1,2,no_position,0.04477247
4,8f4f541699372bfb,2026-08-01,0,1,no_position,0.033279255
4,8f8967123d5d73c1,2026-08-01,0,1,no_position,0.04514883
4,8fe9dfb23d49daac,2026-08-01,0,4,no_position,0.044705525
4,8fec834372344ce3,2026-08-01,1,1,no_position,0.076608755
4,8ff498fbd40f0f06,2026-08-01,0,1,no_position,0.054427188
4,90399c1ea88db953,2026-08-01,0,5,no_position,0.048569325
4,9043b5ddedd1d003,2026-08-01,0,5,no_position,0.035838872
4,904e8d50d3d6acf4,2026-08-01,0,3,no_position,0.03408116
4,90568869730b043e,2026-08-01,0,5,no_position,0.051893327
4,9062ef2774bcf5bb,2026-08-01,0,4,no_position,0.0724552
4,90b2fc3a2f01e6e6,2026-08-01,0,4,no_position,0.19809787
4,90b55e4026a9c198,2026-08-01,0,4,no_position,0.16488673
4,91015bca63a82bcd,2026-08-01,1,3,no_position,0.08121426
4,9112fca23eb5bc68,2026-08-01,0,3,no_position,0.044785563
4,916b8c710bdd891c,2026-08-01,0,3,no_position,0.040453006
4,918cb30b4cbccc84,2026-08-01,0,3,no_position,0.06923233
4,919e7c8ad9d5ac72,2026-08-01,0,5,no_position,0.02911811
4,91cbf400d6e519c2,2026-08-01,0,1,no_position,0.031560607
4,920cfd9bee089be8,2026-08-01,0,3,no_position,0.043332245
4,9253cd68c309dab8,2026-08-01,0,2,no_position,0.052657247
4,9272946d6feaed66,2026-08-01,0,4,no_position,0.049732126
4,92abbcfa0e8bb475,2026-08-01,0,3,no_position,0.042985488
4,92c84d0294e1ecc6,2026-08-01,0,2,no_position,0.043748915
4,92f218727f9de666,2026-08-01,0,3,no_position,0.04322048
4,931fa44cbf6c1ece,2026-08-01,0,3,no_position,0.092840396
4,9383ec009bc10aeb,2026-08-01,1,2,no_position,0.41411757
4,938d51db54858d27,2026-08-01,0,2,no_position,0.061139505
4,939492d08283da2e,2026-08-01,0,1,no_position,0.037518553
4,93c249c09a7896cf,2026-08-01,0,1,no_position,0.14938822
4,93d7293e0590c4f4,2026-08-01,0,4,no_position,0.037916485
4,93f9a4ae92017ea2,2026-08-01,0,1,no_position,0.10936203
4,941f566807f18216,2026-08-01,0,2,no_position,0.045214295
4,943d9d92a7e4e9f3,2026-08-01,0,1,no_position,0.13064115
4,94486c079b0771cf,2026-08-01,1,4,no_position,0.13310371
4,944dccbe6592c629,2026-08-01,0,5,no_position,0.02862312
4,94b099a9836dd4d6,2026-08-01,1,4,no_position,0.11346943
4,94ed3381566d370d,2026-08-01,0,2,no_position,0.08364482
4,953c10dcb7a67a8c,2026-08-01,0,1,no_position,0.1357402
4,956e59be6fa7f49c,2026-08-01,0,4,no_position,0.16638727
4,95932b3db2a689d2,2026-08-01,0,3,no_position,0.0894694
4,95b7efe3ca87a33a,2026-08-01,0,2,no_position,0.08090529
4,95e3d2f677d02626,2026-08-01,0,4,no_position,0.06772055
4,9613fe1d9ac3261a,2026-08-01,1,3,no_position,0.16629206
4,962fe682ddf911f8,2026-08-01,0,3,no_position,0.07737494
4,968e58bb88ff566f,2026-08-01,0,5,no_position,0.088895634
4,96b2ee4d8fabb57c,2026-08-01,1,2,no_position,0.095907636
4,96dd5412849f3696,2026-08-01,0,2,no_position,0.04921305
4,9714090ba47c5436,2026-08-01,0,1,no_position,0.027391799
4,9749298422c796d6,2026-08-01,0,2,no_position,0.12159685
4,9762037fa4e72aef,2026-08-01,0,3,no_position,0.062053673
4,976859b1cb2d3f64,2026-08-01,0,4,no_position,0.12915865
4,97804ad045edc8ff,2026-08-01,0,5,no_position,0.037111524
4,978fa93a83cea01d,2026-08-01,0,1,no_position,0.2704681
4,9799ee5b58ed6bf5,2026-08-01,1,3,no_position,0.18522108
4,97b288d045215feb,2026-08-01,0,5,no_position,0.095447175
4,97fd8c4c5196388b,2026-08-01,0,4,no_position,0.030483201
4,981166601623cc37,2026-08-01,1,5,no_position,0.1590311
4,982a066e113f7f72,2026-08-01,0,2,no_position,0.12266704
4,9867cef03d487dca,2026-08-01,0,3,no_position,0.56096274
4,9894e83ab4b73b67,2026-08-01,0,3,no_position,0.13100293
4,98b11622296e6e17,2026-08-01,0,2,no_position,0.074078515
4,98b8ca23b73c72a9,2026-08-01,0,1,no_position,0.1629416
4,98c157400d4c5891,2026-08-01,0,4,no_position,0.14212824
4,98cacbb4c9a8ec51,2026-08-01,1,3,no_position,0.033946134
4,98d506d12129a339,2026-08-01,0,4,no_position,0.078756854
4,990453d743d2ed28,2026-08-01,0,1,no_position,0.13640778
4,991a1bbdd9bd65f3,2026-08-01,0,5,no_position,0.040746577
4,992dc662ab531ac2,2026-08-01,0,1,no_position,0.043524787
4,996dd2149140bd07,2026-08-01,0,5,no_position,0.039064918
4,99d466be68603d4e,2026-08-01,0,3,no_position,0.04004798
4,9a0b397a87a61d69,2026-08-01,0,3,no_position,0.031789113
4,9a585978f11481cd,2026-08-01,0,4,no_position,0.09854175
4,9a63b9d62cb91eb7,2026-08-01,0,4,no_position,0.08207321
4,9a7710087596cf1d,2026-08-01,0,2,no_position,0.03811681
4,9a8b173edf75d99d,2026-08-01,0,1,no_position,0.39229512
4,9aba73e5a29bb346,2026-08-01,0,2,no_position,0.06396593
4,9b0c3fe2788bce95,2026-08-01,0,1,no_position,0.15057912
4,9b10fdd35bdd2452,2026-08-01,0,3,no_position,0.10693848
4,9b2a62b605573f61,2026-08-01,0,3,no_position,0.03819873
4,9b5627d0f1dca7b1,2026-08-01,0,4,no_position,0.08268251
4,9b57e0a935469a91,2026-08-01,0,3,no_position,0.03600728
4,9bb31ea5bbe981e9,2026-08-01,0,4,no_position,0.04429655
4,9bdd28bf4665eb06,2026-08-01,0,3,no_position,0.03323107
4,9c31b46d9d2d214a,2026-08-01,0,4,no_position,0.17199449
4,9c6dd133222b3b38,2026-08-01,0,1,no_position,0.45058048
4,9c72763e7aa91216,2026-08-01,0,5,no_position,0.2379498
4,9cb7c2b4daddd4c5,2026-08-01,0,3,no_position,0.037348997
4,9cbab3166f5585a6,2026-08-01,0,4,no_position,0.06930596
4,9ce4d30b3a52fe0a,2026-08-01,0,2,no_position,0.047779262
4,9cf3e6bd7fe69f55,2026-08-01,1,3,no_position,0.17545637
4,9d2ae48aae2545a6,2026-08-01,0,1,no_position,0.035560872
4,9d3d6efa278207fa,2026-08-01,0,2,no_position,0.059172146
4,9d485642c0f55c3f,2026-08-01,0,2,no_position,0.041601766
4,9d4f60e1c28816b3,2026-08-01,0,4,no_position,0.032518636
4,9d66ea67e2365932,2026-08-01,0,3,no_position,0.037845623
4,9d6c61e96a5f401a,2026-08-01,0,1,no_position,0.027915983
4,9d973612c633b65b,2026-08-01,0,5,no_position,0.040946282
4,9dd1b6d02c4d71a1,2026-08-01,0,5,no_position,0.060274843
4,9dd94e9b5ba9471d,2026-08-01,0,5,no_position,0.04306725
4,9de41d47198fec3e,2026-08-01,0,4,no_position,0.27123207
4,9de8e95d85a556f4,2026-08-01,0,1,no_position,0.051638108
4,9e29e218c44c16ea,2026-08-01,1,3,no_position,0.25840765
4,9e3e164cbedb46cd,2026-08-01,0,5,no_position,0.037783943
4,9e906e8f11f30903,2026-08-01,0,5,no_position,0.054646652
4,9ed8a571e604eb1d,2026-08-01,0,1,no_position,0.035482854
4,9f2d9fe440f4b138,2026-08-01,0,5,no_position,0.06137139
4,9f4eaea6fa546273,2026-08-01,0,3,no_position,0.06898551
4,9f676a1537c647eb,2026-08-01,0,4,no_position,0.07323895
4,9f93028d10da3abf,2026-08-01,0,5,no_position,0.042107888
4,9fb17e00732e2a27,2026-08-01,0,4,no_position,0.059811857
4,9fb2ccc201cea937,2026-08-01,0,3,no_position,0.046447743
4,9fc43208409944c1,2026-08-01,0,5,no_position,0.035194285
4,a00af053587b596e,2026-08-01,0,2,no_position,0.045055192
4,a01218af02658ae4,2026-08-01,0,4,no_position,0.050939403
4,a01effa35c5e96af,2026-08-01,0,3,no_position,0.1777896
4,a045bb22b2b4ab9c,2026-08-01,1,5,no_position,0.27477092
4,a049859ded77fe2d,2026-08-01,0,3,no_position,0.048149608
4,a0531934fad535f5,2026-08-01,0,3,no_position,0.03678318
4,a0a31ea3717839ac,2026-08-01,0,3,no_position,0.0733378
4,a0ced649da12b430,2026-08-01,0,5,no_position,0.25675216
4,a0fbc352ad05af30,2026-08-01,0,2,no_position,0.04632769
4,a132f7a1517f008e,2026-08-01,0,5,no_position,0.030376842
4,a149305d8d092873,2026-08-01,0,4,no_position,0.19508806
4,a174500b794f1739,2026-08-01,0,2,no_position,0.037142787
4,a18f933d9085b720,2026-08-01,0,3,no_position,0.030971473
4,a19f8b5d6883aed8,2026-08-01,0,1,no_position,0.04784692
4,a1abd6b053382c4f,2026-08-01,0,2,no_position,0.2654842
4,a1aeebc6fcf421e3,2026-08-01,1,1,no_position,0.1346581
4,a1e4ae343f57c5cb,2026-08-01,0,5,no_position,0.04454808
4,a273a4a4f870f3f0,2026-08-01,0,3,no_position,0.039035413
4,a3255fa9446b2c7c,2026-08-01,0,2,no_position,0.24741329
4,a3328819efa10045,2026-08-01,0,5,no_position,0.062057115
4,a3594f2a9115e74b,2026-08-01,0,3,no_position,0.030284273
4,a391ae6f537e59c5,2026-08-01,0,1,no_position,0.053683855
4,a3a54074b22b32b8,2026-08-01,0,2,no_position,0.19074948
4,a40f4c52191b3b4c,2026-08-01,1,5,no_position,0.26242507
4,a410d4be4af9ecba,2026-08-01,0,3,no_position,0.06904142
4,a443b48021de9cd7,2026-08-01,0,1,no_position,0.06786391
4,a456c8f833452899,2026-08-01,0,1,no_position,0.04237791
4,a4676d2df89d1385,2026-08-01,0,3,no_position,0.048595928
4,a47e6d0778841d2c,2026-08-01,0,2,no_position,0.09334591
4,a4b26010eaccfeef,2026-08-01,1,2,no_position,0.12972164
4,a4f1fd62f550d685,2026-08-01,1,2,no_position,0.08365085
4,a50a04fd37259122,2026-08-01,0,5,no_position,0.060547058
4,a512332610c7f178,2026-08-01,0,1,no_position,0.04277614
4,a51ce159b0f1d240,2026-08-01,0,3,no_position,0.08595
4,a54b4eea240962d4,2026-08-01,0,3,no_position,0.037636053
4,a597a40dcd6cfa6e,2026-08-01,0,1,no_position,0.11476446
4,a5b6d77905227331,2026-08-01,0,1,no_position,0.1702521
4,a5deab790fe36b7b,2026-08-01,0,1,no_position,0.16647248
4,a600bcca58dc3fce,2026-08-01,0,3,no_position,0.039465778
4,a613023642915a03,2026-08-01,0,2,no_position,0.056925092
4,a65f0fa4c504ac30,2026-08-01,0,5,no_position,0.15337728
4,a6b14b07c97a0ab2,2026-08-01,0,3,no_position,0.053784598
4,a6b7cdb853ce1a71,2026-08-01,0,3,no_position,0.033356942
4,a6c58bc78c6d39bf,2026-08-01,0,5,no_position,0.05949765
4,a6c78a93fa571942,2026-08-01,0,2,no_position,0.09806302
4,a6d4e51e0bb96f5a,2026-08-01,1,5,no_position,0.18048093
4,a6e2e4836400c3ba,2026-08-01,0,1,no_position,0.040220343
4,a6e9325ae8489c81,2026-08-01,0,2,no_position,0.03700271
4,a6ead350c7dc447f,2026-08-01,0,3,no_position,0.049787026
4,a6f0e7267d6a0202,2026-08-01,1,4,no_position,0.32524073
4,a6fbba83dfc57a5c,2026-08-01,0,3,no_position,0.12602682
4,a6fd72ae74da7956,2026-08-01,0,5,no_position,0.032166094
4,a70ad0c617472928,2026-08-01,0,3,no_position,0.038502824
4,a70ededb57b80d31,2026-08-01,0,2,no_position,0.10712209
4,a71521852cd5612c,2026-08-01,0,4,no_position,0.054731578
4,a7259705931cbc32,2026-08-01,1,4,no_position,0.4313451
4,a73c6a22b2d38466,2026-08-01,0,1,no_position,0.035628695
4,a76d72bb319bff8e,2026-08-01,1,2,no_position,0.26945886
4,a7a2fb0568e27dde,2026-08-01,0,3,no_position,0.032404132
4,a82d02910822ec45,2026-08-01,0,4,no_position,0.12358701
4,a84127e69e03cc9b,2026-08-01,0,4,no_position,0.03786311
4,a8471410b68777f9,2026-08-01,0,4,no_position,0.35746044
4,a8634870630fd1e8,2026-08-01,1,5,no_position,0.27677512
4,a86bf0f193bd03b9,2026-08-01,0,5,no_position,0.030716527
4,a8912e1d9fc04444,2026-08-01,0,3,no_position,0.049749896
4,a891ff47970495d6,2026-08-01,0,2,no_position,0.09455012
4,a8b4920be38b35f0,2026-08-01,0,4,no_position,0.04176659
4,a8c0162bd035d7d9,2026-08-01,1,2,no_position,0.17085485
4,a8e150eb2ea766f0,2026-08-01,0,3,no_position,0.038916565
4,a8eb1f130e1c0516,2026-08-01,1,4,no_position,0.06948197
4,a8f501b9e13cbf6f,2026-08-01,0,2,no_position,0.13059606
4,a8fbdc207572ccd8,2026-08-01,0,2,no_position,0.035996474
4,a8fdaa45fe427962,2026-08-01,0,3,no_position,0.16888353
4,a946ef79a2012b39,2026-08-01,0,5,no_position,0.03699612
4,a94a8e317c32b561,2026-08-01,0,2,no_position,0.07855073
4,a953f6a94675d6ea,2026-08-01,0,1,no_position,0.23122557
4,a9a33fcb622c63aa,2026-08-01,0,3,no_position,0.31958276
4,a9fd9c7c96769b2d,2026-08-01,1,2,no_position,0.17282274
4,aa5051676dfb48de,2026-08-01,0,5,no_position,0.07350925
4,aa5696d6b1c9db3b,2026-08-01,0,1,no_position,0.23258655
4,aa75ed83333065cd,2026-08-01,0,4,no_position,0.056146786
4,aa7ff3ab7c8d7ae2,2026-08-01,0,5,no_position,0.4808418
4,aa8b631cf2a935ee,2026-08-01,0,5,no_position,0.033144377
4,aaab6ede8007989d,2026-08-01,0,1,no_position,0.033474054
4,aac8ce9de70068e3,2026-08-01,0,3,no_position,0.038639918
4,ab0b5e1a12f4a39f,2026-08-01,0,3,no_position,0.057772096
4,ab42e5ee286d6960,2026-08-01,0,4,no_position,0.28722093
4,ab48d867d85c466b,2026-08-01,0,1,no_position,0.032234922
4,ab5e1c70497d0666,2026-08-01,0,1,no_position,0.0375174
4,ab6ebd81feea3eda,2026-08-01,0,2,no_position,0.06491531
4,abb3fdd22bffdc76,2026-08-01,0,2,no_position,0.040756878
4,abcb6dd914d434d9,2026-08-01,0,2,no_position,0.06230487
4,abfa75c8e3169490,2026-08-01,0,3,no_position,0.105331965
4,ac452d189b94a20f,2026-08-01,0,3,no_position,0.1428895
4,ac65efd990e917dc,2026-08-01,0,5,no_position,0.07459097
4,acb96229236ff34e,2026-08-01,0,5,no_position,0.036480974
4,acd8b5b07fe57dc6,2026-08-01,0,5,no_position,0.07946688
4,ace112ad0b162c9a,2026-08-01,0,2,no_position,0.06890949
4,ad45516ca7bf47ab,2026-08-01,0,4,no_position,0.05225991
4,ad5e32b1022b3324,2026-08-01,0,5,no_position,0.08923406
4,ad626fa134817999,2026-08-01,0,4,no_position,0.051705368
4,ad8ee1962576d035,2026-08-01,0,2,no_position,0.048974555
4,ada4f040a93e0bbd,2026-08-01,0,4,no_position,0.028979396
4,adaf4dabb6b9e1cf,2026-08-01,0,5,no_position,0.033903256
4,adcadfc87646985f,2026-08-01,1,3,no_position,0.21732178
4,adefe8d69b8eed84,2026-08-01,0,2,no_position,0.037703943
4,ae263e5111eed81a,2026-08-01,0,2,no_position,0.08789804
4,ae2c0f02beb2ff2a,2026-08-01,0,3,no_position,0.45929208
4,ae36ced4b926382a,2026-08-01,0,4,no_position,0.043821283
4,ae406847b4b5e539,2026-08-01,0,5,no_position,0.03360337
4,ae6a668b0840e1e0,2026-08-01,0,3,no_position,0.04489282
4,ae97544a2f0b3beb,2026-08-01,0,4,no_position,0.17705004
4,aeb845976b7605b6,2026-08-01,0,5,no_position,0.12818728
4,aec04322c586b3d2,2026-08-01,0,2,no_position,0.04185022
4,aee83b2c2e34c3f5,2026-08-01,0,4,no_position,0.13793112
4,af301b05f28b9e22,2026-08-01,0,3,no_position,0.035980776
4,af45d16cab179382,2026-08-01,0,4,no_position,0.08788665
4,af62c8811ae95a69,2026-08-01,0,5,no_position,0.21706614
4,b04e64fe2ad2c18f,2026-08-01,0,3,no_position,0.04403
4,b086128a410e88e2,2026-08-01,0,3,no_position,0.04153023
4,b08bcbe41de0e1cd,2026-08-01,0,2,no_position,0.052743066
4,b0f3761555efc0fe,2026-08-01,0,4,no_position,0.06416754
4,b112d5392d2316d2,2026-08-01,0,3,no_position,0.037691098
4,b11687e6c1004b44,2026-08-01,0,2,no_position,0.25673696
4,b11ebfabd1444295,2026-08-01,0,3,no_position,0.052993473
4,b14caf094e4a87ab,2026-08-01,0,3,no_position,0.041655596
4,b165cba4a33c7d88,2026-08-01,0,2,no_position,0.2109553
4,b1811001856731f1,2026-08-01,0,1,no_position,0.07222277
4,b1880996df8ef290,2026-08-01,0,2,no_position,0.043724764
4,b198765aa5ee29ee,2026-08-01,0,4,no_position,0.0391592
4,b1b1130d49ead01d,2026-08-01,0,3,no_position,0.09304526
4,b1b94c94859b7f07,2026-08-01,0,4,no_position,0.0322625
4,b1cf02c01df2aacb,2026-08-01,0,3,no_position,0.06323733
4,b21755cc46cffafd,2026-08-01,0,4,no_position,0.053714048
4,b2336129f07661c6,2026-08-01,0,4,no_position,0.033222336
4,b276bf1266e26004,2026-08-01,0,3,no_position,0.20869255
4,b282a9e3baf70b58,2026-08-01,0,1,no_position,0.062146116
4,b2ae5c6caf7d1102,2026-08-01,0,4,no_position,0.0799244
4,b2dd0b716f6e15e9,2026-08-01,0,4,no_position,0.036902744
4,b2faae47f4a89dbd,2026-08-01,1,1,no_position,0.14849576
4,b31164036d6009b7,2026-08-01,0,3,no_position,0.281139
4,b324ffe27da08d57,2026-08-01,0,1,no_position,0.03817386
4,b3283e6cb13b7890,2026-08-01,0,4,no_position,0.029393815
4,b361229c0b23820c,2026-08-01,0,1,no_position,0.054632563
4,b396bd5e40298150,2026-08-01,0,2,no_position,0.12860115
4,b3c3ca453d650c27,2026-08-01,1,5,no_position,0.24074543
4,b45281366e799c1f,2026-08-01,0,1,no_position,0.04664566
4,b45f8dc4094299d1,2026-08-01,0,2,no_position,0.12341642
4,b4893f772a10de97,2026-08-01,0,1,no_position,0.04709173
4,b49193590a28d465,2026-08-01,0,3,no_position,0.06944097
4,b49309930b858fff,2026-08-01,1,1,no_position,0.1265271
4,b4991e2648293455,2026-08-01,0,5,no_position,0.07456433
4,b4c1e9c0fd311497,2026-08-01,0,1,no_position,0.053136766
4,b4fdd45d366ce954,2026-08-01,0,1,no_position,0.034980524
4,b51731091c706fc1,2026-08-01,0,5,no_position,0.083241604
4,b535b1bbb88f52a8,2026-08-01,0,5,no_position,0.17837122
4,b5627e5b4ec119a0,2026-08-01,0,4,no_position,0.14914952
4,b571aa37b3e9bcf1,2026-08-01,0,3,no_position,0.056133114
4,b58bfc87c61735eb,2026-08-01,0,5,no_position,0.04606946
4,b5abb47ea392ce15,2026-08-01,0,1,no_position,0.10123119
4,b5b006c4381cde39,2026-08-01,0,1,no_position,0.048583243
4,b66617a050c0bae1,2026-08-01,0,4,no_position,0.04861015
4,b666f41372f648b2,2026-08-01,0,5,no_position,0.04055356
4,b6858778cb7cd6a4,2026-08-01,0,5,no_position,0.033622522
4,b685f210b2306490,2026-08-01,0,5,no_position,0.06375782
4,b68e2d3cdd578842,2026-08-01,0,1,no_position,0.0371225
4,b6e02b699dd99222,2026-08-01,0,4,no_position,0.193036
4,b70347c8dcec1e1a,2026-08-01,0,4,no_position,0.080214255
4,b722f1d1041fc5ab,2026-08-01,0,3,no_position,0.032128066
4,b7428f56a5b56290,2026-08-01,0,1,no_position,0.119336374
4,b79b78e5e7743556,2026-08-01,0,1,no_position,0.048572544
4,b7bbf916a592ee6f,2026-08-01,0,4,no_position,0.1196036
4,b7d476ddf329e9e5,2026-08-01,0,4,no_position,0.07086058
4,b7dfc5324ea32e2c,2026-08-01,0,4,no_position,0.04319507
4,b7fbbf29ef195c5d,2026-08-01,0,1,no_position,0.037415136
4,b82b86219e0533f6,2026-08-01,0,3,no_position,0.06429946
4,b83cb2c878f47439,2026-08-01,0,5,no_position,0.08021218
4,b862be0f89e13b8a,2026-08-01,0,3,no_position,0.2981085
4,b877c042dfa2d89d,2026-08-01,0,5,no_position,0.047936935
4,b87942f2aac9cb77,2026-08-01,0,2,no_position,0.09672483
4,b8c3e850e878ce8f,2026-08-01,0,2,no_position,0.047903575
4,b8f1496ffa236892,2026-08-01,0,4,no_position,0.17315763
4,b9225ac1891f9867,2026-08-01,0,3,no_position,0.034434725
4,b92bc832ea94e9fd,2026-08-01,0,4,no_position,0.032746773
4,b94b2797cbe715af,2026-08-01,0,4,no_position,0.04681558
4,b96928c8ce213676,2026-08-01,0,2,no_position,0.065571584
4,b97b9f6fc70c5fc1,2026-08-01,0,5,no_position,0.043242056
4,b984a1401d698b91,2026-08-01,0,5,no_position,0.06932454
4,b99def919028b441,2026-08-01,0,5,no_position,0.19420451
4,b9c45d57a08166c7,2026-08-01,0,1,no_position,0.030092256
4,b9da39719a4e4eea,2026-08-01,0,3,no_position,0.05730251
4,b9ef24b5896c16c7,2026-08-01,0,1,no_position,0.23222896
4,ba2fde02d5cfacc7,2026-08-01,1,5,no_position,0.04197613
4,ba4e6dfaea6e9f73,2026-08-01,0,3,no_position,0.13212657
4,ba9d254619d8918a,2026-08-01,0,3,no_position,0.038858574
4,badc8fc43a14b6f6,2026-08-01,0,3,no_position,0.03309048
4,baf8704dfb0a1b00,2026-08-01,0,1,no_position,0.02981383
4,bb451f31f183bb4a,2026-08-01,0,2,no_position,0.10575032
4,bb6e5845aeb2abda,2026-08-01,0,2,no_position,0.08523939
4,bc1fbef903c0b14a,2026-08-01,0,5,no_position,0.0459979
4,bc1fda494674a875,2026-08-01,0,4,no_position,0.0503555
4,bc3157d51e4e8913,2026-08-01,0,4,no_position,0.19635426
4,bc37eb866d94ee87,2026-08-01,0,1,no_position,0.106439106
4,bc3a38409268faa8,2026-08-01,0,5,no_position,0.106164105
4,bc5e989bd022b767,2026-08-01,0,5,no_position,0.04236936
4,bc858a89924b9fe7,2026-08-01,0,1,no_position,0.056439582
4,bcb07c6e496d7460,2026-08-01,0,2,no_position,0.060193356
4,bcb4ec2cca68f16d,2026-08-01,0,4,no_position,0.051763065
4,bce1fab7f0a68595,2026-08-01,0,3,no_position,0.076652765
4,bd06b08f6506e426,2026-08-01,0,2,no_position,0.11431185
4,bd2bf1b29a20b0a2,2026-08-01,0,3,no_position,0.03797708
4,bd2dec3159845bd7,2026-08-01,0,4,no_position,0.044538025
4,bd7bc48eda406aec,2026-08-01,0,3,no_position,0.110071786
4,bda105c8c0e0e0e3,2026-08-01,0,3,no_position,0.040023245
4,bdc14ff855e89e60,2026-08-01,0,4,no_position,0.07617351
4,bdc24cf6f001c0f2,2026-08-01,0,1,no_position,0.09475628
4,bdeda4f6ebbb6742,2026-08-01,0,2,no_position,0.48612624
4,be28e437789be0f9,2026-08-01,0,4,no_position,0.056415893
4,be56d5c50294aadc,2026-08-01,0,2,no_position,0.040780634
4,be85748ddae95cd4,2026-08-01,0,5,no_position,0.040862516
4,be8be3862c1d7550,2026-08-01,0,1,no_position,0.053775858
4,be91c2133f4d6466,2026-08-01,0,2,no_position,0.052885327
4,be982b7e591bf144,2026-08-01,0,5,no_position,0.17609364
4,be9d548515429f16,2026-08-01,0,4,no_position,0.084810585
4,bf029f5f3f99087b,2026-08-01,0,4,no_position,0.14365073
4,bf1631266cab4741,2026-08-01,0,3,no_position,0.038470425
4,bf3007eafdd62930,2026-08-01,0,1,no_position,0.17574169
4,bf71eb07b34699e9,2026-08-01,0,3,no_position,0.052469447
4,bf97126326c6ee4e,2026-08-01,0,1,no_position,0.0427326
4,bfce5720d82d5baf,2026-08-01,0,2,no_position,0.5329773
4,bfec649b93be998d,2026-08-01,0,1,no_position,0.056204453
4,bfedef7e1b000e9e,2026-08-01,0,3,no_position,0.027934063
4,c0115dbb71e47552,2026-08-01,0,2,no_position,0.15129668
4,c01ac3b6707c9b00,2026-08-01,0,3,no_position,0.07303842
4,c027447c53888f90,2026-08-01,0,5,no_position,0.048749115
4,c03d0540ec589961,2026-08-01,0,4,no_position,0.037286755
4,c04ca0f39aebd980,2026-08-01,1,1,no_position,0.041093547
4,c0619d05b47270a8,2026-08-01,1,5,no_position,0.035706952
4,c07b7396a15a443b,2026-08-01,0,3,no_position,0.056251492
4,c099ca0086a8ebd4,2026-08-01,0,2,no_position,0.11783602
4,c0abe7ecb5264d24,2026-08-01,1,3,no_position,0.050300844
4,c0c4dfb458dfbaf2,2026-08-01,0,2,no_position,0.08240787
4,c0da726720dd0bc5,2026-08-01,0,4,no_position,0.04430154
4,c0e901ee0a8d47ef,2026-08-01,0,1,no_position,0.07169691
4,c1068f6b0e4efbed,2026-08-01,0,5,no_position,0.12432011
4,c14766eca9642fcd,2026-08-01,0,2,no_position,0.054420095
4,c199f9402f5d6412,2026-08-01,0,2,no_position,0.05054611
4,c1a5ff1926639e81,2026-08-01,0,1,no_position,0.065269105
4,c1daff55ee4ef9a6,2026-08-01,0,3,no_position,0.03460488
4,c1e109e1933ee23c,2026-08-01,0,3,no_position,0.038052935
4,c1f552fd67eed838,2026-08-01,0,5,no_position,0.051957246
4,c1f8acf0d88fef3e,2026-08-01,0,5,no_position,0.032745045
4,c20df2705d681ea7,2026-08-01,1,3,no_position,0.18583302
4,c2762eaab85668b7,2026-08-01,0,3,no_position,0.06257839
4,c29a362ccf68b81e,2026-08-01,0,1,no_position,0.04786643
4,c2b635417d6858be,2026-08-01,0,2,no_position,0.036980152
4,c2b72875aad991d2,2026-08-01,0,1,no_position,0.07209686
4,c31cb4f6772836ac,2026-08-01,0,1,no_position,0.119338624
4,c3658d9206e0d605,2026-08-01,0,4,no_position,0.04184141
4,c3853be6eccaae99,2026-08-01,0,1,no_position,0.057168137
4,c3c080e92e0c929e,2026-08-01,0,5,no_position,0.05652668
4,c3c9c4009535eecb,2026-08-01,0,1,no_position,0.06852267
4,c48dc3ed01f8eee1,2026-08-01,0,4,no_position,0.25624922
4,c49f24622f9c7fa2,2026-08-01,0,1,no_position,0.062005177
4,c4b70e4ce7a2532f,2026-08-01,0,5,no_position,0.06689449
4,c4e6ec4b2cd30782,2026-08-01,0,3,no_position,0.14459422
4,c4f6c69c78ad02fa,2026-08-01,0,5,no_position,0.0713976
4,c5047c973f9bf029,2026-08-01,0,1,no_position,0.030567314
4,c52e6793ce4c0253,2026-08-01,1,1,no_position,0.12299557
4,c53b8511a98c7eea,2026-08-01,0,5,no_position,0.029846855
4,c560e7676b660767,2026-08-01,0,5,no_position,0.05602239
4,c56913660bc2b848,2026-08-01,0,2,no_position,0.08345835
4,c573023ca9925363,2026-08-01,0,5,no_position,0.14290056
4,c57b24dda884d24a,2026-08-01,0,1,no_position,0.034725945
4,c5b180139f28f054,2026-08-01,0,2,no_position,0.05904704
4,c5b567928596e916,2026-08-01,0,2,no_position,0.22177778
4,c5d33e1f439eee28,2026-08-01,0,1,no_position,0.047924522
4,c5dddeb6b8f8237b,2026-08-01,0,1,no_position,0.123882815
4,c5e7af5d7e336b8e,2026-08-01,0,3,no_position,0.038885254
4,c64b9a4e5190981c,2026-08-01,0,5,no_position,0.066151656
4,c65957c9f79c970c,2026-08-01,1,5,no_position,0.31340638
4,c65f1faaff859241,2026-08-01,1,3,no_position,0.082552336
4,c67f10b66fa72095,2026-08-01,0,4,no_position,0.10371094
4,c6d3fc853a74705f,2026-08-01,0,4,no_position,0.09359431
4,c72ac79e1928b6e7,2026-08-01,0,1,no_position,0.053610794
4,c735066c530fbd73,2026-08-01,0,3,no_position,0.053139374
4,c74dd95783542c4c,2026-08-01,0,5,no_position,0.071657546
4,c76926391f7bdb43,2026-08-01,1,5,no_position,0.5433094
4,c76c52c13f2c1b30,2026-08-01,1,2,no_position,0.34895745
4,c770e614657a0b83,2026-08-01,0,4,no_position,0.03607487
4,c79f761a7d8718c4,2026-08-01,0,1,no_position,0.033674456
4,c7a8f97b35650744,2026-08-01,0,5,no_position,0.032704562
4,c7d44eba991d3add,2026-08-01,0,4,no_position,0.067461
4,c8332fcdaff4e08a,2026-08-01,0,1,no_position,0.030222446
4,c850353d0cbb541f,2026-08-01,0,5,no_position,0.047527567
4,c8801c59c0cf58b6,2026-08-01,0,3,no_position,0.037890296
4,c8857b9f5b3ab5d0,2026-08-01,0,5,no_position,0.05732654
4,c8aa3a229686455a,2026-08-01,0,2,no_position,0.05905969
4,c8fcafef35131e58,2026-08-01,0,1,no_position,0.04772012
4,c92428f6bde4e2ea,2026-08-01,0,3,no_position,0.04974691
4,c948f726ff92f236,2026-08-01,0,5,no_position,0.054398928
4,c950f35b6d5a9523,2026-08-01,0,5,no_position,0.06274814
4,c9522ce3e103c0ff,2026-08-01,0,2,no_position,0.045572035
4,c957b10a1c773e1e,2026-08-01,0,1,no_position,0.12833324
4,c95983409d57fdce,2026-08-01,0,3,no_position,0.043213796
4,c9dc050c697542e8,2026-08-01,0,4,no_position,0.06624837
4,c9f6ccc85d72b92f,2026-08-01,0,1,no_position,0.10705519
4,ca4cde23a0d9060c,2026-08-01,0,5,no_position,0.05728272
4,ca7eb6145e273883,2026-08-01,0,2,no_position,0.038809992
4,ca8be0d8273a4efc,2026-08-01,0,5,no_position,0.036990844
4,caae72ebf3b61a24,2026-08-01,0,4,no_position,0.04242644
4,cabeaa95431ee8cc,2026-08-01,1,3,no_position,0.37859154
4,cac47640ff381bce,2026-08-01,0,5,no_position,0.03340832
4,cb80fb6216d8b72c,2026-08-01,0,1,no_position,0.0704716
4,cb941b7c0156e32c,2026-08-01,0,4,no_position,0.0842394
4,cb9c83f17be9d48c,2026-08-01,1,2,no_position,0.052253168
4,cba899723e09571b,2026-08-01,0,4,no_position,0.109738655
4,cbcb208ca3a306d4,2026-08-01,0,5,no_position,0.02993897
4,cbe2a07cd4433418,2026-08-01,0,2,no_position,0.10976707
4,cc00cfa3a8f1b17f,2026-08-01,0,3,no_position,0.051078204
4,cc061b4f3a0227c2,2026-08-01,0,5,no_position,0.036874853
4,cc0c932ba11d19c2,2026-08-01,0,1,no_position,0.5124872
4,cc1aa53fd3404aec,2026-08-01,0,5,no_position,0.06223579
4,cc568a710c5ef02f,2026-08-01,0,5,no_position,0.03592508
4,cc63f612737e93c4,2026-08-01,0,1,no_position,0.08676984
4,cc790da071bbdd86,2026-08-01,0,3,no_position,0.049358852
4,cc958754ef8902ff,2026-08-01,0,5,no_position,0.042478193
4,cca72e62934345a4,2026-08-01,0,1,no_position,0.048628546
4,cca8e1c14a496aa9,2026-08-01,1,3,no_position,0.14137018
4,ccce003b49cd64c3,2026-08-01,0,3,no_position,0.025684891
4,cd9abadc41aad343,2026-08-01,0,3,no_position,0.054615695
4,cda32b0712db7e35,2026-08-01,0,3,no_position,0.05487424
4,cdad03d7fd7a4ef3,2026-08-01,0,3,no_position,0.052593585
4,cdc630c6923ded4f,2026-08-01,0,4,no_position,0.024500536
4,ce43ff42ef06173e,2026-08-01,1,4,no_position,0.121617004
4,ced81215708ad616,2026-08-01,0,4,no_position,0.028918963
4,cf00f72e694002fe,2026-08-01,0,5,no_position,0.04079723
4,cf2ca92d2d7ca2b0,2026-08-01,0,3,no_position,0.040739097
4,cf8ce9eb74c4a41b,2026-08-01,0,5,no_position,0.039152265
4,cf9ecbebddda97af,2026-08-01,0,2,no_position,0.057459902
4,cfa7a5e2d069b2f9,2026-08-01,0,1,no_position,0.25817922
4,cfceeff7e74b74b0,2026-08-01,0,5,no_position,0.033019975
4,cfcf50538f080c20,2026-08-01,0,2,no_position,0.044176333
4,cfe4d3284bbe8082,2026-08-01,0,3,no_position,0.042077586
4,d02aa162a3128d24,2026-08-01,0,1,no_position,0.032056395
4,d02e33686c0445e6,2026-08-01,0,3,no_position,0.035031535
4,d0430320ab5c8986,2026-08-01,0,3,no_position,0.31490004
4,d0648e3afe3e3288,2026-08-01,0,2,no_position,0.036915693
4,d08ce8370a1c1747,2026-08-01,0,4,no_position,0.03790205
4,d0a5b5da368eadb1,2026-08-01,0,2,no_position,0.04020425
4,d0eaf35afbd9a899,2026-08-01,0,4,no_position,0.030920036
4,d16e3f75be75c7ce,2026-08-01,0,4,no_position,0.049784802
4,d18db5e1de4b3a40,2026-08-01,0,3,no_position,0.20796373
4,d218fa2ea0b43fd1,2026-08-01,0,2,no_position,0.05279863
4,d21dc996424215a6,2026-08-01,0,3,no_position,0.16757892
4,d228ff53ec3e9c4d,2026-08-01,0,5,no_position,0.041864295
4,d2623565f9030aac,2026-08-01,0,5,no_position,0.040727314
4,d28841e8de5c5eed,2026-08-01,0,4,no_position,0.028308801
4,d28f25839231471b,2026-08-01,0,1,no_position,0.031468526
4,d2b51a74a52c06ee,2026-08-01,0,2,no_position,0.05061735
4,d2c083a0dcde111b,2026-08-01,0,2,no_position,0.06458076
4,d2dc4c29acf08840,2026-08-01,0,3,no_position,0.03336018
4,d31cd60330fea5ac,2026-08-01,1,4,no_position,0.06541736
4,d31f248a44370197,2026-08-01,0,2,no_position,0.04182047
4,d333cdc0313e995b,2026-08-01,0,3,no_position,0.058279283
4,d371bd69daebf379,2026-08-01,0,5,no_position,0.0544028
4,d3bb748a7504c008,2026-08-01,0,3,no_position,0.12846224
4,d3d7126776728071,2026-08-01,0,4,no_position,0.05170481
4,d41d05a700ca6446,2026-08-01,0,3,no_position,0.07130877
4,d41e754627067f96,2026-08-01,0,5,no_position,0.039349135
4,d4215b6d1dba6c14,2026-08-01,0,4,no_position,0.041054156
4,d42b1e98c85b63d2,2026-08-01,1,3,no_position,0.06042132
4,d42b75aef2ab65cf,2026-08-01,0,2,no_position,0.07399459
4,d42d85f020968d12,2026-08-01,0,4,no_position,0.074820675
4,d477f1ff4fa9dbea,2026-08-01,0,3,no_position,0.04992554
4,d4a0b1e07bcf3c57,2026-08-01,0,5,no_position,0.044715915
4,d4a630e8973ae835,2026-08-01,0,1,no_position,0.14764291
4,d4bd98cec9391fa5,2026-08-01,0,5,no_position,0.095858686
4,d4ce1a88cd087873,2026-08-01,0,5,no_position,0.04252862
4,d5009f1d5e529686,2026-08-01,0,5,no_position,0.06518571
4,d51a6bdb4fd1cd94,2026-08-01,1,4,no_position,0.08509817
4,d5497f544b415451,2026-08-01,0,1,no_position,0.032357767
4,d556e64c5e3e48cf,2026-08-01,0,5,no_position,0.04120575
4,d5584975a7e8fea4,2026-08-01,0,3,no_position,0.041283216
4,d56f715e7389d29a,2026-08-01,0,3,no_position,0.066997826
4,d571303f843c4c98,2026-08-01,1,3,no_position,0.30720225
4,d58ec5b975113032,2026-08-01,0,4,no_position,0.055383924
4,d591c052ffca95a9,2026-08-01,0,5,no_position,0.38282242
4,d5cec37aa8aeffa6,2026-08-01,0,5,no_position,0.067827314
4,d5fa0b1479cb2af9,2026-08-01,0,5,no_position,0.16747957
4,d64a0efc631d5191,2026-08-01,0,2,no_position,0.04122278
4,d658958b81bc5203,2026-08-01,0,4,no_position,0.04965939
4,d6cf77ed97399107,2026-08-01,0,5,no_position,0.04410461
4,d6d516f15539b6eb,2026-08-01,0,2,no_position,0.12817119
4,d6f05b420cf0f9ee,2026-08-01,0,5,no_position,0.14871767
4,d723a96eb913af50,2026-08-01,0,5,no_position,0.0369056
4,d730e2f50f15c96a,2026-08-01,1,2,no_position,0.06656983
4,d7318887ca1eac14,2026-08-01,0,2,no_position,0.057384796
4,d7332d2a6e939248,2026-08-01,0,3,no_position,0.040386926
4,d77aaa677cdc5ff7,2026-08-01,1,2,no_position,0.14564696
4,d7a3701864c7985d,2026-08-01,0,1,no_position,0.04802385
4,d7bff54502583aae,2026-08-01,0,2,no_position,0.05685081
4,d7c7cd083bb6e860,2026-08-01,0,2,no_position,0.050218478
4,d7d0b453ca3f0177,2026-08-01,0,3,no_position,0.06969378
4,d7da78394b1bcb61,2026-08-01,0,3,no_position,0.2076255
4,d7f828056e672fae,2026-08-01,0,1,no_position,0.032005034
4,d8406ea8410ae9c5,2026-08-01,0,4,no_position,0.036369044
4,d8550ebc8ffb74b6,2026-08-01,0,2,no_position,0.051892973
4,d88be0381d6a5029,2026-08-01,0,1,no_position,0.045114703
4,d8e08b321e6bb0e4,2026-08-01,0,5,no_position,0.07761428
4,d8e0ef8fb1b5c7f6,2026-08-01,0,5,no_position,0.0962489
4,d92e6784849defdf,2026-08-01,1,2,no_position,0.058976755
4,d94ca5f975c98d29,2026-08-01,0,2,no_position,0.06888357
4,d97a3046c6cae238,2026-08-01,1,1,no_position,0.04705674
4,d98be62e52f5158b,2026-08-01,0,1,no_position,0.034298077
4,d9c99fed8fa2c209,2026-08-01,0,2,no_position,0.2714157
4,d9d339985dc10b57,2026-08-01,0,2,no_position,0.03891366
4,d9e2f79467b32668,2026-08-01,0,3,no_position,0.069046296
4,da117413c9d9003c,2026-08-01,0,4,no_position,0.08548454
4,da3d1b76086db960,2026-08-01,0,1,no_position,0.045968708
4,da3fedeba54d9e07,2026-08-01,0,3,no_position,0.033141106
4,da48865f0ebdbc09,2026-08-01,0,1,no_position,0.1184003
4,da519b5cce6aaf71,2026-08-01,0,5,no_position,0.097791165
4,da982130a4f7bcd1,2026-08-01,0,3,no_position,0.036124468
4,da9d5ca3cf4b5555,2026-08-01,0,2,no_position,0.1163493
4,daa031fbb8291e5f,2026-08-01,0,1,no_position,0.027019411
4,dab3075db9d4773d,2026-08-01,0,3,no_position,0.029868381
4,dabbf1f1bef8f75c,2026-08-01,1,2,no_position,0.10446372
4,dacf050fbed07f26,2026-08-01,0,2,no_position,0.052991677
4,dadf2849fc66d48b,2026-08-01,0,4,no_position,0.037127953
4,dae15032d7d6d5a3,2026-08-01,0,1,no_position,0.04560194
4,daf02c928dffdc69,2026-08-01,0,4,no_position,0.20732014
4,db059d031269f03c,2026-08-01,0,3,no_position,0.050018236
4,db400a2d232160b2,2026-08-01,0,3,no_position,0.055120457
4,db570e696792aa97,2026-08-01,0,1,no_position,0.03670361
4,db6f01791783b71f,2026-08-01,0,3,no_position,0.1783082
4,dc6452d5729cbc29,2026-08-01,0,4,no_position,0.038241528
4,dc7b07bf303cd187,2026-08-01,0,5,no_position,0.06246838
4,dc7f3cd50defd7c7,2026-08-01,0,4,no_position,0.04022662
4,dc9fcdf4f06373e8,2026-08-01,0,2,no_position,0.052551176
4,dcb13ca0949aea31,2026-08-01,0,5,no_position,0.04268573
4,dcfded541753956e,2026-08-01,0,2,no_position,0.14796707
4,dd0119af573acb84,2026-08-01,0,2,no_position,0.050025873
4,dd0d76555c292566,2026-08-01,0,4,no_position,0.03853087
4,dd20a9322dbf1d69,2026-08-01,0,4,no_position,0.19912836
4,dd55a5f6ebb6685b,2026-08-01,0,5,no_position,0.049482755
4,dd85cf844b9ff7b7,2026-08-01,0,3,no_position,0.06528032
4,dda57a46ed46f5a1,2026-08-01,0,5,no_position,0.044013474
4,dda9f6d767269a60,2026-08-01,0,5,no_position,0.05647005
4,ddb57afc90900771,2026-08-01,0,1,no_position,0.04038269
4,ddf081a4e72d242e,2026-08-01,0,5,no_position,0.128785
4,de13019cd31e3ed2,2026-08-01,0,5,no_position,0.058453087
4,de217be9b3fc6630,2026-08-01,0,4,no_position,0.14776814
4,de247a73d5398e63,2026-08-01,1,1,no_position,0.12195379
4,de4fe4cc1c542525,2026-08-01,0,3,no_position,0.044742163
4,de6b8d67ba4afde1,2026-08-01,0,2,no_position,0.04603828
4,de6ba49d54a21c44,2026-08-01,0,1,no_position,0.046326354
4,de8c3de77cb407c8,2026-08-01,0,5,no_position,0.058978632
4,de8d12ce8eeaffa7,2026-08-01,0,3,no_position,0.04031048
4,de8ecd1352d2e06a,2026-08-01,1,2,no_position,0.14189662
4,debda029cc21cdc0,2026-08-01,0,3,no_position,0.0678322
4,decd0d1e1dd491ef,2026-08-01,0,2,no_position,0.09755223
4,defe695ffa10d715,2026-08-01,0,3,no_position,0.04897371
4,df410850cf72a63f,2026-08-01,0,3,no_position,0.026260763
4,df4ae5f75a823684,2026-08-01,1,5,no_position,0.058034055
4,df5cab1dac835f47,2026-08-01,0,1,no_position,0.074705005
4,df733c6b64b64790,2026-08-01,0,4,no_position,0.0925444
4,e0186a7c68fad9b1,2026-08-01,0,5,no_position,0.045834795
4,e01b474d1c3f4a26,2026-08-01,0,4,no_position,0.066074036
4,e02a67989c796bef,2026-08-01,0,2,no_position,0.07469127
4,e05c34fcd9b1c111,2026-08-01,1,2,no_position,0.086255595
4,e05fc93a876adb8e,2026-08-01,0,4,no_position,0.09608515
4,e0703f22b5cbed63,2026-08-01,0,3,no_position,0.051769108
4,e0acdbceabe14bb1,2026-08-01,0,3,no_position,0.034460958
4,e0b51bc64b330f8a,2026-08-01,0,5,no_position,0.11555846
4,e0d3efffe6451570,2026-08-01,0,5,no_position,0.029028546
4,e1226c703aef9a9c,2026-08-01,0,3,no_position,0.03918147
4,e12c45d3f23460ed,2026-08-01,1,4,no_position,0.2639179
4,e148a90eb8d3838b,2026-08-01,1,5,no_position,0.14534603
4,e15ec72a003c987b,2026-08-01,0,3,no_position,0.12915875
4,e15ffc1666615fc3,2026-08-01,0,2,no_position,0.063383
4,e1731c0e2afb1199,2026-08-01,0,1,no_position,0.04608182
4,e190fb4102ff161e,2026-08-01,0,4,no_position,0.03618504
4,e1a83fd16f9c40cf,2026-08-01,0,4,no_position,0.039274994
4,e2628574cd093216,2026-08-01,0,3,no_position,0.03234214
4,e269ff252742bd76,2026-08-01,0,4,no_position,0.02234946
4,e26ba8b8e77b4407,2026-08-01,0,4,no_position,0.13405678
4,e2896bb368119f7c,2026-08-01,0,4,no_position,0.20008406
4,e28fcfe614c4a454,2026-08-01,0,4,no_position,0.1397391
4,e2b9da31a13a827e,2026-08-01,0,1,no_position,0.10691478
4,e304d54637e5ece7,2026-08-01,0,1,no_position,0.064417064
4,e30afb71f4ef8526,2026-08-01,0,5,no_position,0.03893653
4,e3b817cc9fbc5c20,2026-08-01,0,4,no_position,0.19740164
4,e3c26faff72eed47,2026-08-01,0,2,no_position,0.08537423
4,e3cae2cc3edf63a2,2026-08-01,0,5,no_position,0.060290024
4,e3cb95a2ca557ad9,2026-08-01,0,3,no_position,0.06023813
4,e3ec94cafc8dd754,2026-08-01,0,1,no_position,0.042367395
4,e3eccd749ae93e4c,2026-08-01,0,4,no_position,0.0725337
4,e3eeb1b84ca96bc7,2026-08-01,0,4,no_position,0.04822494
4,e407727953c941cd,2026-08-01,0,2,no_position,0.037822362
4,e42a985f3372fe6e,2026-08-01,0,3,no_position,0.092497796
4,e43b3171d0edb870,2026-08-01,0,4,no_position,0.07249711
4,e47284ea4d859c9e,2026-08-01,0,2,no_position,0.06807136
4,e48f1e0c3554df16,2026-08-01,0,2,no_position,0.04564053
4,e4c87b55b5e8119d,2026-08-01,0,2,no_position,0.04917471
4,e50ea2b9e240a5a1,2026-08-01,1,5,no_position,0.20589417
4,e5ad3ecb52c0e909,2026-08-01,0,4,no_position,0.10516081
4,e5de91cf62eeff2d,2026-08-01,0,5,no_position,0.032466978
4,e5e6acbbc2ab1c17,2026-08-01,0,5,no_position,0.033751644
4,e5fa79919764d0b5,2026-08-01,0,3,no_position,0.075366884
4,e62040c8e08ec307,2026-08-01,0,5,no_position,0.29047626
4,e624cc7089e3b9e5,2026-08-01,0,4,no_position,0.11046776
4,e62eb2951dba7780,2026-08-01,0,4,no_position,0.039762296
4,e63ce31da4666951,2026-08-01,0,2,no_position,0.05183724
4,e68eb989b724950a,2026-08-01,0,3,no_position,0.040471207
4,e698020be7e19a13,2026-08-01,0,2,no_position,0.066308245
4,e6a4d8608e959b99,2026-08-01,0,5,no_position,0.23003109
4,e6b3b58703f446aa,2026-08-01,0,2,no_position,0.037863955
4,e6e153d3b2d136c5,2026-08-01,0,2,no_position,0.056255683
4,e6ebcb5bbb501884,2026-08-01,0,5,no_position,0.1342677
4,e6f64805907401f1,2026-08-01,1,5,no_position,0.07454662
4,e6fa0b01c92fde94,2026-08-01,0,3,no_position,0.07550016
4,e7150c8e9664cb01,2026-08-01,0,3,no_position,0.030574037
4,e7213b0096461c87,2026-08-01,0,2,no_position,0.060490936
4,e723d916bd2da720,2026-08-01,0,4,no_position,0.046043545
4,e75787898f9e3b34,2026-08-01,0,5,no_position,0.15808992
4,e75a1f562869ef93,2026-08-01,0,1,no_position,0.17456158
4,e75dbbe157ab0836,2026-08-01,0,4,no_position,0.031532142
4,e77b19fe98194823,2026-08-01,0,3,no_position,0.028964559
4,e79626606f34bd34,2026-08-01,0,2,no_position,0.093736276
4,e7bd2e1bfac1af37,2026-08-01,0,5,no_position,0.03702125
4,e7c81055f4c33b7b,2026-08-01,0,5,no_position,0.11105614
4,e7d1fa59b2b73cdd,2026-08-01,0,5,no_position,0.04595214
4,e7f809061d526949,2026-08-01,0,2,no_position,0.045962635
4,e7fc54833c08d1fa,2026-08-01,0,5,no_position,0.04056589
4,e8245f4e44c3a719,2026-08-01,0,3,no_position,0.042914934
4,e83199561f0538c2,2026-08-01,0,4,no_position,0.059650887
4,e837af8b4a13e806,2026-08-01,0,1,no_position,0.031384937
4,e861822c4770dc77,2026-08-01,0,2,no_position,0.039544266
4,e8745ae4a9d8a700,2026-08-01,0,1,no_position,0.062376477
4,e87e9b38866321bb,2026-08-01,0,2,no_position,0.043449927
4,e886b7bb5ede34be,2026-08-01,0,5,no_position,0.0633003
4,e88e0e82a97918b4,2026-08-01,0,4,no_position,0.063760325
4,e88ee1903893029d,2026-08-01,1,1,no_position,0.4267664
4,e89c869546164c3b,2026-08-01,0,1,no_position,0.06078519
4,e8b36d9d5791199d,2026-08-01,0,4,no_position,0.046504375
4,e8e4cdb578a9164e,2026-08-01,0,1,no_position,0.10696774
4,e90a55261c07af5e,2026-08-01,0,4,no_position,0.039315514
4,e915243e5249a03e,2026-08-01,0,5,no_position,0.035087444
4,e916d296d52a4ae0,2026-08-01,0,1,no_position,0.045081932
4,e91b9a1c12f99b6a,2026-08-01,0,1,no_position,0.026948998
4,e92a345ec8a45166,2026-08-01,0,3,no_position,0.08916954
4,e931d8c92499bb99,2026-08-01,0,2,no_position,0.048265252
4,e939ec7c116b74c6,2026-08-01,0,4,no_position,0.04466699
4,e940c0bd966249d7,2026-08-01,0,5,no_position,0.09626562
4,e95bd2d888a47b14,2026-08-01,0,4,no_position,0.079284295
4,e95f321c8ae4c498,2026-08-01,0,2,no_position,0.07828026
4,e9821cd108767d6c,2026-08-01,0,2,no_position,0.07003529
4,e99910c43351f20a,2026-08-01,0,5,no_position,0.062346924
4,e9a04d781fac844a,2026-08-01,0,2,no_position,0.15506741
4,e9a32dd1c7b9b7b8,2026-08-01,0,5,no_position,0.07479324
4,e9d74952ab62822c,2026-08-01,0,1,no_position,0.048678912
4,ea2320faae6fafe0,2026-08-01,0,5,no_position,0.0585728
4,ea2ea8a2a79d5bcb,2026-08-01,0,3,no_position,0.051672425
4,eac5455bddd48541,2026-08-01,0,2,no_position,0.117635205
4,eae2c986b682492c,2026-08-01,0,4,no_position,0.0302243
4,eb2e296ea64ea230,2026-08-01,0,3,no_position,0.032874495
4,eb45c3e8b99492cf,2026-08-01,0,4,no_position,0.26790443
4,eb570e702413cb24,2026-08-01,0,5,no_position,0.07552526
4,eb7817cb83306b9a,2026-08-01,0,1,no_position,0.08756775
4,eba598843cc83415,2026-08-01,0,5,no_position,0.0464074
4,eba629cfe591e65f,2026-08-01,0,3,no_position,0.03896772
4,eba81825ad7b324a,2026-08-01,0,5,no_position,0.035777003
4,ebad7780ad5aafc0,2026-08-01,0,2,no_position,0.046436407
4,ec1659d9896ef949,2026-08-01,0,3,no_position,0.03644725
4,ec2bd8d42581a7ba,2026-08-01,0,5,no_position,0.16965647
4,ec67edabbfa61c1f,2026-08-01,0,4,no_position,0.10768962
4,ec7cf819809f77ba,2026-08-01,0,5,no_position,0.03645184
4,ecbb3af6db7d6d97,2026-08-01,0,4,no_position,0.1392792
4,ecdd0a2194af066e,2026-08-01,0,5,no_position,0.046419177
4,ed1609209d31c1de,2026-08-01,0,1,no_position,0.041345738
4,ed420aab4004757a,2026-08-01,0,5,no_position,0.041855488
4,ed52f2dd435dc842,2026-08-01,0,4,no_position,0.102772295
4,ed855e5b0230516b,2026-08-01,0,4,no_position,0.046429984
4,ed98401fe16ef2c4,2026-08-01,0,2,no_position,0.044390626
4,edaa3518f78284b4,2026-08-01,0,2,no_position,0.05611915
4,edab82a6f81d648c,2026-08-01,0,2,no_position,0.04911691
4,ede5465481142c68,2026-08-01,0,4,no_position,0.04500393
4,ee07c54fef82f8ed,2026-08-01,0,4,no_position,0.24939932
4,ee08574edbf6ea4a,2026-08-01,0,2,no_position,0.05524322
4,ee1d6543d3167874,2026-08-01,0,1,no_position,0.43313998
4,ee3c38186da9711c,2026-08-01,1,5,no_position,0.036992043
4,ee4850c04f353a1c,2026-08-01,1,2,no_position,0.044759378
4,eefb3b54f80771c5,2026-08-01,0,3,no_position,0.07666543
4,ef00fefbb0835a75,2026-08-01,0,2,no_position,0.47018299
4,ef19526e494f32c0,2026-08-01,0,4,no_position,0.07169097
4,efa0b2481a62f199,2026-08-01,0,1,no_position,0.1477441
4,efb2e3aadfe60d6f,2026-08-01,0,1,no_position,0.13548739
4,efe804eefaa96845,2026-08-01,0,5,no_position,0.2347936
4,f038068fdd3dce14,2026-08-01,0,4,no_position,0.0725474
4,f0439cdb28a4456b,2026-08-01,0,5,no_position,0.086676545
4,f05df960572a4a49,2026-08-01,0,3,no_position,0.06371719
4,f05e760f2f241a58,2026-08-01,0,4,no_position,0.035961512
4,f093d63a4ced0e2b,2026-08-01,0,1,no_position,0.062964715
4,f0a1a1585e905aad,2026-08-01,0,1,no_position,0.06060681
4,f0c131c48c27d998,2026-08-01,0,1,no_position,0.070940584
4,f0d6341cf854c1de,2026-08-01,0,5,no_position,0.07233756
4,f0db543caaa64bf3,2026-08-01,1,2,no_position,0.07262498
4,f11186db96935951,2026-08-01,0,5,no_position,0.026322432
4,f11c7195afa6c721,2026-08-01,1,5,no_position,0.06386414
4,f13263c7134051aa,2026-08-01,0,1,no_position,0.04179286
4,f1484bc2746d0dd4,2026-08-01,0,1,no_position,0.068195544
4,f17c9fc4d9725cde,2026-08-01,0,3,no_position,0.110307984
4,f27ac86d24111dc1,2026-08-01,0,4,no_position,0.038753796
4,f2dba4a920266f8d,2026-08-01,0,3,no_position,0.3747361
4,f2f40564972b9a5e,2026-08-01,0,4,no_position,0.0958292
4,f318170e7ed96f9e,2026-08-01,1,1,no_position,0.10957874
4,f34c3c02e554f93a,2026-08-01,0,5,no_position,0.08399382
4,f35c1d7e955c9f9d,2026-08-01,0,1,no_position,0.057769727
4,f36d34bb78619427,2026-08-01,0,2,no_position,0.059848923
4,f375b307086b772d,2026-08-01,0,4,no_position,0.41987535
4,f37fed1992705733,2026-08-01,0,1,no_position,0.14088027
4,f38cec685d5d1464,2026-08-01,0,4,no_position,0.029786961
4,f3a6ceaf62fe8408,2026-08-01,0,5,no_position,0.06979304
4,f3c91b313e9b9788,2026-08-01,0,5,no_position,0.038550053
4,f3cfb762355f8aa6,2026-08-01,0,4,no_position,0.047785882
4,f3efd432026c7758,2026-08-01,0,2,no_position,0.10328867
4,f4163f26f37ab571,2026-08-01,0,3,no_position,0.028944902
4,f41aeed8edc96f06,2026-08-01,0,4,no_position,0.46429813
4,f4251d0b607ac17d,2026-08-01,0,2,no_position,0.0542133
4,f42d46412fa84cb6,2026-08-01,0,3,no_position,0.037627384
4,f449676549720e9f,2026-08-01,0,1,no_position,0.040861655
4,f450beb599c5b2cf,2026-08-01,0,3,no_position,0.043789268
4,f4cfb51fd62073de,2026-08-01,0,3,no_position,0.03696944
4,f4dd6eaadc428b14,2026-08-01,0,2,no_position,0.045014188
4,f4ddc7e630b7edb6,2026-08-01,1,2,no_position,0.08125238
4,f4f4c720f50eed78,2026-08-01,0,2,no_position,0.06242285
4,f504c935575048e1,2026-08-01,0,3,no_position,0.34700218
4,f53c36fba74c1f29,2026-08-01,0,5,no_position,0.059491742
4,f570d54040494fcf,2026-08-01,0,1,no_position,0.025399944
4,f5742195aa9774b2,2026-08-01,0,3,no_position,0.1836043
4,f59c22a00d4043b5,2026-08-01,0,1,no_position,0.029951865
4,f5b8282c03cb2834,2026-08-01,0,2,no_position,0.035640378
4,f5df5cdf395abca7,2026-08-01,0,2,no_position,0.09609669
4,f5f78cecfbdaf4c9,2026-08-01,0,4,no_position,0.48533267
4,f608acd8d9153360,2026-08-01,0,5,no_position,0.082531534
4,f62d459cc1b95470,2026-08-01,0,1,no_position,0.03161834
4,f6333bbf482ef375,2026-08-01,0,2,no_position,0.2471325
4,f644f756a175d536,2026-08-01,0,2,no_position,0.061851636
4,f661665ce9b9c930,2026-08-01,0,2,no_position,0.040427234
4,f675154bcfe0bef6,2026-08-01,0,1,no_position,0.09095535
4,f6751957def9b438,2026-08-01,0,2,no_position,0.043799564
4,f68eff9b73b67a52,2026-08-01,0,2,no_position,0.11193536
4,f697be9bd1e80268,2026-08-01,0,1,no_position,0.03515221
4,f69ddf3b0809a507,2026-08-01,1,3,no_position,0.044834875
4,f6a447f4d7e471d6,2026-08-01,1,1,no_position,0.2631422
4,f6d0758e34086c8e,2026-08-01,0,2,no_position,0.051598202
4,f6f04e2bfea3f7b0,2026-08-01,0,4,no_position,0.048763026
4,f6f7d448bcba7120,2026-08-01,0,5,no_position,0.06318459
4,f718f17bfb919bc1,2026-08-01,1,2,no_position,0.10447255
4,f7248cab2ec4569e,2026-08-01,1,3,no_position,0.06024422
4,f729872587f1f828,2026-08-01,0,3,no_position,0.048578028
4,f7666acca613cd8c,2026-08-01,0,5,no_position,0.052526135
4,f772757ec41e5176,2026-08-01,0,1,no_position,0.032662675
4,f7def9272924ff36,2026-08-01,0,3,no_position,0.04448033
4,f7e52e477c814985,2026-08-01,0,3,no_position,0.22022301
4,f7ee6a52f11f432e,2026-08-01,0,3,no_position,0.107677184
4,f84ec3833420d902,2026-08-01,0,2,no_position,0.048128303
4,f860d51c298e974e,2026-08-01,0,5,no_position,0.06381933
4,f8a378787c64c370,2026-08-01,0,1,no_position,0.064021274
4,f8a5f20e07ce52e5,2026-08-01,0,2,no_position,0.2360055
4,f8ab84b3e13c0292,2026-08-01,0,4,no_position,0.06222703
4,f8b3ba884c087ed4,2026-08-01,0,3,no_position,0.05000075
4,f8e1b32cee10ed32,2026-08-01,0,2,no_position,0.13657358
4,f8e62e8d811b5258,2026-08-01,0,1,no_position,0.11212445
4,f933cbc232d74489,2026-08-01,0,2,no_position,0.038377542
4,f9a9ee21aa4a8d0d,2026-08-01,0,1,no_position,0.028324677
4,f9b35157eacf08cf,2026-08-01,1,3,no_position,0.36781597
4,fa0af2506b43b414,2026-08-01,0,2,no_position,0.049944654
4,fa342e1470178407,2026-08-01,0,2,no_position,0.0386844
4,faa75b55db33fcd1,2026-08-01,0,2,no_position,0.06681441
4,faca64690dc9d2e4,2026-08-01,0,1,no_position,0.04143918
4,fad5d30faedf3242,2026-08-01,0,1,no_position,0.041962776
4,fad7b5a82185103e,2026-08-01,0,3,no_position,0.04067868
4,fb125522e82e5320,2026-08-01,0,4,no_position,0.059806317
4,fb13627d4bbca485,2026-08-01,0,5,no_position,0.06289688
4,fb26e820adfcf2a4,2026-08-01,1,1,no_position,0.061183527
4,fb3ca18cf3deaf34,2026-08-01,1,1,no_position,0.062005874
4,fb7714c2edd8d214,2026-08-01,0,3,no_position,0.03854963
4,fb92284d655cddde,2026-08-01,0,3,no_position,0.031236565
4,fb9f55bb583b1725,2026-08-01,0,4,no_position,0.044538833
4,fbac4e530dff9854,2026-08-01,1,1,no_position,0.21333218
4,fbbc792dcf026c42,2026-08-01,0,1,no_position,0.17778002
4,fbf738f8c3bc94f6,2026-08-01,0,5,no_position,0.08670722
4,fc18828b02f608a1,2026-08-01,0,4,no_position,0.05948558
4,fc3a09e116bb571f,2026-08-01,0,4,no_position,0.03943803
4,fc47829d2017c147,2026-08-01,0,2,no_position,0.098048955
4,fc592a75b61e2135,2026-08-01,1,4,no_position,0.03362934
4,fcb24d40eb9e43fa,2026-08-01,0,5,no_position,0.13313052
4,fcb82fec22a99796,2026-08-01,1,4,no_position,0.09362957
4,fccb706cd74bedb5,2026-08-01,0,4,no_position,0.052858885
4,fccd35bd5a199e8c,2026-08-01,0,2,no_position,0.046637554
4,fce0e44d754fd10c,2026-08-01,0,1,no_position,0.047937598
4,fcf80c24c49f1488,2026-08-01,0,2,no_position,0.056195717
4,fd660bbee0b1dc6a,2026-08-01,1,1,no_position,0.114907324
4,fd8933e4d143950e,2026-08-01,0,1,no_position,0.117844895
4,fda6081d1d5aa1e0,2026-08-01,0,3,no_position,0.03477948
4,fdf97c1394f4718c,2026-08-01,0,3,no_position,0.041583993
4,fe658b0e707053e6,2026-08-01,0,3,no_position,0.06528461
4,fe86d39b7a28ae22,2026-08-01,0,5,no_position,0.05858682
4,fe87763944c649c7,2026-08-01,0,4,no_position,0.032571208
4,fe8e6601ef1aaa0f,2026-08-01,1,3,no_position,0.15738806
4,feeec72fff6f3835,2026-08-01,0,4,no_position,0.038195707
4,feff50280066758e,2026-08-01,0,4,no_position,0.19745128
4,ff30e8ded74df6d1,2026-08-01,0,1,no_position,0.03495144
4,ff38a66810501a73,2026-08-01,0,5,no_position,0.6634016
4,ff38db1fd0a249b4,2026-08-01,0,5,no_position,0.12917422
4,ff553633a96472b8,2026-08-01,0,3,no_position,0.041928157
4,ff7d851c34280a16,2026-08-01,0,3,no_position,0.10795619
4,ff8afbe0fc76d714,2026-08-01,0,4,no_position,0.072745346
4,ffb33eaa1cd3bd39,2026-08-01,0,4,no_position,0.059524287
4,ffc8756ab4545e95,2026-08-01,1,2,no_position,0.081263386
4,ffd2eeff2ddb1e07,2026-08-01,1,2,no_position,0.09537835
4,ffdbafcc07d9207f,2026-08-01,0,4,no_position,0.120844424
4,ffdf8a95c968efc7,2026-08-01,0,1,no_position,0.036673415
1,00053f88ff693715,2026-08-01,0,1,no_position_no_time,0.10994081
1,0074280e071acda5,2026-08-01,0,4,no_position_no_time,0.0961231
1,0074ecebcddbd540,2026-08-01,1,4,no_position_no_time,0.07147674
1,007ca5b34f91f3be,2026-08-01,0,1,no_position_no_time,0.08138269
1,0083576eadd2e99c,2026-08-01,0,5,no_position_no_time,0.062393714
1,00851b6d3a490dc8,2026-08-01,0,3,no_position_no_time,0.085226454
1,00b379aac6b7c8fa,2026-08-01,0,5,no_position_no_time,0.1317443
1,00cfea20a6d44c0f,2026-08-01,0,3,no_position_no_time,0.07753954
1,01347303be942f21,2026-08-01,0,2,no_position_no_time,0.110219575
1,01497e6106b3fe05,2026-08-01,0,5,no_position_no_time,0.08176274
1,015cf439e75fc183,2026-08-01,0,1,no_position_no_time,0.14430569
1,0198d49491c124ce,2026-08-01,0,2,no_position_no_time,0.07876099
1,019d267e7a343618,2026-08-01,0,1,no_position_no_time,0.09317736
1,01b51c2aade33b4d,2026-08-01,0,1,no_position_no_time,0.0679507
1,01bbf176242629b2,2026-08-01,0,3,no_position_no_time,0.065522455
1,01e4e1b0bfbdfd79,2026-08-01,0,3,no_position_no_time,0.07670344
1,0238d88dce13d327,2026-08-01,0,5,no_position_no_time,0.09267956
1,0249ef177473a31f,2026-08-01,0,4,no_position_no_time,0.05882597
1,026b9a670d5c3afc,2026-08-01,0,4,no_position_no_time,0.08838406
1,0284cc51c2365ff2,2026-08-01,0,2,no_position_no_time,0.07861093
1,029e973742c53199,2026-08-01,1,3,no_position_no_time,0.08220988
1,02c86856c228e90c,2026-08-01,0,5,no_position_no_time,0.08871062
1,02c971e5120ef439,2026-08-01,0,3,no_position_no_time,0.06977449
1,0301e9e2c22bb9ba,2026-08-01,0,4,no_position_no_time,0.12052035
1,030afb63554c2ffa,2026-08-01,0,3,no_position_no_time,0.08729373
1,03258645a3f0b144,2026-08-01,0,3,no_position_no_time,0.07292498
1,0350d99d576bd96a,2026-08-01,0,2,no_position_no_time,0.084418334
1,03856613b21f55db,2026-08-01,0,5,no_position_no_time,0.08609057
1,038b14de817b710b,2026-08-01,0,2,no_position_no_time,0.06869509
1,0396a3f7c70b1d42,2026-08-01,0,2,no_position_no_time,0.13136704
1,03975fc61882c352,2026-08-01,0,2,no_position_no_time,0.09144949
1,0399fa248e1f3223,2026-08-01,1,2,no_position_no_time,0.08308724
1,03a40d0821f8e5ed,2026-08-01,0,1,no_position_no_time,0.11127756
1,03b3166eb33baa40,2026-08-01,0,3,no_position_no_time,0.10062194
1,03bad2f9427df34f,2026-08-01,0,3,no_position_no_time,0.16185822
1,03bf42c34382f152,2026-08-01,0,3,no_position_no_time,0.07858094
1,03ebce59fa795614,2026-08-01,0,3,no_position_no_time,0.08550915
1,0402df64460a3036,2026-08-01,0,4,no_position_no_time,0.11419667
1,040b40119d94e976,2026-08-01,0,2,no_position_no_time,0.08427281
1,0442f410c3f1b0f4,2026-08-01,0,1,no_position_no_time,0.09396109
1,04465e6bd63c3a29,2026-08-01,0,1,no_position_no_time,0.105906874
1,048c7559a25ebacf,2026-08-01,0,3,no_position_no_time,0.10953917
1,04a7f98d85dffb90,2026-08-01,0,3,no_position_no_time,0.079453915
1,04af21e8e439198c,2026-08-01,0,2,no_position_no_time,0.07243943
1,04d657611b4213ed,2026-08-01,0,2,no_position_no_time,0.0922942
1,0514a112b853a018,2026-08-01,0,1,no_position_no_time,0.07227516
1,0540dabc9458ba67,2026-08-01,0,3,no_position_no_time,0.1275666
1,054e935b31cfc31c,2026-08-01,0,1,no_position_no_time,0.068806015
1,055708bd9d43313a,2026-08-01,0,2,no_position_no_time,0.07531865
1,056263c5a433bafb,2026-08-01,0,5,no_position_no_time,0.07485967
1,05757ca0d01312e4,2026-08-01,0,1,no_position_no_time,0.0702654
1,0576672b43d2baa6,2026-08-01,1,2,no_position_no_time,0.08135963
1,0599cacd8a3afe18,2026-08-01,0,2,no_position_no_time,0.078025036
1,05a1575b1c5c182b,2026-08-01,0,4,no_position_no_time,0.073324874
1,05a345d69630eb32,2026-08-01,0,2,no_position_no_time,0.09267826
1,05af39e5e7f1b7e5,2026-08-01,0,2,no_position_no_time,0.0871614
1,05ba8d78712d65d3,2026-08-01,0,5,no_position_no_time,0.11387465
1,05c3e64e6ba1abce,2026-08-01,1,2,no_position_no_time,0.08670166
1,05c6b1f3dc9e67f9,2026-08-01,0,4,no_position_no_time,0.14425918
1,060e8275726006b3,2026-08-01,0,4,no_position_no_time,0.06701531
1,06211849f92ce895,2026-08-01,0,4,no_position_no_time,0.071331434
1,067902c94672433e,2026-08-01,0,5,no_position_no_time,0.17839082
1,067a9a5290bf8996,2026-08-01,0,4,no_position_no_time,0.054356385
1,068a6ce83713d7f2,2026-08-01,0,1,no_position_no_time,0.06890565
1,06cfc1ff8fc5091b,2026-08-01,0,3,no_position_no_time,0.11903471
1,071321399f23fdd3,2026-08-01,0,5,no_position_no_time,0.0654676
1,0719b5a216f32698,2026-08-01,0,5,no_position_no_time,0.06790276
1,0734849aa329329a,2026-08-01,0,1,no_position_no_time,0.06622713
1,074ae41538679b07,2026-08-01,0,3,no_position_no_time,0.07192335
1,0752c6c33b705433,2026-08-01,0,2,no_position_no_time,0.1251547
1,077ea3660ab5f1a0,2026-08-01,0,4,no_position_no_time,0.08556131
1,0784aa490c45e6ea,2026-08-01,0,2,no_position_no_time,0.07974429
1,079342dd92016a6a,2026-08-01,0,5,no_position_no_time,0.119039275
1,07b9f043b995c0ea,2026-08-01,0,5,no_position_no_time,0.13056304
1,07c0e61bd2a3f5a2,2026-08-01,0,4,no_position_no_time,0.10036296
1,07dbff0d983b2564,2026-08-01,0,1,no_position_no_time,0.08008086
1,07e056474456dee7,2026-08-01,0,5,no_position_no_time,0.11031114
1,080e1a6fd8cfaaf1,2026-08-01,0,1,no_position_no_time,0.19176657
1,082ddf4d742bc7e2,2026-08-01,0,5,no_position_no_time,0.088977896
1,084ce3b4d285ba11,2026-08-01,0,4,no_position_no_time,0.12548791
1,08590260c3893878,2026-08-01,0,2,no_position_no_time,0.10445997
1,087d3f28916bddfa,2026-08-01,0,3,no_position_no_time,0.120366566
1,089bdfce2c7ad1b6,2026-08-01,0,4,no_position_no_time,0.12572736
1,08a34c1e68024966,2026-08-01,0,2,no_position_no_time,0.12877779
1,08b5a3e0f832b4cd,2026-08-01,0,3,no_position_no_time,0.06275023
1,08ccb9eaf13ad173,2026-08-01,0,3,no_position_no_time,0.09298145
1,08d0869205b88e6d,2026-08-01,0,2,no_position_no_time,0.08617756
1,08e304051f18d970,2026-08-01,0,3,no_position_no_time,0.080726214
1,08ea0c7ec0b75074,2026-08-01,0,1,no_position_no_time,0.07464288
1,091006f4d2ef5a1e,2026-08-01,0,4,no_position_no_time,0.10401383
1,092f2aa545d665bd,2026-08-01,0,5,no_position_no_time,0.119378
1,0930d83f4063db4e,2026-08-01,0,1,no_position_no_time,0.1281297
1,097120d110f969de,2026-08-01,0,3,no_position_no_time,0.07875989
1,09816711b86ffacf,2026-08-01,0,5,no_position_no_time,0.090214856
1,09a0aeb9a31b9be4,2026-08-01,1,1,no_position_no_time,0.07701868
1,09a3fc2348be0693,2026-08-01,1,4,no_position_no_time,0.09250256
1,09b16e0028b0c452,2026-08-01,0,5,no_position_no_time,0.08055349
1,09bfe4fee81be6e3,2026-08-01,0,2,no_position_no_time,0.08187907
1,09cca334ec2b292a,2026-08-01,0,4,no_position_no_time,0.08695888
1,09d81eed1a5f4d45,2026-08-01,0,3,no_position_no_time,0.07537034
1,0a09a55a758bd607,2026-08-01,0,4,no_position_no_time,0.13546112
1,0a11016fd4a25425,2026-08-01,0,1,no_position_no_time,0.10057843
1,0a114308327e2b1a,2026-08-01,0,1,no_position_no_time,0.08349024
1,0a11a072cb2e1820,2026-08-01,0,4,no_position_no_time,0.09112747
1,0a9d01278b4da0e6,2026-08-01,0,3,no_position_no_time,0.075556956
1,0aa6c5db3d37b971,2026-08-01,0,3,no_position_no_time,0.111613214
1,0aa8b2abdeadae7a,2026-08-01,1,5,no_position_no_time,0.1321451
1,0abedd141b929d48,2026-08-01,0,2,no_position_no_time,0.08804694
1,0ad7557f8ccc5e50,2026-08-01,0,3,no_position_no_time,0.0646084
1,0af9ae7d85cce469,2026-08-01,0,4,no_position_no_time,0.09335182
1,0afdd4606e1b7bbd,2026-08-01,0,1,no_position_no_time,0.08400475
1,0b0044d7c4695b19,2026-08-01,0,1,no_position_no_time,0.07051914
1,0b05cbe4ebc61c43,2026-08-01,1,3,no_position_no_time,0.07817924
1,0b1692f2cffb8589,2026-08-01,0,2,no_position_no_time,0.08865694
1,0b23a756dc6fbe00,2026-08-01,0,1,no_position_no_time,0.07550936
1,0b82e34d7201a25d,2026-08-01,0,1,no_position_no_time,0.10876931
1,0b9fa96349cb740e,2026-08-01,0,1,no_position_no_time,0.09452692
1,0bb6a3f97ee5bd3c,2026-08-01,0,3,no_position_no_time,0.09804249
1,0bcb3fbc0e931156,2026-08-01,0,1,no_position_no_time,0.10928708
1,0bd750c221845f6a,2026-08-01,1,4,no_position_no_time,0.08572961
1,0c17a52d89f2a200,2026-08-01,0,2,no_position_no_time,0.09552258
1,0c28e67238afdb04,2026-08-01,1,4,no_position_no_time,0.116789155
1,0c31ee84f4084bba,2026-08-01,0,5,no_position_no_time,0.13180159
1,0c54f43312f49305,2026-08-01,1,4,no_position_no_time,0.089543276
1,0c79a818826e19a5,2026-08-01,0,2,no_position_no_time,0.09035772
1,0c8287b48cdfdd57,2026-08-01,0,1,no_position_no_time,0.066586256
1,0ce102af49a24332,2026-08-01,1,2,no_position_no_time,0.08924619
1,0cfbfb871ebb9037,2026-08-01,0,3,no_position_no_time,0.1259322
1,0d03a10abe765437,2026-08-01,0,2,no_position_no_time,0.08430404
1,0d050eee98793af7,2026-08-01,0,2,no_position_no_time,0.09237201
1,0d130046f6b67845,2026-08-01,0,3,no_position_no_time,0.0747958
1,0d4791203a476d50,2026-08-01,0,3,no_position_no_time,0.066983
1,0d52624a6c830db2,2026-08-01,0,2,no_position_no_time,0.08850376
1,0dac8af5d3cd1c75,2026-08-01,0,4,no_position_no_time,0.10185046
1,0e5472b8e8232a95,2026-08-01,0,3,no_position_no_time,0.080854475
1,0e5632e5f29fe272,2026-08-01,0,5,no_position_no_time,0.09076185
1,0e681a9f90098c85,2026-08-01,1,5,no_position_no_time,0.067148164
1,0e6af17f32b0abb3,2026-08-01,0,4,no_position_no_time,0.096584156
1,0e7bcb11a03f6697,2026-08-01,0,2,no_position_no_time,0.0825449
1,0e825c2f16c3133d,2026-08-01,0,5,no_position_no_time,0.07711958
1,0eb769841c216339,2026-08-01,0,2,no_position_no_time,0.073418744
1,0efed7c6389c956c,2026-08-01,0,2,no_position_no_time,0.08438257
1,0f21756ee086c050,2026-08-01,0,5,no_position_no_time,0.089472644
1,0f21d544651ea212,2026-08-01,0,2,no_position_no_time,0.06251615
1,0f3f5f7a9e38e9a9,2026-08-01,0,1,no_position_no_time,0.070550844
1,0f45b3fe629b7b90,2026-08-01,0,4,no_position_no_time,0.12321873
1,0f5dd6f0f2214be9,2026-08-01,0,3,no_position_no_time,0.09437632
1,0f73e09cc25e94ea,2026-08-01,0,1,no_position_no_time,0.120498925
1,0f8cfc220de73f90,2026-08-01,0,4,no_position_no_time,0.26470384
1,0f8e1344d807e4e7,2026-08-01,0,4,no_position_no_time,0.10146548
1,0faac551d13c5765,2026-08-01,0,3,no_position_no_time,0.093753934
1,0fadf4d2fd07f311,2026-08-01,0,2,no_position_no_time,0.09091433
1,0fcd08ae5d500fef,2026-08-01,0,1,no_position_no_time,0.10637448
1,1001f7c134d8fd8c,2026-08-01,1,5,no_position_no_time,0.11164941
1,10168c076d67b2c1,2026-08-01,0,4,no_position_no_time,0.11832927
1,101d3fb7bc5aaa81,2026-08-01,0,2,no_position_no_time,0.09124787
1,104db6f0a0a77680,2026-08-01,0,1,no_position_no_time,0.08570902
1,104e47d2a546b9c4,2026-08-01,0,1,no_position_no_time,0.1434556
1,105b495289a00cb5,2026-08-01,0,3,no_position_no_time,0.13687162
1,1062f2e0989467a6,2026-08-01,0,4,no_position_no_time,0.07530794
1,10a8bc967692cb9e,2026-08-01,0,3,no_position_no_time,0.0764929
1,10be19f67b0391e5,2026-08-01,0,1,no_position_no_time,0.08077093
1,10ccb93ed28b5d97,2026-08-01,0,2,no_position_no_time,0.10710192
1,10f5cf6c0bdd1350,2026-08-01,0,3,no_position_no_time,0.11498485
1,111bae525cc1efa3,2026-08-01,0,5,no_position_no_time,0.120833755
1,112ebafaa833ff6e,2026-08-01,0,3,no_position_no_time,0.11120614
1,11361335a98108da,2026-08-01,0,3,no_position_no_time,0.07782884
1,116bab7bea03c3ed,2026-08-01,0,3,no_position_no_time,0.10170939
1,11e6c988b3828294,2026-08-01,0,2,no_position_no_time,0.09296097
1,120a25ad8032d042,2026-08-01,0,5,no_position_no_time,0.08433163
1,121bca027e31d085,2026-08-01,0,5,no_position_no_time,0.1161306
1,123b2e333d343d6f,2026-08-01,0,2,no_position_no_time,0.08700411
1,1249ec2cea0e36c9,2026-08-01,0,4,no_position_no_time,0.14626782
1,126679137f1d468c,2026-08-01,0,2,no_position_no_time,0.09435778
1,127e73d579ab83f8,2026-08-01,0,4,no_position_no_time,0.11883099
1,12999521eac1b02d,2026-08-01,0,2,no_position_no_time,0.0866619
1,12df8457bf18fa09,2026-08-01,0,1,no_position_no_time,0.09804162
1,12e21a3ab9295a0e,2026-08-01,1,3,no_position_no_time,0.110542536
1,12e5649c249cc114,2026-08-01,1,4,no_position_no_time,0.13420214
1,1339b8ebafa766e9,2026-08-01,0,5,no_position_no_time,0.123526685
1,13514c41538440bd,2026-08-01,1,5,no_position_no_time,0.095294856
1,13858b53c464fb38,2026-08-01,0,5,no_position_no_time,0.08761298
1,139e837bc2507c33,2026-08-01,0,2,no_position_no_time,0.075443864
1,13d0bbd0b546038d,2026-08-01,1,2,no_position_no_time,0.083717816
1,13e6bfa8f5e0651e,2026-08-01,0,4,no_position_no_time,0.06785781
1,13f7559a895de90d,2026-08-01,0,3,no_position_no_time,0.08060998
1,1402ad11aa1095f0,2026-08-01,0,2,no_position_no_time,0.090507336
1,142e41cf3e53ce73,2026-08-01,0,5,no_position_no_time,0.11029926
1,1430a24d6b9bd4d1,2026-08-01,0,5,no_position_no_time,0.084361225
1,14559b28d04eefc4,2026-08-01,0,5,no_position_no_time,0.09510955
1,14626f2387ac3a50,2026-08-01,0,1,no_position_no_time,0.10399501
1,1491f58e8b53fa86,2026-08-01,0,4,no_position_no_time,0.07772669
1,14e53ea0b407f418,2026-08-01,0,5,no_position_no_time,0.07697369
1,155c0ac273f53d74,2026-08-01,0,2,no_position_no_time,0.1131142
1,155ea6286de67afc,2026-08-01,0,3,no_position_no_time,0.077154495
1,155f3a9c23c72746,2026-08-01,0,1,no_position_no_time,0.114642225
1,158c759e65262806,2026-08-01,0,4,no_position_no_time,0.0876185
1,158e719afb98b854,2026-08-01,0,2,no_position_no_time,0.19513771
1,15bea69ebaf214c3,2026-08-01,0,3,no_position_no_time,0.06857282
1,15d5cef4b09b467c,2026-08-01,0,4,no_position_no_time,0.11016143
1,15e496c731e52426,2026-08-01,0,5,no_position_no_time,0.08368234
1,15f2ede01252472a,2026-08-01,0,3,no_position_no_time,0.09209115
1,160c9bb76ef4345a,2026-08-01,0,3,no_position_no_time,0.07025521
1,161dd309118db859,2026-08-01,0,3,no_position_no_time,0.08479084
1,1623360151a2cdae,2026-08-01,1,3,no_position_no_time,0.11942779
1,1637fe5da548c384,2026-08-01,0,5,no_position_no_time,0.10624597
1,163f315a19acbffd,2026-08-01,0,2,no_position_no_time,0.076734744
1,16d097ab22980bf2,2026-08-01,0,1,no_position_no_time,0.07013891
1,16d62a0893c22d28,2026-08-01,0,1,no_position_no_time,0.1367442
1,16d63529cc231976,2026-08-01,0,2,no_position_no_time,0.07198476
1,16da2b96afe703b0,2026-08-01,0,4,no_position_no_time,0.080304
1,16df3109b8559654,2026-08-01,0,2,no_position_no_time,0.1260736
1,16e5e24903db263a,2026-08-01,0,1,no_position_no_time,0.06541617
1,16e6283d425810e0,2026-08-01,0,4,no_position_no_time,0.0750161
1,16f2ddd2d7f5e2c5,2026-08-01,0,2,no_position_no_time,0.08599077
1,1740681a33fabe5f,2026-08-01,0,1,no_position_no_time,0.09155646
1,179b444153e71de3,2026-08-01,0,4,no_position_no_time,0.08944854
1,17aa868445a6c65e,2026-08-01,0,1,no_position_no_time,0.054231077
1,17ba1b6d31ef1a1e,2026-08-01,0,3,no_position_no_time,0.09079028
1,17bae10d255baa62,2026-08-01,0,4,no_position_no_time,0.07645682
1,17edac413c761a2a,2026-08-01,0,3,no_position_no_time,0.1026956
1,1809141471f54353,2026-08-01,1,3,no_position_no_time,0.058416158
1,182c9ae1a66f9405,2026-08-01,0,5,no_position_no_time,0.1214621
1,185744b293820e9d,2026-08-01,0,1,no_position_no_time,0.09743933
1,186c1bfe1d55dab6,2026-08-01,0,2,no_position_no_time,0.07841756
1,1888d1d93037648b,2026-08-01,0,1,no_position_no_time,0.11263989
1,18d8104fc3ecb5c5,2026-08-01,0,2,no_position_no_time,0.105395876
1,18f52ee56fe2cd48,2026-08-01,0,1,no_position_no_time,0.0799385
1,191467b84deb1bb1,2026-08-01,0,1,no_position_no_time,0.06065802
1,19372ef84e65ddee,2026-08-01,0,1,no_position_no_time,0.15773235
1,1946ff53dd92cd3b,2026-08-01,0,3,no_position_no_time,0.10378781
1,195b84a0f00902fd,2026-08-01,0,1,no_position_no_time,0.105858214
1,195e230ceb88e198,2026-08-01,1,2,no_position_no_time,0.09415708
1,195e4db2ba7b26fa,2026-08-01,1,1,no_position_no_time,0.10333359
1,199798e1f47f1def,2026-08-01,0,2,no_position_no_time,0.088711314
1,19abffd8ced3cabf,2026-08-01,1,3,no_position_no_time,0.082872346
1,19c50681b5d0d536,2026-08-01,0,1,no_position_no_time,0.10469399
1,19edc1757d065db7,2026-08-01,0,4,no_position_no_time,0.09574733
1,1a16e93e8fa71116,2026-08-01,1,3,no_position_no_time,0.121096425
1,1a29d0aa8d36b80d,2026-08-01,1,2,no_position_no_time,0.09697404
1,1a2e0a14dfb6b8cc,2026-08-01,0,3,no_position_no_time,0.11363187
1,1a700db485eafcc5,2026-08-01,0,4,no_position_no_time,0.08841488
1,1a78cc73613141af,2026-08-01,0,1,no_position_no_time,0.09240086
1,1a7fbde1c1353e90,2026-08-01,0,5,no_position_no_time,0.10161517
1,1a88a5f6d67b558e,2026-08-01,0,3,no_position_no_time,0.0977332
1,1aa32eac0820beb8,2026-08-01,0,2,no_position_no_time,0.08690917
1,1ad4c328296acb97,2026-08-01,0,4,no_position_no_time,0.08482231
1,1b04472930655abd,2026-08-01,0,1,no_position_no_time,0.067836486
1,1b0bc9591795b781,2026-08-01,1,1,no_position_no_time,0.08835521
1,1b0efbf9bcd03ac8,2026-08-01,0,1,no_position_no_time,0.101529494
1,1b177e7b978e1446,2026-08-01,0,5,no_position_no_time,0.13790734
1,1b313ee4e47e5037,2026-08-01,0,2,no_position_no_time,0.0947276
1,1b383d1ad29948a5,2026-08-01,1,2,no_position_no_time,0.13412218
1,1b50a5e6fdb5c9a0,2026-08-01,0,3,no_position_no_time,0.07230306
1,1b81ce518690b730,2026-08-01,0,3,no_position_no_time,0.084313795
1,1bb5392d34f82fa4,2026-08-01,0,1,no_position_no_time,0.09997876
1,1bc0ec9e7ae7450b,2026-08-01,0,1,no_position_no_time,0.08755382
1,1bca15841a89c72b,2026-08-01,0,3,no_position_no_time,0.09960845
1,1c14469026e9ada3,2026-08-01,0,2,no_position_no_time,0.09293238
1,1c4b0fbf9811692a,2026-08-01,1,3,no_position_no_time,0.07824791
1,1c4f899314dbf1f9,2026-08-01,0,5,no_position_no_time,0.08863637
1,1cb04773abf6f66b,2026-08-01,1,5,no_position_no_time,0.112670876
1,1cb0ed8a4477dfc1,2026-08-01,0,4,no_position_no_time,0.09763738
1,1cc45ce7f643bbd1,2026-08-01,0,4,no_position_no_time,0.10367069
1,1cdcba847de94678,2026-08-01,0,4,no_position_no_time,0.06804886
1,1ce296f76c62ae05,2026-08-01,0,3,no_position_no_time,0.08456521
1,1d2356e80dfdcc16,2026-08-01,0,2,no_position_no_time,0.08961726
1,1d329fdf10e48a5c,2026-08-01,0,1,no_position_no_time,0.08527805
1,1d43eb2856e9404a,2026-08-01,0,4,no_position_no_time,0.11228145
1,1d50fd37e29d1115,2026-08-01,0,4,no_position_no_time,0.07565202
1,1d518f863f48b142,2026-08-01,0,4,no_position_no_time,0.06859403
1,1d6c05962adf065d,2026-08-01,0,3,no_position_no_time,0.083900556
1,1d7c5aa91441991f,2026-08-01,1,5,no_position_no_time,0.093208045
1,1db63c56fe42b0e6,2026-08-01,0,1,no_position_no_time,0.12404424
1,1dc3a0d583dc590c,2026-08-01,0,5,no_position_no_time,0.094277225
1,1dce812eac231b9c,2026-08-01,1,1,no_position_no_time,0.071877256
1,1dd5e3ccfcfd4f13,2026-08-01,0,5,no_position_no_time,0.11622745
1,1de14bde8104b67b,2026-08-01,0,1,no_position_no_time,0.07297895
1,1e05d389da5d3ae6,2026-08-01,0,5,no_position_no_time,0.07639858
1,1e1b68355b1f18af,2026-08-01,0,1,no_position_no_time,0.07220242
1,1e2777404fe73374,2026-08-01,0,2,no_position_no_time,0.11196564
1,1e5ebd836af056ce,2026-08-01,0,5,no_position_no_time,0.09403608
1,1e77154778f13bac,2026-08-01,0,1,no_position_no_time,0.08072302
1,1e972691d3fd8b85,2026-08-01,0,1,no_position_no_time,0.12199313
1,1ea108537b9ae5a6,2026-08-01,0,1,no_position_no_time,0.097776964
1,1ef10c3a424645a8,2026-08-01,1,2,no_position_no_time,0.1019255
1,1f06cbe62cfd05c7,2026-08-01,0,1,no_position_no_time,0.06730023
1,1f12dfa59cf8bbb0,2026-08-01,0,5,no_position_no_time,0.08475906
1,1f2547e0c4c16bdd,2026-08-01,0,1,no_position_no_time,0.0848479
1,1f26a63b5043a630,2026-08-01,0,2,no_position_no_time,0.06770404
1,1f29482aebcf100c,2026-08-01,0,5,no_position_no_time,0.059075516
1,1f911dc9d5e1d2b8,2026-08-01,0,5,no_position_no_time,0.069587745
1,1fa9d53a5b976a9a,2026-08-01,0,2,no_position_no_time,0.08137432
1,1fafcbbe6fd94d1e,2026-08-01,0,1,no_position_no_time,0.09486178
1,1fc7a72f793ad09e,2026-08-01,0,4,no_position_no_time,0.061386805
1,1fd4017a0f8f2259,2026-08-01,0,4,no_position_no_time,0.08327436
1,1fea12ac4190be38,2026-08-01,0,2,no_position_no_time,0.08790849
1,1ff4168557196188,2026-08-01,0,2,no_position_no_time,0.078938276
1,1ff94599fee0e515,2026-08-01,0,3,no_position_no_time,0.06702821
1,200a199b601203c0,2026-08-01,0,5,no_position_no_time,0.1028957
1,200b16c3fe37579e,2026-08-01,0,3,no_position_no_time,0.08070694
1,2014604938de5c8f,2026-08-01,0,5,no_position_no_time,0.08311652
1,20207058393d4568,2026-08-01,0,2,no_position_no_time,0.07330694
1,2030815c7047a049,2026-08-01,0,3,no_position_no_time,0.082968384
1,20317f8c98874241,2026-08-01,0,1,no_position_no_time,0.11017299
1,20433f39710a6a65,2026-08-01,0,1,no_position_no_time,0.08416248
1,206b083f3cb39ccc,2026-08-01,0,5,no_position_no_time,0.06891665
1,20714a3e3c312714,2026-08-01,0,5,no_position_no_time,0.08970538
1,20912a673e03a0a5,2026-08-01,0,2,no_position_no_time,0.07966865
1,209a2809e0deee15,2026-08-01,0,1,no_position_no_time,0.08094565
1,209b36ea6115a743,2026-08-01,1,5,no_position_no_time,0.09546017
1,209c11231d5a9627,2026-08-01,0,4,no_position_no_time,0.12925895
1,2109c55c00f88254,2026-08-01,0,4,no_position_no_time,0.049692243
1,210bec3b62da6c2c,2026-08-01,0,4,no_position_no_time,0.11048638
1,211ab3bfbe412903,2026-08-01,0,3,no_position_no_time,0.10690231
1,2154c3cffe81397a,2026-08-01,0,5,no_position_no_time,0.07540053
1,219afbec61eca708,2026-08-01,1,2,no_position_no_time,0.10697744
1,21beff11bb585fc3,2026-08-01,0,4,no_position_no_time,0.08305788
1,21ec2342c5dbf4b9,2026-08-01,0,4,no_position_no_time,0.05780599
1,21f376e0aee99245,2026-08-01,1,2,no_position_no_time,0.08049324
1,22177ea5fd5ff4e7,2026-08-01,0,5,no_position_no_time,0.115007445
1,22429544cf10ca5e,2026-08-01,0,1,no_position_no_time,0.14131434
1,225287476127dc4a,2026-08-01,0,1,no_position_no_time,0.061818715
1,2263b62dc865d5de,2026-08-01,0,4,no_position_no_time,0.06972442
1,226c0e686fa0bec2,2026-08-01,0,1,no_position_no_time,0.086032376
1,22b081edf88e310e,2026-08-01,0,5,no_position_no_time,0.08653803
1,22f257f29329a4e8,2026-08-01,0,1,no_position_no_time,0.07520429
1,23414271596039a4,2026-08-01,0,4,no_position_no_time,0.08790499
1,2355c99ff6669efd,2026-08-01,0,4,no_position_no_time,0.056044873
1,237aac790b3b8c35,2026-08-01,0,3,no_position_no_time,0.07747419
1,23a4f936fd28abfe,2026-08-01,0,3,no_position_no_time,0.072513506
1,23bf48560b62d40d,2026-08-01,0,1,no_position_no_time,0.07592624
1,23da015ac23f8e0e,2026-08-01,1,2,no_position_no_time,0.087542035
1,23db5a4d7b6d6d7d,2026-08-01,0,3,no_position_no_time,0.06753638
1,23f484c7719386b3,2026-08-01,0,3,no_position_no_time,0.07526986
1,240da7ab4d0a1d26,2026-08-01,0,2,no_position_no_time,0.08768581
1,2410f559ab4f4259,2026-08-01,0,5,no_position_no_time,0.106678054
1,242602cd906236d1,2026-08-01,0,5,no_position_no_time,0.07409309
1,2456c5a8208a5b72,2026-08-01,0,1,no_position_no_time,0.102863304
1,2469d03059652ee7,2026-08-01,0,1,no_position_no_time,0.10090245
1,2490b6c1df41f2c2,2026-08-01,0,5,no_position_no_time,0.077202685
1,249ea9b7e553fa95,2026-08-01,0,3,no_position_no_time,0.105455436
1,24d14dd2fccf8a43,2026-08-01,0,5,no_position_no_time,0.10936021
1,24ed93caf9a8dbe7,2026-08-01,0,5,no_position_no_time,0.14885934
1,250eb6f708c8d4dc,2026-08-01,0,3,no_position_no_time,0.06666958
1,2538087c782abd96,2026-08-01,0,3,no_position_no_time,0.14229919
1,2554b78230103064,2026-08-01,0,3,no_position_no_time,0.06500341
1,255fbdbb12249842,2026-08-01,0,2,no_position_no_time,0.08297755
1,257aa0e3a11335ae,2026-08-01,0,3,no_position_no_time,0.084600784
1,25f8f72e4743667b,2026-08-01,0,1,no_position_no_time,0.07027409
1,25fe2ad5b495773f,2026-08-01,0,3,no_position_no_time,0.05573676
1,263bf3c30e48de99,2026-08-01,0,2,no_position_no_time,0.09334444
1,264c8699d2088eeb,2026-08-01,0,5,no_position_no_time,0.09440772
1,264f7ad2026247ff,2026-08-01,0,5,no_position_no_time,0.08035478
1,26994e5adb166106,2026-08-01,0,3,no_position_no_time,0.07644435
1,26a1df1f2abb2e3f,2026-08-01,0,5,no_position_no_time,0.075391345
1,270cbb1d6dc5ca45,2026-08-01,0,3,no_position_no_time,0.07611809
1,271d3a1066bbdb42,2026-08-01,0,3,no_position_no_time,0.052793812
1,276c7b1beeeb4315,2026-08-01,0,5,no_position_no_time,0.07426793
1,27803243c06d1e30,2026-08-01,0,3,no_position_no_time,0.09150351
1,2799dda8aab2e98d,2026-08-01,0,3,no_position_no_time,0.0826506
1,27a145b6a294e832,2026-08-01,0,2,no_position_no_time,0.10127863
1,27edcb8e8a21d0a8,2026-08-01,0,2,no_position_no_time,0.09088838
1,281a662bf998f1c3,2026-08-01,0,3,no_position_no_time,0.11739023
1,281f6a7a33ffd1c6,2026-08-01,0,2,no_position_no_time,0.09674239
1,28382a6978ec5a83,2026-08-01,0,2,no_position_no_time,0.08350055
1,2851285eeddbbc50,2026-08-01,0,2,no_position_no_time,0.085303366
1,285175ae247e3db4,2026-08-01,0,2,no_position_no_time,0.08945773
1,28632a5af3535073,2026-08-01,0,4,no_position_no_time,0.08984723
1,2875e80bb96a08f3,2026-08-01,0,5,no_position_no_time,0.0785756
1,287acce57c898f6e,2026-08-01,1,3,no_position_no_time,0.09127219
1,289263f972ae740c,2026-08-01,0,5,no_position_no_time,0.091915384
1,2893f307ddc92656,2026-08-01,0,5,no_position_no_time,0.07717062
1,2899008059105c8d,2026-08-01,0,1,no_position_no_time,0.07404006
1,28f63bbdd362c7ea,2026-08-01,0,3,no_position_no_time,0.08859961
1,291dcf0348a7ea3e,2026-08-01,0,1,no_position_no_time,0.13682835
1,292cdd54629ebbc4,2026-08-01,0,2,no_position_no_time,0.09081221
1,294a24eff00af289,2026-08-01,0,3,no_position_no_time,0.1398301
1,29842502192f406a,2026-08-01,0,2,no_position_no_time,0.07684301
1,29a3728420c75592,2026-08-01,0,1,no_position_no_time,0.08696138
1,29ae9bd18c44fa45,2026-08-01,0,4,no_position_no_time,0.1383338
1,29c83b1fc98619aa,2026-08-01,0,3,no_position_no_time,0.13171427
1,29cf36ab408d39e9,2026-08-01,0,5,no_position_no_time,0.099673264
1,29fca0759a3740d4,2026-08-01,0,1,no_position_no_time,0.0806159
1,2a158c7ae8b28722,2026-08-01,0,2,no_position_no_time,0.09378532
1,2a4fa069c9341825,2026-08-01,0,5,no_position_no_time,0.07688036
1,2a82ebb618522901,2026-08-01,0,3,no_position_no_time,0.200428
1,2ae0cf5544b1788a,2026-08-01,0,4,no_position_no_time,0.08868366
1,2af8f9ce1b59d8e2,2026-08-01,0,5,no_position_no_time,0.10811796
1,2b0ee00dec636852,2026-08-01,0,2,no_position_no_time,0.098061524
1,2b364e1b5446a43a,2026-08-01,0,3,no_position_no_time,0.07574118
1,2b65b49aafd7db02,2026-08-01,0,1,no_position_no_time,0.08102529
1,2b8debf87d44cb3a,2026-08-01,0,1,no_position_no_time,0.08482687
1,2b9bdb50f44b44eb,2026-08-01,0,3,no_position_no_time,0.078556895
1,2ba026e982fdade0,2026-08-01,0,2,no_position_no_time,0.09740769
1,2baa1e25b361ec3e,2026-08-01,0,5,no_position_no_time,0.07611838
1,2bb321bbce383897,2026-08-01,1,4,no_position_no_time,0.10904936
1,2bc2d48960c5d734,2026-08-01,0,1,no_position_no_time,0.123001486
1,2c07a845de4e63c3,2026-08-01,0,5,no_position_no_time,0.08503581
1,2c226eb86418f14e,2026-08-01,0,1,no_position_no_time,0.09934253
1,2c4277276d0bedeb,2026-08-01,0,5,no_position_no_time,0.12620868
1,2c4c36c985630e8e,2026-08-01,0,4,no_position_no_time,0.053442873
1,2c526106267fb14f,2026-08-01,1,2,no_position_no_time,0.08734059
1,2c5c6f9caefca4fd,2026-08-01,0,1,no_position_no_time,0.100452244
1,2c73903fac975dac,2026-08-01,0,2,no_position_no_time,0.090844266
1,2c80b8976dd0106b,2026-08-01,0,1,no_position_no_time,0.06306054
1,2ca99446e54c2d42,2026-08-01,0,2,no_position_no_time,0.09389604
1,2cb89a231ad5d477,2026-08-01,0,3,no_position_no_time,0.08520865
1,2cd94cce28f84f27,2026-08-01,0,2,no_position_no_time,0.08108778
1,2cdad65130eec16e,2026-08-01,0,1,no_position_no_time,0.10902673
1,2ce46a1c987aabc0,2026-08-01,0,4,no_position_no_time,0.0924061
1,2cff964767839544,2026-08-01,0,1,no_position_no_time,0.09823141
1,2d13738c3e757e6c,2026-08-01,0,5,no_position_no_time,0.0831439
1,2d41bbbd1998682a,2026-08-01,0,2,no_position_no_time,0.07939912
1,2d445b4c346bdc3e,2026-08-01,0,4,no_position_no_time,0.07312005
1,2d4b875203daa49d,2026-08-01,0,4,no_position_no_time,0.10054927
1,2d655ab803231ebc,2026-08-01,0,5,no_position_no_time,0.06786995
1,2d80856ea1372fca,2026-08-01,0,1,no_position_no_time,0.07962777
1,2d9bfa1c2b0c4146,2026-08-01,0,2,no_position_no_time,0.08388985
1,2dde73503042a8f1,2026-08-01,0,5,no_position_no_time,0.06544978
1,2dde87a014a0a908,2026-08-01,0,1,no_position_no_time,0.07100796
1,2e78a2a7034ad6ef,2026-08-01,0,4,no_position_no_time,0.07700658
1,2eac69f5acc9d107,2026-08-01,0,3,no_position_no_time,0.09433392
1,2eb9fedd607c56a4,2026-08-01,0,1,no_position_no_time,0.09159042
1,2ec72f247f374c34,2026-08-01,0,4,no_position_no_time,0.1983277
1,2ef25b8aff949245,2026-08-01,0,2,no_position_no_time,0.07103079
1,2f26cf25fe3a28c6,2026-08-01,1,5,no_position_no_time,0.08182842
1,2f52c0703014f69f,2026-08-01,0,4,no_position_no_time,0.13344507
1,2f89597045c7303a,2026-08-01,1,2,no_position_no_time,0.06410829
1,2fb3ee6e8e5dc0c7,2026-08-01,0,1,no_position_no_time,0.095977604
1,2fc738112dcce350,2026-08-01,0,4,no_position_no_time,0.10437636
1,2fe1ccbddc0f732a,2026-08-01,1,1,no_position_no_time,0.06068245
1,2ffe67d366606b62,2026-08-01,1,3,no_position_no_time,0.06238087
1,301f79be6f1ca9a9,2026-08-01,0,1,no_position_no_time,0.07822894
1,3033b29fa1b80e16,2026-08-01,0,2,no_position_no_time,0.08482174
1,303e526901c3c26e,2026-08-01,0,3,no_position_no_time,0.07662229
1,305ca801c9f42d9a,2026-08-01,0,5,no_position_no_time,0.14119397
1,3070aadf5a278350,2026-08-01,0,4,no_position_no_time,0.14110273
1,3070b810d7263a13,2026-08-01,0,1,no_position_no_time,0.08378417
1,30abed0bb22a75fd,2026-08-01,0,3,no_position_no_time,0.09271923
1,30ae0f5a5220af70,2026-08-01,0,4,no_position_no_time,0.09549097
1,30d81f3c77195bb9,2026-08-01,1,5,no_position_no_time,0.10314285
1,30da12d64468b031,2026-08-01,0,1,no_position_no_time,0.094632834
1,31048b7fba307dac,2026-08-01,0,1,no_position_no_time,0.08595573
1,310d38d59f2e256b,2026-08-01,0,2,no_position_no_time,0.08287135
1,314a91cd56c682d3,2026-08-01,0,5,no_position_no_time,0.069946356
1,315ef6861c814f25,2026-08-01,0,3,no_position_no_time,0.12080839
1,317127f4637f01f5,2026-08-01,0,1,no_position_no_time,0.07507668
1,31747e066d43367e,2026-08-01,0,2,no_position_no_time,0.12504123
1,3175002ed5c8f601,2026-08-01,0,3,no_position_no_time,0.11470011
1,318cedf23d260f97,2026-08-01,1,5,no_position_no_time,0.08848368
1,31915d0fdd34a278,2026-08-01,0,1,no_position_no_time,0.08203353
1,319b703fe3854dc9,2026-08-01,0,5,no_position_no_time,0.082323484
1,31b14933ebe7b4fe,2026-08-01,0,5,no_position_no_time,0.07838146
1,31e15cffc24385e2,2026-08-01,0,4,no_position_no_time,0.08828772
1,31fdbf48b883c3cb,2026-08-01,0,3,no_position_no_time,0.090934806
1,324d95bb398e4bc4,2026-08-01,0,4,no_position_no_time,0.08860668
1,32526325e8685d57,2026-08-01,1,1,no_position_no_time,0.06844446
1,32614c59ec65d256,2026-08-01,0,2,no_position_no_time,0.12076522
1,3279e0fbb694876c,2026-08-01,0,5,no_position_no_time,0.079015955
1,329b079175e16df8,2026-08-01,0,3,no_position_no_time,0.07243729
1,32cb5a056c420cf6,2026-08-01,0,3,no_position_no_time,0.10666031
1,32dd9a6fa5085711,2026-08-01,0,1,no_position_no_time,0.11220168
1,33056cb959c1068e,2026-08-01,0,3,no_position_no_time,0.0938232
1,331a464e05568a55,2026-08-01,1,1,no_position_no_time,0.08384522
1,3357060c02a21f4a,2026-08-01,0,3,no_position_no_time,0.098948605
1,33592c01a864a7ad,2026-08-01,0,4,no_position_no_time,0.07152996
1,338597194df8b39b,2026-08-01,0,3,no_position_no_time,0.07832068
1,33aba5fef1698d0e,2026-08-01,0,4,no_position_no_time,0.11504898
1,33add6dc7939aded,2026-08-01,0,1,no_position_no_time,0.09732436
1,33c028c2e3e484ac,2026-08-01,0,2,no_position_no_time,0.102482155
1,33c78d2dfe097f06,2026-08-01,0,2,no_position_no_time,0.08987507
1,33d95e1edef4a8d5,2026-08-01,1,4,no_position_no_time,0.073391065
1,33deb42f46ecab86,2026-08-01,1,1,no_position_no_time,0.071743414
1,33e11d94122361cd,2026-08-01,0,3,no_position_no_time,0.07600042
1,33f7253b04170b37,2026-08-01,0,2,no_position_no_time,0.08393941
1,34239c5557faa0fe,2026-08-01,0,5,no_position_no_time,0.09362448
1,342bce2d90d1d325,2026-08-01,0,1,no_position_no_time,0.080099344
1,343edd03afd0ccb5,2026-08-01,0,2,no_position_no_time,0.09228785
1,348c986813e7502a,2026-08-01,1,5,no_position_no_time,0.1115858
1,3492e7c03e65f2b7,2026-08-01,0,2,no_position_no_time,0.08207013
1,34a63cb64a36b672,2026-08-01,0,4,no_position_no_time,0.119518176
1,34bd8a15a30622ef,2026-08-01,1,4,no_position_no_time,0.079762764
1,34cde16711e2c42e,2026-08-01,0,3,no_position_no_time,0.08168062
1,34dd0faa402c78fa,2026-08-01,1,4,no_position_no_time,0.07879564
1,34e6b2187155c7f8,2026-08-01,0,3,no_position_no_time,0.1164802
1,34f357338e62f79c,2026-08-01,1,4,no_position_no_time,0.09652927
1,34f637e55d7bb038,2026-08-01,0,1,no_position_no_time,0.06722673
1,353014ccd0b9a30c,2026-08-01,0,1,no_position_no_time,0.08294129
1,358672a896330b4a,2026-08-01,0,3,no_position_no_time,0.0982105
1,358c77e60ac98153,2026-08-01,0,3,no_position_no_time,0.07895943
1,35b5803386baf1ce,2026-08-01,0,5,no_position_no_time,0.066352256
1,35bce3550cd29689,2026-08-01,0,3,no_position_no_time,0.08907217
1,36057a59ab2db1da,2026-08-01,1,2,no_position_no_time,0.093027286
1,3613464ebfb5f5cb,2026-08-01,0,1,no_position_no_time,0.09335459
1,3632e765c1380cf8,2026-08-01,0,4,no_position_no_time,0.10321773
1,364c2dbc079c67a1,2026-08-01,0,1,no_position_no_time,0.10408435
1,36676c8315dc7a60,2026-08-01,0,2,no_position_no_time,0.08505814
1,36a8b5bd6f4bae31,2026-08-01,1,3,no_position_no_time,0.057577148
1,36b2a5c39afa2afd,2026-08-01,0,4,no_position_no_time,0.061315227
1,36c4e07f32965a9a,2026-08-01,0,4,no_position_no_time,0.07225543
1,36ed20ff921c5242,2026-08-01,0,5,no_position_no_time,0.100815125
1,36f9cdf72eca3889,2026-08-01,0,2,no_position_no_time,0.08698649
1,3729bf07367b06b7,2026-08-01,1,2,no_position_no_time,0.112955324
1,372c7b3abfe38a50,2026-08-01,0,1,no_position_no_time,0.09028476
1,373a71f856c4031a,2026-08-01,1,1,no_position_no_time,0.07600881
1,379a2f52027dba3c,2026-08-01,0,4,no_position_no_time,0.10422533
1,37cfc33b5b83cf91,2026-08-01,0,3,no_position_no_time,0.06547478
1,37e043c185853555,2026-08-01,0,4,no_position_no_time,0.10162366
1,381441bce8e58b5a,2026-08-01,0,3,no_position_no_time,0.16481364
1,384202e6f1d865cc,2026-08-01,0,3,no_position_no_time,0.07591743
1,384c2b4122defb9d,2026-08-01,0,3,no_position_no_time,0.08600492
1,3851988c12a99512,2026-08-01,0,3,no_position_no_time,0.08628402
1,38538df73aff6a98,2026-08-01,0,1,no_position_no_time,0.08259243
1,3853d2e823dbfd1c,2026-08-01,0,3,no_position_no_time,0.09606238
1,386ccd4400ff06ae,2026-08-01,0,1,no_position_no_time,0.09288719
1,3874806e45ab1fdb,2026-08-01,1,3,no_position_no_time,0.06867965
1,38a352082dc51b5b,2026-08-01,0,2,no_position_no_time,0.0782205
1,38cdeae05f0a5d61,2026-08-01,1,1,no_position_no_time,0.082313284
1,38dcb8af6a90f5fd,2026-08-01,0,5,no_position_no_time,0.060055293
1,38e3a4c082ebdb91,2026-08-01,0,5,no_position_no_time,0.09757318
1,38f9ddc1972af26c,2026-08-01,0,4,no_position_no_time,0.080315426
1,3904185d789a1e54,2026-08-01,0,2,no_position_no_time,0.067106955
1,3920db0e5b935c8e,2026-08-01,0,4,no_position_no_time,0.08296134
1,3933873490c3cc54,2026-08-01,0,1,no_position_no_time,0.090480335
1,396b1b158f59f52c,2026-08-01,0,4,no_position_no_time,0.09273317
1,3970bfdcdf613a7b,2026-08-01,0,1,no_position_no_time,0.06665855
1,3983e64f41bdabaa,2026-08-01,0,4,no_position_no_time,0.1535312
1,398ba2b06f42652c,2026-08-01,0,3,no_position_no_time,0.08962686
1,398c161ed3c6b2e5,2026-08-01,0,2,no_position_no_time,0.09299911
1,3998513a769c6047,2026-08-01,0,5,no_position_no_time,0.0797252
1,39a58d3a456ed741,2026-08-01,0,5,no_position_no_time,0.0759025
1,39b355f52a055bf2,2026-08-01,0,2,no_position_no_time,0.09035032
1,39be633264813a87,2026-08-01,0,2,no_position_no_time,0.10451765
1,39c38dd81682fa18,2026-08-01,0,2,no_position_no_time,0.075324774
1,39d13325ec0fd1bc,2026-08-01,0,4,no_position_no_time,0.11996007
1,39fe1fb1652a954c,2026-08-01,0,5,no_position_no_time,0.08609396
1,3a3c51a7900fd717,2026-08-01,0,2,no_position_no_time,0.08881406
1,3a477f8bcddd566f,2026-08-01,0,3,no_position_no_time,0.10285723
1,3a63ee8f3ea130c7,2026-08-01,0,5,no_position_no_time,0.11834648
1,3a8e8c2454493aa6,2026-08-01,0,4,no_position_no_time,0.088741906
1,3a921f3dc5cfc474,2026-08-01,1,2,no_position_no_time,0.10395369
1,3a966aef1c0278df,2026-08-01,0,4,no_position_no_time,0.07905143
1,3aa8d343352957f8,2026-08-01,0,4,no_position_no_time,0.1099899
1,3ab5160cbe39ed00,2026-08-01,0,1,no_position_no_time,0.1829853
1,3afeddf92b155ac0,2026-08-01,0,5,no_position_no_time,0.06518655
1,3b023c7df5c0df71,2026-08-01,0,4,no_position_no_time,0.067955986
1,3b0a39ff9443a947,2026-08-01,0,2,no_position_no_time,0.10661517
1,3b0f39cc347cc124,2026-08-01,0,2,no_position_no_time,0.084739126
1,3b21b67fcda2b9c4,2026-08-01,0,2,no_position_no_time,0.07945535
1,3b287b1ffd9d70cb,2026-08-01,0,1,no_position_no_time,0.06702936
1,3b3141df314d5ec6,2026-08-01,0,5,no_position_no_time,0.09874125
1,3b3a128a20ba461a,2026-08-01,0,2,no_position_no_time,0.094680965
1,3b3a5a3b87e94e4e,2026-08-01,0,2,no_position_no_time,0.08517011
1,3b3fe97c09c55529,2026-08-01,1,3,no_position_no_time,0.06883509
1,3b55a0f4115b9bbe,2026-08-01,0,1,no_position_no_time,0.08415292
1,3b5a64fb6c932d90,2026-08-01,0,5,no_position_no_time,0.0668931
1,3b732595fddb8e7d,2026-08-01,0,3,no_position_no_time,0.082863614
1,3baed5278ea47bb6,2026-08-01,0,3,no_position_no_time,0.07320442
1,3bb5528eec3c1a9f,2026-08-01,0,1,no_position_no_time,0.12238746
1,3bc3db155cb24c5a,2026-08-01,0,4,no_position_no_time,0.09175722
1,3bd1e6ea31cb17c8,2026-08-01,0,5,no_position_no_time,0.12928261
1,3bedc4b223dd7fba,2026-08-01,0,5,no_position_no_time,0.07229014
1,3c08bef185428078,2026-08-01,0,5,no_position_no_time,0.07310169
1,3c2b8e2f7063fc17,2026-08-01,0,1,no_position_no_time,0.08030625
1,3c368bd5d7cf140f,2026-08-01,0,2,no_position_no_time,0.1346032
1,3c4c9b52dffa888b,2026-08-01,0,5,no_position_no_time,0.06939242
1,3c75ac8a3b4e6e53,2026-08-01,0,1,no_position_no_time,0.07479311
1,3c7c49869da52de0,2026-08-01,0,4,no_position_no_time,0.11781337
1,3cafad23a40ba1bd,2026-08-01,0,5,no_position_no_time,0.10068872
1,3cf54626d1acf7f3,2026-08-01,0,2,no_position_no_time,0.092684604
1,3d222364ec70868c,2026-08-01,0,2,no_position_no_time,0.096735224
1,3d7fe36c57c1a7d6,2026-08-01,0,5,no_position_no_time,0.1055795
1,3da2d33164697c6f,2026-08-01,0,2,no_position_no_time,0.09665687
1,3decd8472fc68b26,2026-08-01,0,4,no_position_no_time,0.13253021
1,3df2398014a72f47,2026-08-01,1,4,no_position_no_time,0.062238246
1,3dfe0b24dc0302cc,2026-08-01,0,3,no_position_no_time,0.08241292
1,3e3df959553cf06c,2026-08-01,1,1,no_position_no_time,0.08556191
1,3e4b693952d40309,2026-08-01,0,5,no_position_no_time,0.058455147
1,3e4b92a95dccd2ff,2026-08-01,0,3,no_position_no_time,0.09304443
1,3e4fedeee5dc21f4,2026-08-01,0,2,no_position_no_time,0.07920248
1,3e8eb985f630f087,2026-08-01,0,3,no_position_no_time,0.092943236
1,3e8ed5d1a0fb5afc,2026-08-01,0,2,no_position_no_time,0.080900274
1,3e925d48749c3ae1,2026-08-01,0,1,no_position_no_time,0.08009175
1,3ec1c0bed3f83447,2026-08-01,0,1,no_position_no_time,0.08803912
1,3ec50ec316d90513,2026-08-01,0,2,no_position_no_time,0.18275703
1,3ef9285cee0746a9,2026-08-01,0,3,no_position_no_time,0.06533997
1,3f6ebefda56cacbb,2026-08-01,0,5,no_position_no_time,0.09425237
1,3f7c463021c214a6,2026-08-01,0,5,no_position_no_time,0.109477475
1,3fa37f45d6752f52,2026-08-01,0,4,no_position_no_time,0.09182219
1,3fcb89fedf2910aa,2026-08-01,0,2,no_position_no_time,0.08454423
1,3fd938a6d81d3d02,2026-08-01,1,3,no_position_no_time,0.06722839
1,3fe719a53784d8bd,2026-08-01,0,1,no_position_no_time,0.11288008
1,400899d2ae022568,2026-08-01,0,5,no_position_no_time,0.07384107
1,400cfbd8da14311e,2026-08-01,0,3,no_position_no_time,0.111728676
1,4044146d9cb3f552,2026-08-01,0,4,no_position_no_time,0.10126509
1,404766e6124dfd5e,2026-08-01,0,3,no_position_no_time,0.069556616
1,4055382dd4963995,2026-08-01,0,2,no_position_no_time,0.08019742
1,40978ba4b28c5903,2026-08-01,0,5,no_position_no_time,0.06649896
1,4129fdd0c19597d3,2026-08-01,0,1,no_position_no_time,0.13546121
1,41331850d4afa774,2026-08-01,0,2,no_position_no_time,0.08227605
1,413bfc7453f0f901,2026-08-01,0,3,no_position_no_time,0.077734545
1,419a369788b2c50b,2026-08-01,0,1,no_position_no_time,0.0975325
1,419b5898d1455a96,2026-08-01,0,2,no_position_no_time,0.08813948
1,419ed81996dc359e,2026-08-01,0,4,no_position_no_time,0.09702229
1,41ac8d195f1daefc,2026-08-01,0,3,no_position_no_time,0.08202636
1,41cacb2bbea08734,2026-08-01,0,3,no_position_no_time,0.08114475
1,42045a52c96d0cfd,2026-08-01,0,4,no_position_no_time,0.089954086
1,420b3fb87231a016,2026-08-01,0,4,no_position_no_time,0.08630966
1,421d59e209b875eb,2026-08-01,0,5,no_position_no_time,0.07890278
1,422031b9eaeea449,2026-08-01,1,1,no_position_no_time,0.09445462
1,42287037b9d4329e,2026-08-01,0,1,no_position_no_time,0.101426624
1,427cf635471a9f59,2026-08-01,0,1,no_position_no_time,0.061297435
1,429a686b935700f9,2026-08-01,0,5,no_position_no_time,0.14751525
1,42c963941439d70a,2026-08-01,0,1,no_position_no_time,0.06803486
1,42cc294cf5d9ad38,2026-08-01,0,4,no_position_no_time,0.0784816
1,42d83b80fe16ab5f,2026-08-01,0,5,no_position_no_time,0.13105084
1,434065ec4d342b0d,2026-08-01,0,4,no_position_no_time,0.07913172
1,436bbdadf875f57c,2026-08-01,0,5,no_position_no_time,0.092372335
1,437788f73d23b463,2026-08-01,1,1,no_position_no_time,0.0851605
1,43dfc431289396d6,2026-08-01,0,5,no_position_no_time,0.11958123
1,44160e71567cb529,2026-08-01,0,5,no_position_no_time,0.13920303
1,443d807e0e7721e4,2026-08-01,1,1,no_position_no_time,0.068045564
1,448463ed311fab16,2026-08-01,0,5,no_position_no_time,0.10014738
1,448a9fa08cde1769,2026-08-01,0,1,no_position_no_time,0.08442082
1,449f10b04b823385,2026-08-01,1,1,no_position_no_time,0.08508316
1,44a5b54734e8299f,2026-08-01,0,2,no_position_no_time,0.108190954
1,44c24f863b9cffab,2026-08-01,0,1,no_position_no_time,0.07921078
1,44cd828c8955af92,2026-08-01,1,4,no_position_no_time,0.06838394
1,44e0064471b5dc2f,2026-08-01,1,5,no_position_no_time,0.14308913
1,44fec6a9bb17e61f,2026-08-01,0,3,no_position_no_time,0.066407666
1,45092723cbbfd5b8,2026-08-01,0,5,no_position_no_time,0.07479274
1,4539f5638d43c057,2026-08-01,1,3,no_position_no_time,0.17339271
1,455c617d0f2cdf57,2026-08-01,0,1,no_position_no_time,0.15312749
1,456168748059637b,2026-08-01,0,5,no_position_no_time,0.09835126
1,459f9e5b05b350a8,2026-08-01,0,5,no_position_no_time,0.07654235
1,459fd1a526d130c0,2026-08-01,0,5,no_position_no_time,0.07041524
1,45af611703ba7632,2026-08-01,0,3,no_position_no_time,0.1093197
1,45f24d5e8f0e138a,2026-08-01,0,5,no_position_no_time,0.09412669
1,45f793bd7e006265,2026-08-01,0,3,no_position_no_time,0.08191523
1,45f9c51b900a5673,2026-08-01,0,4,no_position_no_time,0.11111262
1,45fb28ddcd593921,2026-08-01,0,2,no_position_no_time,0.09963054
1,46013f2c8f071a02,2026-08-01,0,1,no_position_no_time,0.10265931
1,46028977128494e2,2026-08-01,0,4,no_position_no_time,0.09846361
1,464ef47a563cfb5d,2026-08-01,0,5,no_position_no_time,0.07795954
1,4654d9d8efa51d36,2026-08-01,0,1,no_position_no_time,0.081445135
1,466b335fc66cd286,2026-08-01,0,5,no_position_no_time,0.08697465
1,466ea6d9b73655a6,2026-08-01,0,1,no_position_no_time,0.089622535
1,46792c80592e1651,2026-08-01,0,3,no_position_no_time,0.10993548
1,46985c2641788d1a,2026-08-01,0,5,no_position_no_time,0.114042066
1,469c801fdfec0274,2026-08-01,0,2,no_position_no_time,0.08086349
1,46b2fb169dadf106,2026-08-01,0,4,no_position_no_time,0.056388155
1,471fa9ab45ff1d6b,2026-08-01,0,1,no_position_no_time,0.11797171
1,4741e482aa79efc9,2026-08-01,1,2,no_position_no_time,0.08792639
1,474405e1f7a17214,2026-08-01,0,5,no_position_no_time,0.12541126
1,474821dec393c232,2026-08-01,0,5,no_position_no_time,0.12106863
1,476116bd97f2a939,2026-08-01,0,3,no_position_no_time,0.0784029
1,4794483baaa555c9,2026-08-01,0,1,no_position_no_time,0.08140262
1,479b9f541fe07cb1,2026-08-01,0,5,no_position_no_time,0.120809756
1,47c7014979630da0,2026-08-01,1,1,no_position_no_time,0.12910335
1,47d476d4c82dfc50,2026-08-01,0,4,no_position_no_time,0.15099806
1,47ea941eca4acad7,2026-08-01,0,3,no_position_no_time,0.11161459
1,484b8d396b88a5a2,2026-08-01,0,5,no_position_no_time,0.07665251
1,4869dffe7cb12c73,2026-08-01,0,3,no_position_no_time,0.070010036
1,4872ccef7a2c963e,2026-08-01,1,5,no_position_no_time,0.058712907
1,489a114fbdceff69,2026-08-01,0,2,no_position_no_time,0.07807207
1,489da6f98c296b61,2026-08-01,0,5,no_position_no_time,0.12534729
1,493d219723cdfbd4,2026-08-01,0,3,no_position_no_time,0.074912935
1,4953f4bb2fa8eaa4,2026-08-01,0,2,no_position_no_time,0.08425449
1,4957ce182d048afb,2026-08-01,0,2,no_position_no_time,0.104239576
1,4968a7e6a52d9274,2026-08-01,0,2,no_position_no_time,0.10538809
1,4987ecdbe106a22b,2026-08-01,0,4,no_position_no_time,0.118957326
1,499566f05d1e4688,2026-08-01,0,3,no_position_no_time,0.082635544
1,49a954a5c6bb83eb,2026-08-01,0,5,no_position_no_time,0.08592219
1,49d85466080d5ea6,2026-08-01,0,4,no_position_no_time,0.07900919
1,49d9187b0b9bed98,2026-08-01,0,1,no_position_no_time,0.08583626
1,4a1d41c2923f35e5,2026-08-01,0,2,no_position_no_time,0.07640521
1,4a5bb22ee8399d77,2026-08-01,0,4,no_position_no_time,0.069468684
1,4a7a12936577b58d,2026-08-01,0,1,no_position_no_time,0.08847405
1,4a7aacd6258caf92,2026-08-01,0,2,no_position_no_time,0.0963376
1,4a7b2fc28ecf2c43,2026-08-01,0,3,no_position_no_time,0.09607105
1,4ae7aa1c6cc68178,2026-08-01,0,3,no_position_no_time,0.067004934
1,4b1f64bdbd0593e9,2026-08-01,1,2,no_position_no_time,0.09351736
1,4b2033d24144d63c,2026-08-01,0,1,no_position_no_time,0.0986708
1,4b818dee8134c3a1,2026-08-01,0,5,no_position_no_time,0.06432074
1,4bbed990246266a1,2026-08-01,0,2,no_position_no_time,0.10310626
1,4bcf26ddc1a3ec8b,2026-08-01,0,3,no_position_no_time,0.09137627
1,4c08bf7cab61c17c,2026-08-01,0,3,no_position_no_time,0.093351
1,4c0bb49c10341a02,2026-08-01,0,4,no_position_no_time,0.101868294
1,4c325b5ad1d53894,2026-08-01,0,5,no_position_no_time,0.09878711
1,4c5bc42840863422,2026-08-01,0,1,no_position_no_time,0.074617095
1,4c8d130952e3da7a,2026-08-01,0,2,no_position_no_time,0.07078453
1,4ca8ecf123278841,2026-08-01,0,3,no_position_no_time,0.07765745
1,4cd1b58243a7114f,2026-08-01,1,4,no_position_no_time,0.07592374
1,4cd30678a696b4c8,2026-08-01,0,5,no_position_no_time,0.11940705
1,4ce2571c1a10ad6d,2026-08-01,1,4,no_position_no_time,0.07932923
1,4ce92515c1a39a22,2026-08-01,0,2,no_position_no_time,0.15155001
1,4d26eb1d7a4e4735,2026-08-01,0,3,no_position_no_time,0.08230875
1,4d2a3b9d3b5bd693,2026-08-01,0,2,no_position_no_time,0.09218301
1,4d3c695d5acc8d68,2026-08-01,0,5,no_position_no_time,0.052375283
1,4d3ec39a636cf79e,2026-08-01,1,4,no_position_no_time,0.09752285
1,4d49fadfcdbfee17,2026-08-01,0,2,no_position_no_time,0.09331486
1,4d66f98465c29548,2026-08-01,0,2,no_position_no_time,0.08521791
1,4d9cb24b53c82694,2026-08-01,0,5,no_position_no_time,0.0891984
1,4dc2ed56fd66d1f7,2026-08-01,0,5,no_position_no_time,0.1307205
1,4de692541cfc3ed3,2026-08-01,0,4,no_position_no_time,0.11061178
1,4df45d665ba6b337,2026-08-01,0,2,no_position_no_time,0.12075591
1,4e095708261ef196,2026-08-01,0,1,no_position_no_time,0.06908045
1,4e1441d45ac2d42c,2026-08-01,0,5,no_position_no_time,0.08651977
1,4e81aa01dfeb9a95,2026-08-01,0,1,no_position_no_time,0.081248544
1,4ea9a222fb5fe9b2,2026-08-01,0,2,no_position_no_time,0.07315911
1,4ec7d5e09d117376,2026-08-01,1,4,no_position_no_time,0.13704775
1,4ed49f86007cd021,2026-08-01,0,2,no_position_no_time,0.07877321
1,4f008787d37ec022,2026-08-01,0,5,no_position_no_time,0.112497315
1,4f22adfaab60a204,2026-08-01,0,1,no_position_no_time,0.117234625
1,4f3e66149a3f953a,2026-08-01,0,5,no_position_no_time,0.067410365
1,4f4cf3f82a641f7a,2026-08-01,0,3,no_position_no_time,0.07134561
1,4f5a4fb30737bf2a,2026-08-01,0,4,no_position_no_time,0.076355845
1,4f78b6c85943286e,2026-08-01,0,4,no_position_no_time,0.07440583
1,4f994d2af0a90aff,2026-08-01,1,5,no_position_no_time,0.081812374
1,4fc1f5a8eea60119,2026-08-01,0,1,no_position_no_time,0.108069025
1,4fc98c90aa8bd07c,2026-08-01,0,3,no_position_no_time,0.09100274
1,4fd44c95e100038a,2026-08-01,0,5,no_position_no_time,0.06760383
1,5019a0c2a1e291f9,2026-08-01,0,5,no_position_no_time,0.079330206
1,502ff43ee03bff04,2026-08-01,1,5,no_position_no_time,0.07714722
1,50776b49a6479f4c,2026-08-01,0,3,no_position_no_time,0.071429305
1,5092fc2ddc797a60,2026-08-01,0,1,no_position_no_time,0.072687924
1,50a33d55914ad539,2026-08-01,0,2,no_position_no_time,0.090345375
1,50d2a217a8877760,2026-08-01,0,2,no_position_no_time,0.073713735
1,50f1139eacf60d38,2026-08-01,0,5,no_position_no_time,0.070022844
1,51213ed0c3360ed1,2026-08-01,0,2,no_position_no_time,0.08355349
1,513bbb0260b25f8a,2026-08-01,1,5,no_position_no_time,0.1155941
1,514984f9f108b7c8,2026-08-01,0,4,no_position_no_time,0.11004185
1,51514a48b9141e63,2026-08-01,0,2,no_position_no_time,0.09425949
1,517127371118f92a,2026-08-01,0,4,no_position_no_time,0.10140593
1,51719523b756835d,2026-08-01,0,1,no_position_no_time,0.07878589
1,518947988da2bc6a,2026-08-01,0,2,no_position_no_time,0.09594615
1,51a503341ad111e3,2026-08-01,0,5,no_position_no_time,0.05977876
1,51a882d81c95c5e6,2026-08-01,0,5,no_position_no_time,0.06662314
1,51b009331f5c55f0,2026-08-01,1,5,no_position_no_time,0.07992074
1,5211149ee7f7b730,2026-08-01,0,2,no_position_no_time,0.07127837
1,523294bcc5ff8fea,2026-08-01,0,3,no_position_no_time,0.07121069
1,524450fcc1305305,2026-08-01,1,1,no_position_no_time,0.09190014
1,5271b5512730e328,2026-08-01,0,4,no_position_no_time,0.09676421
1,527ddaf9dbdf29eb,2026-08-01,0,5,no_position_no_time,0.07217408
1,52a08edbf6e87faa,2026-08-01,0,1,no_position_no_time,0.1258476
1,52df2e310cea49ca,2026-08-01,0,3,no_position_no_time,0.07433845
1,52f78a3e931ce0e3,2026-08-01,0,4,no_position_no_time,0.103065245
1,52fcdd7335852498,2026-08-01,0,4,no_position_no_time,0.1344577
1,531feb018d4681bd,2026-08-01,0,5,no_position_no_time,0.07855529
1,5320d66f288b6f2f,2026-08-01,0,2,no_position_no_time,0.078059666
1,5340b0f4901a0149,2026-08-01,0,2,no_position_no_time,0.088817365
1,53630114cdc41892,2026-08-01,0,1,no_position_no_time,0.07512977
1,53cb9ff0f9143ac7,2026-08-01,0,4,no_position_no_time,0.09116639
1,53f46170925134d8,2026-08-01,0,4,no_position_no_time,0.11675119
1,53fad0c2c55cfdcc,2026-08-01,0,5,no_position_no_time,0.08158342
1,53fe032365da5c9c,2026-08-01,0,3,no_position_no_time,0.06692107
1,546cbb83163f69ce,2026-08-01,0,4,no_position_no_time,0.06468741
1,5487f60f426d194d,2026-08-01,0,2,no_position_no_time,0.0897948
1,54a4434646fadde6,2026-08-01,0,2,no_position_no_time,0.07189426
1,54a7a6d9c141355a,2026-08-01,0,1,no_position_no_time,0.07139912
1,54c2f0ebe8cc789c,2026-08-01,0,5,no_position_no_time,0.06408738
1,54e0e10136e43f28,2026-08-01,0,2,no_position_no_time,0.088552564
1,551e0a0fa4938a1b,2026-08-01,0,2,no_position_no_time,0.13676514
1,55613377ebfeca51,2026-08-01,1,5,no_position_no_time,0.13660018
1,55c10bfd2df0a3ad,2026-08-01,0,1,no_position_no_time,0.08970629
1,55dc9e103ff85609,2026-08-01,0,2,no_position_no_time,0.10418108
1,55dd4de4eb2dd574,2026-08-01,0,5,no_position_no_time,0.1898705
1,5623efb38d8769bd,2026-08-01,0,1,no_position_no_time,0.07582937
1,5645442f355819b8,2026-08-01,0,4,no_position_no_time,0.12458424
1,5646d3fd5510e656,2026-08-01,0,4,no_position_no_time,0.0971965
1,564d3179587a2473,2026-08-01,0,3,no_position_no_time,0.08116901
1,567d1cc86578a0f4,2026-08-01,0,4,no_position_no_time,0.13143897
1,5698a054aa9df2c5,2026-08-01,0,4,no_position_no_time,0.093218625
1,56d1bd7bb654ad17,2026-08-01,0,4,no_position_no_time,0.106036685
1,56f6a81252e10f1c,2026-08-01,0,3,no_position_no_time,0.06537548
1,5702510a325ebde9,2026-08-01,0,3,no_position_no_time,0.07412908
1,57118833a4510c19,2026-08-01,0,2,no_position_no_time,0.06867288
1,5716439cea4a3c42,2026-08-01,0,3,no_position_no_time,0.07961576
1,575d0c65453a5d6c,2026-08-01,0,3,no_position_no_time,0.07470702
1,577e80c66892cd1c,2026-08-01,0,5,no_position_no_time,0.0840548
1,57b10ed4aad60435,2026-08-01,0,2,no_position_no_time,0.08535239
1,57d8f4280212a51a,2026-08-01,0,5,no_position_no_time,0.08389631
1,57dc0baacb18af9e,2026-08-01,0,4,no_position_no_time,0.105462365
1,57f78c7d2981047d,2026-08-01,0,1,no_position_no_time,0.088405274
1,5812b1eaa1575526,2026-08-01,0,2,no_position_no_time,0.094296165
1,58202fc61da7e579,2026-08-01,0,4,no_position_no_time,0.10747109
1,5841f9e32dc179c6,2026-08-01,0,4,no_position_no_time,0.08875674
1,5853f73f396eabab,2026-08-01,0,5,no_position_no_time,0.10798533
1,5867288e8038d626,2026-08-01,0,4,no_position_no_time,0.09601692
1,586b37ae69ed9199,2026-08-01,0,1,no_position_no_time,0.10039715
1,58a05df162cbc5ce,2026-08-01,0,5,no_position_no_time,0.18752334
1,58c834d5e86e099d,2026-08-01,0,2,no_position_no_time,0.09348067
1,58ca960424fed7b3,2026-08-01,0,2,no_position_no_time,0.08289312
1,58e8552f7c9d5175,2026-08-01,0,3,no_position_no_time,0.11867092
1,58f4b3d48fc7e172,2026-08-01,0,5,no_position_no_time,0.10660423
1,5911ae9e9a6c4345,2026-08-01,0,2,no_position_no_time,0.082355134
1,5927adb922bc2752,2026-08-01,0,4,no_position_no_time,0.06276059
1,596e077fbc1e62ec,2026-08-01,0,4,no_position_no_time,0.08956593
1,59a22eef272fc5c4,2026-08-01,0,3,no_position_no_time,0.116115384
1,59b71285046f2e07,2026-08-01,0,2,no_position_no_time,0.08740815
1,59c1064fd34a8a79,2026-08-01,0,1,no_position_no_time,0.112100884
1,59f3b1843ef26c26,2026-08-01,0,3,no_position_no_time,0.08817256
1,5a0e8be206858a81,2026-08-01,0,2,no_position_no_time,0.12861362
1,5a27dc8610012b34,2026-08-01,0,5,no_position_no_time,0.12001609
1,5a53ae168aed8e22,2026-08-01,1,3,no_position_no_time,0.1064404
1,5a566c407610149a,2026-08-01,0,3,no_position_no_time,0.08209446
1,5a7d7671d8ba5f6b,2026-08-01,0,2,no_position_no_time,0.09763528
1,5a8e2086ef9dd438,2026-08-01,0,2,no_position_no_time,0.085967645
1,5aaddb57248e4ab3,2026-08-01,0,2,no_position_no_time,0.08718637
1,5ab5a13ed2b6c66f,2026-08-01,1,4,no_position_no_time,0.06598914
1,5ac59e848bba17c5,2026-08-01,0,5,no_position_no_time,0.10454547
1,5add797a6af10ab5,2026-08-01,0,3,no_position_no_time,0.08312977
1,5b1131a3c36168bf,2026-08-01,1,4,no_position_no_time,0.0742709
1,5b48f5482858d99d,2026-08-01,0,5,no_position_no_time,0.089747004
1,5b8ee67c75ee4661,2026-08-01,0,2,no_position_no_time,0.0886542
1,5b970c4e3eeb0bf6,2026-08-01,0,5,no_position_no_time,0.08923829
1,5bacf273278ddc6a,2026-08-01,1,3,no_position_no_time,0.16136861
1,5bb2fe02a2f91432,2026-08-01,0,2,no_position_no_time,0.09636404
1,5bc14119b547c37f,2026-08-01,0,4,no_position_no_time,0.1334316
1,5bcadba842855da0,2026-08-01,0,3,no_position_no_time,0.058073297
1,5bdc52cd2e3597a0,2026-08-01,0,3,no_position_no_time,0.08429348
1,5bf0b0d8c0771998,2026-08-01,0,1,no_position_no_time,0.09115597
1,5bfff754b7b0acd6,2026-08-01,0,1,no_position_no_time,0.10116418
1,5c13509757aa3db6,2026-08-01,1,5,no_position_no_time,0.12709114
1,5c1f63374ae56cb3,2026-08-01,1,4,no_position_no_time,0.096698634
1,5c22c42a7e76b1d3,2026-08-01,0,4,no_position_no_time,0.11202522
1,5c29e5f0749d76e6,2026-08-01,0,1,no_position_no_time,0.07365009
1,5c4c5f9bc6e19b71,2026-08-01,0,1,no_position_no_time,0.12598488
1,5c6b8acc78e97a90,2026-08-01,0,1,no_position_no_time,0.12867427
1,5c72eff7c964b472,2026-08-01,0,1,no_position_no_time,0.09553937
1,5ca531c516e260bb,2026-08-01,0,4,no_position_no_time,0.09906028
1,5caf34c2235b4958,2026-08-01,0,5,no_position_no_time,0.08159907
1,5cdcf7f32394fd81,2026-08-01,0,4,no_position_no_time,0.08649984
1,5cde06a169cc7df1,2026-08-01,0,1,no_position_no_time,0.09916357
1,5d07878fa0eded94,2026-08-01,0,2,no_position_no_time,0.08164107
1,5d3e465cc45a41fb,2026-08-01,0,2,no_position_no_time,0.07782682
1,5d4e2c719aec8d1e,2026-08-01,0,1,no_position_no_time,0.062000882
1,5d615bbaf8eec873,2026-08-01,0,4,no_position_no_time,0.07741914
1,5d70a3bcc5ab34ff,2026-08-01,0,3,no_position_no_time,0.0851048
1,5d70d1c52c5232ed,2026-08-01,1,5,no_position_no_time,0.08284827
1,5d8a83031efb3393,2026-08-01,0,2,no_position_no_time,0.089380346
1,5d9411f382c3b6f9,2026-08-01,0,5,no_position_no_time,0.08409762
1,5da83c2acfcd1249,2026-08-01,0,3,no_position_no_time,0.06571771
1,5db6d072a507fe88,2026-08-01,0,3,no_position_no_time,0.09782365
1,5df4f6f9500c4fe4,2026-08-01,1,4,no_position_no_time,0.08716777
1,5e0dcdf16db356b2,2026-08-01,0,5,no_position_no_time,0.07368367
1,5e9ebd6e385858e7,2026-08-01,0,2,no_position_no_time,0.07941632
1,5ea8607ca74f2579,2026-08-01,0,1,no_position_no_time,0.08966265
1,5ec4a3f89e04f364,2026-08-01,1,3,no_position_no_time,0.09213695
1,5ecc3e2eb18bdd6f,2026-08-01,0,3,no_position_no_time,0.08378
1,5f071dbaa9a42889,2026-08-01,0,1,no_position_no_time,0.094308585
1,5f2957aea7954a64,2026-08-01,0,3,no_position_no_time,0.07624785
1,5f389160f3e4cc48,2026-08-01,1,2,no_position_no_time,0.07039622
1,5f5b6c53b75ea66b,2026-08-01,0,5,no_position_no_time,0.104303166
1,5f7044e1f0896bb1,2026-08-01,1,1,no_position_no_time,0.10225852
1,5f724d04db4b5481,2026-08-01,0,3,no_position_no_time,0.12159557
1,5f9e0200467c51b3,2026-08-01,0,1,no_position_no_time,0.10998109
1,5fbc96544c1b32f0,2026-08-01,0,5,no_position_no_time,0.083271444
1,5fbfdf47927ee255,2026-08-01,0,2,no_position_no_time,0.08039016
1,5fcf6eb0c7e0960f,2026-08-01,0,4,no_position_no_time,0.08036156
1,5fda9ae71f82cf5d,2026-08-01,0,2,no_position_no_time,0.064168684
1,6005a1172b13d242,2026-08-01,0,5,no_position_no_time,0.075525425
1,601d5045e12c85db,2026-08-01,0,4,no_position_no_time,0.087027684
1,604b0e95fee2edd4,2026-08-01,0,4,no_position_no_time,0.07861326
1,606828c6041a9929,2026-08-01,0,3,no_position_no_time,0.06628709
1,60a52d4dbcf186d3,2026-08-01,0,2,no_position_no_time,0.0832402
1,610274c86d443bdf,2026-08-01,0,3,no_position_no_time,0.12137568
1,611819c416fc9798,2026-08-01,0,2,no_position_no_time,0.08736538
1,613d4198f2fc46b0,2026-08-01,0,2,no_position_no_time,0.08713879
1,61403259772cf590,2026-08-01,0,5,no_position_no_time,0.0999365
1,61568dce4cf00816,2026-08-01,0,1,no_position_no_time,0.097177505
1,6162b547126871e3,2026-08-01,0,1,no_position_no_time,0.055921137
1,61728e5534e3158d,2026-08-01,0,2,no_position_no_time,0.096336395
1,6175a2e872544ece,2026-08-01,0,2,no_position_no_time,0.09357043
1,61985419993ff0fe,2026-08-01,1,5,no_position_no_time,0.07702239
1,61a98c149c7180bb,2026-08-01,0,1,no_position_no_time,0.07435254
1,61cc25565a5f259c,2026-08-01,0,2,no_position_no_time,0.08322211
1,61dd0d0412ed14b8,2026-08-01,0,2,no_position_no_time,0.07956085
1,61f2366471369a94,2026-08-01,0,1,no_position_no_time,0.10693862
1,61f8d0e57da95fcd,2026-08-01,0,1,no_position_no_time,0.08352984
1,6225d9fbf506e8b4,2026-08-01,0,2,no_position_no_time,0.09286767
1,625470644b35a543,2026-08-01,0,1,no_position_no_time,0.08528571
1,62d57830576537a7,2026-08-01,0,2,no_position_no_time,0.08702279
1,62e704a4205be247,2026-08-01,0,1,no_position_no_time,0.11919196
1,62e99c76ce74c5c7,2026-08-01,0,4,no_position_no_time,0.080500685
1,62e9e0241357ae97,2026-08-01,0,2,no_position_no_time,0.105451055
1,630689ce93a31477,2026-08-01,0,5,no_position_no_time,0.08683832
1,63078a292b6a0744,2026-08-01,0,1,no_position_no_time,0.09232879
1,633f88c14e8e3bb1,2026-08-01,0,3,no_position_no_time,0.07504326
1,63488c1b5a68ba74,2026-08-01,0,4,no_position_no_time,0.093687095
1,635bbd506dc1b581,2026-08-01,0,4,no_position_no_time,0.07356012
1,6377a60972063fab,2026-08-01,0,5,no_position_no_time,0.08069643
1,6388f1b6ff1d5bc6,2026-08-01,0,3,no_position_no_time,0.10222261
1,639315e71310728a,2026-08-01,0,4,no_position_no_time,0.073847644
1,63a45f81c21b6694,2026-08-01,0,3,no_position_no_time,0.067607604
1,63a65917c5e7f343,2026-08-01,0,2,no_position_no_time,0.12883443
1,63d3b3bf28417f4d,2026-08-01,0,3,no_position_no_time,0.06431614
1,63e21306a07d9b50,2026-08-01,1,3,no_position_no_time,0.109776616
1,63e25ff962e262ae,2026-08-01,0,4,no_position_no_time,0.0863329
1,63e8a4dffa6292d2,2026-08-01,0,4,no_position_no_time,0.065110825
1,64005742d5a84d10,2026-08-01,0,2,no_position_no_time,0.084775336
1,6410783d4df568b5,2026-08-01,0,5,no_position_no_time,0.08445949
1,641a875d808a52e8,2026-08-01,0,1,no_position_no_time,0.06295958
1,641fb76b4969bea8,2026-08-01,0,3,no_position_no_time,0.07445259
1,642752f001c9d203,2026-08-01,0,3,no_position_no_time,0.061630316
1,64525c087edf9fbb,2026-08-01,0,4,no_position_no_time,0.08127038
1,648ca1952d9db49b,2026-08-01,0,5,no_position_no_time,0.11853983
1,649a733d5fad386b,2026-08-01,0,5,no_position_no_time,0.13066117
1,64bbbbf4977a84e4,2026-08-01,0,4,no_position_no_time,0.10965739
1,650871cb6ba6a634,2026-08-01,0,3,no_position_no_time,0.09156052
1,653dcef86edb875f,2026-08-01,0,2,no_position_no_time,0.12790601
1,6552f1128cdb5c70,2026-08-01,0,5,no_position_no_time,0.08319778
1,658d60c4bd44577f,2026-08-01,0,3,no_position_no_time,0.08903573
1,65975264abf8ab2b,2026-08-01,0,2,no_position_no_time,0.07194425
1,659a6ccbf3c52226,2026-08-01,0,2,no_position_no_time,0.082430616
1,659c0acff60f0e3b,2026-08-01,0,5,no_position_no_time,0.10101336
1,65d431d317bed5cc,2026-08-01,0,1,no_position_no_time,0.10864758
1,660fec9d912ef4d9,2026-08-01,0,4,no_position_no_time,0.14930645
1,661aadf01272f406,2026-08-01,0,1,no_position_no_time,0.05805533
1,66b5dbb0680abeb6,2026-08-01,1,5,no_position_no_time,0.056469668
1,66c082e2e5befe37,2026-08-01,0,5,no_position_no_time,0.07684747
1,66d011f003ce4370,2026-08-01,0,5,no_position_no_time,0.06864702
1,66e70d247a994ce9,2026-08-01,0,5,no_position_no_time,0.06943794
1,6710d2cfac12d0c8,2026-08-01,0,2,no_position_no_time,0.07405757
1,6721676e71b359e6,2026-08-01,0,5,no_position_no_time,0.10182821
1,6738742764c7ea60,2026-08-01,1,2,no_position_no_time,0.07621097
1,675b5df0c5ef8285,2026-08-01,0,5,no_position_no_time,0.0836548
1,6798552789984aba,2026-08-01,0,2,no_position_no_time,0.089609556
1,67ad25fa3220ebdb,2026-08-01,0,3,no_position_no_time,0.07785623
1,67ca29264a157740,2026-08-01,1,2,no_position_no_time,0.07117925
1,67d7ad2b01a67b93,2026-08-01,0,1,no_position_no_time,0.103063874
1,67e7715584349de3,2026-08-01,0,2,no_position_no_time,0.08503053
1,680540be9db80caa,2026-08-01,1,5,no_position_no_time,0.124183625
1,683b1e3c3cd33651,2026-08-01,1,4,no_position_no_time,0.09324537
1,6843c75f87f505ec,2026-08-01,0,3,no_position_no_time,0.06293737
1,6848e1e6d97fd94a,2026-08-01,0,3,no_position_no_time,0.08436856
1,68542fa5af142bdd,2026-08-01,0,1,no_position_no_time,0.08524518
1,68597ae4c9aa81ef,2026-08-01,0,3,no_position_no_time,0.0634739
1,687338043bdda42a,2026-08-01,1,3,no_position_no_time,0.11299951
1,68d530616d04ddee,2026-08-01,0,2,no_position_no_time,0.096485175
1,6917359e471141d1,2026-08-01,0,5,no_position_no_time,0.12973963
1,692135c902d5795e,2026-08-01,0,3,no_position_no_time,0.0760385
1,6922784c546dbf1f,2026-08-01,0,5,no_position_no_time,0.09548415
1,69373c4edc1483c4,2026-08-01,0,1,no_position_no_time,0.07608181
1,69591f44aff687b7,2026-08-01,0,3,no_position_no_time,0.075412504
1,69731cf5175d9306,2026-08-01,0,1,no_position_no_time,0.076577485
1,6984e671f8357d8c,2026-08-01,0,2,no_position_no_time,0.10841383
1,6992de4856649406,2026-08-01,0,5,no_position_no_time,0.10352739
1,69a8301bbeda468a,2026-08-01,0,5,no_position_no_time,0.094538786
1,69b945b456386db7,2026-08-01,1,1,no_position_no_time,0.09714003
1,69bff5698ac64d5e,2026-08-01,0,2,no_position_no_time,0.082199715
1,69c634154d13a13a,2026-08-01,1,3,no_position_no_time,0.08406627
1,69fd72289adcd566,2026-08-01,0,3,no_position_no_time,0.08830958
1,6a469a99b17cb89c,2026-08-01,0,3,no_position_no_time,0.088519454
1,6a5e0599903fc1d3,2026-08-01,0,1,no_position_no_time,0.07072796
1,6a7be947e29703f3,2026-08-01,1,4,no_position_no_time,0.091020815
1,6a7f2681012c7a1b,2026-08-01,0,1,no_position_no_time,0.09048677
1,6aa3789545f1794c,2026-08-01,0,2,no_position_no_time,0.07830678
1,6ac506332d757fc6,2026-08-01,0,2,no_position_no_time,0.11210441
1,6add475740154eff,2026-08-01,0,3,no_position_no_time,0.06383271
1,6aea1d9a292ff48b,2026-08-01,0,5,no_position_no_time,0.07729042
1,6b2d7312c431b085,2026-08-01,0,4,no_position_no_time,0.10258439
1,6b3e3f02e7172fd8,2026-08-01,0,1,no_position_no_time,0.14503916
1,6b8e969c2c2d9f19,2026-08-01,0,2,no_position_no_time,0.07648901
1,6bad95d433df0ac2,2026-08-01,0,2,no_position_no_time,0.092637345
1,6c03a0dac392e238,2026-08-01,0,4,no_position_no_time,0.10669925
1,6c0696650df5f481,2026-08-01,0,1,no_position_no_time,0.07527987
1,6c2b40d8588493e9,2026-08-01,0,5,no_position_no_time,0.11738676
1,6c457e2a7ac345bc,2026-08-01,0,1,no_position_no_time,0.06479894
1,6c94ba1eaac3e286,2026-08-01,0,1,no_position_no_time,0.078459874
1,6ca301417b432e55,2026-08-01,0,3,no_position_no_time,0.08987947
1,6cb222185e2c92ba,2026-08-01,0,1,no_position_no_time,0.10654294
1,6cfa78e4e6af644b,2026-08-01,0,5,no_position_no_time,0.19086686
1,6d2a619930ece363,2026-08-01,1,1,no_position_no_time,0.0877302
1,6d42f14d56818889,2026-08-01,0,2,no_position_no_time,0.1339712
1,6d613a3a68669e0b,2026-08-01,0,4,no_position_no_time,0.08432829
1,6d926e4a0be6a388,2026-08-01,0,4,no_position_no_time,0.07848696
1,6d9fe268d6c9a65a,2026-08-01,0,5,no_position_no_time,0.08599442
1,6dbabac2f5c3a038,2026-08-01,0,3,no_position_no_time,0.072760895
1,6dbfdb8bdb427659,2026-08-01,0,5,no_position_no_time,0.06966086
1,6dca2bef02df2780,2026-08-01,0,2,no_position_no_time,0.08125238
1,6debe007ba0b0cb3,2026-08-01,0,1,no_position_no_time,0.09632384
1,6df54d089271e36c,2026-08-01,0,2,no_position_no_time,0.08188847
1,6e1a380cb148b00a,2026-08-01,1,1,no_position_no_time,0.10583082
1,6e5f9d9653240199,2026-08-01,0,3,no_position_no_time,0.09744559
1,6e7266c7dc9001bd,2026-08-01,0,3,no_position_no_time,0.17196514
1,6e8bac7fcd58df75,2026-08-01,0,5,no_position_no_time,0.08677113
1,6ec98ca15d43d1e0,2026-08-01,1,3,no_position_no_time,0.13736095
1,6f05eca420d4d258,2026-08-01,1,1,no_position_no_time,0.08235623
1,6f1984c88a9317fb,2026-08-01,0,5,no_position_no_time,0.12205666
1,6f41a3a174df5364,2026-08-01,0,1,no_position_no_time,0.054765753
1,6f4d8ed0ea15e5d9,2026-08-01,0,5,no_position_no_time,0.07169841
1,6f57d80a985478da,2026-08-01,0,4,no_position_no_time,0.10304757
1,6f73dfe73131953e,2026-08-01,0,2,no_position_no_time,0.085692115
1,6fa987906b7fb7ff,2026-08-01,1,4,no_position_no_time,0.11520345
1,6fad88261704b70a,2026-08-01,0,5,no_position_no_time,0.067810856
1,6fc1095b181d6829,2026-08-01,0,5,no_position_no_time,0.14175825
1,70069b72d2747df1,2026-08-01,0,4,no_position_no_time,0.08097247
1,700ae1bf41eaa37b,2026-08-01,1,4,no_position_no_time,0.09239216
1,70632f98cccca6c2,2026-08-01,0,4,no_position_no_time,0.07086353
1,708019da4a32ea28,2026-08-01,0,2,no_position_no_time,0.09139842
1,70834038357947d6,2026-08-01,0,4,no_position_no_time,0.09860993
1,70a270cb75ca9e33,2026-08-01,0,3,no_position_no_time,0.08302175
1,70ba1310d4418854,2026-08-01,1,5,no_position_no_time,0.08377797
1,70c0d890f8906074,2026-08-01,0,4,no_position_no_time,0.0759302
1,70d7cfa56d50f1c8,2026-08-01,0,2,no_position_no_time,0.08941211
1,70f7edf7972b0f6e,2026-08-01,0,2,no_position_no_time,0.07981584
1,7116265f71a95c65,2026-08-01,0,2,no_position_no_time,0.07120416
1,71168d3393417998,2026-08-01,0,2,no_position_no_time,0.118349046
1,7127e296f23b77f2,2026-08-01,0,4,no_position_no_time,0.065263204
1,712d15b0687ed0c0,2026-08-01,0,5,no_position_no_time,0.08135359
1,714ab678afd1f25c,2026-08-01,0,1,no_position_no_time,0.08209804
1,716ed1e70606f8b0,2026-08-01,0,5,no_position_no_time,0.09369223
1,71738222ca8ba0d2,2026-08-01,0,4,no_position_no_time,0.136266
1,7259e6b0d3cd6a58,2026-08-01,0,1,no_position_no_time,0.083590955
1,726c4f30ec344953,2026-08-01,0,1,no_position_no_time,0.080693364
1,726e66095b5eb458,2026-08-01,0,2,no_position_no_time,0.07760303
1,728355743d908cb2,2026-08-01,0,1,no_position_no_time,0.063248485
1,7295f03fa4bcc66d,2026-08-01,0,1,no_position_no_time,0.08500131
1,729bcdb609b2c9af,2026-08-01,0,2,no_position_no_time,0.098182864
1,729dd97e3a0aea51,2026-08-01,0,3,no_position_no_time,0.06724762
1,72a53f74a913282c,2026-08-01,0,5,no_position_no_time,0.15155637
1,72aecf1a60468579,2026-08-01,0,4,no_position_no_time,0.08322823
1,72cf219c06f4f37e,2026-08-01,0,5,no_position_no_time,0.0676254
1,72dc01bdd949f29a,2026-08-01,0,3,no_position_no_time,0.09623935
1,72f29252b4de0b83,2026-08-01,1,1,no_position_no_time,0.0778521
1,72f9aaffa391428c,2026-08-01,0,3,no_position_no_time,0.11859345
1,730b158986fba0f1,2026-08-01,0,4,no_position_no_time,0.057634078
1,73152a6b4f81a1fa,2026-08-01,0,1,no_position_no_time,0.07355795
1,731aa5284eb2eb10,2026-08-01,0,3,no_position_no_time,0.070236854
1,732e62b18ff8b971,2026-08-01,0,1,no_position_no_time,0.075239316
1,734001cda436136c,2026-08-01,0,1,no_position_no_time,0.062470667
1,735254780d947d7c,2026-08-01,0,2,no_position_no_time,0.09448238
1,7364de6e9bb7a86b,2026-08-01,0,2,no_position_no_time,0.07988466
1,73c7e258aa008a6d,2026-08-01,0,3,no_position_no_time,0.096039765
1,73d945a65d64fa3d,2026-08-01,0,2,no_position_no_time,0.080127016
1,73f655997b6f5503,2026-08-01,0,2,no_position_no_time,0.09582995
1,743b6e87cf574995,2026-08-01,0,3,no_position_no_time,0.065840095
1,743fa49cb9ae4963,2026-08-01,0,1,no_position_no_time,0.08120271
1,746f862bd6d97ed1,2026-08-01,0,2,no_position_no_time,0.10268857
1,747093942bff0138,2026-08-01,0,3,no_position_no_time,0.085153006
1,748bb014d4c8ed92,2026-08-01,0,4,no_position_no_time,0.10638442
1,749de0f3d14315d2,2026-08-01,0,2,no_position_no_time,0.17562057
1,74ac368282b0c932,2026-08-01,0,5,no_position_no_time,0.08374234
1,74b7b925de8e2e8d,2026-08-01,0,1,no_position_no_time,0.07630289
1,74c92136cf20d62e,2026-08-01,0,1,no_position_no_time,0.106143475
1,750c455c3c34a4ee,2026-08-01,0,1,no_position_no_time,0.08913875
1,7524e51265bfb4ec,2026-08-01,1,5,no_position_no_time,0.07956157
1,75454d760d4b5756,2026-08-01,0,2,no_position_no_time,0.07879185
1,757d84c36e97f894,2026-08-01,0,2,no_position_no_time,0.095517516
1,75812025c465eeb4,2026-08-01,0,3,no_position_no_time,0.058132913
1,75d2cebfe290698d,2026-08-01,0,1,no_position_no_time,0.06939299
1,75f9041e86c3a99f,2026-08-01,1,3,no_position_no_time,0.07200036
1,761a98c1fb8e43c6,2026-08-01,0,5,no_position_no_time,0.0713388
1,761c678164ef8535,2026-08-01,0,3,no_position_no_time,0.0807267
1,764745747208913a,2026-08-01,0,4,no_position_no_time,0.053840466
1,76761e564fbce0bc,2026-08-01,0,4,no_position_no_time,0.08285613
1,767a6d7b4da0aef9,2026-08-01,0,1,no_position_no_time,0.087542355
1,76d6e4da7eee84fb,2026-08-01,0,1,no_position_no_time,0.08629031
1,76db8878379e7637,2026-08-01,0,1,no_position_no_time,0.09907832
1,76e7f57fb5ff7ecd,2026-08-01,0,3,no_position_no_time,0.05821134
1,777022f31882e2b0,2026-08-01,0,4,no_position_no_time,0.08726854
1,77952b38c254794e,2026-08-01,0,1,no_position_no_time,0.084261626
1,77a14ffe3e2b9da8,2026-08-01,0,3,no_position_no_time,0.08525509
1,77b094bb42804efb,2026-08-01,0,4,no_position_no_time,0.0938338
1,77c6348db09b677e,2026-08-01,0,2,no_position_no_time,0.075536914
1,78023c4a6503d57e,2026-08-01,0,4,no_position_no_time,0.10560717
1,780507e994d781fd,2026-08-01,0,2,no_position_no_time,0.07864366
1,783edcbefc2609d7,2026-08-01,0,4,no_position_no_time,0.057708066
1,7870dcea5b05c14d,2026-08-01,0,2,no_position_no_time,0.09935151
1,787ccfd9bb7acd2b,2026-08-01,0,3,no_position_no_time,0.064598076
1,7897a5d1446a92b2,2026-08-01,0,4,no_position_no_time,0.118855834
1,78a5c1ff40f632a0,2026-08-01,0,1,no_position_no_time,0.1125317
1,78a79b14c8b93399,2026-08-01,0,1,no_position_no_time,0.10975626
1,78dce76e88f22a92,2026-08-01,0,5,no_position_no_time,0.08562341
1,78e538aeab132090,2026-08-01,0,2,no_position_no_time,0.10316508
1,78f35c2d7c655eaa,2026-08-01,0,5,no_position_no_time,0.09144736
1,791428525958b3c5,2026-08-01,1,3,no_position_no_time,0.07666441
1,792e23ad41ab5669,2026-08-01,0,4,no_position_no_time,0.14556146
1,7999771cf904c815,2026-08-01,0,2,no_position_no_time,0.106143296
1,79cf9e708e03d783,2026-08-01,0,5,no_position_no_time,0.070524186
1,79d8bb92e6a05456,2026-08-01,0,4,no_position_no_time,0.15367694
1,79dd6a5cc139bfec,2026-08-01,0,2,no_position_no_time,0.09107314
1,79e66d4470a85932,2026-08-01,0,3,no_position_no_time,0.08411212
1,79ee45f2cabc4162,2026-08-01,0,3,no_position_no_time,0.10570154
1,79f2e0c9535c33e1,2026-08-01,0,3,no_position_no_time,0.08960627
1,7a0cc8c5eee871d4,2026-08-01,1,1,no_position_no_time,0.15582593
1,7a0e4822e36a22e2,2026-08-01,0,2,no_position_no_time,0.09287632
1,7a35259a054485b0,2026-08-01,0,1,no_position_no_time,0.0680624
1,7a38462790bbe22e,2026-08-01,0,5,no_position_no_time,0.09305268
1,7a6acb42b261260d,2026-08-01,0,1,no_position_no_time,0.0757848
1,7a756ede62bac1ef,2026-08-01,0,5,no_position_no_time,0.103599764
1,7a776f6dc0c7c3ee,2026-08-01,0,5,no_position_no_time,0.065395
1,7aad79f593cedb27,2026-08-01,0,5,no_position_no_time,0.15406647
1,7abbfbe67144e964,2026-08-01,0,4,no_position_no_time,0.10787487
1,7abde3c7c191b6d8,2026-08-01,0,3,no_position_no_time,0.07364635
1,7b0877b6b9127f2f,2026-08-01,0,2,no_position_no_time,0.08361607
1,7b1ead36019b8a84,2026-08-01,0,3,no_position_no_time,0.09775516
1,7b559ae9f55d832c,2026-08-01,0,4,no_position_no_time,0.068340205
1,7bc1d122c1c41c35,2026-08-01,0,3,no_position_no_time,0.0619871
1,7bc3e16dca3f536d,2026-08-01,0,2,no_position_no_time,0.08652528
1,7bc67f7a0682c5e2,2026-08-01,1,5,no_position_no_time,0.07451241
1,7c08946b0edc661a,2026-08-01,0,5,no_position_no_time,0.06997018
1,7c20dfc231142ea2,2026-08-01,0,4,no_position_no_time,0.09111523
1,7c36de9331f66a97,2026-08-01,0,5,no_position_no_time,0.074950635
1,7c60a48c50e15a64,2026-08-01,0,4,no_position_no_time,0.10231025
1,7c8ff690a68652da,2026-08-01,0,1,no_position_no_time,0.07907757
1,7cafe0a1c6398021,2026-08-01,0,2,no_position_no_time,0.09075676
1,7ccf2638d96491dd,2026-08-01,0,4,no_position_no_time,0.08097893
1,7cf219e3cac2c065,2026-08-01,0,1,no_position_no_time,0.064871654
1,7cf6bf9f86aaa726,2026-08-01,0,4,no_position_no_time,0.07054995
1,7cf6c663fb6bbf50,2026-08-01,0,5,no_position_no_time,0.10077969
1,7d3d661c45049361,2026-08-01,0,1,no_position_no_time,0.10696203
1,7d4c767fa3bd7b3b,2026-08-01,0,2,no_position_no_time,0.11057425
1,7d992c6b93b84f0a,2026-08-01,0,2,no_position_no_time,0.08161947
1,7dcfe61f6ea252f4,2026-08-01,0,4,no_position_no_time,0.09722009
1,7dd5f0a3bbb12a45,2026-08-01,0,5,no_position_no_time,0.10395594
1,7ddab212f914c6b1,2026-08-01,0,3,no_position_no_time,0.09753614
1,7e1e722ae1c7e7e4,2026-08-01,0,3,no_position_no_time,0.08588479
1,7e490bc64c2d55fb,2026-08-01,0,2,no_position_no_time,0.09925946
1,7e4b9bb8d741724f,2026-08-01,0,4,no_position_no_time,0.08152136
1,7e55e2507da41096,2026-08-01,0,5,no_position_no_time,0.07818144
1,7e7fed535ed4aeba,2026-08-01,0,5,no_position_no_time,0.12552315
1,7e83ba044f30a406,2026-08-01,0,5,no_position_no_time,0.13839301
1,7e96f0529af80546,2026-08-01,1,4,no_position_no_time,0.07257569
1,7ecf61efdf94f46e,2026-08-01,0,3,no_position_no_time,0.09605975
1,7ee3f64db0f2eb40,2026-08-01,0,4,no_position_no_time,0.13494475
1,7ef310a2f4f371d1,2026-08-01,0,2,no_position_no_time,0.08559929
1,7f16e23d7758de97,2026-08-01,0,1,no_position_no_time,0.11015806
1,7f248586c750f082,2026-08-01,0,4,no_position_no_time,0.08640956
1,7f3c2534c696ba78,2026-08-01,0,2,no_position_no_time,0.07350233
1,7f3fc9e13abc0573,2026-08-01,0,1,no_position_no_time,0.10435885
1,7f6073aef2d80793,2026-08-01,0,3,no_position_no_time,0.084635705
1,7f61922685a79cc7,2026-08-01,0,4,no_position_no_time,0.08351133
1,7f656930d68640ac,2026-08-01,0,4,no_position_no_time,0.07378719
1,7f657648ca2bfd9d,2026-08-01,0,4,no_position_no_time,0.06953081
1,7f67cb9cb7d1f5f8,2026-08-01,0,3,no_position_no_time,0.056345608
1,7f72ce792f421783,2026-08-01,0,3,no_position_no_time,0.055249754
1,7ffcf61cab05a289,2026-08-01,0,5,no_position_no_time,0.07560463
1,800e8e69a96210fb,2026-08-01,0,3,no_position_no_time,0.07588321
1,8027d7d5e34dddc4,2026-08-01,0,4,no_position_no_time,0.08713282
1,8038bad61fa65855,2026-08-01,0,4,no_position_no_time,0.1247811
1,803c20678c4a050b,2026-08-01,0,3,no_position_no_time,0.09615129
1,80503aad8a618d7a,2026-08-01,0,3,no_position_no_time,0.1303023
1,806e96611c01cca5,2026-08-01,0,1,no_position_no_time,0.06660665
1,8071311afca7c023,2026-08-01,0,1,no_position_no_time,0.07279129
1,80ba2ff93f15065f,2026-08-01,0,4,no_position_no_time,0.0799894
1,80bbee8ecb8a482c,2026-08-01,0,2,no_position_no_time,0.10009508
1,80df74ccbf415940,2026-08-01,0,5,no_position_no_time,0.09595864
1,815e9a6dbd55c376,2026-08-01,0,3,no_position_no_time,0.08564908
1,816d0e820d995464,2026-08-01,0,2,no_position_no_time,0.08482988
1,81a7feb8c03ca38a,2026-08-01,0,5,no_position_no_time,0.06123567
1,81ad54fa93bdf184,2026-08-01,0,3,no_position_no_time,0.079846255
1,81d6f4fdbd960aed,2026-08-01,0,1,no_position_no_time,0.090023756
1,82473cb3bcbeba8a,2026-08-01,0,1,no_position_no_time,0.08071633
1,82a16b586ac392e8,2026-08-01,0,4,no_position_no_time,0.07327548
1,82c31fa203f2d3bf,2026-08-01,0,2,no_position_no_time,0.09662803
1,82e7d81b72b4e10f,2026-08-01,0,3,no_position_no_time,0.10493153
1,830bb52813d9e39f,2026-08-01,0,3,no_position_no_time,0.13461414
1,833e3955c7d58f9f,2026-08-01,0,3,no_position_no_time,0.09333279
1,8357c1d7f99025d0,2026-08-01,1,2,no_position_no_time,0.094496906
1,83e5be1e414ac2c1,2026-08-01,0,4,no_position_no_time,0.08517957
1,83e8a75513daa73d,2026-08-01,0,5,no_position_no_time,0.12252895
1,83ee6830d7c5634d,2026-08-01,0,1,no_position_no_time,0.13171583
1,8459941622958d25,2026-08-01,0,1,no_position_no_time,0.08565018
1,84a430f1fef2bc1b,2026-08-01,0,5,no_position_no_time,0.17384696
1,84db8e7bc7643618,2026-08-01,0,4,no_position_no_time,0.110419765
1,84e295bac6622a32,2026-08-01,0,5,no_position_no_time,0.13326225
1,855a9bf573db3de0,2026-08-01,0,5,no_position_no_time,0.11595788
1,855d3533579ad689,2026-08-01,0,5,no_position_no_time,0.12701206
1,8563d54ad8f851df,2026-08-01,0,3,no_position_no_time,0.09516649
1,85928afec42ecc6d,2026-08-01,0,1,no_position_no_time,0.077361874
1,85b414eae27d2ea7,2026-08-01,0,4,no_position_no_time,0.0860401
1,85b7bd61e145c839,2026-08-01,0,4,no_position_no_time,0.059503175
1,85fe74875c024eaa,2026-08-01,0,3,no_position_no_time,0.09178744
1,86456c63d2a62afe,2026-08-01,0,2,no_position_no_time,0.0906412
1,86647bb071e762dd,2026-08-01,0,2,no_position_no_time,0.07902616
1,866cb48cdabbfd0f,2026-08-01,0,5,no_position_no_time,0.07631657
1,86856b22b5ed75ef,2026-08-01,0,1,no_position_no_time,0.11615527
1,86ac61d06f542e37,2026-08-01,0,2,no_position_no_time,0.070926175
1,86dd3b5c7adc7983,2026-08-01,1,5,no_position_no_time,0.07020546
1,872d5202aff886f8,2026-08-01,0,3,no_position_no_time,0.09498348
1,8732d90d6790c6af,2026-08-01,0,3,no_position_no_time,0.08716355
1,874f99747a538d7a,2026-08-01,0,4,no_position_no_time,0.097110674
1,876c09f4141fb3f5,2026-08-01,0,4,no_position_no_time,0.07319888
1,8772f0640b6ea5bf,2026-08-01,0,3,no_position_no_time,0.098318905
1,8784d8afe1471b5c,2026-08-01,0,2,no_position_no_time,0.08695502
1,878e31c155a56707,2026-08-01,0,1,no_position_no_time,0.09086669
1,87a49f19284ee9c5,2026-08-01,0,3,no_position_no_time,0.07524421
1,87bda67715aa3e48,2026-08-01,0,5,no_position_no_time,0.075698316
1,87df86d7e72e7be3,2026-08-01,0,3,no_position_no_time,0.053512137
1,8828f880f285d04d,2026-08-01,0,1,no_position_no_time,0.13427
1,8832c16a1176e0ae,2026-08-01,0,1,no_position_no_time,0.09433351
1,8832fe5c8a3c0e05,2026-08-01,1,5,no_position_no_time,0.083678395
1,887e3caa1c23d795,2026-08-01,0,5,no_position_no_time,0.09692973
1,88f32004fd3e431a,2026-08-01,0,2,no_position_no_time,0.0839676
1,89044df4e50971c7,2026-08-01,0,4,no_position_no_time,0.061902568
1,8931e39fc47b9c6e,2026-08-01,0,1,no_position_no_time,0.077680595
1,895afbbf17ff14ba,2026-08-01,0,1,no_position_no_time,0.102479264
1,895f70b9b83d628d,2026-08-01,0,3,no_position_no_time,0.07700456
1,896aec8b2cf00b7e,2026-08-01,0,3,no_position_no_time,0.11922527
1,898e600cdd5828d7,2026-08-01,0,4,no_position_no_time,0.11647503
1,89a6545eb2de29f4,2026-08-01,1,3,no_position_no_time,0.07149534
1,89b7b507a1730a33,2026-08-01,0,5,no_position_no_time,0.104594044
1,89d02b31b678049f,2026-08-01,0,1,no_position_no_time,0.08307148
1,89e598c5a98f9e72,2026-08-01,0,2,no_position_no_time,0.07822955
1,8a4c9ee3e9dd277a,2026-08-01,0,2,no_position_no_time,0.090582944
1,8a58301595cb14fc,2026-08-01,0,3,no_position_no_time,0.14375736
1,8a651cb2240f29bb,2026-08-01,0,3,no_position_no_time,0.08953095
1,8a81dc2b2b2f1aba,2026-08-01,0,1,no_position_no_time,0.096554615
1,8aaeb4d3b54bb6e3,2026-08-01,0,5,no_position_no_time,0.104186065
1,8abd7939c21373e2,2026-08-01,0,2,no_position_no_time,0.088871844
1,8afc0351dbf259a4,2026-08-01,0,4,no_position_no_time,0.08593472
1,8b047bc6ffd1e51d,2026-08-01,1,5,no_position_no_time,0.118238166
1,8b0ae62946b99ce1,2026-08-01,1,1,no_position_no_time,0.090865746
1,8b4ccbb51d2e7ed7,2026-08-01,0,2,no_position_no_time,0.103385374
1,8b6dfd1bf11c9195,2026-08-01,0,1,no_position_no_time,0.122893065
1,8b9173fbca173ab2,2026-08-01,0,3,no_position_no_time,0.08239179
1,8b9474931b31a640,2026-08-01,0,4,no_position_no_time,0.07770311
1,8b9f881dc5863be1,2026-08-01,0,3,no_position_no_time,0.087916315
1,8bc12a262850f29c,2026-08-01,0,5,no_position_no_time,0.07248975
1,8be009afa7fffe9f,2026-08-01,0,3,no_position_no_time,0.0819152
1,8c3dc65e45b01b45,2026-08-01,0,1,no_position_no_time,0.07102316
1,8c6f4c5720e2b905,2026-08-01,0,3,no_position_no_time,0.08265015
1,8caff611cc65054f,2026-08-01,1,2,no_position_no_time,0.0826437
1,8cc1cdd64e692652,2026-08-01,0,4,no_position_no_time,0.07445571
1,8cd9d23ef35fba81,2026-08-01,0,1,no_position_no_time,0.089480355
1,8ce65bcdae0dab30,2026-08-01,0,5,no_position_no_time,0.065760046
1,8ce931a5d278e230,2026-08-01,0,3,no_position_no_time,0.09326452
1,8d02b091d0ca9bae,2026-08-01,0,1,no_position_no_time,0.16331781
1,8d075dd3da66a6ad,2026-08-01,0,3,no_position_no_time,0.13628289
1,8d114115c44e4341,2026-08-01,0,5,no_position_no_time,0.07088491
1,8da0b225394ff4ee,2026-08-01,0,2,no_position_no_time,0.08336774
1,8df20cd434eabc6b,2026-08-01,0,2,no_position_no_time,0.09395869
1,8e1c8026ed07894e,2026-08-01,0,5,no_position_no_time,0.07400114
1,8e551f3cd9c5d901,2026-08-01,0,4,no_position_no_time,0.13662419
1,8e60b56d600d32e7,2026-08-01,0,4,no_position_no_time,0.05622166
1,8e79144dacac779a,2026-08-01,0,2,no_position_no_time,0.07417376
1,8ea4f7b0096f0f4f,2026-08-01,0,3,no_position_no_time,0.120194465
1,8f2618e5cdacccc5,2026-08-01,0,1,no_position_no_time,0.10913716
1,8f2eaa19556d0f63,2026-08-01,0,2,no_position_no_time,0.07954653
1,8f8bc548363a41d5,2026-08-01,0,4,no_position_no_time,0.09564066
1,8f997d7dfaf545bb,2026-08-01,0,2,no_position_no_time,0.08225221
1,8fc15af7855f35b1,2026-08-01,0,2,no_position_no_time,0.08139138
1,8fe92a114aa8db1a,2026-08-01,0,4,no_position_no_time,0.12115015
1,90048c9a204777d7,2026-08-01,0,4,no_position_no_time,0.11699311
1,902d08ec945e4e34,2026-08-01,0,1,no_position_no_time,0.062477373
1,905977bed50cef51,2026-08-01,0,5,no_position_no_time,0.109670974
1,9066329bcba59f29,2026-08-01,0,5,no_position_no_time,0.05721487
1,90916c7e102df5cd,2026-08-01,1,2,no_position_no_time,0.115522206
1,90a7886117b144c3,2026-08-01,0,4,no_position_no_time,0.104145795
1,90cdd3a724faeca3,2026-08-01,1,5,no_position_no_time,0.08958264
1,90d1108b68e0551b,2026-08-01,0,4,no_position_no_time,0.1028438
1,90e099a75e136df8,2026-08-01,0,3,no_position_no_time,0.13601953
1,90e15bd0debf2ca4,2026-08-01,0,1,no_position_no_time,0.062305313
1,9157db3887e1b948,2026-08-01,0,2,no_position_no_time,0.08949199
1,918096c6be19c85f,2026-08-01,0,4,no_position_no_time,0.077388324
1,918f4d9012d68de8,2026-08-01,1,2,no_position_no_time,0.11430201
1,91e35049b1108987,2026-08-01,0,1,no_position_no_time,0.09725794
1,9211ad6cef838c5b,2026-08-01,0,5,no_position_no_time,0.10703878
1,9261b4bdb11718fb,2026-08-01,0,2,no_position_no_time,0.094417535
1,92741d7fdd8cbab1,2026-08-01,0,3,no_position_no_time,0.06708032
1,927988544d6604e0,2026-08-01,0,3,no_position_no_time,0.090623885
1,9287893e343ab233,2026-08-01,0,3,no_position_no_time,0.07007954
1,92991933ddc1e9ff,2026-08-01,0,2,no_position_no_time,0.09657396
1,92da3cfffb14e5ac,2026-08-01,0,4,no_position_no_time,0.09234985
1,92e8d13ed560031c,2026-08-01,0,2,no_position_no_time,0.081435554
1,932ed383373afa00,2026-08-01,0,4,no_position_no_time,0.08602759
1,934f6722d1c78f5b,2026-08-01,0,2,no_position_no_time,0.09780029
1,93622de921ef1b43,2026-08-01,1,3,no_position_no_time,0.07453231
1,9384e3699149e881,2026-08-01,0,5,no_position_no_time,0.09927186
1,9394784c2b218421,2026-08-01,0,2,no_position_no_time,0.08475284
1,93b0a2e600c4db2c,2026-08-01,0,4,no_position_no_time,0.08136744
1,93b3bc70e01dd5b8,2026-08-01,0,4,no_position_no_time,0.09696173
1,93bdc32d71dca07c,2026-08-01,0,3,no_position_no_time,0.086732596
1,940a2889a0a02a63,2026-08-01,0,2,no_position_no_time,0.099486254
1,94957f0b032c53fe,2026-08-01,0,1,no_position_no_time,0.13793397
1,94b4163982e2be2a,2026-08-01,0,5,no_position_no_time,0.08868815
1,94e39efc10bb5aa5,2026-08-01,0,3,no_position_no_time,0.07742767
1,94e5615f0f0396db,2026-08-01,0,1,no_position_no_time,0.10706424
1,94f812002cd097ec,2026-08-01,0,3,no_position_no_time,0.08414556
1,9503a69d9fe75fe0,2026-08-01,0,5,no_position_no_time,0.095181644
1,95138601a9a8ee46,2026-08-01,0,5,no_position_no_time,0.079930484
1,9518d41298d68dc3,2026-08-01,0,3,no_position_no_time,0.07327499
1,953bdb3bac870729,2026-08-01,0,5,no_position_no_time,0.14395614
1,9568244697f02741,2026-08-01,0,3,no_position_no_time,0.07189432
1,956bd2d88db46a7e,2026-08-01,0,5,no_position_no_time,0.13256125
1,957c1db9a68a53e3,2026-08-01,0,1,no_position_no_time,0.12404068
1,957e0238816f68cd,2026-08-01,0,4,no_position_no_time,0.08870722
1,958484c8eb4f1dea,2026-08-01,0,3,no_position_no_time,0.080702335
1,958be5a9a55a81e8,2026-08-01,0,2,no_position_no_time,0.15338042
1,95969db96f87c146,2026-08-01,0,4,no_position_no_time,0.0990425
1,95b16eb2326584be,2026-08-01,0,3,no_position_no_time,0.084471636
1,9610cfce35794d57,2026-08-01,0,1,no_position_no_time,0.121844046
1,966353dc07771d6c,2026-08-01,0,1,no_position_no_time,0.06651395
1,967e505ae903f4f0,2026-08-01,0,1,no_position_no_time,0.09103397
1,96b6712ea6066b91,2026-08-01,0,5,no_position_no_time,0.07415281
1,96c0c4253112d13d,2026-08-01,1,2,no_position_no_time,0.06689435
1,96eaf4086851f738,2026-08-01,1,4,no_position_no_time,0.08581696
1,96f45c518539a896,2026-08-01,0,2,no_position_no_time,0.08819266
1,96ff86e5ea439c45,2026-08-01,1,1,no_position_no_time,0.1163779
1,97145e87fdfd0d8b,2026-08-01,0,1,no_position_no_time,0.09127831
1,972b8e46abbf5f1e,2026-08-01,0,2,no_position_no_time,0.08548501
1,973cc7d50fefb647,2026-08-01,0,2,no_position_no_time,0.071992345
1,974df3542fd3c993,2026-08-01,0,2,no_position_no_time,0.08215445
1,9769e9d5f06480d8,2026-08-01,0,3,no_position_no_time,0.1222682
1,977c851ea729f8a2,2026-08-01,0,1,no_position_no_time,0.08272853
1,9787232af3421a1a,2026-08-01,1,3,no_position_no_time,0.09319787
1,97c0b584ef244c7e,2026-08-01,1,1,no_position_no_time,0.1058717
1,97f17088a8de08a0,2026-08-01,0,2,no_position_no_time,0.07826683
1,97f4be0f8c332f59,2026-08-01,0,3,no_position_no_time,0.09443971
1,981d111d919ab88e,2026-08-01,0,3,no_position_no_time,0.063911684
1,98630c5f450b885f,2026-08-01,0,4,no_position_no_time,0.091009706
1,986581e2bfdc9008,2026-08-01,0,3,no_position_no_time,0.086659595
1,988b6a92391ba460,2026-08-01,0,5,no_position_no_time,0.07748476
1,98cccf4a3d63771d,2026-08-01,0,1,no_position_no_time,0.06256491
1,99243ebbbb0529d0,2026-08-01,0,3,no_position_no_time,0.085264005
1,9958fd8fe5793f57,2026-08-01,0,5,no_position_no_time,0.08784499
1,9969a2078063e74a,2026-08-01,0,1,no_position_no_time,0.112176895
1,99acf707223e37a9,2026-08-01,0,4,no_position_no_time,0.09724571
1,99c9f3a1203b4503,2026-08-01,0,5,no_position_no_time,0.104324244
1,99df20a53a6e62ed,2026-08-01,0,4,no_position_no_time,0.105683744
1,9a10cf0a0c86d0d5,2026-08-01,0,3,no_position_no_time,0.07681055
1,9a139f459b490137,2026-08-01,0,1,no_position_no_time,0.08007665
1,9a603b2ecdff6bf1,2026-08-01,0,5,no_position_no_time,0.1140593
1,9a7d1c980913ec5a,2026-08-01,0,1,no_position_no_time,0.096067876
1,9a9ff338291df581,2026-08-01,1,1,no_position_no_time,0.115213305
1,9ade19838ecfddd0,2026-08-01,0,1,no_position_no_time,0.11810424
1,9ae331b95f5a663f,2026-08-01,0,4,no_position_no_time,0.086585864
1,9b139121482c970c,2026-08-01,0,3,no_position_no_time,0.08687828
1,9b191e1e95b174b8,2026-08-01,0,1,no_position_no_time,0.07203519
1,9b1c909ade26fecf,2026-08-01,0,2,no_position_no_time,0.083647944
1,9b41115f617f4be0,2026-08-01,0,3,no_position_no_time,0.082702644
1,9b6f7ceeebdc1e17,2026-08-01,0,3,no_position_no_time,0.064758025
1,9b7df2ac48d376bb,2026-08-01,0,4,no_position_no_time,0.08492249
1,9b96904d5db73ad4,2026-08-01,1,3,no_position_no_time,0.16174653
1,9ba545dae87c2943,2026-08-01,0,4,no_position_no_time,0.115775354
1,9bab51f4d235b26d,2026-08-01,0,5,no_position_no_time,0.1459094
1,9bc934bbfbd8d281,2026-08-01,0,5,no_position_no_time,0.078420624
1,9c0572b91251e184,2026-08-01,1,5,no_position_no_time,0.12500511
1,9c2d77aa9b5811db,2026-08-01,1,3,no_position_no_time,0.11352988
1,9c3947210632d90f,2026-08-01,0,4,no_position_no_time,0.06268717
1,9c65e452d5ab6c79,2026-08-01,0,3,no_position_no_time,0.06454527
1,9ca9153107803d8a,2026-08-01,0,4,no_position_no_time,0.08523995
1,9cadf644dd56c84d,2026-08-01,0,2,no_position_no_time,0.09839603
1,9caf475f9f1df940,2026-08-01,0,1,no_position_no_time,0.08947853
1,9cb3bd4b9babf3d2,2026-08-01,0,2,no_position_no_time,0.08670025
1,9cb722e8718df12a,2026-08-01,0,1,no_position_no_time,0.08337344
1,9cd056c7f1901d8f,2026-08-01,0,4,no_position_no_time,0.07984389
1,9cebb289eb819a3c,2026-08-01,0,2,no_position_no_time,0.09006507
1,9d3b4a304eea059a,2026-08-01,0,5,no_position_no_time,0.08382779
1,9d456444520ba71f,2026-08-01,0,5,no_position_no_time,0.06139917
1,9d45de24b2500209,2026-08-01,0,4,no_position_no_time,0.07965099
1,9d8e87723a8ca49a,2026-08-01,0,5,no_position_no_time,0.11695644
1,9d8f0398d33fbbc7,2026-08-01,0,3,no_position_no_time,0.075370386
1,9d95069be2adf8cc,2026-08-01,0,4,no_position_no_time,0.114876345
1,9dae921b0985e9fc,2026-08-01,0,1,no_position_no_time,0.0878589
1,9daf07d676438e43,2026-08-01,0,2,no_position_no_time,0.08442493
1,9dbb54c12337cc6f,2026-08-01,0,3,no_position_no_time,0.1166162
1,9dbc7178b94e66d6,2026-08-01,0,3,no_position_no_time,0.112759575
1,9dffae3b339d77e8,2026-08-01,0,4,no_position_no_time,0.07539583
1,9e2df972158867a0,2026-08-01,0,4,no_position_no_time,0.13576168
1,9e65c808b00ba5b8,2026-08-01,0,2,no_position_no_time,0.06945545
1,9e6eaf9a2e9c9b63,2026-08-01,0,3,no_position_no_time,0.08777397
1,9e9283d6441d93fe,2026-08-01,0,1,no_position_no_time,0.07077188
1,9ea5402dfb282f58,2026-08-01,0,4,no_position_no_time,0.10625658
1,9ea74fded6cce539,2026-08-01,0,3,no_position_no_time,0.076421216
1,9ead2d95622ef7af,2026-08-01,0,3,no_position_no_time,0.11221434
1,9ef57b2c8161b151,2026-08-01,1,4,no_position_no_time,0.07379753
1,9f146cc731ac73f0,2026-08-01,0,4,no_position_no_time,0.10947435
1,9f15f4a1e22d20c7,2026-08-01,0,3,no_position_no_time,0.06272424
1,9f43f51ce773aa01,2026-08-01,0,1,no_position_no_time,0.06819724
1,9f594b41ec39e16c,2026-08-01,0,1,no_position_no_time,0.19446181
1,9f9957108850f58b,2026-08-01,0,4,no_position_no_time,0.10938081
1,9fc795ef7f140cc0,2026-08-01,0,3,no_position_no_time,0.08898875
1,9fd35c7f7083885d,2026-08-01,0,3,no_position_no_time,0.084815
1,9fff2fa1de9bb302,2026-08-01,0,5,no_position_no_time,0.061935592
1,a0024a2887536a4b,2026-08-01,0,5,no_position_no_time,0.07639552
1,a02b6d83f492b6ea,2026-08-01,0,2,no_position_no_time,0.079818346
1,a02f259751ca4682,2026-08-01,0,4,no_position_no_time,0.13700555
1,a070733bc6d52881,2026-08-01,0,2,no_position_no_time,0.087645054
1,a08a076e6632201c,2026-08-01,0,5,no_position_no_time,0.10796653
1,a09d42728839cf93,2026-08-01,0,4,no_position_no_time,0.08349184
1,a0bf0bfafaca32e9,2026-08-01,0,1,no_position_no_time,0.10157561
1,a0d5b029c9ffa271,2026-08-01,0,4,no_position_no_time,0.074264705
1,a101f5e8b5abf1a1,2026-08-01,0,1,no_position_no_time,0.09376006
1,a10818090519bc7f,2026-08-01,0,1,no_position_no_time,0.10910818
1,a11898825d74e614,2026-08-01,0,5,no_position_no_time,0.072752535
1,a1261402afba0f75,2026-08-01,0,5,no_position_no_time,0.07625788
1,a154608da0a4cd38,2026-08-01,0,1,no_position_no_time,0.12804212
1,a17ee8fd95a03594,2026-08-01,0,2,no_position_no_time,0.07998588
1,a182fc27357e354b,2026-08-01,0,4,no_position_no_time,0.15134814
1,a1a2e0e4be866ae7,2026-08-01,0,1,no_position_no_time,0.054704152
1,a1a895f6d716502f,2026-08-01,0,2,no_position_no_time,0.09030595
1,a1ecb6af9b5832a0,2026-08-01,0,1,no_position_no_time,0.08236427
1,a2147d8410a8b33e,2026-08-01,0,2,no_position_no_time,0.08702989
1,a241a169a73d62d3,2026-08-01,0,5,no_position_no_time,0.0812879
1,a24684e3fa5faa23,2026-08-01,1,3,no_position_no_time,0.14120972
1,a257c545de817070,2026-08-01,0,5,no_position_no_time,0.068819106
1,a26bd11208448b82,2026-08-01,0,5,no_position_no_time,0.054016124
1,a287762106699b9c,2026-08-01,0,5,no_position_no_time,0.07573367
1,a28d97c5c6598220,2026-08-01,0,5,no_position_no_time,0.10501652
1,a2c288754d162bac,2026-08-01,0,1,no_position_no_time,0.0825959
1,a2cbb1b3a3b1440a,2026-08-01,0,1,no_position_no_time,0.0663412
1,a2d101b3830712a6,2026-08-01,0,2,no_position_no_time,0.07848958
1,a2d54de9d60d730a,2026-08-01,0,1,no_position_no_time,0.059080735
1,a3392892ed757acb,2026-08-01,0,1,no_position_no_time,0.07896323
1,a35eb9375f2f855e,2026-08-01,0,3,no_position_no_time,0.08045103
1,a35f96dfd8a74b94,2026-08-01,0,5,no_position_no_time,0.06914074
1,a369f3fa98f9a82c,2026-08-01,0,2,no_position_no_time,0.098144844
1,a37513f4e5943741,2026-08-01,0,1,no_position_no_time,0.082410336
1,a3b949fe547a8c2f,2026-08-01,0,1,no_position_no_time,0.074312806
1,a3dd767529053b0a,2026-08-01,0,1,no_position_no_time,0.07784067
1,a3fd80de9dc7cd70,2026-08-01,0,3,no_position_no_time,0.08489906
1,a425a83cad9232ef,2026-08-01,1,1,no_position_no_time,0.08486341
1,a4768ff583d26860,2026-08-01,0,5,no_position_no_time,0.07568158
1,a47d173b8743ed77,2026-08-01,0,2,no_position_no_time,0.08388942
1,a47fe30e20d0f0f6,2026-08-01,0,4,no_position_no_time,0.09795588
1,a4c62d1df2cc95cd,2026-08-01,0,4,no_position_no_time,0.10162642
1,a4e8073dc575beab,2026-08-01,0,5,no_position_no_time,0.08099357
1,a50f1f9008b16e8f,2026-08-01,0,2,no_position_no_time,0.1699061
1,a513fc7ecbf03c6e,2026-08-01,0,4,no_position_no_time,0.08364338
1,a58458170db993b8,2026-08-01,0,4,no_position_no_time,0.090889804
1,a5a1b78f054e2a12,2026-08-01,0,5,no_position_no_time,0.12249933
1,a5e0a2a49b975a2d,2026-08-01,0,3,no_position_no_time,0.11260223
1,a5fd38156c71ca40,2026-08-01,0,5,no_position_no_time,0.0695383
1,a6143759863c45d3,2026-08-01,1,2,no_position_no_time,0.09544475
1,a6361f7eb3fc5845,2026-08-01,1,2,no_position_no_time,0.08763322
1,a67d5e6f6a14a7a6,2026-08-01,0,4,no_position_no_time,0.10778923
1,a67f440c1983100e,2026-08-01,0,3,no_position_no_time,0.06412274
1,a6a40564c0635c7d,2026-08-01,0,5,no_position_no_time,0.09048263
1,a6d27af7b4a592f4,2026-08-01,0,4,no_position_no_time,0.15209213
1,a6e88b2afed41bdf,2026-08-01,1,1,no_position_no_time,0.12153805
1,a6f5c1f464ffe911,2026-08-01,0,5,no_position_no_time,0.0820351
1,a7052db0850cd0bf,2026-08-01,0,2,no_position_no_time,0.09553569
1,a7176a1c3f7d3963,2026-08-01,0,1,no_position_no_time,0.10943311
1,a7371a03de19bec7,2026-08-01,0,2,no_position_no_time,0.07849303
1,a774007644646681,2026-08-01,0,2,no_position_no_time,0.08483079
1,a79e0bdc7971bf15,2026-08-01,0,3,no_position_no_time,0.063007884
1,a79ec11c3b3f0989,2026-08-01,0,2,no_position_no_time,0.07783553
1,a7b2554b8b85d0a7,2026-08-01,1,4,no_position_no_time,0.10532565
1,a8049313b3b93147,2026-08-01,0,3,no_position_no_time,0.07779461
1,a8053ca460df0624,2026-08-01,0,1,no_position_no_time,0.091729365
1,a80bbabbabffbc40,2026-08-01,0,5,no_position_no_time,0.060869403
1,a81109464fd9317f,2026-08-01,0,1,no_position_no_time,0.08650063
1,a81ae34c82079b98,2026-08-01,0,5,no_position_no_time,0.06659983
1,a822777e0a864815,2026-08-01,0,2,no_position_no_time,0.079630546
1,a828c2675a956894,2026-08-01,0,1,no_position_no_time,0.08130968
1,a8ac7f37237cb16f,2026-08-01,0,3,no_position_no_time,0.10170782
1,a8ed105d40399c5c,2026-08-01,0,2,no_position_no_time,0.10481556
1,a93d2a2d29b346a8,2026-08-01,1,2,no_position_no_time,0.08300144
1,a93f17585e7c0e69,2026-08-01,0,1,no_position_no_time,0.085069574
1,a946d7ca32a6af87,2026-08-01,0,4,no_position_no_time,0.13501899
1,a9725c2b30862877,2026-08-01,0,5,no_position_no_time,0.092562534
1,a9976d7ceca19229,2026-08-01,0,1,no_position_no_time,0.06721863
1,a9b4afb93afb0362,2026-08-01,0,4,no_position_no_time,0.056129843
1,a9b6773252f2ab50,2026-08-01,0,1,no_position_no_time,0.072709076
1,a9d2be0f9ad52f09,2026-08-01,0,3,no_position_no_time,0.07202784
1,a9d35d0e15f124dd,2026-08-01,0,3,no_position_no_time,0.1202959
1,aa0bac7b213f038a,2026-08-01,0,2,no_position_no_time,0.10050168
1,aa0c19a7242304b9,2026-08-01,0,4,no_position_no_time,0.06753489
1,aa10c445c96aff47,2026-08-01,0,4,no_position_no_time,0.06548545
1,aa24c36aa9a2e0a3,2026-08-01,0,3,no_position_no_time,0.08692139
1,aa380779241472bd,2026-08-01,1,5,no_position_no_time,0.14305183
1,aa5162811eb135c3,2026-08-01,0,3,no_position_no_time,0.074417055
1,aa55e9c3c7efec97,2026-08-01,0,2,no_position_no_time,0.09393158
1,aa576a2527acd3d2,2026-08-01,0,2,no_position_no_time,0.07784119
1,aa9687ce4d75d8dc,2026-08-01,0,4,no_position_no_time,0.099032536
1,aafae660f1c64458,2026-08-01,0,1,no_position_no_time,0.10618289
1,ab294fe0ae58f5bc,2026-08-01,0,2,no_position_no_time,0.08930994
1,ab3b77ea89230224,2026-08-01,0,5,no_position_no_time,0.06922682
1,ab4e68451fa0ca55,2026-08-01,0,2,no_position_no_time,0.09276844
1,ab5cd72d3ade49bd,2026-08-01,0,4,no_position_no_time,0.080809355
1,ab65289eaee54bcd,2026-08-01,0,4,no_position_no_time,0.08396624
1,ab91a3fb6d0c6ea2,2026-08-01,0,3,no_position_no_time,0.08000934
1,ab9b0b8cbfb9eb37,2026-08-01,1,3,no_position_no_time,0.060328774
1,aba387f93b5e04e9,2026-08-01,0,1,no_position_no_time,0.10992509
1,abaf452d3424e45a,2026-08-01,0,2,no_position_no_time,0.08653372
1,abb59dc95d3d198c,2026-08-01,0,5,no_position_no_time,0.08733592
1,abc771ac35723d44,2026-08-01,0,2,no_position_no_time,0.08819861
1,abcc1b1c41fa8578,2026-08-01,0,2,no_position_no_time,0.0896681
1,abdd84c1c25849da,2026-08-01,0,5,no_position_no_time,0.08355362
1,abe25b4f6562c8c1,2026-08-01,0,4,no_position_no_time,0.078186214
1,ac25374abc578832,2026-08-01,0,4,no_position_no_time,0.092859186
1,ac438e9fcd5324a4,2026-08-01,0,5,no_position_no_time,0.07670321
1,ac4caa74a58b7f3a,2026-08-01,0,2,no_position_no_time,0.100508556
1,ac8fae57837a95a4,2026-08-01,0,5,no_position_no_time,0.08502997
1,acaef2b1fbd79ab5,2026-08-01,0,4,no_position_no_time,0.080495715
1,acb8ece2f82dc7f2,2026-08-01,0,4,no_position_no_time,0.06786883
1,acf3ea3be40a8e82,2026-08-01,0,4,no_position_no_time,0.13063261
1,ad02de1d73641913,2026-08-01,0,2,no_position_no_time,0.0833699
1,ad0f5bebdd9429a3,2026-08-01,0,4,no_position_no_time,0.064647205
1,ad647aa9c116be22,2026-08-01,0,1,no_position_no_time,0.08862514
1,ad79b8a9d6874712,2026-08-01,0,1,no_position_no_time,0.06833315
1,adbf206f412e6c8a,2026-08-01,1,3,no_position_no_time,0.10885114
1,addd636ac96c894d,2026-08-01,0,3,no_position_no_time,0.08193921
1,ae06c9526be54f63,2026-08-01,0,4,no_position_no_time,0.066323325
1,ae0d3312e1df8c4a,2026-08-01,0,2,no_position_no_time,0.09475422
1,ae2a7a7f10b9028d,2026-08-01,0,5,no_position_no_time,0.13369806
1,ae6a818bf9124092,2026-08-01,0,4,no_position_no_time,0.13765517
1,aeac41a0f00e7688,2026-08-01,0,1,no_position_no_time,0.10491275
1,aebd3af93602c14c,2026-08-01,0,1,no_position_no_time,0.10999524
1,aef4dfcd0487cb06,2026-08-01,0,4,no_position_no_time,0.06888959
1,af0348c0823f63f5,2026-08-01,0,1,no_position_no_time,0.09675729
1,af0738338739e9f3,2026-08-01,0,1,no_position_no_time,0.07915345
1,af09b4272be4adb8,2026-08-01,0,3,no_position_no_time,0.08794742
1,af0cc0b1cd038932,2026-08-01,0,4,no_position_no_time,0.082329005
1,af221dac20b5cf79,2026-08-01,1,5,no_position_no_time,0.09770378
1,af3754f041b66880,2026-08-01,0,3,no_position_no_time,0.077459656
1,af3f3cd2da013481,2026-08-01,0,4,no_position_no_time,0.15138024
1,af5e6dd289b766d7,2026-08-01,0,1,no_position_no_time,0.07244393
1,af6d2f380094b396,2026-08-01,0,3,no_position_no_time,0.06443941
1,af70026f0d8683fd,2026-08-01,0,5,no_position_no_time,0.08563844
1,af94d72029e82cae,2026-08-01,1,5,no_position_no_time,0.065952584
1,af98225f3f658582,2026-08-01,0,2,no_position_no_time,0.086498424
1,afa37aa0d230a9ae,2026-08-01,0,5,no_position_no_time,0.08088776
1,afdb6fdee2622cf4,2026-08-01,0,4,no_position_no_time,0.105009824
1,b0290c34c8186b59,2026-08-01,0,2,no_position_no_time,0.102972776
1,b0509b1fd06f3774,2026-08-01,0,4,no_position_no_time,0.10271355
1,b069b8a00518cc45,2026-08-01,0,1,no_position_no_time,0.09034798
1,b06d4751fac4bdb0,2026-08-01,0,2,no_position_no_time,0.08688977
1,b083315d3b6e047d,2026-08-01,0,3,no_position_no_time,0.07540266
1,b09a02548accbcf5,2026-08-01,0,3,no_position_no_time,0.07798185
1,b0aea9d2ecaf3004,2026-08-01,0,3,no_position_no_time,0.071068704
1,b0e3de7c0cb7d021,2026-08-01,1,1,no_position_no_time,0.09835198
1,b13f3e069e6daaac,2026-08-01,0,3,no_position_no_time,0.073083244
1,b15eb8b84b46ea69,2026-08-01,0,5,no_position_no_time,0.09704687
1,b16280f6c3715aae,2026-08-01,0,3,no_position_no_time,0.09430695
1,b182439c6e71b513,2026-08-01,0,3,no_position_no_time,0.09115986
1,b1bf8bdfee10ab62,2026-08-01,0,3,no_position_no_time,0.12237614
1,b1eb521b321b1228,2026-08-01,0,1,no_position_no_time,0.14523226
1,b22139dde91d1d80,2026-08-01,0,2,no_position_no_time,0.096345715
1,b243a840f10df627,2026-08-01,0,4,no_position_no_time,0.08214636
1,b27a0e6ef8ce17f5,2026-08-01,0,2,no_position_no_time,0.070573464
1,b28d5595cb5255b5,2026-08-01,0,1,no_position_no_time,0.089073084
1,b29ad7fd83f1bfca,2026-08-01,0,1,no_position_no_time,0.12874958
1,b2a74ca07b7c2dbd,2026-08-01,0,3,no_position_no_time,0.07744715
1,b2aaecfe1170d307,2026-08-01,0,1,no_position_no_time,0.104372665
1,b2ae1c7d121f3836,2026-08-01,0,4,no_position_no_time,0.073033616
1,b2e491562a2cf34b,2026-08-01,0,4,no_position_no_time,0.1150012
1,b2ee030bcbd33a89,2026-08-01,0,5,no_position_no_time,0.092958875
1,b2f7c6803e399c62,2026-08-01,0,3,no_position_no_time,0.1161455
1,b331f3da6ad40793,2026-08-01,0,2,no_position_no_time,0.090991326
1,b3638b644e58807f,2026-08-01,0,2,no_position_no_time,0.07224397
1,b38a061a4d459fc8,2026-08-01,0,1,no_position_no_time,0.09058579
1,b3a2018fa3742a56,2026-08-01,0,1,no_position_no_time,0.12541118
1,b40d5ef015a05ffa,2026-08-01,0,5,no_position_no_time,0.12262749
1,b416a003f131b160,2026-08-01,0,5,no_position_no_time,0.079602554
1,b42239935bf2b175,2026-08-01,0,3,no_position_no_time,0.07898612
1,b46a5d12e771e496,2026-08-01,0,2,no_position_no_time,0.07066662
1,b4aa423ce46f537f,2026-08-01,0,5,no_position_no_time,0.06537844
1,b4c494fa8cc1ec21,2026-08-01,1,2,no_position_no_time,0.08602398
1,b4c4ce65c8375639,2026-08-01,0,5,no_position_no_time,0.07357764
1,b4c6137f204dced5,2026-08-01,0,1,no_position_no_time,0.08212165
1,b4fe89b27de42f4c,2026-08-01,0,3,no_position_no_time,0.07894751
1,b502bc605e24cbe6,2026-08-01,0,3,no_position_no_time,0.103280924
1,b512c6b18b63a379,2026-08-01,0,1,no_position_no_time,0.08106531
1,b522e9c818d5a4a8,2026-08-01,0,4,no_position_no_time,0.13070317
1,b559f82fff501dad,2026-08-01,0,1,no_position_no_time,0.07949688
1,b58006cdced2e65b,2026-08-01,0,1,no_position_no_time,0.092806146
1,b586c17121712fbe,2026-08-01,0,4,no_position_no_time,0.09236425
1,b592d82de4fff6e8,2026-08-01,0,2,no_position_no_time,0.078530945
1,b59c03ae91784e40,2026-08-01,0,4,no_position_no_time,0.072558
1,b5db34eb43bc6a0a,2026-08-01,0,3,no_position_no_time,0.08238577
1,b5e1ebc1a8493a30,2026-08-01,0,3,no_position_no_time,0.09568971
1,b6012d5f0cd2cd07,2026-08-01,0,1,no_position_no_time,0.07536676
1,b632f0c5687e3fa4,2026-08-01,0,4,no_position_no_time,0.10878023
1,b64ee3906a40ed38,2026-08-01,0,2,no_position_no_time,0.14186308
1,b6caec537c045357,2026-08-01,0,5,no_position_no_time,0.078549445
1,b6cba43185b290d7,2026-08-01,0,5,no_position_no_time,0.0977262
1,b6de6beca89ad4bf,2026-08-01,0,4,no_position_no_time,0.08304116
1,b704ad852c1ef560,2026-08-01,0,2,no_position_no_time,0.08080629
1,b71857c7460511fc,2026-08-01,0,3,no_position_no_time,0.07054978
1,b729e6131370eda2,2026-08-01,0,3,no_position_no_time,0.07208579
1,b74c70067f035992,2026-08-01,0,1,no_position_no_time,0.080057085
1,b764a026727da601,2026-08-01,0,3,no_position_no_time,0.071626306
1,b7821f97e92a9314,2026-08-01,0,1,no_position_no_time,0.05489334
1,b78d61020ca73d67,2026-08-01,1,4,no_position_no_time,0.075291075
1,b798ecf6f6a46858,2026-08-01,0,5,no_position_no_time,0.106497325
1,b7b14e6bb93679de,2026-08-01,0,2,no_position_no_time,0.07857267
1,b7d237409b6232e4,2026-08-01,0,2,no_position_no_time,0.08230205
1,b7d24c0fd40b1aad,2026-08-01,0,5,no_position_no_time,0.100271955
1,b7f4c1e5e769b557,2026-08-01,0,5,no_position_no_time,0.053672753
1,b8217f34852f5ef1,2026-08-01,0,3,no_position_no_time,0.09993279
1,b83c39fdc8880c79,2026-08-01,0,3,no_position_no_time,0.07889406
1,b83c427d8972cc24,2026-08-01,0,3,no_position_no_time,0.10999175
1,b85088286e39cf28,2026-08-01,0,2,no_position_no_time,0.07764762
1,b85ea9577057b66e,2026-08-01,0,4,no_position_no_time,0.09111355
1,b882fa3eb31622e8,2026-08-01,0,1,no_position_no_time,0.099332765
1,b8839d87e53b3b31,2026-08-01,0,4,no_position_no_time,0.07683759
1,b887113208491020,2026-08-01,0,5,no_position_no_time,0.116430074
1,b8acc33fa7fe55f7,2026-08-01,0,1,no_position_no_time,0.07902991
1,b8b5dc4a79d12956,2026-08-01,0,3,no_position_no_time,0.10414918
1,b8f14d108ed0b4a5,2026-08-01,0,3,no_position_no_time,0.10814039
1,b8fc81201a24aac3,2026-08-01,0,1,no_position_no_time,0.13418512
1,b9011acecbf0ba1d,2026-08-01,0,5,no_position_no_time,0.08204145
1,b93dfd6cb3dce9b7,2026-08-01,0,2,no_position_no_time,0.092073016
1,b942d676f19c68dc,2026-08-01,0,1,no_position_no_time,0.09546178
1,b9495f3bcaa70c85,2026-08-01,0,5,no_position_no_time,0.20426393
1,b95552bdbd56b264,2026-08-01,0,5,no_position_no_time,0.11436624
1,b96c210377bd0153,2026-08-01,0,1,no_position_no_time,0.08628084
1,b987a1b1cf78d982,2026-08-01,0,5,no_position_no_time,0.07504565
1,b9913bd267448577,2026-08-01,0,2,no_position_no_time,0.08343674
1,b99911c339c2cfd1,2026-08-01,0,5,no_position_no_time,0.15596502
1,b9ae8badd0de5ac8,2026-08-01,0,5,no_position_no_time,0.07020344
1,b9c4db5469c6938b,2026-08-01,0,3,no_position_no_time,0.10609073
1,b9c9f365f35f12f2,2026-08-01,0,3,no_position_no_time,0.09874532
1,b9d04710867a0a26,2026-08-01,0,3,no_position_no_time,0.10385449
1,ba2aafa60fe269de,2026-08-01,0,5,no_position_no_time,0.06261628
1,ba854a49ba5f1049,2026-08-01,0,3,no_position_no_time,0.07665158
1,baa903bd2b23180f,2026-08-01,0,5,no_position_no_time,0.066569
1,bac4ce5d4e5d1254,2026-08-01,0,1,no_position_no_time,0.0935607
1,bb3b3e4da86d9ce9,2026-08-01,1,4,no_position_no_time,0.1307716
1,bb51932263091cf1,2026-08-01,0,5,no_position_no_time,0.07448346
1,bb582ef0734a240e,2026-08-01,0,5,no_position_no_time,0.11116841
1,bb64b361e25d2efc,2026-08-01,0,2,no_position_no_time,0.13287562
1,bba29cbd14a232ba,2026-08-01,0,1,no_position_no_time,0.0932383
1,bbbe211d55c382cf,2026-08-01,0,5,no_position_no_time,0.1140254
1,bbc15df409934f9c,2026-08-01,0,1,no_position_no_time,0.07341597
1,bc05071c7d551c88,2026-08-01,0,2,no_position_no_time,0.079148635
1,bc10e7c31515303a,2026-08-01,0,5,no_position_no_time,0.09914685
1,bc11c9c8a360e3e5,2026-08-01,0,1,no_position_no_time,0.062580146
1,bc123b47a9812521,2026-08-01,0,2,no_position_no_time,0.12161897
1,bc2b78c83c980683,2026-08-01,0,2,no_position_no_time,0.07653072
1,bc63ae2620d14097,2026-08-01,0,3,no_position_no_time,0.06331619
1,bc7a5e07003fd6c6,2026-08-01,0,1,no_position_no_time,0.12194796
1,bca162e1ab03cab1,2026-08-01,0,4,no_position_no_time,0.08591307
1,bcbce90fd0c5d320,2026-08-01,0,1,no_position_no_time,0.06577771
1,bcd3179b3b2119b0,2026-08-01,0,2,no_position_no_time,0.08973747
1,bce1c2de2a20e577,2026-08-01,0,2,no_position_no_time,0.08123048
1,bce9075a2fad1eb8,2026-08-01,0,3,no_position_no_time,0.15395263
1,bd196317153291a1,2026-08-01,0,5,no_position_no_time,0.078814134
1,bd23a20d18231a2e,2026-08-01,0,5,no_position_no_time,0.12354049
1,bd3457b2b94a8001,2026-08-01,0,3,no_position_no_time,0.07583634
1,bd5de28b7c9cd420,2026-08-01,0,2,no_position_no_time,0.09471632
1,bd5df7b0046cc5ec,2026-08-01,1,3,no_position_no_time,0.09941854
1,bd6c98e2003aa1d5,2026-08-01,0,5,no_position_no_time,0.09298003
1,bd8a65cf39a1df31,2026-08-01,0,2,no_position_no_time,0.21404643
1,bdb9b20a25c45de9,2026-08-01,0,4,no_position_no_time,0.18024634
1,bdfbf63836c78a7d,2026-08-01,0,3,no_position_no_time,0.07487308
1,bdfd60e7e5e1d078,2026-08-01,0,4,no_position_no_time,0.074899256
1,be0a3c48b3d08449,2026-08-01,1,1,no_position_no_time,0.15820405
1,be21179674ba408c,2026-08-01,0,1,no_position_no_time,0.07656808
1,be5ea4266b812d7b,2026-08-01,0,5,no_position_no_time,0.07205909
1,be6fdd727e8f8bf5,2026-08-01,0,4,no_position_no_time,0.10394039
1,bf0901594f774e47,2026-08-01,0,4,no_position_no_time,0.12050002
1,bf3fd9abf87f94af,2026-08-01,0,3,no_position_no_time,0.0673803
1,bf5fd2f9379a7922,2026-08-01,0,2,no_position_no_time,0.07930179
1,bf6f843f4e16fbbd,2026-08-01,0,1,no_position_no_time,0.06853131
1,bf98440ac630651d,2026-08-01,1,1,no_position_no_time,0.08158033
1,bfbc2172b7fa34a6,2026-08-01,0,5,no_position_no_time,0.14031042
1,bfdada2f9f6aeb00,2026-08-01,1,1,no_position_no_time,0.14968622
1,bfdcdc2960ad08e4,2026-08-01,0,1,no_position_no_time,0.08930995
1,c00a44d7b8453316,2026-08-01,0,4,no_position_no_time,0.08983083
1,c01d85beeb988b2b,2026-08-01,0,3,no_position_no_time,0.10147528
1,c01e9bdf9cc45d47,2026-08-01,0,3,no_position_no_time,0.06703813
1,c0572d9e1d565d33,2026-08-01,0,2,no_position_no_time,0.085082226
1,c072188ff3fa6f64,2026-08-01,0,5,no_position_no_time,0.063781776
1,c080ef772c4f7911,2026-08-01,0,3,no_position_no_time,0.079096094
1,c09060ea114eb669,2026-08-01,0,1,no_position_no_time,0.10923214
1,c0ac49f2d7e1b18c,2026-08-01,0,4,no_position_no_time,0.1470372
1,c169bbc80bb9e4d0,2026-08-01,0,1,no_position_no_time,0.075789645
1,c1a3c75263da6e65,2026-08-01,0,4,no_position_no_time,0.11136485
1,c1c9bd4ccfe723db,2026-08-01,0,1,no_position_no_time,0.073147744
1,c1fac1d88abf4a42,2026-08-01,0,1,no_position_no_time,0.06722251
1,c1fd059437476af7,2026-08-01,0,2,no_position_no_time,0.10307229
1,c20fd1a8bc606152,2026-08-01,0,5,no_position_no_time,0.13864976
1,c2309ead44f6eaab,2026-08-01,0,3,no_position_no_time,0.07479811
1,c23f74ac886c4e52,2026-08-01,0,1,no_position_no_time,0.07019322
1,c271667e02e6ea4c,2026-08-01,0,1,no_position_no_time,0.102557756
1,c2726ae2a49c93b0,2026-08-01,0,3,no_position_no_time,0.095883176
1,c2a232420347b3a4,2026-08-01,0,1,no_position_no_time,0.08461947
1,c2ef48d9542b8ed8,2026-08-01,0,3,no_position_no_time,0.097274326
1,c2f6a17d8d165dff,2026-08-01,0,4,no_position_no_time,0.11201007
1,c33948fedf2617ac,2026-08-01,0,1,no_position_no_time,0.09095856
1,c38756583e63376e,2026-08-01,0,5,no_position_no_time,0.101752736
1,c3891762a049ef7f,2026-08-01,0,3,no_position_no_time,0.08799965
1,c3a50ed5d7a7edd2,2026-08-01,0,5,no_position_no_time,0.07171834
1,c3cb16f5360d26dc,2026-08-01,0,2,no_position_no_time,0.10209848
1,c3f03d4b2ef18726,2026-08-01,0,2,no_position_no_time,0.08211168
1,c422171f2df1c0ff,2026-08-01,0,4,no_position_no_time,0.15781157
1,c463acae7306e394,2026-08-01,0,4,no_position_no_time,0.09465153
1,c4661df5736980fe,2026-08-01,0,3,no_position_no_time,0.0753857
1,c46ec04410ca9de0,2026-08-01,0,4,no_position_no_time,0.069569685
1,c48ced7f90c17af1,2026-08-01,0,4,no_position_no_time,0.082164414
1,c49b514b151b8347,2026-08-01,0,2,no_position_no_time,0.082943015
1,c4a31482c9986ae9,2026-08-01,0,1,no_position_no_time,0.08982762
1,c4c0fbdcfeb5338e,2026-08-01,0,4,no_position_no_time,0.12493495
1,c51e07de6fc6688b,2026-08-01,0,1,no_position_no_time,0.10002948
1,c5238e5e241446ec,2026-08-01,0,1,no_position_no_time,0.09193414
1,c538cd389c5e2a29,2026-08-01,1,5,no_position_no_time,0.11699278
1,c55d2f9962f1a374,2026-08-01,1,1,no_position_no_time,0.101841494
1,c58a2c4e53a129e0,2026-08-01,0,4,no_position_no_time,0.096619986
1,c5a6ebf4cca1a8ad,2026-08-01,0,3,no_position_no_time,0.08386061
1,c5db51502cbba520,2026-08-01,0,5,no_position_no_time,0.1073488
1,c5e50afb9a058960,2026-08-01,0,2,no_position_no_time,0.07028102
1,c608006b6a20f757,2026-08-01,0,1,no_position_no_time,0.08046723
1,c66101bb73460d6a,2026-08-01,0,2,no_position_no_time,0.09484703
1,c68ac5112f37d3af,2026-08-01,0,3,no_position_no_time,0.09175593
1,c6989023dc26b991,2026-08-01,0,3,no_position_no_time,0.07994071
1,c6c399a03d66147d,2026-08-01,0,4,no_position_no_time,0.09080503
1,c6d5f0bab0a66049,2026-08-01,0,3,no_position_no_time,0.08484271
1,c6da4d39fb4c2866,2026-08-01,0,4,no_position_no_time,0.10378781
1,c717626607e3881d,2026-08-01,0,2,no_position_no_time,0.082923934
1,c73927d61fe3201e,2026-08-01,0,1,no_position_no_time,0.09558545
1,c7413a6b24a3fcd6,2026-08-01,0,4,no_position_no_time,0.105801724
1,c759fcc0c42cf19d,2026-08-01,0,3,no_position_no_time,0.105349794
1,c7cb32332b1cc3d7,2026-08-01,0,2,no_position_no_time,0.083499335
1,c7d4106818ba3fdd,2026-08-01,0,2,no_position_no_time,0.09079964
1,c7f11972b31a7db4,2026-08-01,0,5,no_position_no_time,0.09684436
1,c7f413a1c0a176d3,2026-08-01,0,4,no_position_no_time,0.13652788
1,c7f4c0ee3f24ac45,2026-08-01,0,4,no_position_no_time,0.13230987
1,c830365a4bf41e71,2026-08-01,0,4,no_position_no_time,0.0769244
1,c8390ee84ab4a18c,2026-08-01,0,3,no_position_no_time,0.0990186
1,c86606c4192c59c8,2026-08-01,0,5,no_position_no_time,0.06806708
1,c890fe83da509848,2026-08-01,0,4,no_position_no_time,0.07839037
1,c8ab49843cc80c89,2026-08-01,0,5,no_position_no_time,0.07627608
1,c8bfb56cb52f09c9,2026-08-01,0,2,no_position_no_time,0.07972331
1,c8ce13bccb46763b,2026-08-01,0,1,no_position_no_time,0.07815948
1,c8d54305e368f615,2026-08-01,0,5,no_position_no_time,0.06230945
1,c8ec02d408815928,2026-08-01,0,4,no_position_no_time,0.09477553
1,c9057cfc8da02665,2026-08-01,0,2,no_position_no_time,0.08090354
1,c90fde2b9e8c8d9c,2026-08-01,0,4,no_position_no_time,0.10729526
1,c919215c6894e379,2026-08-01,0,4,no_position_no_time,0.106715634
1,c92298705906cfc8,2026-08-01,0,5,no_position_no_time,0.07972733
1,c96508e16f8ae2d2,2026-08-01,0,5,no_position_no_time,0.09300588
1,c972123b0d5b6deb,2026-08-01,0,4,no_position_no_time,0.121093124
1,c986fd3ba8674b61,2026-08-01,0,4,no_position_no_time,0.089164466
1,c9c96d1585c746eb,2026-08-01,0,2,no_position_no_time,0.091351695
1,c9d7d15accf1945f,2026-08-01,0,4,no_position_no_time,0.10151856
1,c9e86c112cd2602f,2026-08-01,0,3,no_position_no_time,0.14394392
1,ca114f61884f99b0,2026-08-01,0,2,no_position_no_time,0.07676296
1,ca776813eff0ab6b,2026-08-01,0,3,no_position_no_time,0.09180303
1,ca7e153a8d056ad7,2026-08-01,0,1,no_position_no_time,0.054199975
1,ca92287c9fbcbbca,2026-08-01,0,3,no_position_no_time,0.05164611
1,cab55d37f6fffe94,2026-08-01,0,3,no_position_no_time,0.06718016
1,cadc4e8606e270f9,2026-08-01,0,3,no_position_no_time,0.10054878
1,caf41dbd03ce1b1e,2026-08-01,1,4,no_position_no_time,0.111952096
1,cb2be170ad1f4685,2026-08-01,0,1,no_position_no_time,0.13076021
1,cb362373b2765e5a,2026-08-01,0,1,no_position_no_time,0.06842738
1,cb52703a5fab01d9,2026-08-01,0,2,no_position_no_time,0.06295209
1,cb7e96408c8a5547,2026-08-01,0,3,no_position_no_time,0.10892845
1,cc05e3096f38d1f3,2026-08-01,1,2,no_position_no_time,0.07918086
1,cc08fce7aa815bde,2026-08-01,0,3,no_position_no_time,0.07817578
1,cc1abff0600ffe74,2026-08-01,0,2,no_position_no_time,0.100005
1,cc30e07f398c4d33,2026-08-01,0,4,no_position_no_time,0.12862636
1,cc39e7496f2385ed,2026-08-01,0,3,no_position_no_time,0.14165589
1,cc422a704b429a4d,2026-08-01,0,1,no_position_no_time,0.0826533
1,cc531959d3a560bf,2026-08-01,0,2,no_position_no_time,0.06594082
1,cc5bfe5771ab0438,2026-08-01,0,5,no_position_no_time,0.09686723
1,cc87f49f7bea0cf8,2026-08-01,0,4,no_position_no_time,0.121954694
1,cc99731019ad6222,2026-08-01,0,4,no_position_no_time,0.06442313
1,ccbafe423c890425,2026-08-01,0,1,no_position_no_time,0.1686252
1,ccf122b90c946601,2026-08-01,0,1,no_position_no_time,0.15694506
1,ccf81b792d03aa74,2026-08-01,1,1,no_position_no_time,0.094389826
1,cd28802367bdd102,2026-08-01,1,4,no_position_no_time,0.09849453
1,cd293585fffb3fa2,2026-08-01,0,1,no_position_no_time,0.10352918
1,cdc2a9178da794d4,2026-08-01,0,1,no_position_no_time,0.10591211
1,cdcfb07b29668399,2026-08-01,0,3,no_position_no_time,0.077347286
1,ce0aae917c0034d4,2026-08-01,0,1,no_position_no_time,0.052494086
1,ce45fdb857219890,2026-08-01,0,1,no_position_no_time,0.09196825
1,cea43fde2414f2c9,2026-08-01,0,4,no_position_no_time,0.07572321
1,cec456192ea7e68f,2026-08-01,0,2,no_position_no_time,0.09895099
1,cee09772487d661e,2026-08-01,0,1,no_position_no_time,0.10347679
1,cefe75b9b49cd6e4,2026-08-01,0,1,no_position_no_time,0.072115906
1,cf0af82c44db3deb,2026-08-01,0,5,no_position_no_time,0.09857736
1,cf2c9d14a4610a7b,2026-08-01,1,1,no_position_no_time,0.06749904
1,cf33f49ee26b9e7e,2026-08-01,0,5,no_position_no_time,0.063627206
1,cf4189d3c7ca9795,2026-08-01,0,2,no_position_no_time,0.08532603
1,cf4a7e54ac42e9a4,2026-08-01,1,2,no_position_no_time,0.0936001
1,cf4cf4cb085f600a,2026-08-01,0,2,no_position_no_time,0.0954637
1,cf5aaa4a6f840b34,2026-08-01,0,4,no_position_no_time,0.098633856
1,cf5b9584e02af53c,2026-08-01,0,4,no_position_no_time,0.09221638
1,cf62602e3138fa37,2026-08-01,0,3,no_position_no_time,0.092113286
1,cf702f2474561631,2026-08-01,1,1,no_position_no_time,0.08048273
1,cfd04e3c9745caaf,2026-08-01,1,3,no_position_no_time,0.0956361
1,d011375f62b08a33,2026-08-01,0,5,no_position_no_time,0.14034425
1,d0198067144fc0aa,2026-08-01,1,2,no_position_no_time,0.0968686
1,d01b1ad51cb2b94d,2026-08-01,0,5,no_position_no_time,0.08244051
1,d02d00079c6cbe6c,2026-08-01,0,2,no_position_no_time,0.1038868
1,d0317d612e0b6bb7,2026-08-01,0,3,no_position_no_time,0.09589248
1,d04774919910fb71,2026-08-01,0,2,no_position_no_time,0.08753156
1,d0d2df123e6865e5,2026-08-01,0,1,no_position_no_time,0.08745274
1,d115627da6ee7d4c,2026-08-01,0,2,no_position_no_time,0.08714063
1,d1878c8f2893f5e9,2026-08-01,0,5,no_position_no_time,0.07824409
1,d199cacbc3d48721,2026-08-01,0,5,no_position_no_time,0.0871036
1,d19ff384f4271f9a,2026-08-01,0,3,no_position_no_time,0.088670805
1,d2039b573e2740a3,2026-08-01,0,2,no_position_no_time,0.11377963
1,d206fc780f6b5d98,2026-08-01,0,4,no_position_no_time,0.088175334
1,d20c55db7af1f7ea,2026-08-01,0,2,no_position_no_time,0.08763201
1,d25f9d02ce068f49,2026-08-01,0,2,no_position_no_time,0.07882914
1,d261ff77483e5447,2026-08-01,1,4,no_position_no_time,0.055480346
1,d273628fda749e4b,2026-08-01,0,4,no_position_no_time,0.07739562
1,d27941e3acc051a4,2026-08-01,0,3,no_position_no_time,0.070976324
1,d284fec797ae50fa,2026-08-01,1,5,no_position_no_time,0.07782902
1,d2d1287aa722b0aa,2026-08-01,0,5,no_position_no_time,0.08073124
1,d2dd18c3bc9879e7,2026-08-01,0,2,no_position_no_time,0.09828855
1,d2ecff99f55e7de9,2026-08-01,0,2,no_position_no_time,0.075365074
1,d3337acdd364ff30,2026-08-01,0,5,no_position_no_time,0.06307697
1,d3402ae7be353b92,2026-08-01,0,2,no_position_no_time,0.13360777
1,d34b8d8c01c882cd,2026-08-01,0,5,no_position_no_time,0.10236989
1,d362e0b8a73ed907,2026-08-01,0,4,no_position_no_time,0.08101404
1,d396f482d642f6eb,2026-08-01,0,5,no_position_no_time,0.1064949
1,d3d39fa068935066,2026-08-01,0,2,no_position_no_time,0.08381249
1,d3f87180b28cf534,2026-08-01,0,5,no_position_no_time,0.08400569
1,d418e71365d212ba,2026-08-01,0,5,no_position_no_time,0.075922534
1,d450303222bb5890,2026-08-01,0,1,no_position_no_time,0.07387955
1,d45b76ad6c6585d8,2026-08-01,0,4,no_position_no_time,0.072449416
1,d46337e27d5ede5b,2026-08-01,0,1,no_position_no_time,0.090515815
1,d486842865d88aca,2026-08-01,0,3,no_position_no_time,0.099668145
1,d48cc081d9165a17,2026-08-01,1,5,no_position_no_time,0.05755103
1,d4a9e7858e3c4d3a,2026-08-01,0,4,no_position_no_time,0.17572431
1,d4aa9b14a7c1ac87,2026-08-01,1,1,no_position_no_time,0.10227178
1,d4ce5407b901a76a,2026-08-01,0,4,no_position_no_time,0.10836738
1,d4d5e481cb5c39a2,2026-08-01,0,5,no_position_no_time,0.12065594
1,d501f1912a693e3c,2026-08-01,0,2,no_position_no_time,0.080954894
1,d56b9b44ae1c9e47,2026-08-01,0,3,no_position_no_time,0.101660974
1,d5aeff8c7dab7828,2026-08-01,0,2,no_position_no_time,0.07895655
1,d5bf7911081e4480,2026-08-01,0,3,no_position_no_time,0.13754824
1,d5c227389acff9ba,2026-08-01,0,3,no_position_no_time,0.09574363
1,d5c4acda6e620e63,2026-08-01,0,1,no_position_no_time,0.09671063
1,d5d6211e2f8ccb27,2026-08-01,1,2,no_position_no_time,0.07994814
1,d5d7800f710e693e,2026-08-01,0,1,no_position_no_time,0.09557028
1,d5df08fd24f53b40,2026-08-01,0,1,no_position_no_time,0.07676696
1,d5ffa20bd6f6dec7,2026-08-01,0,1,no_position_no_time,0.06748632
1,d6185b90b2c1314a,2026-08-01,0,3,no_position_no_time,0.109378725
1,d618bc2e4152a6de,2026-08-01,0,5,no_position_no_time,0.076484896
1,d61a572c30e6ac81,2026-08-01,0,2,no_position_no_time,0.09095511
1,d65095e1a64b3101,2026-08-01,0,3,no_position_no_time,0.08419218
1,d66a668d3f26f646,2026-08-01,1,3,no_position_no_time,0.06425478
1,d6745b4f5c3d41d9,2026-08-01,0,3,no_position_no_time,0.17145787
1,d67a0ae56ddaf8eb,2026-08-01,0,5,no_position_no_time,0.08504571
1,d67bfde12335830b,2026-08-01,0,1,no_position_no_time,0.10505967
1,d693c7dd1d89d395,2026-08-01,0,3,no_position_no_time,0.07448493
1,d69b2fd8dee9e306,2026-08-01,0,2,no_position_no_time,0.08142671
1,d6b694050c305fd5,2026-08-01,0,4,no_position_no_time,0.06875765
1,d72523af18665d22,2026-08-01,0,1,no_position_no_time,0.07835161
1,d725afca801f200d,2026-08-01,0,3,no_position_no_time,0.17619903
1,d75a7d81d8a506ed,2026-08-01,0,4,no_position_no_time,0.11909806
1,d760caf6147f307f,2026-08-01,0,1,no_position_no_time,0.13457957
1,d786e223d64c3948,2026-08-01,0,2,no_position_no_time,0.087919466
1,d78e0043fcd38985,2026-08-01,0,1,no_position_no_time,0.1134159
1,d7a4be7953276a46,2026-08-01,0,2,no_position_no_time,0.09294178
1,d7b6db7353431a4c,2026-08-01,1,1,no_position_no_time,0.059699815
1,d8308a2fb2d9155d,2026-08-01,0,3,no_position_no_time,0.0712046
1,d8325b27e6a99854,2026-08-01,0,3,no_position_no_time,0.08415901
1,d87d4ec86044f014,2026-08-01,0,2,no_position_no_time,0.07911376
1,d8ed4a6428da917b,2026-08-01,0,1,no_position_no_time,0.07180854
1,d8fb875ad9e2860e,2026-08-01,0,2,no_position_no_time,0.07235768
1,d8fe81b7b0ff7676,2026-08-01,0,1,no_position_no_time,0.06270141
1,d94531f8d1d06465,2026-08-01,0,1,no_position_no_time,0.14361946
1,d9475431a6060929,2026-08-01,0,1,no_position_no_time,0.10071395
1,d97a5bee8f144024,2026-08-01,0,5,no_position_no_time,0.08498868
1,d9ca9d7d56421473,2026-08-01,0,4,no_position_no_time,0.20077088
1,d9e5061bdc4705ff,2026-08-01,0,5,no_position_no_time,0.08509064
1,da246847e563550b,2026-08-01,0,5,no_position_no_time,0.16700745
1,da6fc3d272eb47f6,2026-08-01,0,1,no_position_no_time,0.072373345
1,daa18473378411d4,2026-08-01,0,1,no_position_no_time,0.0767453
1,dad1b43cce986116,2026-08-01,0,5,no_position_no_time,0.07501583
1,dae4d59b2029abeb,2026-08-01,0,5,no_position_no_time,0.1212548
1,db0b0ad833f55d59,2026-08-01,0,5,no_position_no_time,0.08373515
1,db2a16c3d63f096d,2026-08-01,0,4,no_position_no_time,0.15967697
1,db710c98e6fdcfac,2026-08-01,0,4,no_position_no_time,0.086598985
1,dbc8729f3899b2a7,2026-08-01,0,3,no_position_no_time,0.068843804
1,dbe9130968332ed7,2026-08-01,0,3,no_position_no_time,0.09740975
1,dc05e698c65977ab,2026-08-01,0,5,no_position_no_time,0.071520194
1,dc3c9246face90d4,2026-08-01,0,2,no_position_no_time,0.12995094
1,dc5c27cc00046246,2026-08-01,0,1,no_position_no_time,0.085427284
1,dc6c97c77992dab7,2026-08-01,1,4,no_position_no_time,0.09950888
1,dc8cd6a19101c19a,2026-08-01,0,3,no_position_no_time,0.09267312
1,dcb469a86b55b269,2026-08-01,0,2,no_position_no_time,0.089542866
1,dcb7486be3fedcc4,2026-08-01,0,2,no_position_no_time,0.09304293
1,dcdc1564795a8c33,2026-08-01,0,1,no_position_no_time,0.123376645
1,dd3999a51011fee6,2026-08-01,0,1,no_position_no_time,0.099893704
1,dd4237addbc9829d,2026-08-01,0,1,no_position_no_time,0.08640207
1,dd4303f7f1c2666e,2026-08-01,0,1,no_position_no_time,0.09163903
1,dd4746e4da4d79a2,2026-08-01,0,1,no_position_no_time,0.08649287
1,dd5b6cccecbd0c84,2026-08-01,0,2,no_position_no_time,0.08878198
1,ddb0b4062cc693dc,2026-08-01,0,4,no_position_no_time,0.11285439
1,ddc290fd4f8fbbbf,2026-08-01,1,5,no_position_no_time,0.058420356
1,ddd6a9c790fbda63,2026-08-01,0,4,no_position_no_time,0.09328955
1,dde5406d215fa56b,2026-08-01,0,1,no_position_no_time,0.12698448
1,ddf08f5f9aa011f0,2026-08-01,0,4,no_position_no_time,0.06908609
1,de0ed6abddd62ff7,2026-08-01,0,5,no_position_no_time,0.19748195
1,de1d77615f65d492,2026-08-01,0,1,no_position_no_time,0.06524779
1,deca03a5cd70a100,2026-08-01,0,4,no_position_no_time,0.16689982
1,ded3f53fbc641263,2026-08-01,0,1,no_position_no_time,0.07011841
1,df31ef4cac9779d2,2026-08-01,0,3,no_position_no_time,0.065096855
1,df5d337949dc5587,2026-08-01,0,5,no_position_no_time,0.08681113
1,df65daccb946ead4,2026-08-01,0,3,no_position_no_time,0.0751115
1,df997b3d82550b02,2026-08-01,0,3,no_position_no_time,0.09522493
1,dfd60195a4270dd3,2026-08-01,0,5,no_position_no_time,0.14363901
1,e051e198573fb288,2026-08-01,1,5,no_position_no_time,0.11830964
1,e0846d5ff28b7cb9,2026-08-01,0,3,no_position_no_time,0.079212815
1,e08a5c1a115619df,2026-08-01,0,1,no_position_no_time,0.08460181
1,e0a61d56f21f288e,2026-08-01,0,5,no_position_no_time,0.09154154
1,e0aad93bacb17e9b,2026-08-01,0,4,no_position_no_time,0.121497005
1,e0afa4c4a54371ae,2026-08-01,0,5,no_position_no_time,0.08946787
1,e0db39778751839b,2026-08-01,0,5,no_position_no_time,0.056910515
1,e14a67da281bd0d1,2026-08-01,0,5,no_position_no_time,0.08763404
1,e1503acfa140750e,2026-08-01,1,1,no_position_no_time,0.13747178
1,e184f33acce20795,2026-08-01,0,2,no_position_no_time,0.08429973
1,e1b28e59732f7298,2026-08-01,0,4,no_position_no_time,0.13077737
1,e1c38c5a73331b61,2026-08-01,0,3,no_position_no_time,0.0842597
1,e20eb8a8a45e3567,2026-08-01,0,3,no_position_no_time,0.10773194
1,e2250433eb4fb065,2026-08-01,0,4,no_position_no_time,0.086115405
1,e2328a14ae60dd7b,2026-08-01,0,4,no_position_no_time,0.1036105
1,e2591b9b78c2c7a3,2026-08-01,0,1,no_position_no_time,0.090420626
1,e294429ec0897675,2026-08-01,0,3,no_position_no_time,0.066922426
1,e29cf5fdb787993d,2026-08-01,0,3,no_position_no_time,0.111879826
1,e2a899dba1ddb40e,2026-08-01,0,5,no_position_no_time,0.08250032
1,e2d6d2a19e66e5b8,2026-08-01,0,5,no_position_no_time,0.14712718
1,e2f7c158d3c129e8,2026-08-01,0,5,no_position_no_time,0.07782943
1,e32bd40fdb4aa310,2026-08-01,0,3,no_position_no_time,0.070148475
1,e353bdf65264b355,2026-08-01,0,2,no_position_no_time,0.10675212
1,e3d1c81443563acc,2026-08-01,1,2,no_position_no_time,0.07528349
1,e3d2a4acd01f263c,2026-08-01,0,4,no_position_no_time,0.07426405
1,e44e21b9cc4dff41,2026-08-01,0,4,no_position_no_time,0.12164356
1,e459a9301f7b70ba,2026-08-01,0,5,no_position_no_time,0.063295744
1,e4879e31e14cb5fb,2026-08-01,0,4,no_position_no_time,0.08644544
1,e49129e21c77fd46,2026-08-01,0,2,no_position_no_time,0.084769614
1,e498493be4f17f34,2026-08-01,0,1,no_position_no_time,0.0730816
1,e4b51923a1b47c0a,2026-08-01,0,1,no_position_no_time,0.11273282
1,e503ed11068b5bd9,2026-08-01,0,1,no_position_no_time,0.094186544
1,e50c9e1d7c7a7907,2026-08-01,0,4,no_position_no_time,0.095573634
1,e558403e6d92d041,2026-08-01,0,4,no_position_no_time,0.106492385
1,e572f3510a596af7,2026-08-01,0,4,no_position_no_time,0.076866604
1,e577e27165d635fb,2026-08-01,0,3,no_position_no_time,0.06241039
1,e5a010a5499ca812,2026-08-01,1,3,no_position_no_time,0.12451686
1,e5c2c89687e05f9f,2026-08-01,0,2,no_position_no_time,0.08929326
1,e5cbac12521b1e91,2026-08-01,0,1,no_position_no_time,0.099776804
1,e5cff73047505cf4,2026-08-01,0,1,no_position_no_time,0.10485737
1,e6157809bddcb784,2026-08-01,0,4,no_position_no_time,0.080938004
1,e62393feea51d278,2026-08-01,0,1,no_position_no_time,0.079760484
1,e63570b20d5b06ab,2026-08-01,0,2,no_position_no_time,0.09846236
1,e644dabbfb514b20,2026-08-01,0,4,no_position_no_time,0.1354257
1,e662fa7269787744,2026-08-01,0,1,no_position_no_time,0.10025374
1,e66bc4c0063398d6,2026-08-01,0,1,no_position_no_time,0.08074195
1,e6a3b82aa08fd92e,2026-08-01,0,1,no_position_no_time,0.10619801
1,e6b46f9a1393a80b,2026-08-01,0,5,no_position_no_time,0.07823729
1,e6bcd2fbd02bc44d,2026-08-01,0,4,no_position_no_time,0.08136034
1,e6d8b969ec7db4c2,2026-08-01,0,1,no_position_no_time,0.09408937
1,e6f0312a5be8934d,2026-08-01,0,5,no_position_no_time,0.09295445
1,e7040f2379570d2f,2026-08-01,0,5,no_position_no_time,0.17452447
1,e722d4d3b888d6b6,2026-08-01,0,2,no_position_no_time,0.07916984
1,e73f5e63e6f82cf6,2026-08-01,0,1,no_position_no_time,0.06502259
1,e74a8d65f35557f3,2026-08-01,1,1,no_position_no_time,0.10310567
1,e768c2d17b54f989,2026-08-01,0,1,no_position_no_time,0.09049787
1,e77ab18e41344604,2026-08-01,0,5,no_position_no_time,0.08332701
1,e77d2078eddc324a,2026-08-01,0,4,no_position_no_time,0.0990727
1,e78713670bbd6e07,2026-08-01,0,2,no_position_no_time,0.085148156
1,e7b0a9a4d8b9f60c,2026-08-01,0,3,no_position_no_time,0.095161684
1,e7b157a06d48e0fe,2026-08-01,1,3,no_position_no_time,0.09500542
1,e80edefa4af3e020,2026-08-01,1,2,no_position_no_time,0.11464739
1,e828b5a5e78c6ee9,2026-08-01,1,3,no_position_no_time,0.07516455
1,e83d8c3a9e3274ae,2026-08-01,0,4,no_position_no_time,0.083798885
1,e8445a457d6384f7,2026-08-01,0,2,no_position_no_time,0.09188452
1,e84f21493e6a6c0e,2026-08-01,0,2,no_position_no_time,0.15411672
1,e8527a75164cb0dd,2026-08-01,0,1,no_position_no_time,0.10435033
1,e852f7ae9107753f,2026-08-01,0,3,no_position_no_time,0.1129967
1,e860df3f39c07213,2026-08-01,0,5,no_position_no_time,0.09179351
1,e8661cae5e38dc25,2026-08-01,0,5,no_position_no_time,0.08072774
1,e86750d32f49c25b,2026-08-01,0,2,no_position_no_time,0.09094075
1,e8831a3f7de2cd01,2026-08-01,0,4,no_position_no_time,0.07824201
1,e88b25ab79960bd1,2026-08-01,0,1,no_position_no_time,0.11081611
1,e88fa590f631281d,2026-08-01,0,5,no_position_no_time,0.06281415
1,e891619326483caa,2026-08-01,0,1,no_position_no_time,0.077252515
1,e89b390c17624769,2026-08-01,0,4,no_position_no_time,0.057683412
1,e8b6998e7d04f7a2,2026-08-01,0,5,no_position_no_time,0.10219432
1,e8c8f0eadf407efe,2026-08-01,0,2,no_position_no_time,0.08924298
1,e8f4674f7295b251,2026-08-01,0,3,no_position_no_time,0.066569604
1,e9098e5b6236f83c,2026-08-01,0,4,no_position_no_time,0.08544785
1,e90c1f9a313d0a32,2026-08-01,0,2,no_position_no_time,0.09072286
1,e9103ee57b0445ba,2026-08-01,0,5,no_position_no_time,0.11253013
1,e920a60425b216a6,2026-08-01,0,4,no_position_no_time,0.105430655
1,e92224e3ace151fd,2026-08-01,0,2,no_position_no_time,0.075934246
1,e9268950f9edd1d2,2026-08-01,0,3,no_position_no_time,0.11964817
1,e9472a174084dc2f,2026-08-01,1,4,no_position_no_time,0.13283399
1,e94753c64db8acb4,2026-08-01,0,5,no_position_no_time,0.080898285
1,e95386416721b008,2026-08-01,0,5,no_position_no_time,0.10035376
1,e95c91ecb20b0f4f,2026-08-01,0,5,no_position_no_time,0.060750008
1,e969050ab70fa892,2026-08-01,1,5,no_position_no_time,0.10930417
1,e96ee26b72d2f4df,2026-08-01,1,1,no_position_no_time,0.11269967
1,e9ae24c6f8c291e4,2026-08-01,0,1,no_position_no_time,0.12063591
1,e9b530727fe6dced,2026-08-01,0,2,no_position_no_time,0.08741354
1,e9b8a1bf1ba36388,2026-08-01,0,5,no_position_no_time,0.077464454
1,e9c7fd554f9f252e,2026-08-01,1,5,no_position_no_time,0.11003072
1,ea6866c2cdb3010f,2026-08-01,0,3,no_position_no_time,0.07129175
1,ea6d656c84ecfb7f,2026-08-01,0,5,no_position_no_time,0.09810246
1,ea920c5209e3bfd9,2026-08-01,0,5,no_position_no_time,0.10016233
1,eaaa4b8919850cf0,2026-08-01,1,5,no_position_no_time,0.09085925
1,eab75b466c567cfc,2026-08-01,0,1,no_position_no_time,0.15925981
1,eaf4d70e76f27b15,2026-08-01,1,2,no_position_no_time,0.09001676
1,eb0cdb3b65b995b5,2026-08-01,0,1,no_position_no_time,0.07209913
1,eb0cf17c905af327,2026-08-01,0,2,no_position_no_time,0.086526275
1,eb1642be0a9f77d7,2026-08-01,0,1,no_position_no_time,0.072101645
1,eb51aeac88299e27,2026-08-01,0,3,no_position_no_time,0.079803914
1,eb55adfd9fd72d2a,2026-08-01,0,1,no_position_no_time,0.07608118
1,eb728394302ba694,2026-08-01,1,5,no_position_no_time,0.059952293
1,eb901ff450240add,2026-08-01,0,3,no_position_no_time,0.07731138
1,eb967f94c0dc9621,2026-08-01,0,5,no_position_no_time,0.11145235
1,eb9cdce8c0c56985,2026-08-01,1,3,no_position_no_time,0.0760383
1,ebba7d6e1580f078,2026-08-01,0,3,no_position_no_time,0.0963489
1,ebbefe8b74b07476,2026-08-01,0,3,no_position_no_time,0.08798774
1,ec3c0e65d48463e4,2026-08-01,0,3,no_position_no_time,0.064752854
1,ec46b8893d3b8476,2026-08-01,0,3,no_position_no_time,0.09557117
1,ec4c68d2b327f607,2026-08-01,0,1,no_position_no_time,0.070828125
1,ec5d16141138363c,2026-08-01,0,3,no_position_no_time,0.086620905
1,ec79941c8cf979ff,2026-08-01,0,1,no_position_no_time,0.09997759
1,ec884a6cf71305af,2026-08-01,0,3,no_position_no_time,0.10184297
1,ec8ed34481ba844d,2026-08-01,0,2,no_position_no_time,0.09567717
1,ec96f2790b633b13,2026-08-01,0,4,no_position_no_time,0.08894432
1,ecaebfc63c89d1a0,2026-08-01,0,3,no_position_no_time,0.080800235
1,ecb0d7aebc5d10b7,2026-08-01,0,3,no_position_no_time,0.10018477
1,eccf637814b32715,2026-08-01,0,5,no_position_no_time,0.067345686
1,ecd7467d34bc25c9,2026-08-01,0,5,no_position_no_time,0.0922948
1,ecda1fe7314b6738,2026-08-01,0,3,no_position_no_time,0.09456947
1,ecf89f7eab55c0c6,2026-08-01,1,2,no_position_no_time,0.09323147
1,ecffd172c7433f54,2026-08-01,0,2,no_position_no_time,0.09555101
1,ed096e94069d2019,2026-08-01,0,1,no_position_no_time,0.11093928
1,ed198cf2c487d0fd,2026-08-01,0,5,no_position_no_time,0.065954246
1,ed5b80f32b725b22,2026-08-01,0,3,no_position_no_time,0.08873832
1,ed7da5abd3215f31,2026-08-01,0,4,no_position_no_time,0.15008116
1,ed843e1f9f09803d,2026-08-01,0,1,no_position_no_time,0.06719647
1,ed8a66c3b27cdefa,2026-08-01,0,5,no_position_no_time,0.12696253
1,ed992e6c7511faab,2026-08-01,0,5,no_position_no_time,0.09424781
1,eda45c524449cdcc,2026-08-01,0,4,no_position_no_time,0.11850221
1,eddd02b13f81b671,2026-08-01,0,5,no_position_no_time,0.094887495
1,edee5b42af91b5c1,2026-08-01,0,3,no_position_no_time,0.078893155
1,edfa1cb9a2eb0b3c,2026-08-01,0,1,no_position_no_time,0.08334287
1,edfb375ff9c10f42,2026-08-01,0,2,no_position_no_time,0.08402068
1,ee09b41e2c2a60cf,2026-08-01,0,3,no_position_no_time,0.071545444
1,ee412025b7175453,2026-08-01,0,5,no_position_no_time,0.088452764
1,ee547ca591844256,2026-08-01,0,5,no_position_no_time,0.10163163
1,ee636ffe49b6243c,2026-08-01,0,1,no_position_no_time,0.06419499
1,ee667c7a8ae98ba3,2026-08-01,0,4,no_position_no_time,0.07306716
1,ee6cebbc854aceab,2026-08-01,0,5,no_position_no_time,0.086048715
1,ee74d2e51e338424,2026-08-01,1,5,no_position_no_time,0.07823667
1,ee7e208e08eef1a8,2026-08-01,0,5,no_position_no_time,0.065990105
1,ee9add8f49fda233,2026-08-01,0,3,no_position_no_time,0.087488726
1,eeaf1a8f85a43f39,2026-08-01,0,3,no_position_no_time,0.07060991
1,eec460b3277f84c2,2026-08-01,0,4,no_position_no_time,0.08455035
1,eecb7004b9e6fc61,2026-08-01,1,5,no_position_no_time,0.10868386
1,eef6214f5223c906,2026-08-01,0,1,no_position_no_time,0.08417387
1,eef62725be6aab1c,2026-08-01,0,5,no_position_no_time,0.059022646
1,ef42c4c186a07403,2026-08-01,0,4,no_position_no_time,0.086740285
1,ef7294b4ab20431a,2026-08-01,0,5,no_position_no_time,0.099332355
1,ef82e4d86adf57e5,2026-08-01,0,2,no_position_no_time,0.09240937
1,ef94d05a457ff649,2026-08-01,0,3,no_position_no_time,0.07088336
1,efa16151bb458bbc,2026-08-01,0,3,no_position_no_time,0.094076745
1,efd0bf3088e9f130,2026-08-01,0,5,no_position_no_time,0.10711816
1,efe2e08b8f63c01a,2026-08-01,0,2,no_position_no_time,0.087056324
1,f007b70a385ac9bb,2026-08-01,0,3,no_position_no_time,0.06381228
1,f02df01c88da0648,2026-08-01,0,3,no_position_no_time,0.1274135
1,f06a23e75c25bc31,2026-08-01,0,1,no_position_no_time,0.07442723
1,f0819231a9718e2e,2026-08-01,0,4,no_position_no_time,0.08420158
1,f08aae18c0a2375e,2026-08-01,0,5,no_position_no_time,0.08636623
1,f09150fd796f7eed,2026-08-01,0,3,no_position_no_time,0.09706154
1,f0e7c7159adde8b6,2026-08-01,0,2,no_position_no_time,0.093401514
1,f0fa00771714d0a2,2026-08-01,0,4,no_position_no_time,0.10494107
1,f10b172a6b3b986c,2026-08-01,0,5,no_position_no_time,0.098730214
1,f114ee248330c5ff,2026-08-01,0,5,no_position_no_time,0.08773825
1,f177800b365bfcf2,2026-08-01,0,4,no_position_no_time,0.09059221
1,f18bdb48834eebcd,2026-08-01,0,3,no_position_no_time,0.10088998
1,f19b015e0d5056fc,2026-08-01,1,3,no_position_no_time,0.059892576
1,f19cc8da6eeffd7e,2026-08-01,0,1,no_position_no_time,0.09086063
1,f1a5b2c7b08140b7,2026-08-01,0,5,no_position_no_time,0.086976245
1,f1dce9bd42f8dfef,2026-08-01,1,2,no_position_no_time,0.08040182
1,f1f83e540f21d612,2026-08-01,0,1,no_position_no_time,0.065931186
1,f1fee6056d87c231,2026-08-01,0,3,no_position_no_time,0.07894656
1,f219c41008dc2d8c,2026-08-01,0,5,no_position_no_time,0.089494206
1,f2299202d5ce31fc,2026-08-01,0,2,no_position_no_time,0.08621091
1,f247ae6522edde70,2026-08-01,0,2,no_position_no_time,0.08066732
1,f249b8c0be357b9a,2026-08-01,0,2,no_position_no_time,0.08960386
1,f2526d08c2017ed4,2026-08-01,0,1,no_position_no_time,0.084611416
1,f25a311824862d93,2026-08-01,0,3,no_position_no_time,0.0751437
1,f26ce0a6ffcd228a,2026-08-01,0,1,no_position_no_time,0.08917543
1,f2899fe8a4400d52,2026-08-01,0,1,no_position_no_time,0.11661096
1,f2aacf070cf48f31,2026-08-01,0,4,no_position_no_time,0.104898356
1,f2ae960050c92fc5,2026-08-01,0,2,no_position_no_time,0.10826496
1,f2c38d6de9f23887,2026-08-01,0,3,no_position_no_time,0.07606343
1,f2ca5cbe4bd7a7cf,2026-08-01,0,5,no_position_no_time,0.09374606
1,f2ed313f125ba591,2026-08-01,0,1,no_position_no_time,0.06930439
1,f2fb5fdf6b9a3228,2026-08-01,0,4,no_position_no_time,0.08441238
1,f30dbb4c4e6cbfb9,2026-08-01,1,2,no_position_no_time,0.12414411
1,f30e2a5634997d09,2026-08-01,0,2,no_position_no_time,0.09809618
1,f32c6fa9f846a9ff,2026-08-01,0,4,no_position_no_time,0.12442144
1,f33e6d308c4f57a2,2026-08-01,0,5,no_position_no_time,0.060026366
1,f344a9591febb54e,2026-08-01,0,4,no_position_no_time,0.1190287
1,f347d1a287833158,2026-08-01,0,2,no_position_no_time,0.084254906
1,f34cedaa94c40865,2026-08-01,0,5,no_position_no_time,0.09405391
1,f3895b59c5537971,2026-08-01,0,5,no_position_no_time,0.08631853
1,f38bbf1f7bade669,2026-08-01,0,4,no_position_no_time,0.09564887
1,f39aec30f987bbd8,2026-08-01,0,4,no_position_no_time,0.16873151
1,f3ad882635289bf9,2026-08-01,0,1,no_position_no_time,0.09126004
1,f3e13d361c49a1a6,2026-08-01,0,1,no_position_no_time,0.12754749
1,f3fa6dc55920c6d8,2026-08-01,0,4,no_position_no_time,0.15039952
1,f43d5cc1447721b3,2026-08-01,0,5,no_position_no_time,0.15892942
1,f44f0e468e1fb201,2026-08-01,0,2,no_position_no_time,0.09076088
1,f4513ef0776b2287,2026-08-01,0,5,no_position_no_time,0.089124
1,f462b89f54416636,2026-08-01,0,5,no_position_no_time,0.11907329
1,f468b545e11fbe17,2026-08-01,0,5,no_position_no_time,0.06327998
1,f468cfaaaad8be5c,2026-08-01,0,3,no_position_no_time,0.070921354
1,f46a9542bd5872a4,2026-08-01,0,4,no_position_no_time,0.08206771
1,f4973aba0d111619,2026-08-01,0,4,no_position_no_time,0.057943773
1,f49a00543d3c121f,2026-08-01,0,5,no_position_no_time,0.077853434
1,f4cc43874bc7f8d0,2026-08-01,0,1,no_position_no_time,0.093754426
1,f4d1612879e2b0a2,2026-08-01,0,5,no_position_no_time,0.08349045
1,f4e498b4cd3cc5aa,2026-08-01,0,4,no_position_no_time,0.12323357
1,f532fa5618cfff04,2026-08-01,0,5,no_position_no_time,0.08425281
1,f53ef63481927b9f,2026-08-01,0,5,no_position_no_time,0.064851575
1,f550f6243310af59,2026-08-01,0,4,no_position_no_time,0.14330913
1,f5a419fbc297b27f,2026-08-01,0,1,no_position_no_time,0.06138883
1,f5c55b29afbf918e,2026-08-01,0,1,no_position_no_time,0.07942267
1,f5d34a67841c226e,2026-08-01,0,1,no_position_no_time,0.08655973
1,f5d839794f88a758,2026-08-01,0,4,no_position_no_time,0.08625299
1,f5f6ab6aaba0d9a6,2026-08-01,1,4,no_position_no_time,0.07903631
1,f65698e450cb4ca0,2026-08-01,0,4,no_position_no_time,0.098353334
1,f6617d384ce0a78c,2026-08-01,0,4,no_position_no_time,0.10972508
1,f6d4ba744b4e401c,2026-08-01,0,5,no_position_no_time,0.1190592
1,f6e747aed6ed86b7,2026-08-01,0,3,no_position_no_time,0.086446255
1,f6ffb5ff13b95d25,2026-08-01,0,2,no_position_no_time,0.09541376
1,f739e6d941b71039,2026-08-01,0,1,no_position_no_time,0.09047696
1,f749f6fcb6c1c4d0,2026-08-01,0,1,no_position_no_time,0.09982825
1,f7745142dac00497,2026-08-01,0,4,no_position_no_time,0.123939045
1,f774ec6b42626ffc,2026-08-01,0,5,no_position_no_time,0.08524789
1,f781530f00b3fc08,2026-08-01,0,5,no_position_no_time,0.09557298
1,f788de6da2b3c6ac,2026-08-01,1,2,no_position_no_time,0.07619173
1,f79713013c3467e8,2026-08-01,0,1,no_position_no_time,0.10596965
1,f7bf4f89ede95d9a,2026-08-01,0,3,no_position_no_time,0.08965679
1,f7cc7434f047173b,2026-08-01,1,4,no_position_no_time,0.08304987
1,f7f37d87e1ce6677,2026-08-01,0,2,no_position_no_time,0.072117515
1,f7f40af0052b7624,2026-08-01,0,1,no_position_no_time,0.064706825
1,f804563aeeceec6a,2026-08-01,0,4,no_position_no_time,0.08957566
1,f8805881a2dcce84,2026-08-01,0,3,no_position_no_time,0.071477585
1,f899388182c5775f,2026-08-01,0,2,no_position_no_time,0.10071201
1,f8ce7f20de6ce119,2026-08-01,0,4,no_position_no_time,0.07934861
1,f8f16fbdc91073cc,2026-08-01,0,3,no_position_no_time,0.09051207
1,f909ed075cdb2e23,2026-08-01,0,4,no_position_no_time,0.07929593
1,f94090903540207e,2026-08-01,0,4,no_position_no_time,0.13239264
1,f948a622abcdcbce,2026-08-01,0,3,no_position_no_time,0.09162762
1,f948dc37255e210a,2026-08-01,1,2,no_position_no_time,0.07854276
1,f94da71ea1e60458,2026-08-01,0,2,no_position_no_time,0.07964348
1,f95bdbd77c17d43c,2026-08-01,0,5,no_position_no_time,0.06897681
1,f96a9126d8eb5f6f,2026-08-01,0,4,no_position_no_time,0.13455416
1,f9d6d7966cb12e5d,2026-08-01,0,3,no_position_no_time,0.08949646
1,f9dff8b9c688da4e,2026-08-01,0,4,no_position_no_time,0.17423409
1,fa1e726fceb48766,2026-08-01,0,4,no_position_no_time,0.11375513
1,fa229f2d59d14666,2026-08-01,1,1,no_position_no_time,0.1393198
1,fa27d7ab20683ffd,2026-08-01,0,1,no_position_no_time,0.08803687
1,fa297dec067313cd,2026-08-01,0,3,no_position_no_time,0.06730003
1,fa572f0bab6a7cf4,2026-08-01,0,4,no_position_no_time,0.1528313
1,fa5df91b8e38f46d,2026-08-01,0,2,no_position_no_time,0.08300966
1,fa713d0097f414b4,2026-08-01,0,5,no_position_no_time,0.07770576
1,fa73b3392da864c5,2026-08-01,0,4,no_position_no_time,0.12167753
1,fab13cfe233863aa,2026-08-01,0,3,no_position_no_time,0.110243656
1,facece5aafe30812,2026-08-01,0,5,no_position_no_time,0.0976504
1,fae43a976bbc62b1,2026-08-01,1,5,no_position_no_time,0.12867264
1,fb9ea8b81e23abb1,2026-08-01,0,4,no_position_no_time,0.08209348
1,fbba47e6c569662a,2026-08-01,0,5,no_position_no_time,0.07975533
1,fbe9e0862e9d9a51,2026-08-01,1,4,no_position_no_time,0.057856716
1,fc09af7859803639,2026-08-01,0,5,no_position_no_time,0.10627036
1,fc0b59455b8797ee,2026-08-01,0,3,no_position_no_time,0.10069162
1,fc240f5e92823fd1,2026-08-01,1,1,no_position_no_time,0.07573793
1,fc4d164faac09650,2026-08-01,0,3,no_position_no_time,0.07248252
1,fc52002a61c7b18e,2026-08-01,0,5,no_position_no_time,0.07614242
1,fc8fb72d30197032,2026-08-01,0,4,no_position_no_time,0.059085436
1,fca0c6e41a36ae23,2026-08-01,0,4,no_position_no_time,0.11578276
1,fcbdcd0cb70d1527,2026-08-01,0,4,no_position_no_time,0.098404534
1,fcbe6862f5afa070,2026-08-01,0,1,no_position_no_time,0.09435784
1,fcc1e51020e1c0d4,2026-08-01,0,3,no_position_no_time,0.103794724
1,fd0b988857b15810,2026-08-01,0,5,no_position_no_time,0.07808462
1,fd180ff352ea6c96,2026-08-01,0,3,no_position_no_time,0.101134636
1,fd22ac79c4d9c067,2026-08-01,0,4,no_position_no_time,0.101495326
1,fd9eaaefc34d4e42,2026-08-01,0,4,no_position_no_time,0.05055067
1,fdcf6de6aaeffca4,2026-08-01,0,5,no_position_no_time,0.09492426
1,fe0d3a9f745e719e,2026-08-01,1,5,no_position_no_time,0.06678142
1,fe14591f155c04e1,2026-08-01,0,1,no_position_no_time,0.13818152
1,fe9d9ecc76afae48,2026-08-01,0,2,no_position_no_time,0.102790505
1,fe9ef6d91f4c7239,2026-08-01,0,3,no_position_no_time,0.14827436
1,fed43b8585d2f65c,2026-08-01,0,1,no_position_no_time,0.13057746
1,fed7181527fd1083,2026-08-01,0,1,no_position_no_time,0.09683154
1,ff049ec490bae860,2026-08-01,0,1,no_position_no_time,0.12105683
1,ff2872c2806ec4c1,2026-08-01,0,1,no_position_no_time,0.120591335
1,ff3932caf8c93bfe,2026-08-01,0,4,no_position_no_time,0.10639342
1,ff61c2990bf611f3,2026-08-01,0,4,no_position_no_time,0.079597265
1,ffaf2027b41e8683,2026-08-01,0,4,no_position_no_time,0.062616944
1,ffb16364f7a88e3e,2026-08-01,0,1,no_position_no_time,0.0817488
1,ffbbe2c379440bb5,2026-08-01,0,5,no_position_no_time,0.13982636
1,ffc6469c77a9add9,2026-08-01,0,4,no_position_no_time,0.14094721
1,ffcc0cea6eddc566,2026-08-01,0,5,no_position_no_time,0.08173829
1,ffe42f04e1ee30b1,2026-08-01,0,5,no_position_no_time,0.13060069
1,fff88b585d73ed85,2026-08-01,1,3,no_position_no_time,0.09742765
2,0002a4b30678c86c,2026-08-01,0,4,no_position_no_time,0.10164943
2,000d7ce5a1c27c09,2026-08-01,1,3,no_position_no_time,0.07530726
2,00900b9690e42d40,2026-08-01,0,4,no_position_no_time,0.07530017
2,00964a199f633eba,2026-08-01,0,1,no_position_no_time,0.07898102
2,00a8e3412ce8658a,2026-08-01,0,5,no_position_no_time,0.0841322
2,00b768d3a31e9edd,2026-08-01,0,1,no_position_no_time,0.07101224
2,00d0ff75258f6ab5,2026-08-01,0,3,no_position_no_time,0.07009056
2,0154f214ec1e0234,2026-08-01,0,1,no_position_no_time,0.079866104
2,015ec24809213361,2026-08-01,0,2,no_position_no_time,0.08763989
2,016fa3217fb63f3c,2026-08-01,0,3,no_position_no_time,0.069221206
2,017a01726ff661de,2026-08-01,0,1,no_position_no_time,0.09892516
2,017e09aa842713bd,2026-08-01,0,4,no_position_no_time,0.12349827
2,017f8acbc6eb8dfc,2026-08-01,0,4,no_position_no_time,0.08618285
2,0198fd92a4211300,2026-08-01,0,5,no_position_no_time,0.066697285
2,019da90f5db1db38,2026-08-01,0,3,no_position_no_time,0.07286913
2,01b84f93c362cb87,2026-08-01,1,4,no_position_no_time,0.11746149
2,01fc5059633603e3,2026-08-01,0,3,no_position_no_time,0.14228833
2,0231b1c875f38928,2026-08-01,0,4,no_position_no_time,0.056588143
2,0239c80903961bac,2026-08-01,0,2,no_position_no_time,0.08470747
2,027ef447afff809c,2026-08-01,1,4,no_position_no_time,0.06984863
2,02854b82255868af,2026-08-01,0,2,no_position_no_time,0.08514916
2,029e7c0d3cfae84a,2026-08-01,0,1,no_position_no_time,0.21116549
2,02cc1b17cacab96f,2026-08-01,0,1,no_position_no_time,0.12468362
2,02d6440f3637d4b7,2026-08-01,0,4,no_position_no_time,0.07987361
2,02ea077990ea05bc,2026-08-01,0,2,no_position_no_time,0.14876363
2,032ed824f14a1f42,2026-08-01,0,4,no_position_no_time,0.08694713
2,03e1b2bed3f7c3a2,2026-08-01,0,4,no_position_no_time,0.07994932
2,0420ad3f29aa17d5,2026-08-01,0,5,no_position_no_time,0.08768362
2,043dfd90c0c8f90b,2026-08-01,0,3,no_position_no_time,0.07407252
2,043f88fed5e3de70,2026-08-01,0,2,no_position_no_time,0.08841878
2,045a9ea2d4b98979,2026-08-01,0,1,no_position_no_time,0.14160007
2,048b19242532a8ef,2026-08-01,0,4,no_position_no_time,0.057033136
2,049414fd217ae4e7,2026-08-01,0,4,no_position_no_time,0.06801054
2,049c6abb45e3100d,2026-08-01,0,5,no_position_no_time,0.10237105
2,04c01c87efd84bd5,2026-08-01,0,2,no_position_no_time,0.09520312
2,04ca774af3b973a1,2026-08-01,0,3,no_position_no_time,0.067356065
2,04f2463f8f5e63ff,2026-08-01,0,1,no_position_no_time,0.07438336
2,0502d89ad9af3d3e,2026-08-01,0,1,no_position_no_time,0.06846487
2,052ed97c5c6b1903,2026-08-01,0,4,no_position_no_time,0.07215381
2,05329912e4b78e2f,2026-08-01,0,4,no_position_no_time,0.09170498
2,053b99f4891836dc,2026-08-01,0,3,no_position_no_time,0.10381752
2,054e290e8ba01b62,2026-08-01,0,3,no_position_no_time,0.10663098
2,058317d85a9759ea,2026-08-01,0,3,no_position_no_time,0.084777
2,05a209cf30832c0a,2026-08-01,0,1,no_position_no_time,0.07539969
2,05a99b03e737960e,2026-08-01,1,4,no_position_no_time,0.094533116
2,05b2300056198125,2026-08-01,0,3,no_position_no_time,0.08656131
2,05f25bd4194fd072,2026-08-01,0,4,no_position_no_time,0.10855814
2,06a1bf25562f55ad,2026-08-01,0,2,no_position_no_time,0.08623407
2,06aa497c6c4d557d,2026-08-01,0,2,no_position_no_time,0.08466801
2,06cfc518ea4b0a6a,2026-08-01,0,2,no_position_no_time,0.104093686
2,07097b1c8d967b68,2026-08-01,0,1,no_position_no_time,0.07234905
2,074c76b3ce10e2ae,2026-08-01,0,2,no_position_no_time,0.09041049
2,075fe48f41e70c1d,2026-08-01,0,1,no_position_no_time,0.08209293
2,076d65d4efb07b58,2026-08-01,0,1,no_position_no_time,0.12656495
2,0773268ea06bbd91,2026-08-01,0,4,no_position_no_time,0.10136634
2,0775af0573a29c40,2026-08-01,0,2,no_position_no_time,0.075894475
2,07d491101e716df7,2026-08-01,0,3,no_position_no_time,0.06793911
2,080b89ed5f5bf22c,2026-08-01,0,5,no_position_no_time,0.102056935
2,084d0f777a1f785c,2026-08-01,0,3,no_position_no_time,0.10736899
2,0861f0681ba955e2,2026-08-01,0,1,no_position_no_time,0.07804035
2,0877e71ed4007265,2026-08-01,0,1,no_position_no_time,0.0758752
2,08a617c2b12eca56,2026-08-01,0,2,no_position_no_time,0.09921404
2,08bc9a27e8bd41b5,2026-08-01,0,5,no_position_no_time,0.09734208
2,09182652394dda54,2026-08-01,0,4,no_position_no_time,0.099401444
2,092d415e40b46459,2026-08-01,0,3,no_position_no_time,0.059079036
2,09777b912bacab6e,2026-08-01,0,1,no_position_no_time,0.078779794
2,0979bca963611532,2026-08-01,0,1,no_position_no_time,0.05826855
2,09a3a86bc1c1bf37,2026-08-01,0,4,no_position_no_time,0.081432566
2,09ba9c8ead565d8c,2026-08-01,0,1,no_position_no_time,0.08400909
2,0a150c40cebbe3ea,2026-08-01,0,2,no_position_no_time,0.11875994
2,0a5e0d9b2379f055,2026-08-01,1,3,no_position_no_time,0.093036115
2,0a92efcebf5f360d,2026-08-01,0,5,no_position_no_time,0.109245434
2,0ab13f1f80542de8,2026-08-01,0,2,no_position_no_time,0.08718708
2,0ab5ff8461a29d34,2026-08-01,1,2,no_position_no_time,0.102287784
2,0b0ead7f1c8fdc03,2026-08-01,0,2,no_position_no_time,0.10080095
2,0b1873e82d620c8d,2026-08-01,0,4,no_position_no_time,0.12328751
2,0b56af18b698a5b9,2026-08-01,0,1,no_position_no_time,0.12540293
2,0b59fa4f60145e09,2026-08-01,0,4,no_position_no_time,0.092835695
2,0b70b988a28ed100,2026-08-01,0,2,no_position_no_time,0.0864985
2,0ba123f36f5f48f8,2026-08-01,0,4,no_position_no_time,0.099774964
2,0bce901f9c25d883,2026-08-01,0,3,no_position_no_time,0.10478818
2,0bd7d4bfb6926ccc,2026-08-01,0,3,no_position_no_time,0.06951834
2,0bfe18f4534403d9,2026-08-01,1,5,no_position_no_time,0.10502602
2,0c38b175f6f90eb2,2026-08-01,0,5,no_position_no_time,0.11482331
2,0c3ba6683439e82e,2026-08-01,1,4,no_position_no_time,0.116600506
2,0c49c3f98fa31b28,2026-08-01,0,4,no_position_no_time,0.12857947
2,0c5669ac32865189,2026-08-01,0,2,no_position_no_time,0.107284635
2,0c77b36c4e1578cf,2026-08-01,0,2,no_position_no_time,0.091384225
2,0ca0e590d1f60c5e,2026-08-01,0,2,no_position_no_time,0.082021914
2,0ca62b7a96e42a23,2026-08-01,0,3,no_position_no_time,0.064836696
2,0cab3caa36076df1,2026-08-01,1,2,no_position_no_time,0.09690969
2,0cd91d89db3066bd,2026-08-01,0,1,no_position_no_time,0.1133449
2,0cd9cac24b1a17cf,2026-08-01,0,3,no_position_no_time,0.08434376
2,0cdb95d2cb5b0158,2026-08-01,0,5,no_position_no_time,0.08363413
2,0d1cc77b8e0bc886,2026-08-01,0,2,no_position_no_time,0.07813467
2,0d35651892d59131,2026-08-01,0,3,no_position_no_time,0.097163424
2,0d4a4db297e41309,2026-08-01,1,1,no_position_no_time,0.10097996
2,0d5d6c1e0965cbe9,2026-08-01,0,4,no_position_no_time,0.24822812
2,0d62ef2d1eb4974b,2026-08-01,0,2,no_position_no_time,0.07328981
2,0d7b711dc0fd5adc,2026-08-01,0,5,no_position_no_time,0.10384608
2,0d900ca5808ca1b4,2026-08-01,0,3,no_position_no_time,0.07842821
2,0da18d7a4f8f9b86,2026-08-01,0,2,no_position_no_time,0.07204646
2,0db22e1b4bcb9ed8,2026-08-01,0,4,no_position_no_time,0.11029175
2,0db562277469861d,2026-08-01,0,1,no_position_no_time,0.09277893
2,0dbab59467679d8a,2026-08-01,0,5,no_position_no_time,0.066672936
2,0e12991579b3b5bc,2026-08-01,0,5,no_position_no_time,0.07817273
2,0e302fb8b7fb75c8,2026-08-01,0,2,no_position_no_time,0.08560915
2,0e37af0b35527a5d,2026-08-01,0,1,no_position_no_time,0.08521666
2,0e4d0bcf9fc827e8,2026-08-01,1,1,no_position_no_time,0.12997688
2,0e5fcc3824be0681,2026-08-01,0,4,no_position_no_time,0.10865617
2,0ec1081305055fc1,2026-08-01,0,2,no_position_no_time,0.10311925
2,0ec61d61d5ccba12,2026-08-01,0,5,no_position_no_time,0.06750416
2,0ed7a9d3a944a5d0,2026-08-01,0,2,no_position_no_time,0.08542589
2,0f19a41df5dd06b4,2026-08-01,0,1,no_position_no_time,0.11129647
2,0f2ac6a8b7c68217,2026-08-01,1,1,no_position_no_time,0.13946237
2,0f4b3e5cd407a96a,2026-08-01,0,3,no_position_no_time,0.07441096
2,0f4d7be2e277345c,2026-08-01,0,3,no_position_no_time,0.061508168
2,0f74615f3b8f66bd,2026-08-01,1,2,no_position_no_time,0.13580894
2,0f8d3bacb8cd3932,2026-08-01,0,3,no_position_no_time,0.16432114
2,0fb1d377c69365c6,2026-08-01,0,2,no_position_no_time,0.10054982
2,0fc5737097e75b95,2026-08-01,0,4,no_position_no_time,0.090951204
2,0fe067243f9eea71,2026-08-01,0,1,no_position_no_time,0.07480845
2,0fefd2ecf8a42402,2026-08-01,0,4,no_position_no_time,0.0801606
2,10354b33b91ddb36,2026-08-01,0,1,no_position_no_time,0.080563
2,105255a8c395a228,2026-08-01,0,1,no_position_no_time,0.09009397
2,107e67fa67e88223,2026-08-01,0,1,no_position_no_time,0.08025544
2,10a06bf73f6bc148,2026-08-01,0,3,no_position_no_time,0.09422537
2,10cfdd9486a9ce71,2026-08-01,1,4,no_position_no_time,0.09009419
2,10d8ef2fffc6cec8,2026-08-01,0,2,no_position_no_time,0.09731076
2,114357692cf4d405,2026-08-01,0,2,no_position_no_time,0.0734436
2,11606a8bb109c34f,2026-08-01,0,2,no_position_no_time,0.09294448
2,1160fef4fa91b411,2026-08-01,0,1,no_position_no_time,0.08137902
2,1175ca19bed3865f,2026-08-01,0,2,no_position_no_time,0.10375951
2,119b4b777b95467c,2026-08-01,0,2,no_position_no_time,0.094987184
2,11a296bccba76cb2,2026-08-01,0,1,no_position_no_time,0.064615205
2,11aa64f4d683707d,2026-08-01,0,2,no_position_no_time,0.076822996
2,11be8240208f9c91,2026-08-01,0,5,no_position_no_time,0.06799271
2,11f4f1a0009e0803,2026-08-01,0,4,no_position_no_time,0.0774525
2,125027c777192160,2026-08-01,0,1,no_position_no_time,0.11589865
2,125e81a25e08995e,2026-08-01,0,4,no_position_no_time,0.059151124
2,12b39276ef97a6b5,2026-08-01,0,3,no_position_no_time,0.0989306
2,12cebc638baa140b,2026-08-01,1,4,no_position_no_time,0.084487185
2,12d1e319f3090d55,2026-08-01,0,2,no_position_no_time,0.09343174
2,12d30588b166d0cc,2026-08-01,0,2,no_position_no_time,0.08977662
2,12e90148e17e96eb,2026-08-01,0,2,no_position_no_time,0.09883075
2,1302ec146944c75d,2026-08-01,0,4,no_position_no_time,0.0643571
2,1314b302d386e88f,2026-08-01,0,2,no_position_no_time,0.08949922
2,133e6c378634ea4a,2026-08-01,0,3,no_position_no_time,0.09133715
2,13a9432a7ee9b044,2026-08-01,0,3,no_position_no_time,0.107457116
2,13b0ba266b47973e,2026-08-01,0,5,no_position_no_time,0.109200455
2,13c0fddbd7227b7c,2026-08-01,0,1,no_position_no_time,0.085399576
2,13d231ab677686ac,2026-08-01,0,2,no_position_no_time,0.10286976
2,13d2cbed862c4178,2026-08-01,0,4,no_position_no_time,0.04963349
2,13e21ea7511d9fed,2026-08-01,0,1,no_position_no_time,0.1001475
2,140292c9bba3050c,2026-08-01,0,3,no_position_no_time,0.08529306
2,1419bfee16fb3c97,2026-08-01,0,3,no_position_no_time,0.08884928
2,142e6e0e2a5c5f1f,2026-08-01,0,5,no_position_no_time,0.11830393
2,14333c905162064f,2026-08-01,0,2,no_position_no_time,0.09495671
2,1447018ba051d687,2026-08-01,0,1,no_position_no_time,0.075192615
2,1470b9ff96595f83,2026-08-01,0,4,no_position_no_time,0.072579935
2,14b6c45a574e8d90,2026-08-01,0,3,no_position_no_time,0.06666696
2,14c61c7773a2028d,2026-08-01,0,2,no_position_no_time,0.09334694
2,14c62956e76d2e4a,2026-08-01,0,4,no_position_no_time,0.07634404
2,14ebb1fa31aa4638,2026-08-01,0,1,no_position_no_time,0.08399155
2,14ee3ee125c66a82,2026-08-01,0,1,no_position_no_time,0.08142876
2,15049f5b0cfd5d2a,2026-08-01,0,3,no_position_no_time,0.081503905
2,1555ce399e3c4e04,2026-08-01,0,4,no_position_no_time,0.055953633
2,155e1390ce1f7afa,2026-08-01,0,1,no_position_no_time,0.09401668
2,155e65db796b7aae,2026-08-01,0,1,no_position_no_time,0.07606629
2,157ac6af440e2615,2026-08-01,0,3,no_position_no_time,0.06930994
2,1583e9f5a1e015b8,2026-08-01,0,3,no_position_no_time,0.11634014
2,158b679f3c60a81f,2026-08-01,0,5,no_position_no_time,0.11810871
2,1591f207075001b7,2026-08-01,1,4,no_position_no_time,0.06844728
2,15c14313ab27bcf8,2026-08-01,0,3,no_position_no_time,0.107994564
2,15cc9838e13b5a20,2026-08-01,0,5,no_position_no_time,0.10490491
2,15cfde4961709699,2026-08-01,0,2,no_position_no_time,0.08913175
2,1606bc0962679437,2026-08-01,1,1,no_position_no_time,0.14170584
2,1629fdc7b650b299,2026-08-01,0,5,no_position_no_time,0.0896194
2,164485913312cbb4,2026-08-01,0,3,no_position_no_time,0.071879126
2,164ca5dad6388a19,2026-08-01,0,4,no_position_no_time,0.11435742
2,167a35c32330108a,2026-08-01,0,2,no_position_no_time,0.11781107
2,167d37464242616a,2026-08-01,0,2,no_position_no_time,0.08020902
2,16e7217742f1d62b,2026-08-01,0,1,no_position_no_time,0.08043168
2,16f533fbf0be3229,2026-08-01,0,2,no_position_no_time,0.094017796
2,171b014ea5564c00,2026-08-01,0,3,no_position_no_time,0.081769764
2,171d2f08f0f4c138,2026-08-01,0,1,no_position_no_time,0.0874651
2,1722dee2d365a5e5,2026-08-01,0,2,no_position_no_time,0.0871414
2,173aa1fb672c8858,2026-08-01,0,5,no_position_no_time,0.07779299
2,174a94baa4018bd3,2026-08-01,0,3,no_position_no_time,0.08057525
2,17b65486e2cfe11f,2026-08-01,0,3,no_position_no_time,0.10043124
2,17be361fe63948a7,2026-08-01,0,5,no_position_no_time,0.08767593
2,18082c8d81db9ce2,2026-08-01,1,2,no_position_no_time,0.09029284
2,185470064f31f939,2026-08-01,0,5,no_position_no_time,0.10858333
2,1884a997e6bdff2a,2026-08-01,0,2,no_position_no_time,0.08967758
2,18a384a759adbbcf,2026-08-01,1,1,no_position_no_time,0.0827447
2,18a7a521b8b1d45a,2026-08-01,0,1,no_position_no_time,0.07828766
2,18c269644f368613,2026-08-01,1,1,no_position_no_time,0.11014848
2,18e46d169a9ce43c,2026-08-01,1,4,no_position_no_time,0.0966497
2,1919397a5f2f1053,2026-08-01,0,4,no_position_no_time,0.10241354
2,19419c609d468f7f,2026-08-01,0,3,no_position_no_time,0.072728254
2,194ea6c13a068908,2026-08-01,0,3,no_position_no_time,0.08098106
2,19629bd3b4ad5f3e,2026-08-01,0,2,no_position_no_time,0.1267254
2,199824b169a4f886,2026-08-01,0,4,no_position_no_time,0.090718746
2,19b5798b887aa905,2026-08-01,1,4,no_position_no_time,0.07134557
2,1a104e02db057e25,2026-08-01,0,2,no_position_no_time,0.08418831
2,1a8809f979f4db2f,2026-08-01,0,5,no_position_no_time,0.102127634
2,1ab078ca72d24705,2026-08-01,0,2,no_position_no_time,0.08782464
2,1b042f285096e5d2,2026-08-01,0,1,no_position_no_time,0.08354955
2,1b0610f758902ed6,2026-08-01,0,4,no_position_no_time,0.06903581
2,1b06c782966dd8c3,2026-08-01,0,4,no_position_no_time,0.10749321
2,1b4bb246f0f92421,2026-08-01,1,3,no_position_no_time,0.078446254
2,1b4d0da17eec2458,2026-08-01,0,4,no_position_no_time,0.04896796
2,1b4d8f0eb9608ebd,2026-08-01,0,1,no_position_no_time,0.08429537
2,1b9310b179a18c93,2026-08-01,0,5,no_position_no_time,0.11270614
2,1b97204d3bc042c5,2026-08-01,0,5,no_position_no_time,0.07752306
2,1ba2b0a7add5dc36,2026-08-01,0,3,no_position_no_time,0.10395452
2,1bae2c0ff6d78441,2026-08-01,0,4,no_position_no_time,0.11532649
2,1bbd3ad7533a80fa,2026-08-01,0,1,no_position_no_time,0.16656779
2,1bd62e037c599a0f,2026-08-01,0,4,no_position_no_time,0.06946949
2,1bdbb4ab20de98a9,2026-08-01,0,1,no_position_no_time,0.091325775
2,1c2142fc1bdc60db,2026-08-01,0,2,no_position_no_time,0.07538716
2,1c376cae76fecc61,2026-08-01,1,2,no_position_no_time,0.08810017
2,1c7b6eb4e4407135,2026-08-01,0,1,no_position_no_time,0.092394136
2,1ca624327684daf8,2026-08-01,0,2,no_position_no_time,0.11325532
2,1d427f6644c5467d,2026-08-01,0,1,no_position_no_time,0.07769102
2,1d6b87a6de99f46f,2026-08-01,0,5,no_position_no_time,0.07869725
2,1d7f109c3015618e,2026-08-01,0,2,no_position_no_time,0.08149639
2,1d9c5c6ce92a9840,2026-08-01,0,3,no_position_no_time,0.061917268
2,1dd852dae32a2563,2026-08-01,0,2,no_position_no_time,0.07294302
2,1df05b2f2c2428b8,2026-08-01,0,3,no_position_no_time,0.067107394
2,1df5013189b88fe9,2026-08-01,0,1,no_position_no_time,0.061807875
2,1e01825fafbe0724,2026-08-01,0,3,no_position_no_time,0.1364382
2,1e36da432c7d24ae,2026-08-01,0,3,no_position_no_time,0.11209458
2,1e38faeae90a7e22,2026-08-01,1,2,no_position_no_time,0.10515007
2,1e4c62e68b25c5e3,2026-08-01,1,2,no_position_no_time,0.09722231
2,1e6728f632b8eb94,2026-08-01,0,4,no_position_no_time,0.09557667
2,1e8c669d58f43946,2026-08-01,0,5,no_position_no_time,0.085179254
2,1eba63c9ecf5841b,2026-08-01,0,4,no_position_no_time,0.1496241
2,1ec3f749614ab081,2026-08-01,0,5,no_position_no_time,0.10558835
2,1ed8df14b0851c6b,2026-08-01,0,1,no_position_no_time,0.092015564
2,1ef916069b4e7db1,2026-08-01,1,1,no_position_no_time,0.10485478
2,1eff163338d91d93,2026-08-01,0,1,no_position_no_time,0.10063966
2,1f33fc248eaed514,2026-08-01,0,5,no_position_no_time,0.12419766
2,1f41c3de28b2b0c0,2026-08-01,0,2,no_position_no_time,0.08243531
2,1f67ddec466b3587,2026-08-01,0,4,no_position_no_time,0.10667005
2,1f70256cf6f769f2,2026-08-01,0,4,no_position_no_time,0.06967558
2,1f84f9a08c5166de,2026-08-01,0,5,no_position_no_time,0.16456091
2,1fe00b831647dc92,2026-08-01,0,3,no_position_no_time,0.064886756
2,1fea87d76272a95e,2026-08-01,0,3,no_position_no_time,0.06065912
2,20215122632251f9,2026-08-01,0,2,no_position_no_time,0.13022907
2,203fcb6cf256dda2,2026-08-01,0,2,no_position_no_time,0.0846793
2,20557597299435c5,2026-08-01,0,5,no_position_no_time,0.06032937
2,205a5812b7c32d06,2026-08-01,0,3,no_position_no_time,0.07658404
2,2081f287948b3a2c,2026-08-01,0,5,no_position_no_time,0.09122767
2,2087d52fa0563c57,2026-08-01,0,1,no_position_no_time,0.08497698
2,2088956d8bf845e6,2026-08-01,0,5,no_position_no_time,0.10901413
2,2090fd43a3ec8e27,2026-08-01,1,2,no_position_no_time,0.1300843
2,20a5157907513a77,2026-08-01,0,5,no_position_no_time,0.09303189
2,20b4d7fe02be724a,2026-08-01,0,4,no_position_no_time,0.109089375
2,20c6d7e0a9a8c211,2026-08-01,0,1,no_position_no_time,0.07874133
2,20d2c63b5d0fe187,2026-08-01,1,4,no_position_no_time,0.0854404
2,210b865f35bcd68c,2026-08-01,0,2,no_position_no_time,0.08292086
2,213ecaebbb89f989,2026-08-01,0,2,no_position_no_time,0.09068987
2,2160ac0aba547862,2026-08-01,0,2,no_position_no_time,0.076687954
2,21842165398f2cce,2026-08-01,0,4,no_position_no_time,0.073375635
2,21ba56b75a9a1165,2026-08-01,0,4,no_position_no_time,0.08739533
2,221b547b5a568c36,2026-08-01,0,4,no_position_no_time,0.07495614
2,2225a14b3583badf,2026-08-01,0,5,no_position_no_time,0.103712365
2,2236f73261f7cb1f,2026-08-01,0,1,no_position_no_time,0.08197319
2,22526ad85ef21089,2026-08-01,0,4,no_position_no_time,0.07567386
2,2266ccdfc0a02c58,2026-08-01,0,2,no_position_no_time,0.079536445
2,226a90d2dec25cc4,2026-08-01,0,1,no_position_no_time,0.08363404
2,227097ae67a6fbb5,2026-08-01,0,1,no_position_no_time,0.07858808
2,22fa0eebebf09395,2026-08-01,0,3,no_position_no_time,0.086430736
2,2324c262c5ca68b0,2026-08-01,0,1,no_position_no_time,0.10229253
2,232fd730f980b772,2026-08-01,0,3,no_position_no_time,0.056936126
2,2380b25082f24324,2026-08-01,0,1,no_position_no_time,0.10659738
2,239742486058f2ab,2026-08-01,0,5,no_position_no_time,0.23554738
2,23a59aca849a7533,2026-08-01,0,5,no_position_no_time,0.09357413
2,23c9fd26eef34bfa,2026-08-01,0,2,no_position_no_time,0.08188623
2,23d4f88574e2f7bc,2026-08-01,0,4,no_position_no_time,0.11556255
2,241b8560c87c46e9,2026-08-01,0,5,no_position_no_time,0.09380142
2,24252b4084cde2b1,2026-08-01,0,4,no_position_no_time,0.058527436
2,246375baf480ec50,2026-08-01,0,3,no_position_no_time,0.07407206
2,247eb77315ee7370,2026-08-01,0,2,no_position_no_time,0.101433866
2,248f30ec2d491b76,2026-08-01,0,4,no_position_no_time,0.08030954
2,24a941aab5da1678,2026-08-01,0,1,no_position_no_time,0.07765037
2,24a9b465f9152ce4,2026-08-01,0,5,no_position_no_time,0.16744007
2,24b387ff6ba39fd1,2026-08-01,0,4,no_position_no_time,0.09811276
2,24c8abb05318ffad,2026-08-01,0,4,no_position_no_time,0.056651827
2,24d2c89f55b6833a,2026-08-01,0,3,no_position_no_time,0.06730583
2,24e074b2c4d805de,2026-08-01,1,4,no_position_no_time,0.09400989
2,25118d6ddbae9a6a,2026-08-01,0,2,no_position_no_time,0.1276035
2,25193ed9f14ab133,2026-08-01,0,1,no_position_no_time,0.06326584
2,253540cc7316781c,2026-08-01,1,1,no_position_no_time,0.07815945
2,255040a62c6ed007,2026-08-01,0,5,no_position_no_time,0.18358502
2,2572493b34a24f24,2026-08-01,0,3,no_position_no_time,0.073962994
2,25808f8fcf651fa8,2026-08-01,0,2,no_position_no_time,0.08298992
2,258a638c1a98bde6,2026-08-01,0,4,no_position_no_time,0.07312719
2,258a69d5673b2da9,2026-08-01,0,2,no_position_no_time,0.07307875
2,25d151fd923200bd,2026-08-01,0,3,no_position_no_time,0.071586244
2,25d4ef0fff26f2c0,2026-08-01,0,2,no_position_no_time,0.10011337
2,25e9641d7bf76cb1,2026-08-01,0,5,no_position_no_time,0.06911029
2,26486659feb5c7de,2026-08-01,0,4,no_position_no_time,0.099463366
2,264b67bfe4c102d4,2026-08-01,0,2,no_position_no_time,0.08772873
2,265bc8417a80656c,2026-08-01,0,3,no_position_no_time,0.104805134
2,267646325b13de20,2026-08-01,0,4,no_position_no_time,0.11997725
2,2685a4212a61ec25,2026-08-01,0,4,no_position_no_time,0.07730706
2,26938111f794c059,2026-08-01,0,4,no_position_no_time,0.10399367
2,2697a618af3916fb,2026-08-01,0,4,no_position_no_time,0.10629142
2,26997fbaa75a5a0e,2026-08-01,0,2,no_position_no_time,0.09079579
2,269ca81df6a9f27f,2026-08-01,0,4,no_position_no_time,0.07132418
2,26c7dcfabd78df74,2026-08-01,1,5,no_position_no_time,0.06691588
2,26c9fa1b8b0e5b06,2026-08-01,0,4,no_position_no_time,0.106308565
2,26d4a35b09540b10,2026-08-01,0,1,no_position_no_time,0.13071683
2,26e94f4b8510796d,2026-08-01,1,4,no_position_no_time,0.08303389
2,26ff8ea964146e6f,2026-08-01,0,2,no_position_no_time,0.10201862
2,271863777db80338,2026-08-01,0,4,no_position_no_time,0.07461028
2,2731630aa33aef25,2026-08-01,0,5,no_position_no_time,0.12357832
2,2738874e2d8cc28e,2026-08-01,0,4,no_position_no_time,0.08804494
2,2753f3bedbd5706e,2026-08-01,1,3,no_position_no_time,0.09412967
2,2772cf7738939a04,2026-08-01,0,3,no_position_no_time,0.06825265
2,277cc00c9a0f742a,2026-08-01,0,5,no_position_no_time,0.084806934
2,278ad97f85b849a2,2026-08-01,1,5,no_position_no_time,0.098565556
2,27c39b3aa6fcd143,2026-08-01,0,2,no_position_no_time,0.08309889
2,27d61b898f503dd7,2026-08-01,0,1,no_position_no_time,0.072262846
2,284ad06ccfdd5060,2026-08-01,0,5,no_position_no_time,0.07827409
2,286a96b6811b48c0,2026-08-01,0,4,no_position_no_time,0.121375464
2,2871546f860a5807,2026-08-01,0,1,no_position_no_time,0.078114
2,2872372896b8aee7,2026-08-01,0,5,no_position_no_time,0.0701139
2,2886f6b0e32013a3,2026-08-01,1,3,no_position_no_time,0.06571783
2,28a4e244aee6373a,2026-08-01,0,1,no_position_no_time,0.09372251
2,28ae2f2182747a03,2026-08-01,0,1,no_position_no_time,0.08053913
2,28cf87e8f7391fd3,2026-08-01,0,1,no_position_no_time,0.07842558
2,290aca21ab67b2bc,2026-08-01,0,5,no_position_no_time,0.11265002
2,295037162a0866ab,2026-08-01,0,4,no_position_no_time,0.170906
2,298127fe0c0dfd66,2026-08-01,0,4,no_position_no_time,0.073270366
2,298a0293dc35eee4,2026-08-01,0,1,no_position_no_time,0.09417503
2,29b4bff87d3b0d73,2026-08-01,0,5,no_position_no_time,0.1105405
2,29e27c76433c116c,2026-08-01,0,5,no_position_no_time,0.09416478
2,29e35554ac7c2502,2026-08-01,0,1,no_position_no_time,0.08196676
2,29ef2d401a16116f,2026-08-01,0,1,no_position_no_time,0.076421246
2,2a441d4bbc5d9bbc,2026-08-01,0,4,no_position_no_time,0.083114244
2,2a78f6d5c1763781,2026-08-01,0,5,no_position_no_time,0.07207501
2,2aab294695298104,2026-08-01,1,1,no_position_no_time,0.085611954
2,2b2de4c7397aa808,2026-08-01,0,3,no_position_no_time,0.090796195
2,2b3115209667df2c,2026-08-01,0,3,no_position_no_time,0.085507475
2,2b5fd7173b827bb9,2026-08-01,0,1,no_position_no_time,0.09218036
2,2b6533f09391bcbf,2026-08-01,0,3,no_position_no_time,0.08614623
2,2b6fc628fdad4677,2026-08-01,0,5,no_position_no_time,0.13162796
2,2b9d0cf90f907bab,2026-08-01,0,5,no_position_no_time,0.09187502
2,2bf5fd0b35cd50ab,2026-08-01,0,4,no_position_no_time,0.098463625
2,2c07547186211575,2026-08-01,0,5,no_position_no_time,0.089041844
2,2c091dd7c97bb6d0,2026-08-01,0,3,no_position_no_time,0.11636676
2,2c55b782671a5de9,2026-08-01,0,1,no_position_no_time,0.079755515
2,2c575b577a43e020,2026-08-01,0,2,no_position_no_time,0.08959925
2,2cd31b8d7905d872,2026-08-01,1,2,no_position_no_time,0.14304076
2,2cdab4987b6349c8,2026-08-01,0,5,no_position_no_time,0.09800199
2,2cecfa4dc9daed2c,2026-08-01,0,4,no_position_no_time,0.0937927
2,2d2d36864a779291,2026-08-01,0,2,no_position_no_time,0.08432566
2,2d2f2cd5b5c51a27,2026-08-01,0,5,no_position_no_time,0.08401377
2,2d4bf7dbf80cbc23,2026-08-01,1,3,no_position_no_time,0.12654342
2,2d9f5ffa31488632,2026-08-01,0,3,no_position_no_time,0.092015035
2,2dc2618a0461a878,2026-08-01,0,3,no_position_no_time,0.06774441
2,2dc61119af66b7d2,2026-08-01,0,4,no_position_no_time,0.08310381
2,2dc7deb7dd1fc1a6,2026-08-01,1,1,no_position_no_time,0.08256743
2,2de3cfc62ae2284d,2026-08-01,0,4,no_position_no_time,0.10424979
2,2e09794fe8e6f725,2026-08-01,1,5,no_position_no_time,0.1187912
2,2e45d5e78b6b24e8,2026-08-01,0,3,no_position_no_time,0.07536035
2,2e5283fe2369eb5d,2026-08-01,0,4,no_position_no_time,0.08226082
2,2e8be8aa8424f082,2026-08-01,0,1,no_position_no_time,0.116452985
2,2ea2896545f929df,2026-08-01,0,2,no_position_no_time,0.10450673
2,2ee898e37582379a,2026-08-01,0,5,no_position_no_time,0.10929236
2,2ef14206ec1d41ee,2026-08-01,0,3,no_position_no_time,0.09964889
2,2efb9ac29a1976ab,2026-08-01,0,2,no_position_no_time,0.1581541
2,2f06c6a115d5bdb1,2026-08-01,0,3,no_position_no_time,0.09145478
2,2f6d483cd27c5f88,2026-08-01,0,3,no_position_no_time,0.103566065
2,2f784633e16416ee,2026-08-01,0,1,no_position_no_time,0.08228249
2,2f9c99caef391934,2026-08-01,0,2,no_position_no_time,0.08946109
2,2fbac685aed439eb,2026-08-01,0,4,no_position_no_time,0.066494666
2,2fc9a5e965adc900,2026-08-01,0,5,no_position_no_time,0.072032176
2,2fce6cfe52886076,2026-08-01,0,5,no_position_no_time,0.10382946
2,30392afe8398f781,2026-08-01,0,5,no_position_no_time,0.10447143
2,303dce1dbbfe7cb8,2026-08-01,0,3,no_position_no_time,0.07022957
2,3043d8e7ebfe6c08,2026-08-01,0,3,no_position_no_time,0.078985654
2,304ed3ba5f0e2c82,2026-08-01,0,3,no_position_no_time,0.117164984
2,3068a9a70c63364a,2026-08-01,0,2,no_position_no_time,0.07936337
2,308b35bf2cd5d34f,2026-08-01,0,4,no_position_no_time,0.069678895
2,3094aef91d707632,2026-08-01,0,1,no_position_no_time,0.085320316
2,309b2fbebbfc9f7e,2026-08-01,0,3,no_position_no_time,0.073415756
2,30c61393685c68c6,2026-08-01,0,5,no_position_no_time,0.10063916
2,30d1a085603cb12c,2026-08-01,0,3,no_position_no_time,0.07060575
2,30d5ba042b2dd78a,2026-08-01,0,4,no_position_no_time,0.174609
2,3146a14e715c7390,2026-08-01,0,2,no_position_no_time,0.08713416
2,317699f6fb29dfbc,2026-08-01,0,3,no_position_no_time,0.07198712
2,317719e4034c084f,2026-08-01,0,4,no_position_no_time,0.054016367
2,317794b0edc5bb73,2026-08-01,0,3,no_position_no_time,0.08738246
2,31de0ff5500f83e1,2026-08-01,0,5,no_position_no_time,0.061475273
2,31e0fdac46d0b984,2026-08-01,0,5,no_position_no_time,0.10251763
2,31ee851a7087e008,2026-08-01,0,2,no_position_no_time,0.10041173
2,3233025defb0cf39,2026-08-01,0,4,no_position_no_time,0.06922434
2,32593e6e3a1ab49f,2026-08-01,0,3,no_position_no_time,0.1072268
2,3281b405d1e231ef,2026-08-01,0,3,no_position_no_time,0.13587148
2,3286f93217c0e0f9,2026-08-01,0,2,no_position_no_time,0.095765926
2,3292ac928f210fd7,2026-08-01,0,4,no_position_no_time,0.0973969
2,32de86f4e66dd13d,2026-08-01,0,1,no_position_no_time,0.07220073
2,3341dc26bd79955c,2026-08-01,0,5,no_position_no_time,0.0871152
2,335080d2426dbc81,2026-08-01,0,1,no_position_no_time,0.07575531
2,3379e954c4fa7fda,2026-08-01,0,2,no_position_no_time,0.0673558
2,33a7a2381190f201,2026-08-01,0,2,no_position_no_time,0.0799691
2,33b22965a6ca6257,2026-08-01,0,5,no_position_no_time,0.062447295
2,33f930ab56b47aea,2026-08-01,0,1,no_position_no_time,0.08527835
2,34106f1ad5846135,2026-08-01,1,4,no_position_no_time,0.0807708
2,3462ffbcf5c2321d,2026-08-01,0,5,no_position_no_time,0.11839902
2,34798efc7739ef36,2026-08-01,0,4,no_position_no_time,0.09392192
2,34d2fbcfa9ff2a25,2026-08-01,0,2,no_position_no_time,0.093385935
2,34d86d8de73d0139,2026-08-01,0,1,no_position_no_time,0.082801536
2,350c1eb9a827b00a,2026-08-01,0,3,no_position_no_time,0.06393047
2,35356ec1cb10981c,2026-08-01,0,3,no_position_no_time,0.08572957
2,355c63d63a87827a,2026-08-01,0,5,no_position_no_time,0.089542456
2,3563bfbb544def74,2026-08-01,0,2,no_position_no_time,0.11560791
2,35b120336abc56d9,2026-08-01,0,5,no_position_no_time,0.06577121
2,35e6ed93e3a4a5a2,2026-08-01,0,5,no_position_no_time,0.084322706
2,362c8a71185d3d60,2026-08-01,0,5,no_position_no_time,0.088838816
2,365ce891af5abd73,2026-08-01,0,1,no_position_no_time,0.10770215
2,36efab5e771b99f7,2026-08-01,0,3,no_position_no_time,0.104655705
2,372c85910e2ff22f,2026-08-01,0,4,no_position_no_time,0.0917516
2,37531b669ec2b7bb,2026-08-01,0,3,no_position_no_time,0.08535824
2,3756efa7678ae60a,2026-08-01,0,1,no_position_no_time,0.104219556
2,3775d6cbe0ed261e,2026-08-01,0,4,no_position_no_time,0.084251724
2,377ebb3fb1d697f8,2026-08-01,0,1,no_position_no_time,0.083049506
2,379887c6d5e362f8,2026-08-01,0,3,no_position_no_time,0.057527296
2,37a28909c5ae8737,2026-08-01,0,4,no_position_no_time,0.07572795
2,38001967781413e0,2026-08-01,0,2,no_position_no_time,0.109675065
2,3852334a70f3ebe6,2026-08-01,0,4,no_position_no_time,0.083216846
2,38a73f5daa67bc71,2026-08-01,0,5,no_position_no_time,0.12826218
2,38cbf75e904648ba,2026-08-01,0,3,no_position_no_time,0.062013067
2,38e5c39ffd8000e1,2026-08-01,0,1,no_position_no_time,0.09519361
2,38e655f0177de315,2026-08-01,0,4,no_position_no_time,0.06720999
2,39091fe1580e40af,2026-08-01,0,3,no_position_no_time,0.0686512
2,390e31730fbbddbe,2026-08-01,1,3,no_position_no_time,0.09274604
2,391b77c30f5b5541,2026-08-01,0,4,no_position_no_time,0.08204074
2,393d3f6668653b4a,2026-08-01,0,3,no_position_no_time,0.09687439
2,396c0361a6c6d3af,2026-08-01,0,4,no_position_no_time,0.16262093
2,396e34383add291d,2026-08-01,0,2,no_position_no_time,0.09589428
2,39eb62861a61577e,2026-08-01,0,5,no_position_no_time,0.080305055
2,39ec2b2d77ed09c5,2026-08-01,0,4,no_position_no_time,0.10508048
2,3a1ad9da25200b82,2026-08-01,0,3,no_position_no_time,0.061664786
2,3a1fb817043dd1e1,2026-08-01,0,5,no_position_no_time,0.11417342
2,3a227386e0d1e141,2026-08-01,1,5,no_position_no_time,0.094241016
2,3a5445e3c05ba342,2026-08-01,1,1,no_position_no_time,0.14027052
2,3a754c86836f02ba,2026-08-01,0,2,no_position_no_time,0.084062785
2,3aa4046c2516590f,2026-08-01,0,1,no_position_no_time,0.14701022
2,3ab32cd8b3bf3675,2026-08-01,0,3,no_position_no_time,0.084305696
2,3abc03bd4ebaa505,2026-08-01,0,1,no_position_no_time,0.07749458
2,3af6d1815bd26c5b,2026-08-01,0,5,no_position_no_time,0.22920676
2,3b68ed7b710b1263,2026-08-01,0,5,no_position_no_time,0.075987495
2,3bea5ab8c3f9640d,2026-08-01,0,5,no_position_no_time,0.09405944
2,3bf404d47f96f34d,2026-08-01,0,1,no_position_no_time,0.08260779
2,3bf8b9b80f40ee27,2026-08-01,1,2,no_position_no_time,0.08426175
2,3c00ac7e73c43116,2026-08-01,0,2,no_position_no_time,0.07306188
2,3c02cfdb48c403ce,2026-08-01,0,3,no_position_no_time,0.06992458
2,3c276682389ed967,2026-08-01,0,3,no_position_no_time,0.069907404
2,3c94e710463e9273,2026-08-01,0,1,no_position_no_time,0.09510522
2,3cc517449cc6aab3,2026-08-01,1,2,no_position_no_time,0.12793605
2,3cd88e21006a8aee,2026-08-01,0,3,no_position_no_time,0.10870351
2,3cd9fa5134da293f,2026-08-01,0,1,no_position_no_time,0.09594042
2,3cf7311dfbe8e5e0,2026-08-01,0,4,no_position_no_time,0.09187249
2,3d087d99d2401229,2026-08-01,0,2,no_position_no_time,0.0975491
2,3d0f9a1a04d5287e,2026-08-01,0,4,no_position_no_time,0.10440192
2,3d2de6a9ea1c2702,2026-08-01,0,5,no_position_no_time,0.09185272
2,3d5f455cfd246b0e,2026-08-01,0,4,no_position_no_time,0.10145031
2,3d938bac070c4574,2026-08-01,0,5,no_position_no_time,0.07897753
2,3dc2e473a2527175,2026-08-01,0,4,no_position_no_time,0.14897099
2,3dc9a03f4b24c73f,2026-08-01,0,3,no_position_no_time,0.06021615
2,3dcc6469e5e464ed,2026-08-01,0,3,no_position_no_time,0.11196472
2,3dcfe38e87f7309f,2026-08-01,0,4,no_position_no_time,0.09003412
2,3e514f591e2fd387,2026-08-01,0,5,no_position_no_time,0.0757568
2,3e5b59c03bd00128,2026-08-01,0,3,no_position_no_time,0.08973953
2,3e5c0bc6ac533c6a,2026-08-01,1,4,no_position_no_time,0.10056601
2,3e6ae4f17f3adf6e,2026-08-01,0,1,no_position_no_time,0.074209645
2,3e7a2cbe4a49bb1c,2026-08-01,0,1,no_position_no_time,0.063663304
2,3ead1a2d282483fa,2026-08-01,0,2,no_position_no_time,0.0814403
2,3ec0cbd4924dc7f0,2026-08-01,0,4,no_position_no_time,0.08509461
2,3ec5ae27d39f80c3,2026-08-01,0,1,no_position_no_time,0.07795644
2,3ee73d4da4448e15,2026-08-01,0,4,no_position_no_time,0.07425837
2,3f21e1ae5848af49,2026-08-01,0,2,no_position_no_time,0.07466618
2,3f65099b7f3ba3ac,2026-08-01,0,5,no_position_no_time,0.07532285
2,3f661941b9d38c58,2026-08-01,0,2,no_position_no_time,0.08520029
2,3f7db9f75375601f,2026-08-01,0,5,no_position_no_time,0.09863763
2,3f9a2b1f445d66c8,2026-08-01,0,5,no_position_no_time,0.08418591
2,3fa8c19cd3cca929,2026-08-01,0,3,no_position_no_time,0.07839045
2,404ea31dfd6c76b7,2026-08-01,0,3,no_position_no_time,0.07059721
2,40622451c37778a4,2026-08-01,0,4,no_position_no_time,0.06962272
2,407fedfb60cfebe6,2026-08-01,0,3,no_position_no_time,0.11675632
2,40b56cdd7c637ecd,2026-08-01,0,4,no_position_no_time,0.06905935
2,40e465b8f3b930a8,2026-08-01,0,5,no_position_no_time,0.101701416
2,41068fd58b468c98,2026-08-01,1,3,no_position_no_time,0.07161949
2,413cb3a0c26f5a9b,2026-08-01,0,2,no_position_no_time,0.08480833
2,41cbd6fff425a7f1,2026-08-01,0,5,no_position_no_time,0.07490671
2,41d60058347e0d2a,2026-08-01,0,1,no_position_no_time,0.08509886
2,41ef6fc9ea330e17,2026-08-01,0,1,no_position_no_time,0.077123925
2,41f19c90a3f4543f,2026-08-01,1,1,no_position_no_time,0.099453814
2,42075b3c016767c5,2026-08-01,0,5,no_position_no_time,0.0717441
2,423af9a1c71d6896,2026-08-01,0,3,no_position_no_time,0.05821989
2,424b827bf4babb47,2026-08-01,0,4,no_position_no_time,0.07170895
2,4253547bc0894781,2026-08-01,1,1,no_position_no_time,0.07891043
2,42a44e002168505c,2026-08-01,0,1,no_position_no_time,0.06350252
2,42a8c166374cdbc7,2026-08-01,0,1,no_position_no_time,0.06534094
2,42b0192d6e320d37,2026-08-01,0,1,no_position_no_time,0.078232214
2,42c2c727a779c077,2026-08-01,0,1,no_position_no_time,0.1311439
2,42d884f3e981bc6f,2026-08-01,0,1,no_position_no_time,0.091686435
2,4309ff5c610ed1e8,2026-08-01,0,2,no_position_no_time,0.102916166
2,43146c94decff4fd,2026-08-01,0,5,no_position_no_time,0.10291469
2,4321c7867a88d6cf,2026-08-01,0,2,no_position_no_time,0.07750335
2,43617501788a3626,2026-08-01,0,4,no_position_no_time,0.08564335
2,43882bad5ae64bb4,2026-08-01,0,5,no_position_no_time,0.08437708
2,43e8e84299613e7e,2026-08-01,1,3,no_position_no_time,0.057726957
2,43f7be493cc8e494,2026-08-01,0,4,no_position_no_time,0.24338679
2,440981ccd963482c,2026-08-01,0,5,no_position_no_time,0.07464902
2,443ac4d94350eef5,2026-08-01,0,1,no_position_no_time,0.08428838
2,444093fcda7abddf,2026-08-01,0,1,no_position_no_time,0.06895624
2,44c14337f1a1ddb3,2026-08-01,0,2,no_position_no_time,0.09879787
2,44d62850129f1224,2026-08-01,0,2,no_position_no_time,0.085934795
2,44e13c253508af41,2026-08-01,0,1,no_position_no_time,0.06796834
2,453d7743cbe4d38a,2026-08-01,0,4,no_position_no_time,0.13206361
2,4556173d1a37da37,2026-08-01,0,5,no_position_no_time,0.07445301
2,45830523c974415c,2026-08-01,0,3,no_position_no_time,0.061749358
2,45962b99348755ea,2026-08-01,0,1,no_position_no_time,0.080630004
2,45a41c4327c272d4,2026-08-01,0,5,no_position_no_time,0.2205865
2,45ba08cb1b6a33f7,2026-08-01,0,3,no_position_no_time,0.072348975
2,45e3727accae14cc,2026-08-01,0,2,no_position_no_time,0.10330455
2,45e6ed6f7c378ab5,2026-08-01,0,5,no_position_no_time,0.0895832
2,45e82019ec3fb8e5,2026-08-01,1,4,no_position_no_time,0.06857598
2,45f0018bee284ebd,2026-08-01,0,4,no_position_no_time,0.07025501
2,45f37d4b00380bab,2026-08-01,0,3,no_position_no_time,0.07342926
2,467b06a219734489,2026-08-01,0,3,no_position_no_time,0.07234956
2,467b21d889321df4,2026-08-01,0,4,no_position_no_time,0.07544185
2,4694d452d0f7c948,2026-08-01,0,5,no_position_no_time,0.068127535
2,46e38ce228bfad2d,2026-08-01,0,4,no_position_no_time,0.07776193
2,46ec41b40a91244d,2026-08-01,0,2,no_position_no_time,0.08151076
2,4705179b74c96d51,2026-08-01,0,2,no_position_no_time,0.11176221
2,473d518477ed29e2,2026-08-01,0,2,no_position_no_time,0.074819356
2,4745ca2950e2a27e,2026-08-01,1,5,no_position_no_time,0.105821595
2,475b3b971de63916,2026-08-01,0,4,no_position_no_time,0.08032281
2,478bf85df36c3e5f,2026-08-01,1,1,no_position_no_time,0.076179914
2,47ab6db99c5885e0,2026-08-01,0,4,no_position_no_time,0.081720345
2,484d29713711c497,2026-08-01,0,2,no_position_no_time,0.082386345
2,485ecd3bbfb7ed47,2026-08-01,0,1,no_position_no_time,0.08623145
2,4885490c259b67e0,2026-08-01,0,4,no_position_no_time,0.10038647
2,4893383dc18691b7,2026-08-01,0,3,no_position_no_time,0.10695479
2,48b3776b67992886,2026-08-01,1,3,no_position_no_time,0.10188573
2,48bcc4bd8665ceb0,2026-08-01,0,4,no_position_no_time,0.090567805
2,48f67b5056eb739e,2026-08-01,0,4,no_position_no_time,0.118704125
2,48f779a7a610858d,2026-08-01,0,2,no_position_no_time,0.07771311
2,4906d7d7f742425a,2026-08-01,0,1,no_position_no_time,0.06275535
2,491bb4c9c813b20c,2026-08-01,1,2,no_position_no_time,0.11736497
2,495e301d994dbc6f,2026-08-01,0,2,no_position_no_time,0.099821545
2,498d4fab548f295e,2026-08-01,0,4,no_position_no_time,0.066047266
2,499473f7685ae3e5,2026-08-01,0,2,no_position_no_time,0.090251975
2,499a6a19e91a8d41,2026-08-01,0,3,no_position_no_time,0.1170642
2,49a0f5221e47ff34,2026-08-01,0,3,no_position_no_time,0.056581736
2,49b23abb76545120,2026-08-01,0,5,no_position_no_time,0.18482645
2,49bb8af8a7a48b2b,2026-08-01,0,1,no_position_no_time,0.08288397
2,49cd102b98832bdb,2026-08-01,0,2,no_position_no_time,0.09058773
2,49ec2c53b379b863,2026-08-01,0,3,no_position_no_time,0.076025
2,49f3bce4d44a4357,2026-08-01,0,3,no_position_no_time,0.17096291
2,4a09b05e848934e6,2026-08-01,0,1,no_position_no_time,0.14825502
2,4a6d31c66020f7ec,2026-08-01,0,1,no_position_no_time,0.09690938
2,4aa28f394dbc5c6b,2026-08-01,0,4,no_position_no_time,0.10043988
2,4b766a7828a88c79,2026-08-01,0,5,no_position_no_time,0.067397006
2,4b778cf05edd93c8,2026-08-01,0,5,no_position_no_time,0.062127247
2,4b79162135cc7f03,2026-08-01,0,5,no_position_no_time,0.067043535
2,4ba8c98b1a327ca7,2026-08-01,0,1,no_position_no_time,0.08668581
2,4bafbcafec368426,2026-08-01,0,4,no_position_no_time,0.098687224
2,4bb061533396e623,2026-08-01,0,2,no_position_no_time,0.09276406
2,4bc458b242b9c87f,2026-08-01,0,4,no_position_no_time,0.16248544
2,4bef079f77bb713d,2026-08-01,0,2,no_position_no_time,0.087066405
2,4c1440923fcc9393,2026-08-01,0,3,no_position_no_time,0.09221981
2,4c36846c7ac72a81,2026-08-01,0,4,no_position_no_time,0.11687246
2,4c4b9d6acb8650c9,2026-08-01,0,1,no_position_no_time,0.07948987
2,4d12108e769d607e,2026-08-01,0,2,no_position_no_time,0.09347705
2,4d5638d4e1178ea2,2026-08-01,0,5,no_position_no_time,0.093143165
2,4d771fe67f140ac6,2026-08-01,0,4,no_position_no_time,0.11480029
2,4d833c5bb80c5c5b,2026-08-01,0,5,no_position_no_time,0.09135063
2,4dd68eb21224875b,2026-08-01,0,5,no_position_no_time,0.09263305
2,4dee7695c3ee2dbc,2026-08-01,0,2,no_position_no_time,0.10595508
2,4dfdcef39508ef08,2026-08-01,0,4,no_position_no_time,0.09378684
2,4e07310a6863c0f2,2026-08-01,0,3,no_position_no_time,0.08658364
2,4e0e5877707448d5,2026-08-01,0,1,no_position_no_time,0.061427094
2,4e307f33a1360357,2026-08-01,0,3,no_position_no_time,0.070464544
2,4e438fedccfc381d,2026-08-01,0,1,no_position_no_time,0.08801459
2,4e80b7e5397ed28b,2026-08-01,1,4,no_position_no_time,0.06339997
2,4e8627b7c49a54c1,2026-08-01,0,4,no_position_no_time,0.089135624
2,4e86521699dcd315,2026-08-01,0,1,no_position_no_time,0.14028724
2,4ed6825b5d444d4c,2026-08-01,1,4,no_position_no_time,0.12646471
2,4efa4623975067f6,2026-08-01,0,3,no_position_no_time,0.06050135
2,4eff5c46ea30c529,2026-08-01,0,5,no_position_no_time,0.11384383
2,4f0aa5580e31235b,2026-08-01,0,5,no_position_no_time,0.11794311
2,4f10eb7972be4ec0,2026-08-01,0,1,no_position_no_time,0.07508767
2,4f2bc0d7721efd76,2026-08-01,1,2,no_position_no_time,0.08130387
2,4f7005c5518d7a61,2026-08-01,0,3,no_position_no_time,0.09818763
2,4fbcffdfa4b4d0bc,2026-08-01,0,1,no_position_no_time,0.057786994
2,4fc62a433f698456,2026-08-01,1,4,no_position_no_time,0.07162247
2,4fd8407850a571b2,2026-08-01,0,1,no_position_no_time,0.06606522
2,50004927d91d695f,2026-08-01,0,5,no_position_no_time,0.0874495
2,500547dba5ec0ec8,2026-08-01,0,4,no_position_no_time,0.15484603
2,501f6b5e1ff805ac,2026-08-01,0,2,no_position_no_time,0.08757228
2,505dabb2a7459650,2026-08-01,1,1,no_position_no_time,0.08570312
2,507a0b544625b8cc,2026-08-01,0,1,no_position_no_time,0.10167804
2,508018f9159da5d8,2026-08-01,0,3,no_position_no_time,0.08355612
2,508e9f2595b06550,2026-08-01,0,2,no_position_no_time,0.07893367
2,50b49e8daa0c174a,2026-08-01,0,4,no_position_no_time,0.09676133
2,50ba9f01cd371747,2026-08-01,0,1,no_position_no_time,0.08691327
2,50d8eae2070a8e10,2026-08-01,0,1,no_position_no_time,0.11274388
2,50f7c9f757b89416,2026-08-01,0,4,no_position_no_time,0.062029283
2,50fc75ead6701c81,2026-08-01,0,3,no_position_no_time,0.096980825
2,51026950862ce3ee,2026-08-01,0,4,no_position_no_time,0.09299679
2,5176ac8750767d32,2026-08-01,0,3,no_position_no_time,0.06185569
2,51b5d05faeca4740,2026-08-01,0,2,no_position_no_time,0.08165279
2,52559640c5b28744,2026-08-01,0,3,no_position_no_time,0.08762918
2,526433d020e54ad9,2026-08-01,0,4,no_position_no_time,0.14494452
2,526c49ec9feb6b7b,2026-08-01,0,1,no_position_no_time,0.075715736
2,5297240d73718681,2026-08-01,0,5,no_position_no_time,0.07171603
2,529b3fb761a2559e,2026-08-01,0,5,no_position_no_time,0.09923527
2,529c476addc82a4a,2026-08-01,0,2,no_position_no_time,0.10165181
2,52cf8d9995ac4051,2026-08-01,0,3,no_position_no_time,0.069484405
2,52eff94128c03798,2026-08-01,0,2,no_position_no_time,0.12965554
2,5334a3c52c6b959e,2026-08-01,0,2,no_position_no_time,0.08349112
2,533d8ab80cd89e18,2026-08-01,0,2,no_position_no_time,0.07685892
2,533f46af49946668,2026-08-01,1,4,no_position_no_time,0.08816677
2,53524cbef0fee712,2026-08-01,1,4,no_position_no_time,0.08314353
2,5391df97ff7f2083,2026-08-01,0,2,no_position_no_time,0.08512491
2,53b665d2e407e6c1,2026-08-01,0,4,no_position_no_time,0.07434995
2,53c6754ae37daf83,2026-08-01,0,1,no_position_no_time,0.09101357
2,53e428ace5dc1c1f,2026-08-01,0,4,no_position_no_time,0.08978026
2,53f40bfdbdfcaddb,2026-08-01,0,5,no_position_no_time,0.08289808
2,542946d2e571db19,2026-08-01,0,5,no_position_no_time,0.08047602
2,543068d026f7f2e9,2026-08-01,0,4,no_position_no_time,0.14349663
2,543db342e4831a56,2026-08-01,0,3,no_position_no_time,0.082165316
2,54598b07108935bc,2026-08-01,0,3,no_position_no_time,0.07287873
2,5545c6b3dea0a3c3,2026-08-01,0,5,no_position_no_time,0.048390605
2,559f156dc2450d17,2026-08-01,0,5,no_position_no_time,0.092446916
2,55a114d71b40e582,2026-08-01,0,4,no_position_no_time,0.07087147
2,55ba9d9aa6e7c68a,2026-08-01,0,4,no_position_no_time,0.110319175
2,55e70e0ec4883a2f,2026-08-01,1,3,no_position_no_time,0.071367845
2,563baf9700423263,2026-08-01,0,1,no_position_no_time,0.27767456
2,56480125155191e9,2026-08-01,0,1,no_position_no_time,0.110458076
2,564bdf8dff485543,2026-08-01,0,2,no_position_no_time,0.08728996
2,56614a877374565b,2026-08-01,0,3,no_position_no_time,0.09770561
2,566be8e909cc66a3,2026-08-01,0,1,no_position_no_time,0.06329834
2,56892d2764776b81,2026-08-01,0,1,no_position_no_time,0.10016014
2,56aa70003a23c06c,2026-08-01,1,1,no_position_no_time,0.072936535
2,56b669e578c4a5b1,2026-08-01,0,1,no_position_no_time,0.06773675
2,56b820cd59942b5f,2026-08-01,0,1,no_position_no_time,0.07780432
2,56be4750c43455a9,2026-08-01,0,2,no_position_no_time,0.1002546
2,56cd460bfa72a68b,2026-08-01,0,4,no_position_no_time,0.14290753
2,56f60c1065421093,2026-08-01,0,3,no_position_no_time,0.07211723
2,579777e5714082c0,2026-08-01,0,3,no_position_no_time,0.09146314
2,57c56e0493d28a95,2026-08-01,0,3,no_position_no_time,0.08104469
2,57e2b3c2e22ac1d9,2026-08-01,0,1,no_position_no_time,0.08524793
2,58a47002a6e6cfa6,2026-08-01,0,3,no_position_no_time,0.0682182
2,58c140c345e8bf9f,2026-08-01,0,1,no_position_no_time,0.08574206
2,58de711e5e071997,2026-08-01,0,2,no_position_no_time,0.08935815
2,58f4ca3b34ed7413,2026-08-01,0,2,no_position_no_time,0.0932178
2,5938404f013d2fd6,2026-08-01,0,5,no_position_no_time,0.123142555
2,59397f825c87f708,2026-08-01,0,2,no_position_no_time,0.08032949
2,59f26f5c303aa592,2026-08-01,0,5,no_position_no_time,0.09118322
2,5a22ff42df5d9296,2026-08-01,0,3,no_position_no_time,0.08864981
2,5a3bc840ec1c90d2,2026-08-01,1,3,no_position_no_time,0.12622552
2,5a6448dad06d9024,2026-08-01,0,2,no_position_no_time,0.11727825
2,5a98f818b1b278fc,2026-08-01,0,5,no_position_no_time,0.10029289
2,5ac7b92ac720aee9,2026-08-01,0,4,no_position_no_time,0.11071127
2,5b42b619b56c2599,2026-08-01,0,5,no_position_no_time,0.078905344
2,5b6560d90e3251bc,2026-08-01,1,4,no_position_no_time,0.06194913
2,5b777c0f01e3c726,2026-08-01,0,1,no_position_no_time,0.0964971
2,5c260eca176444e9,2026-08-01,0,2,no_position_no_time,0.10558258
2,5c3102c191f29175,2026-08-01,0,5,no_position_no_time,0.089845635
2,5c427fffcf392eb8,2026-08-01,1,3,no_position_no_time,0.11504559
2,5c5232946384cd65,2026-08-01,0,2,no_position_no_time,0.08176478
2,5c707f312cf57caf,2026-08-01,0,3,no_position_no_time,0.06999716
2,5c9e9e414c636137,2026-08-01,0,1,no_position_no_time,0.09879764
2,5ca454975bde5241,2026-08-01,0,3,no_position_no_time,0.074646585
2,5cbbbe0d125b31f1,2026-08-01,0,5,no_position_no_time,0.06589691
2,5cc518b23ee25605,2026-08-01,0,2,no_position_no_time,0.086482584
2,5cd2686cf27532d3,2026-08-01,0,4,no_position_no_time,0.06611388
2,5ce904b8a3fedcfb,2026-08-01,0,1,no_position_no_time,0.18301806
2,5cf50426537f1ba8,2026-08-01,0,2,no_position_no_time,0.09936869
2,5d0f26628cbf8572,2026-08-01,0,1,no_position_no_time,0.08094377
2,5d7553985f62c097,2026-08-01,0,5,no_position_no_time,0.09198254
2,5d88a55e097ba993,2026-08-01,0,1,no_position_no_time,0.128697
2,5d94ebd8658e126c,2026-08-01,0,4,no_position_no_time,0.10148579
2,5db085a28ff6e922,2026-08-01,0,2,no_position_no_time,0.09370641
2,5de73091ff95d3ed,2026-08-01,0,1,no_position_no_time,0.068473354
2,5df0a8d3ff2e339b,2026-08-01,0,3,no_position_no_time,0.058830526
2,5df5f8b84bbaf5f4,2026-08-01,0,5,no_position_no_time,0.0923628
2,5df6fe55b5691b8c,2026-08-01,0,2,no_position_no_time,0.11615519
2,5e06f1adf6437ca9,2026-08-01,0,3,no_position_no_time,0.073036335
2,5e0e1a8c14dfa278,2026-08-01,0,2,no_position_no_time,0.08372971
2,5e44e203b39c4b95,2026-08-01,0,3,no_position_no_time,0.09851466
2,5e4d7798c33e8292,2026-08-01,0,2,no_position_no_time,0.0876434
2,5e5652c1e87323ec,2026-08-01,0,1,no_position_no_time,0.08053165
2,5e5b9319f184f028,2026-08-01,0,4,no_position_no_time,0.09514879
2,5e6911148dba1fd2,2026-08-01,0,5,no_position_no_time,0.0939344
2,5e7d20424189a85f,2026-08-01,0,2,no_position_no_time,0.08168016
2,5e91f4986d64cfc5,2026-08-01,0,1,no_position_no_time,0.08187546
2,5ea5eb79d222d8e1,2026-08-01,0,1,no_position_no_time,0.11045138
2,5ebd93e81a7eef4a,2026-08-01,0,2,no_position_no_time,0.08508277
2,5ec261a2720cc940,2026-08-01,1,4,no_position_no_time,0.09462221
2,5edd86060a95f4e1,2026-08-01,0,5,no_position_no_time,0.15427372
2,5f1e5f63f9423856,2026-08-01,1,3,no_position_no_time,0.097919255
2,5f23bdab0208c764,2026-08-01,0,1,no_position_no_time,0.077427074
2,5f2d4a8cde8a9395,2026-08-01,0,5,no_position_no_time,0.06413848
2,5f5edff9d69891b9,2026-08-01,0,2,no_position_no_time,0.088541925
2,5f76fe1a7539c562,2026-08-01,0,5,no_position_no_time,0.08805595
2,5fd9431ca01c89ec,2026-08-01,0,4,no_position_no_time,0.0981649
2,5fee325019158832,2026-08-01,0,2,no_position_no_time,0.07707776
2,600349100c12af68,2026-08-01,0,4,no_position_no_time,0.10641426
2,60266cf1d941260f,2026-08-01,0,1,no_position_no_time,0.080017656
2,6032a3e5a3ebb080,2026-08-01,0,5,no_position_no_time,0.10138178
2,606dc15e3bbf9449,2026-08-01,0,4,no_position_no_time,0.075862475
2,6084557f4de25f66,2026-08-01,0,5,no_position_no_time,0.0955985
2,60b60277c08259bb,2026-08-01,0,4,no_position_no_time,0.07630233
2,611448c4c7104b69,2026-08-01,0,1,no_position_no_time,0.11246143
2,6141ac503cd7ff59,2026-08-01,0,2,no_position_no_time,0.08079935
2,614f0090d181b3ed,2026-08-01,0,3,no_position_no_time,0.11945281
2,6169129fc82c6430,2026-08-01,0,5,no_position_no_time,0.10925667
2,61b478be4131c88d,2026-08-01,0,2,no_position_no_time,0.08954614
2,61cc4ce127785404,2026-08-01,0,3,no_position_no_time,0.087500535
2,620c0acec958528e,2026-08-01,0,4,no_position_no_time,0.09289637
2,6222d7a331479ba5,2026-08-01,0,1,no_position_no_time,0.07564939
2,623ada95099cb01c,2026-08-01,1,4,no_position_no_time,0.06491234
2,624d01189d301f8a,2026-08-01,0,5,no_position_no_time,0.059884984
2,625e121405c100e7,2026-08-01,0,3,no_position_no_time,0.1182066
2,6295575ce00f0365,2026-08-01,0,5,no_position_no_time,0.06649807
2,62fcf39e443e8dd2,2026-08-01,0,2,no_position_no_time,0.08793232
2,6345e512b80eaf16,2026-08-01,0,1,no_position_no_time,0.091486916
2,6358f0fc58cc7339,2026-08-01,0,4,no_position_no_time,0.12062379
2,637f53bb54fb8af0,2026-08-01,0,5,no_position_no_time,0.10119839
2,63bd5cb0d0672682,2026-08-01,1,5,no_position_no_time,0.055766184
2,63bdd698166d4220,2026-08-01,0,3,no_position_no_time,0.09125938
2,63f3d78c158f307b,2026-08-01,0,3,no_position_no_time,0.08393351
2,6403bff7c405a640,2026-08-01,0,3,no_position_no_time,0.075700104
2,6411e047581a1397,2026-08-01,0,1,no_position_no_time,0.08226622
2,6442f71926accfb5,2026-08-01,0,4,no_position_no_time,0.087830886
2,646b2adbdf8ad145,2026-08-01,0,1,no_position_no_time,0.078514405
2,64729454ec654165,2026-08-01,0,1,no_position_no_time,0.11851919
2,64895a19d007f378,2026-08-01,0,2,no_position_no_time,0.082295135
2,64de4f7add6b7659,2026-08-01,1,3,no_position_no_time,0.090614215
2,653df39d82ae215f,2026-08-01,0,3,no_position_no_time,0.10803275
2,65521a09c4166ead,2026-08-01,0,4,no_position_no_time,0.086869046
2,65670184484fc894,2026-08-01,0,1,no_position_no_time,0.12490432
2,657d914643a4e9b9,2026-08-01,0,2,no_position_no_time,0.08928884
2,657f72399009b940,2026-08-01,0,3,no_position_no_time,0.08118372
2,6593eaa101bd7dea,2026-08-01,0,2,no_position_no_time,0.091636986
2,65947883d0d6fecb,2026-08-01,0,2,no_position_no_time,0.07000977
2,65a05e5ccb7aed3d,2026-08-01,0,1,no_position_no_time,0.08829455
2,65bcff79b874a870,2026-08-01,0,5,no_position_no_time,0.07239701
2,65ff6c8420b743f8,2026-08-01,1,1,no_position_no_time,0.12411012
2,66018f0cd8b9ac83,2026-08-01,0,3,no_position_no_time,0.08410663
2,66356109f1be47c4,2026-08-01,0,5,no_position_no_time,0.14685103
2,664c117bc6973d65,2026-08-01,0,1,no_position_no_time,0.111075416
2,665e6130510da773,2026-08-01,0,3,no_position_no_time,0.16422257
2,6663e61c641114a7,2026-08-01,0,1,no_position_no_time,0.0995555
2,66c7b700d4ec53b4,2026-08-01,0,3,no_position_no_time,0.08606356
2,66cbb6b1cfe5634d,2026-08-01,0,1,no_position_no_time,0.064104326
2,671d9386a757cc6a,2026-08-01,1,4,no_position_no_time,0.087093316
2,6728f2e0480848a6,2026-08-01,0,2,no_position_no_time,0.08942763
2,673360ecdf903a35,2026-08-01,0,4,no_position_no_time,0.06958829
2,67427d1b875b996f,2026-08-01,0,3,no_position_no_time,0.08317392
2,676adb516ccdac42,2026-08-01,0,4,no_position_no_time,0.09041898
2,67952366f80ab369,2026-08-01,1,4,no_position_no_time,0.10541161
2,67bf5ed66bf78443,2026-08-01,0,2,no_position_no_time,0.116900176
2,67d2147a51b99118,2026-08-01,1,3,no_position_no_time,0.08520667
2,67d58d562e9dc5ac,2026-08-01,0,4,no_position_no_time,0.078122675
2,681e3bbd95ec2a8a,2026-08-01,0,4,no_position_no_time,0.084906265
2,6867ad4a61524d33,2026-08-01,0,2,no_position_no_time,0.07663184
2,69076654f837d15e,2026-08-01,0,1,no_position_no_time,0.06525282
2,692c617c6537fecf,2026-08-01,0,1,no_position_no_time,0.08483564
2,69618cab7a1488c7,2026-08-01,0,3,no_position_no_time,0.09143871
2,6964fd2447b1751f,2026-08-01,0,1,no_position_no_time,0.09558248
2,696fcfb888028ecc,2026-08-01,1,1,no_position_no_time,0.068709806
2,69dd25b6c346c915,2026-08-01,0,3,no_position_no_time,0.08941566
2,69dfdfc1fedeb34c,2026-08-01,0,2,no_position_no_time,0.105221845
2,69e340025c8b6264,2026-08-01,0,5,no_position_no_time,0.1265199
2,69f310b10b6e030d,2026-08-01,0,3,no_position_no_time,0.069628015
2,69f79c1f2a6ab22e,2026-08-01,0,5,no_position_no_time,0.112631485
2,6a0cc348024c6478,2026-08-01,0,3,no_position_no_time,0.095124446
2,6a29fd189b77de56,2026-08-01,0,5,no_position_no_time,0.12535186
2,6a7017c194779e94,2026-08-01,0,5,no_position_no_time,0.095360264
2,6a9647591da4ef7a,2026-08-01,0,1,no_position_no_time,0.12246495
2,6abdc72a8b9b7031,2026-08-01,0,1,no_position_no_time,0.08562614
2,6ad1cbc70ae4f729,2026-08-01,0,5,no_position_no_time,0.08175166
2,6af4c8afc8b52fda,2026-08-01,0,2,no_position_no_time,0.078881815
2,6b0670f986f2dc16,2026-08-01,0,4,no_position_no_time,0.120091945
2,6b4054e406573099,2026-08-01,0,3,no_position_no_time,0.065402314
2,6b9f1aa19824985c,2026-08-01,0,3,no_position_no_time,0.07361389
2,6bdb99579cec658a,2026-08-01,0,2,no_position_no_time,0.07707
2,6c049f8d7a6e0578,2026-08-01,1,5,no_position_no_time,0.12709117
2,6c16a7eb636f6850,2026-08-01,0,1,no_position_no_time,0.08140901
2,6c2e66958c6e7bbc,2026-08-01,0,4,no_position_no_time,0.09859726
2,6c3a1910a088775c,2026-08-01,0,4,no_position_no_time,0.13360511
2,6c5a9fb1bd6fa24b,2026-08-01,0,2,no_position_no_time,0.08667486
2,6c930586268cc2e5,2026-08-01,1,1,no_position_no_time,0.0972903
2,6cb69a5544748f7e,2026-08-01,0,3,no_position_no_time,0.07177262
2,6ced6d169e4340b2,2026-08-01,0,3,no_position_no_time,0.07966886
2,6d0efb14a9530774,2026-08-01,0,4,no_position_no_time,0.080260895
2,6d41eb4030364167,2026-08-01,0,2,no_position_no_time,0.08434588
2,6d766fa773c4ebc6,2026-08-01,0,3,no_position_no_time,0.08207721
2,6daaf71db7866a63,2026-08-01,0,1,no_position_no_time,0.09527516
2,6dc94294c18e6823,2026-08-01,0,4,no_position_no_time,0.07239156
2,6dcf5f2ca2084033,2026-08-01,0,2,no_position_no_time,0.0759345
2,6e038ad2818e1fb3,2026-08-01,0,5,no_position_no_time,0.13820525
2,6e16aec4140a6a36,2026-08-01,0,2,no_position_no_time,0.09094214
2,6e87c3f15e2662d7,2026-08-01,0,3,no_position_no_time,0.07281754
2,6e89f16a84fdbde2,2026-08-01,0,5,no_position_no_time,0.09263941
2,6e9794ab3f2a05d6,2026-08-01,0,4,no_position_no_time,0.09275395
2,6eb3db6ec6d75514,2026-08-01,0,3,no_position_no_time,0.11356937
2,6ee093ee45102b47,2026-08-01,0,1,no_position_no_time,0.093051165
2,6ef0f0e15192f7a6,2026-08-01,0,4,no_position_no_time,0.12330302
2,6f4bb50f2c3dfd67,2026-08-01,0,5,no_position_no_time,0.0588137
2,6f51ee15f8d6d178,2026-08-01,1,3,no_position_no_time,0.096636154
2,6fb5233668b795e2,2026-08-01,0,3,no_position_no_time,0.093413696
2,6fb99d25be8be518,2026-08-01,0,3,no_position_no_time,0.06297811
2,6fcf339ba36a8019,2026-08-01,0,1,no_position_no_time,0.097051695
2,6fdcfb24bae1c337,2026-08-01,0,2,no_position_no_time,0.10066657
2,7038bed5dc02b7ee,2026-08-01,1,3,no_position_no_time,0.098958336
2,7047f54f6392b685,2026-08-01,0,4,no_position_no_time,0.053015877
2,706d6360b7f44331,2026-08-01,1,5,no_position_no_time,0.100121066
2,707841cea48fc7b0,2026-08-01,0,2,no_position_no_time,0.11564086
2,707b49ba1a7c6897,2026-08-01,0,4,no_position_no_time,0.13632363
2,7092b575d5e2adfb,2026-08-01,1,4,no_position_no_time,0.065239124
2,70a51d014d9a7dda,2026-08-01,0,5,no_position_no_time,0.06239462
2,70fec80b341630af,2026-08-01,0,2,no_position_no_time,0.113961905
2,710a42e451eb92df,2026-08-01,0,4,no_position_no_time,0.09673835
2,71172147bfd7c671,2026-08-01,0,1,no_position_no_time,0.07769427
2,71aad5e0843f41a0,2026-08-01,0,2,no_position_no_time,0.09539828
2,71abefc2236697a3,2026-08-01,1,1,no_position_no_time,0.11247234
2,71be0af4877b7ff4,2026-08-01,0,1,no_position_no_time,0.1274366
2,71e65fa88e700b5e,2026-08-01,0,1,no_position_no_time,0.07651348
2,71e82c35102e4167,2026-08-01,0,5,no_position_no_time,0.08072423
2,7254368e1a213aa3,2026-08-01,0,1,no_position_no_time,0.07351211
2,726899221e24da71,2026-08-01,0,2,no_position_no_time,0.09351204
2,72e862d3d3fc3976,2026-08-01,0,4,no_position_no_time,0.07578309
2,73171a02839fb8cc,2026-08-01,0,1,no_position_no_time,0.073825665
2,73328168aa9d5de7,2026-08-01,0,3,no_position_no_time,0.07730013
2,7346e31a95f6c6c3,2026-08-01,1,1,no_position_no_time,0.078127295
2,7388f2d126c4a626,2026-08-01,0,1,no_position_no_time,0.10134512
2,739022c2292c7be5,2026-08-01,0,3,no_position_no_time,0.10168625
2,7395b2d10db13d8b,2026-08-01,0,1,no_position_no_time,0.09685539
2,73abab1dd7897a84,2026-08-01,0,2,no_position_no_time,0.09367132
2,73ce78c8559443d1,2026-08-01,1,5,no_position_no_time,0.098555416
2,73d59b025647887c,2026-08-01,1,4,no_position_no_time,0.08943581
2,73d88bc9e52ef43a,2026-08-01,0,1,no_position_no_time,0.09638587
2,73e734754772e8a2,2026-08-01,0,2,no_position_no_time,0.08836943
2,744075ba3d405c12,2026-08-01,1,1,no_position_no_time,0.10788912
2,74490dabe5c00a8e,2026-08-01,0,3,no_position_no_time,0.09481612
2,7468a2f7a822f716,2026-08-01,0,4,no_position_no_time,0.0735356
2,746b5816151eff77,2026-08-01,0,4,no_position_no_time,0.08378037
2,74731011369d4ab3,2026-08-01,0,2,no_position_no_time,0.10580124
2,74d4faebb3510f67,2026-08-01,0,1,no_position_no_time,0.10274948
2,74d5712c6fd48fb8,2026-08-01,0,5,no_position_no_time,0.09417404
2,759e058ed7136593,2026-08-01,0,4,no_position_no_time,0.11801556
2,75a07dd141093655,2026-08-01,0,3,no_position_no_time,0.06718052
2,763045f02981cff3,2026-08-01,1,1,no_position_no_time,0.08191539
2,7682cf8444fcd542,2026-08-01,0,2,no_position_no_time,0.0811516
2,76ef3cffa4502122,2026-08-01,0,2,no_position_no_time,0.09078875
2,775e9b2c5c97ef6a,2026-08-01,0,4,no_position_no_time,0.08279611
2,7761486321b6d29c,2026-08-01,0,2,no_position_no_time,0.0891696
2,776d215954b7e1cc,2026-08-01,0,4,no_position_no_time,0.10495317
2,777b6fbba4cb13b7,2026-08-01,0,5,no_position_no_time,0.10108394
2,7789e2e6caed575f,2026-08-01,0,5,no_position_no_time,0.100809224
2,77ad83bb86f9237c,2026-08-01,0,3,no_position_no_time,0.080033995
2,77c74f6435e7eb87,2026-08-01,1,2,no_position_no_time,0.089802325
2,77cdf319aaf9cffc,2026-08-01,0,3,no_position_no_time,0.095585115
2,77f78ca6bd293a7d,2026-08-01,0,1,no_position_no_time,0.1450613
2,781077f1637a5740,2026-08-01,0,5,no_position_no_time,0.08366604
2,78302e6d0421d417,2026-08-01,0,1,no_position_no_time,0.06961892
2,784025a50cbc3605,2026-08-01,0,5,no_position_no_time,0.08763841
2,784bd8b9dcff433d,2026-08-01,1,5,no_position_no_time,0.13093175
2,789c6f21fe2c80e3,2026-08-01,0,1,no_position_no_time,0.19871362
2,78cdaf2b01e5f1ff,2026-08-01,0,4,no_position_no_time,0.21054149
2,78eb92bb529e2e7d,2026-08-01,0,5,no_position_no_time,0.09146424
2,794aba3310dcd21b,2026-08-01,0,4,no_position_no_time,0.10560783
2,79618d7d6d994386,2026-08-01,1,5,no_position_no_time,0.064622715
2,7963d389e9b7d876,2026-08-01,0,1,no_position_no_time,0.09562561
2,7963da1e1c5cc865,2026-08-01,0,2,no_position_no_time,0.0822886
2,798e7ad1d8b9a389,2026-08-01,0,2,no_position_no_time,0.08086107
2,799254a983202990,2026-08-01,0,4,no_position_no_time,0.07531938
2,79954dfc4546941d,2026-08-01,0,1,no_position_no_time,0.08068926
2,79a4584e7f53b7ee,2026-08-01,0,2,no_position_no_time,0.073544785
2,79d0896c075969e5,2026-08-01,0,1,no_position_no_time,0.08539793
2,79e496dc09b57ed9,2026-08-01,0,4,no_position_no_time,0.0676696
2,7a2fbe838482ca99,2026-08-01,0,2,no_position_no_time,0.11165232
2,7a2fe21c6a2577c1,2026-08-01,0,3,no_position_no_time,0.106674284
2,7a34539c8392957a,2026-08-01,0,4,no_position_no_time,0.06984708
2,7a3c8de7b45e7080,2026-08-01,0,1,no_position_no_time,0.08843456
2,7a94e61e678e942b,2026-08-01,0,1,no_position_no_time,0.072277814
2,7acfe318f8afcd13,2026-08-01,0,2,no_position_no_time,0.08411236
2,7aedb0077fee54cc,2026-08-01,0,4,no_position_no_time,0.09785149
2,7b15ff83fc652e74,2026-08-01,0,3,no_position_no_time,0.063959084
2,7b275e597131a119,2026-08-01,0,2,no_position_no_time,0.08140966
2,7b324a32c0a9e58e,2026-08-01,1,4,no_position_no_time,0.18676668
2,7b47b26b2f90b127,2026-08-01,0,2,no_position_no_time,0.08357003
2,7b6ee7302ef45c0a,2026-08-01,0,2,no_position_no_time,0.08894581
2,7b74f185d442779f,2026-08-01,0,3,no_position_no_time,0.10661548
2,7ba3dd9ecd3bd65a,2026-08-01,1,3,no_position_no_time,0.07170861
2,7c002a5c9a6321d5,2026-08-01,0,4,no_position_no_time,0.071452804
2,7c049b6830834fc2,2026-08-01,0,4,no_position_no_time,0.0884868
2,7c77caf3a860dc30,2026-08-01,0,2,no_position_no_time,0.082776934
2,7c985a93b3f06571,2026-08-01,0,1,no_position_no_time,0.08841723
2,7c985f930cb0012d,2026-08-01,0,2,no_position_no_time,0.094910495
2,7cc4406e28186410,2026-08-01,1,3,no_position_no_time,0.08240659
2,7ccdee3598ae2d5d,2026-08-01,1,2,no_position_no_time,0.100677066
2,7d1f18abfd5a0dcf,2026-08-01,1,5,no_position_no_time,0.092071176
2,7d1fb63087b2486e,2026-08-01,0,3,no_position_no_time,0.09388283
2,7d21054d359a857f,2026-08-01,0,3,no_position_no_time,0.08682161
2,7d234e5ac11fb1a5,2026-08-01,1,4,no_position_no_time,0.085128725
2,7d5da7adf70118c7,2026-08-01,0,4,no_position_no_time,0.05996774
2,7dacfef2ca8f6a16,2026-08-01,0,2,no_position_no_time,0.0903894
2,7df53badb87d3188,2026-08-01,0,4,no_position_no_time,0.07546287
2,7e3e06a11976e5a9,2026-08-01,0,5,no_position_no_time,0.101280905
2,7e54fffaeeca5f59,2026-08-01,0,2,no_position_no_time,0.08557596
2,7e5d3090ec66e63a,2026-08-01,1,2,no_position_no_time,0.09923166
2,7e89f04f46132dbd,2026-08-01,0,4,no_position_no_time,0.08511364
2,7ea4948a8ad53a56,2026-08-01,1,2,no_position_no_time,0.08099066
2,7ed9c0c5ecb15405,2026-08-01,0,3,no_position_no_time,0.07031842
2,7edd43658bc1f4da,2026-08-01,0,1,no_position_no_time,0.09386213
2,7eeb69a63ce327f4,2026-08-01,0,3,no_position_no_time,0.12860309
2,7f0b872c14158f2c,2026-08-01,0,3,no_position_no_time,0.08357128
2,7f269a4786138d54,2026-08-01,0,3,no_position_no_time,0.089012936
2,7f2873c06f979315,2026-08-01,0,4,no_position_no_time,0.07522406
2,7f4efdcbb3cdaa6a,2026-08-01,0,5,no_position_no_time,0.08085795
2,7f7f3ce60b445b35,2026-08-01,1,4,no_position_no_time,0.1520323
2,7fa0af531179680b,2026-08-01,0,3,no_position_no_time,0.07382197
2,7fa1548ca33e6543,2026-08-01,0,5,no_position_no_time,0.08869098
2,7fcfda8d270bb332,2026-08-01,0,1,no_position_no_time,0.07855802
2,7fd80728dc44093d,2026-08-01,0,1,no_position_no_time,0.07897651
2,80048051c58e38c2,2026-08-01,0,3,no_position_no_time,0.08239285
2,802201740e6d00f9,2026-08-01,0,4,no_position_no_time,0.10824958
2,802f5ce0cec5b906,2026-08-01,0,3,no_position_no_time,0.07086769
2,8067f1c947bf228d,2026-08-01,0,3,no_position_no_time,0.06716264
2,8084c031e1cd0618,2026-08-01,0,1,no_position_no_time,0.082642086
2,80f8e4ee3deff31a,2026-08-01,0,4,no_position_no_time,0.08740385
2,8139e35835b7beed,2026-08-01,0,5,no_position_no_time,0.09089719
2,8150a2f6f2673d75,2026-08-01,0,5,no_position_no_time,0.09446475
2,816680bf5af1e2f8,2026-08-01,0,4,no_position_no_time,0.0801355
2,817313cb13cc74c4,2026-08-01,1,5,no_position_no_time,0.11502324
2,8177c85436b79c51,2026-08-01,0,1,no_position_no_time,0.07122436
2,81c5266f5abb87c0,2026-08-01,0,5,no_position_no_time,0.09180631
2,81d09bb7b16c78ef,2026-08-01,1,5,no_position_no_time,0.16354544
2,81f6d7dd74af1482,2026-08-01,0,3,no_position_no_time,0.085789636
2,81f74b5b62dd9e44,2026-08-01,0,3,no_position_no_time,0.06546608
2,82749a7b2d0e4b34,2026-08-01,0,5,no_position_no_time,0.08188262
2,8296f91c979238cd,2026-08-01,0,3,no_position_no_time,0.066959985
2,82c207b9cb03182d,2026-08-01,0,3,no_position_no_time,0.113058574
2,82e1c50a6c88d9cc,2026-08-01,1,3,no_position_no_time,0.0659453
2,8301aa2e1d36c999,2026-08-01,0,2,no_position_no_time,0.071104355
2,831d9ec4da0648f5,2026-08-01,1,3,no_position_no_time,0.08084363
2,83251e024802305e,2026-08-01,0,2,no_position_no_time,0.09141693
2,832acf6c072e9499,2026-08-01,0,1,no_position_no_time,0.055310506
2,83384850613003ab,2026-08-01,0,4,no_position_no_time,0.08904987
2,836c920836dca7aa,2026-08-01,0,1,no_position_no_time,0.084279545
2,83be74df26b20712,2026-08-01,1,3,no_position_no_time,0.08532468
2,83e81b0991e57715,2026-08-01,0,4,no_position_no_time,0.0820904
2,84528937bd74e8b0,2026-08-01,0,1,no_position_no_time,0.06639639
2,8453ccc349f843a6,2026-08-01,0,5,no_position_no_time,0.076794796
2,846c3419bf9e9bd1,2026-08-01,0,5,no_position_no_time,0.08850329
2,847e1d65b29cba09,2026-08-01,1,1,no_position_no_time,0.09790572
2,84902ab0afb0e90a,2026-08-01,0,5,no_position_no_time,0.064044975
2,84927d5278e976fd,2026-08-01,0,1,no_position_no_time,0.13086735
2,851780071d1faa1a,2026-08-01,0,4,no_position_no_time,0.06367913
2,854c3173cba2a0f6,2026-08-01,0,1,no_position_no_time,0.11276802
2,855b92e7240895b8,2026-08-01,0,3,no_position_no_time,0.06834468
2,855cddd032d5e88a,2026-08-01,0,3,no_position_no_time,0.11263362
2,856cc96f52df3ce8,2026-08-01,0,5,no_position_no_time,0.07206452
2,856d8eaf13242fb3,2026-08-01,0,5,no_position_no_time,0.079801485
2,859197d6184a3749,2026-08-01,0,1,no_position_no_time,0.08382137
2,85acd02bd3ddf8b1,2026-08-01,0,5,no_position_no_time,0.07170451
2,85c6585de92c1585,2026-08-01,0,1,no_position_no_time,0.07902449
2,8610ac51fea63c8f,2026-08-01,1,4,no_position_no_time,0.12894516
2,8656e1f43f240ffa,2026-08-01,0,1,no_position_no_time,0.12115966
2,865f5cc676b4e36d,2026-08-01,0,1,no_position_no_time,0.11269628
2,866943486c79c5d6,2026-08-01,0,5,no_position_no_time,0.05332799
2,8687359667a6b24d,2026-08-01,0,3,no_position_no_time,0.12459606
2,86b1cfb68113759d,2026-08-01,0,4,no_position_no_time,0.06780453
2,871422e76ea72bca,2026-08-01,1,5,no_position_no_time,0.0701737
2,873382c4b6554d8e,2026-08-01,0,1,no_position_no_time,0.084480695
2,877707f6b4733fad,2026-08-01,0,3,no_position_no_time,0.10537849
2,8788245188d850b3,2026-08-01,0,5,no_position_no_time,0.097819015
2,87d620d890291908,2026-08-01,0,4,no_position_no_time,0.15350343
2,87dc4c73a0e9a12d,2026-08-01,0,1,no_position_no_time,0.08286599
2,87f8021a08ad6559,2026-08-01,0,5,no_position_no_time,0.1155836
2,881541c27d0c5c5b,2026-08-01,0,1,no_position_no_time,0.07261503
2,884ba1a0b130e1e8,2026-08-01,1,5,no_position_no_time,0.07776932
2,88897071fd06c10f,2026-08-01,0,2,no_position_no_time,0.08503434
2,88adef67fdddacf5,2026-08-01,1,3,no_position_no_time,0.19366138
2,88b5bcd440a2cbb0,2026-08-01,0,3,no_position_no_time,0.074283965
2,88c7bf691911f471,2026-08-01,0,2,no_position_no_time,0.0808142
2,88e7e3b9de00b57f,2026-08-01,0,3,no_position_no_time,0.061505064
2,88f56d3e888dd3fb,2026-08-01,1,1,no_position_no_time,0.11545998
2,89103928e8e4b52d,2026-08-01,0,5,no_position_no_time,0.06958807
2,894ad321785ecdaa,2026-08-01,0,1,no_position_no_time,0.08901406
2,89980c490bf41ba7,2026-08-01,0,1,no_position_no_time,0.0845715
2,89d3839c7c7b9c61,2026-08-01,0,2,no_position_no_time,0.08739655
2,89d455a60bec434b,2026-08-01,1,3,no_position_no_time,0.11417719
2,89d7c1d506dafdcd,2026-08-01,0,2,no_position_no_time,0.078646615
2,89d8614a14451feb,2026-08-01,0,2,no_position_no_time,0.083240494
2,89dae9ebcb30f9cd,2026-08-01,0,5,no_position_no_time,0.138013
2,89f9764d877684a3,2026-08-01,0,5,no_position_no_time,0.062280726
2,8a3b32d1252f1c1c,2026-08-01,0,5,no_position_no_time,0.09867676
2,8a6de3217b58743b,2026-08-01,0,5,no_position_no_time,0.076080136
2,8a7d8db7a098c54e,2026-08-01,0,2,no_position_no_time,0.11056706
2,8ac69bfc921edead,2026-08-01,0,2,no_position_no_time,0.0750233
2,8b3123f7af047f27,2026-08-01,0,1,no_position_no_time,0.087822944
2,8b729743fd7d1003,2026-08-01,0,3,no_position_no_time,0.065636665
2,8bc723d803d7ef65,2026-08-01,1,2,no_position_no_time,0.35912395
2,8bd8e7aa3596e79d,2026-08-01,0,5,no_position_no_time,0.07384032
2,8c244533caa95a40,2026-08-01,0,1,no_position_no_time,0.09008041
2,8c2480a57d00fce7,2026-08-01,1,5,no_position_no_time,0.06922119
2,8c27dd0363373870,2026-08-01,0,5,no_position_no_time,0.17630664
2,8c575c088297d8d1,2026-08-01,0,3,no_position_no_time,0.11126233
2,8c68ccc72e2618a9,2026-08-01,0,5,no_position_no_time,0.0980064
2,8c7773175edf8d9f,2026-08-01,1,5,no_position_no_time,0.07787054
2,8c9b979b7e5a292c,2026-08-01,0,5,no_position_no_time,0.087911956
2,8cdef75f1fe34077,2026-08-01,0,2,no_position_no_time,0.099688925
2,8ced09b8ddea57cd,2026-08-01,0,4,no_position_no_time,0.119248554
2,8d0cd61e28b8209b,2026-08-01,0,4,no_position_no_time,0.12427025
2,8d195e30b904d9f2,2026-08-01,0,1,no_position_no_time,0.1154367
2,8d32884dd4f791ca,2026-08-01,0,2,no_position_no_time,0.08595575
2,8d4f982fa7db555e,2026-08-01,0,1,no_position_no_time,0.106252104
2,8d58a56d3fee9da0,2026-08-01,0,5,no_position_no_time,0.10539713
2,8dbcffefb68b6dd7,2026-08-01,0,3,no_position_no_time,0.080996335
2,8dc54af95a03eb2a,2026-08-01,0,5,no_position_no_time,0.11882647
2,8e018e1cf59e297b,2026-08-01,0,1,no_position_no_time,0.10133274
2,8e8c02f5b92efcf8,2026-08-01,0,4,no_position_no_time,0.09923797
2,8ee245c568edb66a,2026-08-01,0,3,no_position_no_time,0.09419831
2,8ee9c751fa1d27bf,2026-08-01,1,1,no_position_no_time,0.07849812
2,8f0a62da8d5c2e0a,2026-08-01,0,1,no_position_no_time,0.117381305
2,8f0f6987a99d6e63,2026-08-01,0,2,no_position_no_time,0.082000986
2,8f4c9076bc78d03e,2026-08-01,0,1,no_position_no_time,0.08142616
2,8f6fb5b3588fbe6b,2026-08-01,0,4,no_position_no_time,0.10034348
2,8f9dae2f81376be4,2026-08-01,0,4,no_position_no_time,0.080194294
2,8fab20cf9a53b064,2026-08-01,0,2,no_position_no_time,0.08712779
2,8fb19b6befb10034,2026-08-01,0,5,no_position_no_time,0.07980987
2,8fb4d6763deddfbe,2026-08-01,0,5,no_position_no_time,0.07192635
2,8fbc1736f2c099ce,2026-08-01,0,5,no_position_no_time,0.08935148
2,8fbd91da59c6db4a,2026-08-01,0,3,no_position_no_time,0.060451966
2,8fd93b1055d39f00,2026-08-01,0,1,no_position_no_time,0.10124811
2,903512811c0604a0,2026-08-01,1,1,no_position_no_time,0.10101282
2,904dfbb01d368bea,2026-08-01,0,3,no_position_no_time,0.069019236
2,90abf670b93becca,2026-08-01,0,3,no_position_no_time,0.09677381
2,90ace711cdca997e,2026-08-01,0,3,no_position_no_time,0.15600096
2,90ba0dd4c907606d,2026-08-01,0,4,no_position_no_time,0.10279268
2,90c936290168ae7a,2026-08-01,0,4,no_position_no_time,0.084729046
2,90d3e97098e20a3e,2026-08-01,0,2,no_position_no_time,0.08801828
2,90dae62d8b76ea31,2026-08-01,0,1,no_position_no_time,0.08403804
2,90dcd74dad1b0919,2026-08-01,0,1,no_position_no_time,0.0920235
2,9108a9cb8850a9b1,2026-08-01,0,4,no_position_no_time,0.06894116
2,9150cad48ad74666,2026-08-01,1,5,no_position_no_time,0.10179899
2,9160aeeb1909f466,2026-08-01,0,4,no_position_no_time,0.112595886
2,91659fc75cc65828,2026-08-01,0,3,no_position_no_time,0.07318508
2,91c114c18ceb8323,2026-08-01,0,5,no_position_no_time,0.08425251
2,91c6ddc159ca4f56,2026-08-01,0,1,no_position_no_time,0.063850135
2,91d4ab501e1b1f7f,2026-08-01,0,4,no_position_no_time,0.10233804
2,923212e50044d305,2026-08-01,0,4,no_position_no_time,0.08911613
2,923c1866554d3fe8,2026-08-01,0,3,no_position_no_time,0.10090984
2,927db2ad7951aaec,2026-08-01,0,3,no_position_no_time,0.11485981
2,92e370939bee4471,2026-08-01,0,4,no_position_no_time,0.0766889
2,92fc1b40427b5c14,2026-08-01,0,2,no_position_no_time,0.07205951
2,931359d15e10408c,2026-08-01,0,5,no_position_no_time,0.0926516
2,9323e43c015b9bdc,2026-08-01,0,3,no_position_no_time,0.07303757
2,9324409800f96072,2026-08-01,0,5,no_position_no_time,0.11066152
2,9328d83df0c7225c,2026-08-01,0,3,no_position_no_time,0.10455335
2,933168e0a722f493,2026-08-01,0,2,no_position_no_time,0.10388787
2,93ae766eeeb3caf7,2026-08-01,0,1,no_position_no_time,0.06773145
2,93d2dc932375f6b0,2026-08-01,0,3,no_position_no_time,0.07677378
2,9415a58ad83e09c6,2026-08-01,0,2,no_position_no_time,0.09096352
2,943033c4664f5a50,2026-08-01,0,2,no_position_no_time,0.11194905
2,94429b51fff73601,2026-08-01,0,5,no_position_no_time,0.14580221
2,9494484234b4aa76,2026-08-01,0,2,no_position_no_time,0.084265724
2,94c5ab49f4d74468,2026-08-01,0,5,no_position_no_time,0.063284025
2,94e0a6a5898d2ca8,2026-08-01,0,4,no_position_no_time,0.13064228
2,94fa6616f7950bf7,2026-08-01,0,5,no_position_no_time,0.13239196
2,950168ea2fe30257,2026-08-01,0,5,no_position_no_time,0.102892995
2,9523d34e48642da6,2026-08-01,0,3,no_position_no_time,0.08092935
2,9563a1b9660943f8,2026-08-01,0,5,no_position_no_time,0.12123249
2,95642bbea1078de2,2026-08-01,0,2,no_position_no_time,0.0777689
2,95ca11896bf52c08,2026-08-01,0,3,no_position_no_time,0.06285528
2,96062a339e1b8e2d,2026-08-01,0,4,no_position_no_time,0.07969407
2,9609310fe0c53c61,2026-08-01,0,2,no_position_no_time,0.089696065
2,962da81cce17765a,2026-08-01,0,4,no_position_no_time,0.14259924
2,96b06d048cab233b,2026-08-01,0,3,no_position_no_time,0.10175412
2,96c36fa337984982,2026-08-01,0,3,no_position_no_time,0.08036538
2,96ddabc1d78a5c95,2026-08-01,0,5,no_position_no_time,0.06690322
2,97172d0ad2efb13c,2026-08-01,0,1,no_position_no_time,0.06438388
2,9743740677615bfd,2026-08-01,0,1,no_position_no_time,0.0569631
2,97aae12d9333edb1,2026-08-01,0,4,no_position_no_time,0.09843248
2,97c6bc5468ba1099,2026-08-01,0,3,no_position_no_time,0.10187924
2,97ef780afb9fa959,2026-08-01,0,3,no_position_no_time,0.083128124
2,98003ac372be47a8,2026-08-01,0,1,no_position_no_time,0.08206309
2,9840235fa3b1118c,2026-08-01,0,1,no_position_no_time,0.09001313
2,98790ea50a402a9a,2026-08-01,0,2,no_position_no_time,0.086092375
2,9889ef7d78ebf5f0,2026-08-01,0,1,no_position_no_time,0.08189625
2,988a9993ae7afdf6,2026-08-01,0,2,no_position_no_time,0.1093995
2,98b33f1dac028c7e,2026-08-01,1,4,no_position_no_time,0.09652575
2,98b47a68306cbd7c,2026-08-01,0,1,no_position_no_time,0.07323385
2,98f60ce5feb70786,2026-08-01,0,2,no_position_no_time,0.0930222
2,991ee284886adc0a,2026-08-01,0,1,no_position_no_time,0.08343086
2,993019c1e0a71da5,2026-08-01,0,2,no_position_no_time,0.12250308
2,99700ddbed7e7a2e,2026-08-01,0,3,no_position_no_time,0.08612197
2,99b8c431ff10b671,2026-08-01,0,2,no_position_no_time,0.08966405
2,99fb559b1bb4b897,2026-08-01,0,2,no_position_no_time,0.08364265
2,9a3097d4d8cef285,2026-08-01,0,3,no_position_no_time,0.10165805
2,9a7848a403532ad2,2026-08-01,0,2,no_position_no_time,0.0763748
2,9acfa8e7aebe3cfa,2026-08-01,0,1,no_position_no_time,0.08005332
2,9ad6b3b85962209d,2026-08-01,0,2,no_position_no_time,0.09231945
2,9aeda55867385ff6,2026-08-01,0,4,no_position_no_time,0.08799272
2,9af7905abd1bc36a,2026-08-01,0,4,no_position_no_time,0.11871004
2,9b45364df20bdb68,2026-08-01,0,3,no_position_no_time,0.07490202
2,9b95ab0019eb9c67,2026-08-01,1,2,no_position_no_time,0.08535796
2,9b95f7b87ebdffc6,2026-08-01,0,1,no_position_no_time,0.13255204
2,9bc36d8752964a9b,2026-08-01,0,2,no_position_no_time,0.08632936
2,9bc809a36a705942,2026-08-01,0,1,no_position_no_time,0.06846465
2,9c33f16a86a4982e,2026-08-01,0,2,no_position_no_time,0.08231083
2,9c6f75dbf7c8172d,2026-08-01,0,4,no_position_no_time,0.12923425
2,9cfdcce39c2eafb2,2026-08-01,0,2,no_position_no_time,0.08947083
2,9d17403d439cbc8a,2026-08-01,0,2,no_position_no_time,0.10939577
2,9d3830b380338fbf,2026-08-01,0,3,no_position_no_time,0.13914903
2,9d6179d34b00c6ad,2026-08-01,0,4,no_position_no_time,0.07473617
2,9d6e0205943753f4,2026-08-01,0,1,no_position_no_time,0.07553833
2,9d9eb6257a209e40,2026-08-01,1,1,no_position_no_time,0.068593435
2,9da9f0fb1fa8b8c8,2026-08-01,0,4,no_position_no_time,0.08935492
2,9dc141df1cf009a2,2026-08-01,0,4,no_position_no_time,0.09552172
2,9de7064da417f80f,2026-08-01,0,4,no_position_no_time,0.1505801
2,9deeaa1929bbfe55,2026-08-01,1,3,no_position_no_time,0.11473264
2,9df8a8136deab0c3,2026-08-01,0,1,no_position_no_time,0.09617286
2,9e188fc622581c21,2026-08-01,0,1,no_position_no_time,0.10280982
2,9e25262caa2c3cc6,2026-08-01,0,5,no_position_no_time,0.099460624
2,9e2a317310299a5c,2026-08-01,0,4,no_position_no_time,0.09034965
2,9e2c74704ee5731a,2026-08-01,0,5,no_position_no_time,0.10300665
2,9e56bea4487cf51a,2026-08-01,0,3,no_position_no_time,0.059191298
2,9e6b7e6fbc69b77f,2026-08-01,0,1,no_position_no_time,0.07774243
2,9ea8ba795abaa688,2026-08-01,0,4,no_position_no_time,0.15031862
2,9ebe7ce56bce9f2a,2026-08-01,0,5,no_position_no_time,0.077920854
2,9ef2f1fb9453dd9e,2026-08-01,0,2,no_position_no_time,0.18517578
2,9ef9930899dbac2f,2026-08-01,0,1,no_position_no_time,0.07268882
2,9f28aa48c3cb7cbf,2026-08-01,0,4,no_position_no_time,0.049484715
2,9f59d72388e4752f,2026-08-01,0,4,no_position_no_time,0.09703811
2,9f67443ff2604f42,2026-08-01,0,1,no_position_no_time,0.114735134
2,9f6d1f649ad7d8e0,2026-08-01,0,2,no_position_no_time,0.08841677
2,9f7acfe87eb3f068,2026-08-01,0,3,no_position_no_time,0.07001823
2,9f8e93b9b39832b0,2026-08-01,0,1,no_position_no_time,0.08203952
2,9f96af1f260930d9,2026-08-01,0,4,no_position_no_time,0.07509969
2,9f9732690bb27078,2026-08-01,1,1,no_position_no_time,0.14480461
2,9f97a3a59b40ca2d,2026-08-01,0,2,no_position_no_time,0.09284226
2,9f9e8a7b80d4a7fb,2026-08-01,0,5,no_position_no_time,0.08351452
2,9faef82e6cd6106f,2026-08-01,0,3,no_position_no_time,0.10575321
2,9ffa653bdbeb8e8a,2026-08-01,0,1,no_position_no_time,0.07541139
2,a01e86b6afe669b6,2026-08-01,1,1,no_position_no_time,0.06768265
2,a02d0fbd8245a4e1,2026-08-01,0,4,no_position_no_time,0.10050103
2,a03af240ad635dca,2026-08-01,0,3,no_position_no_time,0.08943396
2,a05c42e088e78df1,2026-08-01,0,5,no_position_no_time,0.0834427
2,a06d5f119e3aad96,2026-08-01,0,4,no_position_no_time,0.07400557
2,a0a01969b20e5640,2026-08-01,0,4,no_position_no_time,0.1872288
2,a0b031cb38b16092,2026-08-01,0,4,no_position_no_time,0.13021128
2,a0bc044a15fbe757,2026-08-01,0,1,no_position_no_time,0.15468527
2,a0e724a151584397,2026-08-01,0,1,no_position_no_time,0.099362075
2,a0f5cfda8a99733c,2026-08-01,0,2,no_position_no_time,0.086683586
2,a106421db5895643,2026-08-01,0,1,no_position_no_time,0.07204619
2,a10e0d6af1592b17,2026-08-01,0,4,no_position_no_time,0.05852256
2,a119ba0d75fb7c7c,2026-08-01,0,5,no_position_no_time,0.07707955
2,a126d8417b2ee369,2026-08-01,0,5,no_position_no_time,0.10901962
2,a128a329a175ed28,2026-08-01,0,1,no_position_no_time,0.13159902
2,a1382081e62159a4,2026-08-01,0,1,no_position_no_time,0.08139325
2,a1ad0a5382b58211,2026-08-01,1,4,no_position_no_time,0.09598278
2,a1b2b75ca633a540,2026-08-01,0,5,no_position_no_time,0.06528115
2,a1c8133c5da148a7,2026-08-01,0,5,no_position_no_time,0.08408957
2,a1db46265634ec32,2026-08-01,0,1,no_position_no_time,0.08237767
2,a1dbebb92f69153d,2026-08-01,0,5,no_position_no_time,0.10045554
2,a2143082683ea347,2026-08-01,0,1,no_position_no_time,0.07897748
2,a2600b94a9913dbc,2026-08-01,1,1,no_position_no_time,0.08613945
2,a2b719da995fe1e8,2026-08-01,0,5,no_position_no_time,0.09552172
2,a2cf53b50cb980ae,2026-08-01,1,5,no_position_no_time,0.06681302
2,a2d759e6977f2835,2026-08-01,0,2,no_position_no_time,0.08767067
2,a2da0a0b514b51b0,2026-08-01,0,5,no_position_no_time,0.06040442
2,a2de3eb1aa048e68,2026-08-01,0,2,no_position_no_time,0.08985953
2,a2e268b8f65ba783,2026-08-01,0,5,no_position_no_time,0.07350219
2,a2f42493fbbb8571,2026-08-01,0,3,no_position_no_time,0.1412123
2,a2f610d9637cc429,2026-08-01,0,2,no_position_no_time,0.06869189
2,a2fb0da3c836bbce,2026-08-01,0,2,no_position_no_time,0.12881947
2,a31d85b840c04ca3,2026-08-01,0,5,no_position_no_time,0.110159114
2,a383fe644a8451ed,2026-08-01,0,2,no_position_no_time,0.0775654
2,a3a03227558c41b5,2026-08-01,0,3,no_position_no_time,0.06590693
2,a3b5e0ba9deca188,2026-08-01,0,3,no_position_no_time,0.09461435
2,a3bb35abcff672c9,2026-08-01,0,5,no_position_no_time,0.06478074
2,a3cd2307e2dbc640,2026-08-01,0,1,no_position_no_time,0.06111471
2,a3cd6f7bd1986ba3,2026-08-01,0,1,no_position_no_time,0.10191195
2,a3dea23ed73f02ff,2026-08-01,0,5,no_position_no_time,0.10348938
2,a3fae5de5dfc2fd6,2026-08-01,0,5,no_position_no_time,0.06352081
2,a41e1a6f10e1c09a,2026-08-01,0,3,no_position_no_time,0.09131576
2,a420f67f72b6f8bf,2026-08-01,0,5,no_position_no_time,0.07080379
2,a4ec9e6224825e63,2026-08-01,0,5,no_position_no_time,0.12273205
2,a50deda2245e6b98,2026-08-01,0,2,no_position_no_time,0.1113784
2,a527d04cc7185d1a,2026-08-01,1,3,no_position_no_time,0.0710891
2,a560fb81ad3b118d,2026-08-01,0,1,no_position_no_time,0.061536077
2,a57466e6db115a5c,2026-08-01,0,4,no_position_no_time,0.12564099
2,a57975c6a6c474a2,2026-08-01,0,2,no_position_no_time,0.12520231
2,a5bf7d6fc937cef3,2026-08-01,0,4,no_position_no_time,0.08143148
2,a5c732a8ad69b057,2026-08-01,0,3,no_position_no_time,0.07223698
2,a5ecf0a392194af2,2026-08-01,0,1,no_position_no_time,0.059155423
2,a620697383af856b,2026-08-01,0,5,no_position_no_time,0.103485085
2,a65ded60242d1fb7,2026-08-01,0,2,no_position_no_time,0.087205514
2,a66c2ee1508f6338,2026-08-01,1,4,no_position_no_time,0.070967145
2,a6ae7c1d0d138cdd,2026-08-01,0,3,no_position_no_time,0.09757263
2,a6bc4a1347871e13,2026-08-01,0,4,no_position_no_time,0.07608841
2,a6c00b2d91564a32,2026-08-01,0,3,no_position_no_time,0.061324768
2,a6d1d092ae338fde,2026-08-01,0,5,no_position_no_time,0.10000732
2,a6e155e17b879c8d,2026-08-01,0,3,no_position_no_time,0.092836775
2,a733dade19ae53f4,2026-08-01,0,5,no_position_no_time,0.093364194
2,a78af37ceec5a193,2026-08-01,0,1,no_position_no_time,0.08928575
2,a78beb5a4101dd7c,2026-08-01,0,4,no_position_no_time,0.08124147
2,a7cc5158acc697cb,2026-08-01,0,5,no_position_no_time,0.06688239
2,a830edabe7a9d797,2026-08-01,0,5,no_position_no_time,0.10660146
2,a84b0280e1396fcd,2026-08-01,0,5,no_position_no_time,0.08212674
2,a88a38d20bcece54,2026-08-01,0,1,no_position_no_time,0.09010429
2,a8c89d44d53dc856,2026-08-01,0,4,no_position_no_time,0.13684227
2,a8cb283d3c7797c6,2026-08-01,0,2,no_position_no_time,0.07191354
2,a8d9da62f6b4eae9,2026-08-01,0,4,no_position_no_time,0.06775123
2,a8e03c4fdf4e5e42,2026-08-01,0,3,no_position_no_time,0.07817682
2,a8ec6d9131404507,2026-08-01,1,4,no_position_no_time,0.08509863
2,a8edaf9b9236b36f,2026-08-01,0,2,no_position_no_time,0.10298526
2,a93a7778af354e76,2026-08-01,0,5,no_position_no_time,0.08098633
2,a9853773d97be2e9,2026-08-01,0,1,no_position_no_time,0.08450703
2,a99167563b2408f9,2026-08-01,0,3,no_position_no_time,0.07320478
2,a993c3f829a18225,2026-08-01,0,5,no_position_no_time,0.07953826
2,a9e4a58003a4cc09,2026-08-01,0,2,no_position_no_time,0.077051446
2,a9e5625f46ed2be1,2026-08-01,0,3,no_position_no_time,0.07126784
2,aa2b7237ea0c164e,2026-08-01,0,5,no_position_no_time,0.08876908
2,aa3e70d385b22efe,2026-08-01,0,5,no_position_no_time,0.089210354
2,aa5dd31b583c2bb2,2026-08-01,0,3,no_position_no_time,0.067912325
2,aaa6cb645c2339f5,2026-08-01,0,2,no_position_no_time,0.06747763
2,aac7f68d84e822e6,2026-08-01,0,4,no_position_no_time,0.08868409
2,ab02eb3311ed268d,2026-08-01,0,3,no_position_no_time,0.15542366
2,ab105ccea8dee108,2026-08-01,0,2,no_position_no_time,0.074878015
2,ab14992e71e63f65,2026-08-01,0,1,no_position_no_time,0.06925796
2,ab4a5e3a1a88f1a4,2026-08-01,0,4,no_position_no_time,0.08778512
2,ab54f33cd1aedc2c,2026-08-01,0,4,no_position_no_time,0.073855355
2,ab5bd6d97c272e7b,2026-08-01,0,4,no_position_no_time,0.13911568
2,ab6a31fd6cf3514c,2026-08-01,0,2,no_position_no_time,0.07619406
2,ab6d577dc0367aa3,2026-08-01,0,4,no_position_no_time,0.08805029
2,ab91e2e9d97a490d,2026-08-01,0,4,no_position_no_time,0.09076289
2,aba0c74f8c8c1e58,2026-08-01,0,4,no_position_no_time,0.09253647
2,abaaa5500f004974,2026-08-01,0,1,no_position_no_time,0.06493559
2,abd80393a4d031b3,2026-08-01,0,3,no_position_no_time,0.07741241
2,abefbeacf8d837a6,2026-08-01,0,5,no_position_no_time,0.113657214
2,abfb637f85e686aa,2026-08-01,0,3,no_position_no_time,0.09463147
2,ac0a3438c4b266f1,2026-08-01,0,2,no_position_no_time,0.08465792
2,ac3c445e800aa1ca,2026-08-01,0,4,no_position_no_time,0.14430593
2,ac3e30d321d93bc9,2026-08-01,0,2,no_position_no_time,0.06905238
2,ac7bbb249775f80e,2026-08-01,0,3,no_position_no_time,0.08052507
2,ac86ab6bbd16ae2d,2026-08-01,0,3,no_position_no_time,0.07136374
2,ac9cb06aafc55bb7,2026-08-01,0,1,no_position_no_time,0.076798126
2,acd5fb670b947a7c,2026-08-01,0,3,no_position_no_time,0.079476565
2,ace2fd0ec6cd17c0,2026-08-01,0,2,no_position_no_time,0.08293422
2,aceb9166e6ea9e3c,2026-08-01,0,2,no_position_no_time,0.0736695
2,ad294aaf9163f411,2026-08-01,0,4,no_position_no_time,0.06778687
2,ad4cfa5bc1bc9952,2026-08-01,0,2,no_position_no_time,0.087516636
2,ad620dc1c1a23289,2026-08-01,0,5,no_position_no_time,0.11499681
2,ad68c61c8527db89,2026-08-01,0,3,no_position_no_time,0.08145732
2,ad9f9ad46f76ef1a,2026-08-01,0,3,no_position_no_time,0.12454083
2,adcac29554ca0420,2026-08-01,0,1,no_position_no_time,0.09093967
2,adcf0e9b54c9b3d1,2026-08-01,0,2,no_position_no_time,0.13757832
2,add39e8f9f54127f,2026-08-01,0,2,no_position_no_time,0.073363446
2,addffe80d041bee3,2026-08-01,0,4,no_position_no_time,0.16276585
2,ae0c422aff17b6e6,2026-08-01,0,5,no_position_no_time,0.07269829
2,ae4f44d54274af02,2026-08-01,0,5,no_position_no_time,0.078067645
2,ae513f4774ee4bea,2026-08-01,0,1,no_position_no_time,0.08413393
2,ae63af666e5152a3,2026-08-01,0,5,no_position_no_time,0.09167285
2,ae74c65a1d980abe,2026-08-01,1,3,no_position_no_time,0.062930614
2,ae88dc33b2033f34,2026-08-01,0,4,no_position_no_time,0.07153536
2,ae90a961187d7517,2026-08-01,0,3,no_position_no_time,0.09833297
2,aee09aabaa3a6089,2026-08-01,0,3,no_position_no_time,0.088557824
2,aee65690bae5c744,2026-08-01,0,5,no_position_no_time,0.12515472
2,aef9e42c8b317e99,2026-08-01,0,1,no_position_no_time,0.14193368
2,af00549412802d77,2026-08-01,0,5,no_position_no_time,0.084584184
2,af1b9e6506b47c46,2026-08-01,0,3,no_position_no_time,0.075493455
2,af34bbf275360e12,2026-08-01,0,3,no_position_no_time,0.09006997
2,af66cf622bb7d855,2026-08-01,0,5,no_position_no_time,0.070461296
2,af8dac02ac7a80fa,2026-08-01,0,3,no_position_no_time,0.13685317
2,afbaece3e015cb85,2026-08-01,0,3,no_position_no_time,0.069144025
2,afbcaa167f760f41,2026-08-01,0,1,no_position_no_time,0.10215827
2,afcc19bea829c337,2026-08-01,0,2,no_position_no_time,0.113889545
2,afdc6f91473e162f,2026-08-01,0,2,no_position_no_time,0.08512754
2,afdd5a32b08fe4ed,2026-08-01,0,5,no_position_no_time,0.07331359
2,aff862107be61687,2026-08-01,0,1,no_position_no_time,0.077113874
2,b00593d46073b080,2026-08-01,1,2,no_position_no_time,0.099826664
2,b042d553f34670e9,2026-08-01,0,2,no_position_no_time,0.0947597
2,b04d8293e23014ac,2026-08-01,0,2,no_position_no_time,0.090054445
2,b0636ef7540b9562,2026-08-01,0,3,no_position_no_time,0.079956934
2,b08225648afd2617,2026-08-01,0,3,no_position_no_time,0.075821735
2,b08f396d0d912b19,2026-08-01,1,1,no_position_no_time,0.09799748
2,b0c11fdccd5602f8,2026-08-01,0,4,no_position_no_time,0.10980923
2,b0df88abee12229f,2026-08-01,0,1,no_position_no_time,0.07735796
2,b0f42905841a6279,2026-08-01,0,1,no_position_no_time,0.09145716
2,b1021ac20024a336,2026-08-01,0,4,no_position_no_time,0.0895718
2,b135a726e1406faf,2026-08-01,0,3,no_position_no_time,0.089851186
2,b18b1ed814b96a6f,2026-08-01,0,5,no_position_no_time,0.07782984
2,b191d8beda8323fc,2026-08-01,0,5,no_position_no_time,0.0967466
2,b1e456adc93a6691,2026-08-01,0,4,no_position_no_time,0.18060096
2,b200d82868c3c948,2026-08-01,0,3,no_position_no_time,0.10183713
2,b2298fafe71cf582,2026-08-01,0,5,no_position_no_time,0.13844647
2,b268b655f053d44e,2026-08-01,1,4,no_position_no_time,0.08023947
2,b2817abfeabc595c,2026-08-01,0,2,no_position_no_time,0.07863881
2,b2bc58c5faba8549,2026-08-01,0,1,no_position_no_time,0.102265954
2,b2cf2ee8036de490,2026-08-01,0,2,no_position_no_time,0.093096584
2,b2e8545e3ba42f5b,2026-08-01,0,4,no_position_no_time,0.14550282
2,b3067369708e5062,2026-08-01,0,2,no_position_no_time,0.079445295
2,b328afb6b381f6b4,2026-08-01,0,1,no_position_no_time,0.09558854
2,b38441e4cce50fc0,2026-08-01,0,4,no_position_no_time,0.08486878
2,b3946ea1653a3d03,2026-08-01,0,5,no_position_no_time,0.064446695
2,b39cf66f9ddc0969,2026-08-01,0,2,no_position_no_time,0.11873671
2,b3b4a68bd81a9c56,2026-08-01,0,2,no_position_no_time,0.08663216
2,b3cb4260c1897c9f,2026-08-01,0,5,no_position_no_time,0.079923645
2,b3e79e2eeab3da78,2026-08-01,0,4,no_position_no_time,0.07329899
2,b440d575a07a7ae7,2026-08-01,0,3,no_position_no_time,0.08927837
2,b480be0e73cfba26,2026-08-01,0,1,no_position_no_time,0.059094705
2,b4b766d3f6f07b19,2026-08-01,1,3,no_position_no_time,0.085733145
2,b4bbb3f9b50e5758,2026-08-01,0,2,no_position_no_time,0.07918489
2,b500c1702b0d40bf,2026-08-01,0,4,no_position_no_time,0.06938969
2,b543ed956b53fb21,2026-08-01,0,4,no_position_no_time,0.08358672
2,b55690549255225b,2026-08-01,0,5,no_position_no_time,0.09845174
2,b55a54bce52529d3,2026-08-01,0,4,no_position_no_time,0.14903857
2,b587eabf9fc27b46,2026-08-01,0,4,no_position_no_time,0.13463983
2,b5b3b8c06f921d5b,2026-08-01,0,4,no_position_no_time,0.08438688
2,b5ba6841e623d38b,2026-08-01,0,3,no_position_no_time,0.07839547
2,b5cabf6fb97cd423,2026-08-01,0,5,no_position_no_time,0.11093595
2,b5d50f170b7d2dda,2026-08-01,0,4,no_position_no_time,0.07764034
2,b5ea57dade3035e1,2026-08-01,0,2,no_position_no_time,0.07562083
2,b61fe0a600e53e67,2026-08-01,0,5,no_position_no_time,0.21960868
2,b6227957f4a46b15,2026-08-01,0,3,no_position_no_time,0.12595119
2,b628a13f92c582fb,2026-08-01,0,5,no_position_no_time,0.062065456
2,b6432297ebb680d9,2026-08-01,0,5,no_position_no_time,0.074761234
2,b66de7dc99a03b75,2026-08-01,0,5,no_position_no_time,0.090759315
2,b6784732cfa9033b,2026-08-01,0,3,no_position_no_time,0.0971186
2,b685e41c8bab731f,2026-08-01,1,4,no_position_no_time,0.063583896
2,b68bf369323284ab,2026-08-01,0,4,no_position_no_time,0.14935768
2,b6a2c6ae226605c4,2026-08-01,0,5,no_position_no_time,0.13008222
2,b6ab316e78ea33aa,2026-08-01,0,5,no_position_no_time,0.0731932
2,b6bab12a94a39c91,2026-08-01,1,5,no_position_no_time,0.0939674
2,b6e52720aa621b7b,2026-08-01,0,4,no_position_no_time,0.115121685
2,b72539c4f784d677,2026-08-01,0,3,no_position_no_time,0.10886663
2,b73e5b7e3749b4c1,2026-08-01,0,4,no_position_no_time,0.104197904
2,b76754734cf1d3f1,2026-08-01,0,4,no_position_no_time,0.09960869
2,b77ceefec05f5052,2026-08-01,0,5,no_position_no_time,0.12545033
2,b7813ac4e381057a,2026-08-01,0,2,no_position_no_time,0.08729087
2,b785a16e5adc6e6e,2026-08-01,0,2,no_position_no_time,0.086841024
2,b79af5c11bf23821,2026-08-01,0,3,no_position_no_time,0.097207524
2,b7ca88c8ee1db257,2026-08-01,0,4,no_position_no_time,0.16819501
2,b84d23bef55fb27d,2026-08-01,0,2,no_position_no_time,0.08196893
2,b84de724029ff043,2026-08-01,1,2,no_position_no_time,0.07810197
2,b866c4c79541dd80,2026-08-01,0,4,no_position_no_time,0.07014681
2,b88e14602c1cca91,2026-08-01,0,5,no_position_no_time,0.07296232
2,b8ba5d622f78701d,2026-08-01,0,2,no_position_no_time,0.085036606
2,b91142da717bf492,2026-08-01,0,2,no_position_no_time,0.09425217
2,b915260c55ad110e,2026-08-01,0,4,no_position_no_time,0.11550245
2,b97bc685924b2b14,2026-08-01,1,4,no_position_no_time,0.13419488
2,b995213c5f454619,2026-08-01,0,3,no_position_no_time,0.080224544
2,b99d139ba5745fae,2026-08-01,0,2,no_position_no_time,0.102483295
2,b99dacd6876b11f1,2026-08-01,0,4,no_position_no_time,0.10688535
2,b9bb668c4619a9d3,2026-08-01,0,1,no_position_no_time,0.10126333
2,b9bc9ad70e8844e5,2026-08-01,0,5,no_position_no_time,0.16219777
2,ba0b1332199a75ef,2026-08-01,0,3,no_position_no_time,0.072449364
2,ba507e426e306fa8,2026-08-01,0,1,no_position_no_time,0.096425995
2,ba56366041a0ee65,2026-08-01,0,4,no_position_no_time,0.07676188
2,bab9743e9262c581,2026-08-01,0,2,no_position_no_time,0.07614289
2,badaaef4a5f8a37c,2026-08-01,0,4,no_position_no_time,0.11931657
2,badd80f748ea5ba7,2026-08-01,0,2,no_position_no_time,0.09169221
2,bae2ad75d1edbadc,2026-08-01,0,2,no_position_no_time,0.07305413
2,baf7a0ba49e262f5,2026-08-01,0,1,no_position_no_time,0.08172099
2,bb32b79ffc219bb5,2026-08-01,0,3,no_position_no_time,0.108811416
2,bb36ac794b49610f,2026-08-01,0,1,no_position_no_time,0.08078899
2,bb589db368d5a61b,2026-08-01,0,2,no_position_no_time,0.102972575
2,bb73707694903ca1,2026-08-01,1,2,no_position_no_time,0.101710044
2,bb808329b557e7a4,2026-08-01,0,1,no_position_no_time,0.14826158
2,bbca35f5aa585e71,2026-08-01,0,3,no_position_no_time,0.06781835
2,bbe42c7d65c18409,2026-08-01,0,2,no_position_no_time,0.08298927
2,bbe5f6df6e65ebcf,2026-08-01,0,5,no_position_no_time,0.11733473
2,bbf638f1188b3213,2026-08-01,0,4,no_position_no_time,0.08302776
2,bc0516377fd0c789,2026-08-01,1,3,no_position_no_time,0.06638397
2,bc0f36540d98c664,2026-08-01,0,3,no_position_no_time,0.08957883
2,bc35ef03fd206f95,2026-08-01,0,3,no_position_no_time,0.08106625
2,bc52f54016f9754f,2026-08-01,1,3,no_position_no_time,0.073307045
2,bc9daa107d015da2,2026-08-01,0,1,no_position_no_time,0.09823432
2,bca5f75d75e6b903,2026-08-01,0,1,no_position_no_time,0.08893181
2,bca7323c776cf361,2026-08-01,0,2,no_position_no_time,0.09423864
2,bcd72042a69d4400,2026-08-01,0,3,no_position_no_time,0.07692504
2,bcea6e49d5f12117,2026-08-01,0,5,no_position_no_time,0.07076338
2,bd196adbbbe6d272,2026-08-01,0,3,no_position_no_time,0.07163835
2,bd3bbba5db668ee4,2026-08-01,0,1,no_position_no_time,0.059794992
2,bd3ee64cace2f233,2026-08-01,0,4,no_position_no_time,0.08783951
2,bd47e665f8c8fd80,2026-08-01,0,4,no_position_no_time,0.10176691
2,bd5f3c0a753f6d46,2026-08-01,0,4,no_position_no_time,0.09357836
2,bd786391f3063121,2026-08-01,0,2,no_position_no_time,0.08031996
2,bdd0687bfef2c769,2026-08-01,0,5,no_position_no_time,0.08928458
2,be2763acb14928c9,2026-08-01,0,1,no_position_no_time,0.07932702
2,be31f9fe19958dcd,2026-08-01,0,3,no_position_no_time,0.08380133
2,be55bfc57fcb1ecc,2026-08-01,0,4,no_position_no_time,0.07703248
2,be99309423146bc9,2026-08-01,0,4,no_position_no_time,0.07456344
2,bec242379df0f164,2026-08-01,0,4,no_position_no_time,0.109191336
2,bee383b051728700,2026-08-01,0,5,no_position_no_time,0.09212422
2,bf49b6ce11a0d8f2,2026-08-01,0,1,no_position_no_time,0.08847924
2,bf4e277ca8e326f0,2026-08-01,0,1,no_position_no_time,0.13509412
2,bf4f5bb0fb0aac47,2026-08-01,0,1,no_position_no_time,0.09334502
2,bf6b0f6da3f1211f,2026-08-01,0,4,no_position_no_time,0.07045406
2,bf80315c6b93b0bd,2026-08-01,0,3,no_position_no_time,0.0774167
2,bf96aae12dab5cea,2026-08-01,0,3,no_position_no_time,0.06955496
2,bfbefea4f3d54c2b,2026-08-01,0,2,no_position_no_time,0.09117627
2,c03f0ccfc4b1e691,2026-08-01,0,5,no_position_no_time,0.08324779
2,c0b0908c83a52af3,2026-08-01,0,5,no_position_no_time,0.08957942
2,c0fb3a6ebaf7471b,2026-08-01,0,3,no_position_no_time,0.09229598
2,c18e5108c7114ea2,2026-08-01,0,1,no_position_no_time,0.08826335
2,c1a24df67a6729b9,2026-08-01,0,2,no_position_no_time,0.08910281
2,c1cf1d3e38ece0a3,2026-08-01,0,5,no_position_no_time,0.11878325
2,c1ec39e84e01b13d,2026-08-01,0,4,no_position_no_time,0.086380474
2,c21c163c2bc4340f,2026-08-01,0,2,no_position_no_time,0.09624026
2,c22285f25c000941,2026-08-01,0,1,no_position_no_time,0.07562451
2,c237361491d8aec6,2026-08-01,0,1,no_position_no_time,0.08233818
2,c269c42c707c1226,2026-08-01,0,2,no_position_no_time,0.08512643
2,c2ac788fff250f62,2026-08-01,0,2,no_position_no_time,0.09374371
2,c2aea665a3684745,2026-08-01,0,1,no_position_no_time,0.08382829
2,c2b872c39e93e5e8,2026-08-01,0,5,no_position_no_time,0.07402315
2,c2c8767a669e45f7,2026-08-01,0,2,no_position_no_time,0.07180112
2,c341811d0f584892,2026-08-01,0,2,no_position_no_time,0.08600574
2,c34cdf43a9bf0e3f,2026-08-01,1,1,no_position_no_time,0.09183152
2,c3566876df20aacd,2026-08-01,0,2,no_position_no_time,0.08558984
2,c391ce936f43e12d,2026-08-01,0,4,no_position_no_time,0.07749132
2,c39cf225e095c5d6,2026-08-01,0,1,no_position_no_time,0.06533075
2,c3b37f01052ed126,2026-08-01,0,1,no_position_no_time,0.07946741
2,c3ee74fc801610a1,2026-08-01,0,5,no_position_no_time,0.12065536
2,c3eedfeabc3c1e29,2026-08-01,0,5,no_position_no_time,0.09133304
2,c4a068592a0c7efa,2026-08-01,0,5,no_position_no_time,0.11571319
2,c4a3b83b84cf4e5d,2026-08-01,0,2,no_position_no_time,0.081797935
2,c4aff94c150b5f0c,2026-08-01,0,3,no_position_no_time,0.14385507
2,c4ebe37e01dbbaf1,2026-08-01,0,2,no_position_no_time,0.07698333
2,c506c90dc3fa6cf7,2026-08-01,0,4,no_position_no_time,0.075325325
2,c52fb2600f4882f5,2026-08-01,0,5,no_position_no_time,0.11124486
2,c544bff715a83ec5,2026-08-01,0,2,no_position_no_time,0.07948246
2,c56c2124fb807c05,2026-08-01,0,4,no_position_no_time,0.08846001
2,c57a12c804964398,2026-08-01,0,4,no_position_no_time,0.09165768
2,c5941363aa6aa374,2026-08-01,0,3,no_position_no_time,0.10478534
2,c5a8a90bf1e3f3a2,2026-08-01,0,4,no_position_no_time,0.14004974
2,c5b02ff7eea02877,2026-08-01,0,4,no_position_no_time,0.147128
2,c6010701eda5d7c7,2026-08-01,1,2,no_position_no_time,0.087622695
2,c6136db46d5978df,2026-08-01,1,5,no_position_no_time,0.10362853
2,c61673cec8bcafea,2026-08-01,0,3,no_position_no_time,0.07010746
2,c65305b7ac5e3e4a,2026-08-01,0,1,no_position_no_time,0.05630421
2,c65428b7334127e2,2026-08-01,0,2,no_position_no_time,0.07685677
2,c655419f15aeaf32,2026-08-01,0,3,no_position_no_time,0.07581796
2,c68693ecd7c335dc,2026-08-01,0,5,no_position_no_time,0.110373124
2,c6886c535378c0c6,2026-08-01,0,1,no_position_no_time,0.07041145
2,c6e82197c2f36695,2026-08-01,0,1,no_position_no_time,0.07804814
2,c6ff018dcc2bffb1,2026-08-01,0,2,no_position_no_time,0.072582744
2,c72eec1ae4762763,2026-08-01,0,1,no_position_no_time,0.06210945
2,c740168dbe204354,2026-08-01,0,1,no_position_no_time,0.064203784
2,c758ada5f2176097,2026-08-01,0,1,no_position_no_time,0.10640008
2,c78ca395209ddf86,2026-08-01,0,5,no_position_no_time,0.096802704
2,c78fc8d3bec6f090,2026-08-01,1,5,no_position_no_time,0.14986105
2,c7c36392d8399090,2026-08-01,0,4,no_position_no_time,0.09363461
2,c7cee8aa3e1ddf9d,2026-08-01,0,5,no_position_no_time,0.092745155
2,c8458372ca1c8529,2026-08-01,0,4,no_position_no_time,0.07593572
2,c846f3b00f33a7f4,2026-08-01,0,4,no_position_no_time,0.07048735
2,c848bfb279ad17ab,2026-08-01,0,1,no_position_no_time,0.0786982
2,c873f5884dcf797d,2026-08-01,0,3,no_position_no_time,0.16021487
2,c8a9d532139601cf,2026-08-01,0,1,no_position_no_time,0.12992218
2,c8f3261b0643ede7,2026-08-01,0,3,no_position_no_time,0.078599915
2,c931750751dca250,2026-08-01,0,4,no_position_no_time,0.07880444
2,c96cd77ea0aafd0a,2026-08-01,0,2,no_position_no_time,0.07749169
2,c98c1097d6fccede,2026-08-01,0,3,no_position_no_time,0.07050161
2,ca0d54473b815e77,2026-08-01,0,3,no_position_no_time,0.095786594
2,ca2f51ba2ac6b361,2026-08-01,0,2,no_position_no_time,0.084643975
2,ca52c268f98cb46e,2026-08-01,1,2,no_position_no_time,0.09292735
2,ca6fbaea615ae8f1,2026-08-01,0,3,no_position_no_time,0.11812811
2,ca806908304d10dc,2026-08-01,1,3,no_position_no_time,0.128575
2,caaab56740921539,2026-08-01,0,5,no_position_no_time,0.06931639
2,caea4e9151d2c846,2026-08-01,0,5,no_position_no_time,0.09078554
2,caeff3143d04e56c,2026-08-01,0,2,no_position_no_time,0.12625197
2,caf95081a190441d,2026-08-01,0,5,no_position_no_time,0.08305926
2,caf967e104ba54a4,2026-08-01,0,5,no_position_no_time,0.08386546
2,cb05e2d1aba9337b,2026-08-01,1,3,no_position_no_time,0.12180459
2,cb27467b1f8a695e,2026-08-01,0,2,no_position_no_time,0.09561153
2,cb2b1648a2c7de74,2026-08-01,0,5,no_position_no_time,0.0770218
2,cb2fcd72a8dfff8f,2026-08-01,1,4,no_position_no_time,0.09932756
2,cb42d0af969afda4,2026-08-01,0,5,no_position_no_time,0.1004714
2,cb57c13fcc674c89,2026-08-01,0,1,no_position_no_time,0.087920666
2,cb8c11bc85b48a58,2026-08-01,0,3,no_position_no_time,0.08193202
2,cbad63a83bfd1054,2026-08-01,0,3,no_position_no_time,0.123715974
2,cbc128242137c397,2026-08-01,0,4,no_position_no_time,0.112081334
2,cbc1aa2fe228a11e,2026-08-01,0,2,no_position_no_time,0.08058546
2,cbfb0bf89664a8a9,2026-08-01,0,5,no_position_no_time,0.088432156
2,cc18d23dd71df0ef,2026-08-01,0,3,no_position_no_time,0.081248164
2,cc32a218ffe8a097,2026-08-01,0,4,no_position_no_time,0.08997076
2,cc492ab838450975,2026-08-01,0,2,no_position_no_time,0.07750313
2,cc4da7fac0d79781,2026-08-01,0,1,no_position_no_time,0.07035364
2,cc7ee4594c42ef5d,2026-08-01,0,3,no_position_no_time,0.09681654
2,cc8c102183a8cd78,2026-08-01,0,2,no_position_no_time,0.088668704
2,ccea94d0b23bed23,2026-08-01,0,5,no_position_no_time,0.090723254
2,cd15c6340c591e78,2026-08-01,0,4,no_position_no_time,0.08664296
2,cd1719b670ee0b27,2026-08-01,0,2,no_position_no_time,0.10037092
2,cd66c14ce697ffc7,2026-08-01,0,5,no_position_no_time,0.11404477
2,cd6ce5eed7f1286e,2026-08-01,0,2,no_position_no_time,0.08013298
2,cd70488cd98f16c5,2026-08-01,0,1,no_position_no_time,0.079337396
2,cd803438a6e6bcf7,2026-08-01,0,2,no_position_no_time,0.084138244
2,cdc99d6b72de5a2f,2026-08-01,0,2,no_position_no_time,0.10432166
2,cde002779a102924,2026-08-01,0,5,no_position_no_time,0.14170644
2,cdefb8abac5b1ad8,2026-08-01,1,2,no_position_no_time,0.08539914
2,ce0192f085949305,2026-08-01,0,2,no_position_no_time,0.087712824
2,ce073daec7af1f64,2026-08-01,0,2,no_position_no_time,0.0882466
2,ce0b39ede76edda3,2026-08-01,0,5,no_position_no_time,0.20750457
2,ce3baa91488e1c7e,2026-08-01,1,2,no_position_no_time,0.0837003
2,ce447328571488a2,2026-08-01,1,3,no_position_no_time,0.15005954
2,ce4733e30cfe648c,2026-08-01,0,2,no_position_no_time,0.08100834
2,ce4b26eb1f4d3720,2026-08-01,0,3,no_position_no_time,0.11417223
2,ce98e63e08d79aa8,2026-08-01,0,1,no_position_no_time,0.06930196
2,ceb978d91b6acf53,2026-08-01,0,1,no_position_no_time,0.07580852
2,cedb36482da99557,2026-08-01,0,3,no_position_no_time,0.07568897
2,cee0b81d67fc521a,2026-08-01,0,3,no_position_no_time,0.0815712
2,cf0e8ecbaef57bd0,2026-08-01,0,1,no_position_no_time,0.06942739
2,cf4ebe5f8b151c36,2026-08-01,0,3,no_position_no_time,0.105954856
2,cf7b8472dd7c5265,2026-08-01,0,2,no_position_no_time,0.08608243
2,cfa34661458026b4,2026-08-01,0,4,no_position_no_time,0.11109842
2,cfe9ab974be2a3fb,2026-08-01,0,5,no_position_no_time,0.096931145
2,cff27e651303a36e,2026-08-01,0,3,no_position_no_time,0.071287744
2,d00e7b5be819521b,2026-08-01,1,4,no_position_no_time,0.11177135
2,d020dbdeed8e6273,2026-08-01,0,5,no_position_no_time,0.09166114
2,d0247eca0633a769,2026-08-01,0,5,no_position_no_time,0.09104883
2,d0469a65b7e371ac,2026-08-01,0,1,no_position_no_time,0.08693923
2,d0652202134e01c9,2026-08-01,0,4,no_position_no_time,0.08349624
2,d09092d3a90cb6e2,2026-08-01,0,5,no_position_no_time,0.106269516
2,d0d6e456125a7b48,2026-08-01,0,4,no_position_no_time,0.05261201
2,d1095ae6aac81c01,2026-08-01,0,2,no_position_no_time,0.11450159
2,d10b53c6ee16fe90,2026-08-01,0,1,no_position_no_time,0.060438972
2,d118cffc2003276f,2026-08-01,0,4,no_position_no_time,0.07305934
2,d11b0b9599c37572,2026-08-01,0,1,no_position_no_time,0.10407159
2,d13641a2f77cbe57,2026-08-01,0,3,no_position_no_time,0.06279482
2,d13d8fcd7702b2f4,2026-08-01,0,3,no_position_no_time,0.21249631
2,d1553c652e426e7a,2026-08-01,0,3,no_position_no_time,0.069872536
2,d159d5703def5786,2026-08-01,0,4,no_position_no_time,0.07079564
2,d17cfc12f7d59048,2026-08-01,0,5,no_position_no_time,0.0933894
2,d197dbad181ab2d7,2026-08-01,0,1,no_position_no_time,0.07560935
2,d19a6f20d35486bf,2026-08-01,0,3,no_position_no_time,0.06102023
2,d1b6be818fe5e66b,2026-08-01,0,4,no_position_no_time,0.077778175
2,d1cf93d0896b4b21,2026-08-01,0,2,no_position_no_time,0.08545271
2,d200132d22f60acd,2026-08-01,1,2,no_position_no_time,0.10982335
2,d22c7db255e9718c,2026-08-01,0,2,no_position_no_time,0.092608266
2,d2337f043929077b,2026-08-01,0,3,no_position_no_time,0.07189743
2,d23e81db4f9dd1eb,2026-08-01,0,1,no_position_no_time,0.09820024
2,d2d51497be442a8a,2026-08-01,0,2,no_position_no_time,0.07967413
2,d32c2edb76bcd393,2026-08-01,0,2,no_position_no_time,0.087288804
2,d36006c4916ae4ff,2026-08-01,0,4,no_position_no_time,0.10937572
2,d3ac9b613b12ff2b,2026-08-01,0,1,no_position_no_time,0.08872575
2,d3ba9669e8595142,2026-08-01,0,2,no_position_no_time,0.08154009
2,d3bb1c61e7bf52f8,2026-08-01,0,4,no_position_no_time,0.081609204
2,d3c58b03b50e535c,2026-08-01,0,5,no_position_no_time,0.11261531
2,d3cb32a5943b6907,2026-08-01,0,4,no_position_no_time,0.09211693
2,d3dfdf86b29fb0fe,2026-08-01,0,5,no_position_no_time,0.072329774
2,d414a239b86107d9,2026-08-01,0,1,no_position_no_time,0.11712506
2,d433bb53810a2012,2026-08-01,0,4,no_position_no_time,0.081994556
2,d43e2bb009f5bc91,2026-08-01,0,2,no_position_no_time,0.09180919
2,d455df5d8c4c6219,2026-08-01,0,4,no_position_no_time,0.07906858
2,d47a2df939b02844,2026-08-01,0,5,no_position_no_time,0.08698215
2,d4b1b029faea2717,2026-08-01,0,5,no_position_no_time,0.08299805
2,d4b75911aca226e4,2026-08-01,0,4,no_position_no_time,0.21566316
2,d4b8622052a089b0,2026-08-01,0,5,no_position_no_time,0.0840328
2,d4ebaff61f01eb7c,2026-08-01,0,2,no_position_no_time,0.0857386
2,d5521f10f4119861,2026-08-01,0,4,no_position_no_time,0.15305303
2,d55f38c735ea9e08,2026-08-01,0,5,no_position_no_time,0.09667441
2,d58401de5a8f99a6,2026-08-01,0,4,no_position_no_time,0.11428644
2,d5b3c52b2810c656,2026-08-01,0,5,no_position_no_time,0.09446907
2,d64959903d661250,2026-08-01,1,3,no_position_no_time,0.094843134
2,d65d402c3dc5ba33,2026-08-01,0,2,no_position_no_time,0.082415946
2,d6cec2de94669b1f,2026-08-01,0,2,no_position_no_time,0.07964742
2,d704592d8764a35a,2026-08-01,1,1,no_position_no_time,0.08310504
2,d752907de1be901b,2026-08-01,0,5,no_position_no_time,0.072996415
2,d762cfc1876c21a2,2026-08-01,0,2,no_position_no_time,0.08532335
2,d7873e62cc1ad19f,2026-08-01,0,1,no_position_no_time,0.09521608
2,d7a0ff718ed919d4,2026-08-01,0,5,no_position_no_time,0.07160083
2,d7c098d45cba134f,2026-08-01,0,1,no_position_no_time,0.07828591
2,d7c9bf845fae6266,2026-08-01,0,5,no_position_no_time,0.09235938
2,d8153a4180fe02db,2026-08-01,0,4,no_position_no_time,0.08780748
2,d821ae3cda370911,2026-08-01,0,5,no_position_no_time,0.10308329
2,d82895d0dc149889,2026-08-01,0,4,no_position_no_time,0.08739339
2,d885eef4ba58dbfd,2026-08-01,0,2,no_position_no_time,0.09253775
2,d88eb706657fb6d9,2026-08-01,0,3,no_position_no_time,0.09182215
2,d8d0b9e3569f2d8c,2026-08-01,0,1,no_position_no_time,0.072007686
2,d8e05853a5a086f2,2026-08-01,0,2,no_position_no_time,0.08577191
2,d8e429d45dc48ff7,2026-08-01,0,4,no_position_no_time,0.11193767
2,d912ea6721aae1b0,2026-08-01,0,4,no_position_no_time,0.072112605
2,d95d60d6ba88f1db,2026-08-01,0,5,no_position_no_time,0.08473222
2,d963e3f5f28361ae,2026-08-01,0,1,no_position_no_time,0.0774204
2,d96f714a500b4e14,2026-08-01,0,4,no_position_no_time,0.060989052
2,d982a9eea53bf26d,2026-08-01,0,1,no_position_no_time,0.07932705
2,d9b5a63ecd1efbad,2026-08-01,0,3,no_position_no_time,0.06727498
2,d9c11abe11104f58,2026-08-01,1,2,no_position_no_time,0.10565733
2,d9c65bc44b380478,2026-08-01,1,5,no_position_no_time,0.0689112
2,d9e82491653a703a,2026-08-01,1,3,no_position_no_time,0.07388739
2,d9ff3b449cbfd837,2026-08-01,0,3,no_position_no_time,0.103288546
2,da32b3f3f54c8b95,2026-08-01,1,2,no_position_no_time,0.08242575
2,da49f31b200b7e14,2026-08-01,0,2,no_position_no_time,0.09263496
2,da4a6c835039b4cf,2026-08-01,0,3,no_position_no_time,0.09832144
2,da4e4eda787a95a1,2026-08-01,1,2,no_position_no_time,0.08697355
2,da51a1b06dd8e475,2026-08-01,0,4,no_position_no_time,0.084315486
2,da81a3589936e18d,2026-08-01,0,1,no_position_no_time,0.07104361
2,da9d9419cf71ef96,2026-08-01,0,1,no_position_no_time,0.07969771
2,daeaf2e59f24f6f8,2026-08-01,0,3,no_position_no_time,0.1351079
2,db1b839b8f697dc5,2026-08-01,0,4,no_position_no_time,0.10221481
2,db357dc8a96fe540,2026-08-01,0,2,no_position_no_time,0.11542456
2,db72348bede2e803,2026-08-01,0,3,no_position_no_time,0.100575306
2,db75536eaa8607b5,2026-08-01,0,5,no_position_no_time,0.09361327
2,db76d3eb650baf43,2026-08-01,0,4,no_position_no_time,0.0671147
2,db80e952ad4806e9,2026-08-01,0,4,no_position_no_time,0.09676743
2,dbb3dff5cd3e87bf,2026-08-01,0,3,no_position_no_time,0.06202547
2,dc27a17f97c9999f,2026-08-01,0,1,no_position_no_time,0.07105598
2,dc50e0ad7d76cbcb,2026-08-01,0,1,no_position_no_time,0.061906997
2,dc657e8880ad46f7,2026-08-01,0,2,no_position_no_time,0.088109
2,dc9314285851258f,2026-08-01,0,2,no_position_no_time,0.083789796
2,dc96c4b19288c67e,2026-08-01,0,4,no_position_no_time,0.07641869
2,dcecd5702b81e427,2026-08-01,0,5,no_position_no_time,0.097045235
2,dcfb09de9c9b7657,2026-08-01,0,1,no_position_no_time,0.090335846
2,dd055d8a9df29869,2026-08-01,1,2,no_position_no_time,0.10050582
2,dd45127b81a41d2c,2026-08-01,0,4,no_position_no_time,0.07229941
2,dd46110b54cea3d6,2026-08-01,0,4,no_position_no_time,0.16919458
2,dd644cdaeb5b4273,2026-08-01,0,3,no_position_no_time,0.1165287
2,dd85ae4e77c99b6e,2026-08-01,0,4,no_position_no_time,0.07042219
2,dda9a01437552e19,2026-08-01,0,2,no_position_no_time,0.08687544
2,ddbe875e48fd4603,2026-08-01,0,4,no_position_no_time,0.08358607
2,ddc58b3cba274960,2026-08-01,0,4,no_position_no_time,0.08840332
2,ddccf7bd8ecc3b0e,2026-08-01,0,3,no_position_no_time,0.07069501
2,dddd4ca0ce42a1db,2026-08-01,0,1,no_position_no_time,0.11286901
2,de058e1c8250c1f1,2026-08-01,0,4,no_position_no_time,0.08370858
2,de7a0850d3c1a8d2,2026-08-01,0,3,no_position_no_time,0.07797468
2,de8e371f9617e921,2026-08-01,0,3,no_position_no_time,0.19202735
2,def1b5ba78f28587,2026-08-01,0,5,no_position_no_time,0.09515281
2,df02099efa532a09,2026-08-01,0,3,no_position_no_time,0.06538748
2,df15825802fab8cc,2026-08-01,0,5,no_position_no_time,0.06271479
2,df2c1073b48b5e0f,2026-08-01,0,1,no_position_no_time,0.09406974
2,df4da807224fae44,2026-08-01,0,3,no_position_no_time,0.06332966
2,df720996ec180d46,2026-08-01,0,3,no_position_no_time,0.1265135
2,df816c7ff77a1d0f,2026-08-01,1,5,no_position_no_time,0.113613866
2,dffa05a13d6658a7,2026-08-01,0,5,no_position_no_time,0.07782753
2,e0036651db570a49,2026-08-01,0,3,no_position_no_time,0.12233563
2,e00c6ca759a26a1c,2026-08-01,0,1,no_position_no_time,0.093877904
2,e02d377096cb39e7,2026-08-01,0,4,no_position_no_time,0.084497586
2,e03b5fdfd8756819,2026-08-01,0,2,no_position_no_time,0.08357872
2,e0de95821fcd6427,2026-08-01,0,2,no_position_no_time,0.09704902
2,e0e417bd238ac6d4,2026-08-01,0,2,no_position_no_time,0.10592837
2,e13a3e13415fc6c2,2026-08-01,0,4,no_position_no_time,0.08980598
2,e16231440cf50eb9,2026-08-01,0,3,no_position_no_time,0.0583254
2,e18062ddc29aff75,2026-08-01,0,2,no_position_no_time,0.0707986
2,e1cb05ba0b3c982e,2026-08-01,0,3,no_position_no_time,0.08095239
2,e209698ebde51d8f,2026-08-01,0,3,no_position_no_time,0.10956816
2,e20d2d41cac91406,2026-08-01,0,4,no_position_no_time,0.124659054
2,e20ec284e1cf3853,2026-08-01,0,5,no_position_no_time,0.07195346
2,e21a3e964a6c2712,2026-08-01,0,2,no_position_no_time,0.08367414
2,e2d911ec09621d3e,2026-08-01,0,5,no_position_no_time,0.12782246
2,e2e54325b0b8531e,2026-08-01,0,4,no_position_no_time,0.06083512
2,e2e8de3053e12936,2026-08-01,0,4,no_position_no_time,0.059679903
2,e31681b532cec67d,2026-08-01,0,5,no_position_no_time,0.08505593
2,e3c072f632659efe,2026-08-01,0,5,no_position_no_time,0.11241631
2,e3f4a44b5cb07b91,2026-08-01,0,4,no_position_no_time,0.15344068
2,e3f8d93ebae0dd09,2026-08-01,0,2,no_position_no_time,0.07668409
2,e45f92288e9fe024,2026-08-01,1,2,no_position_no_time,0.104492895
2,e469a2b4b89f06e4,2026-08-01,0,1,no_position_no_time,0.11402629
2,e483230cb05e02c4,2026-08-01,0,5,no_position_no_time,0.11565956
2,e49dd054adea4bdc,2026-08-01,0,5,no_position_no_time,0.088935226
2,e4a7110c5d85898a,2026-08-01,0,3,no_position_no_time,0.06106721
2,e4e4f97564e3c677,2026-08-01,0,5,no_position_no_time,0.09683139
2,e51285e3bf4ef904,2026-08-01,0,2,no_position_no_time,0.09995085
2,e53ed47d4e6ad8e7,2026-08-01,0,4,no_position_no_time,0.135082
2,e53fb1e10036abf4,2026-08-01,0,2,no_position_no_time,0.07150167
2,e544bca75e1f8213,2026-08-01,1,5,no_position_no_time,0.09499565
2,e56cf8b0be39120d,2026-08-01,0,5,no_position_no_time,0.109596305
2,e58f599511875482,2026-08-01,0,2,no_position_no_time,0.08744988
2,e59995251947603d,2026-08-01,0,4,no_position_no_time,0.05213522
2,e5da007f94c3d50c,2026-08-01,0,1,no_position_no_time,0.10938288
2,e5e318c9c04751b5,2026-08-01,0,1,no_position_no_time,0.118129574
2,e5e5565784c41afd,2026-08-01,0,3,no_position_no_time,0.1052688
2,e646f00b48fe69a6,2026-08-01,0,2,no_position_no_time,0.09762599
2,e64d1b068d9c84dc,2026-08-01,0,5,no_position_no_time,0.10172579
2,e664956ca808a4fc,2026-08-01,1,1,no_position_no_time,0.08820427
2,e67e06c7802b77b3,2026-08-01,0,5,no_position_no_time,0.079257235
2,e6e93c9f7312a5f0,2026-08-01,0,4,no_position_no_time,0.101737946
2,e6f0ba9ab2f41c4e,2026-08-01,0,5,no_position_no_time,0.08166256
2,e6f356c46675053b,2026-08-01,0,2,no_position_no_time,0.08478847
2,e71ae69b4e36ec09,2026-08-01,0,5,no_position_no_time,0.21553929
2,e72b5b62dc2c0213,2026-08-01,0,2,no_position_no_time,0.084875405
2,e73a7f75d871ef0b,2026-08-01,0,1,no_position_no_time,0.090482846
2,e754a891e76b8713,2026-08-01,0,2,no_position_no_time,0.08311535
2,e7859343705e9abf,2026-08-01,0,3,no_position_no_time,0.075137064
2,e7889c2bd9e899aa,2026-08-01,0,3,no_position_no_time,0.15509182
2,e79df005a5d196bb,2026-08-01,0,4,no_position_no_time,0.09299418
2,e7bfe06d611bb47e,2026-08-01,0,4,no_position_no_time,0.08346393
2,e8256b53c1909d3a,2026-08-01,1,1,no_position_no_time,0.15972927
2,e86ac2a220204042,2026-08-01,0,2,no_position_no_time,0.075747654
2,e872ef49805a282d,2026-08-01,0,5,no_position_no_time,0.09473612
2,e88b10f578cdc540,2026-08-01,1,1,no_position_no_time,0.07920361
2,e8a34755ae4631ad,2026-08-01,0,4,no_position_no_time,0.08090919
2,e8bae89dc8e68f3e,2026-08-01,0,5,no_position_no_time,0.097701
2,e91f25fc2c7b62cc,2026-08-01,0,2,no_position_no_time,0.09039897
2,e940767d2f913c89,2026-08-01,0,5,no_position_no_time,0.094930895
2,e971a5ed2bc5606e,2026-08-01,0,1,no_position_no_time,0.108655065
2,e994343174492450,2026-08-01,0,4,no_position_no_time,0.11029371
2,e998063965f22eb1,2026-08-01,0,2,no_position_no_time,0.08730203
2,e9a7c89619841761,2026-08-01,0,1,no_position_no_time,0.08505881
2,e9c374cf26088b52,2026-08-01,0,2,no_position_no_time,0.09006339
2,e9cdc7f1823e724c,2026-08-01,0,1,no_position_no_time,0.085865825
2,e9fd156382f4a392,2026-08-01,0,4,no_position_no_time,0.08783815
2,ea0b61f7d6b824ef,2026-08-01,0,3,no_position_no_time,0.13967048
2,ea208e41f6132ea0,2026-08-01,0,3,no_position_no_time,0.0899944
2,ea318e78c0dc5c23,2026-08-01,0,1,no_position_no_time,0.14001755
2,ea339600541dcec4,2026-08-01,0,4,no_position_no_time,0.09504619
2,ea489bba445985ba,2026-08-01,0,1,no_position_no_time,0.09138602
2,ea4e34ff5c7a2fb1,2026-08-01,0,4,no_position_no_time,0.10610496
2,ea7bb723d54d7194,2026-08-01,0,3,no_position_no_time,0.082926184
2,eb0a2a7e48c134f0,2026-08-01,0,1,no_position_no_time,0.07032155
2,eb453ca9d6935d8d,2026-08-01,1,5,no_position_no_time,0.09480652
2,eb5a2cd630c99ef9,2026-08-01,0,1,no_position_no_time,0.09898443
2,eb80180c5c6958cb,2026-08-01,0,3,no_position_no_time,0.073959865
2,ebb0938c60ef5f27,2026-08-01,0,5,no_position_no_time,0.067715
2,ebeb4aa720ca0b3e,2026-08-01,0,2,no_position_no_time,0.08923108
2,ebfdb71fc07e0fcb,2026-08-01,0,3,no_position_no_time,0.10434391
2,ec0ed92a304e8db2,2026-08-01,0,4,no_position_no_time,0.09404531
2,ec2b0bfdcc369bda,2026-08-01,1,4,no_position_no_time,0.07379753
2,ec317ae50e0f0e22,2026-08-01,0,1,no_position_no_time,0.076089226
2,ec3c07105b009d71,2026-08-01,0,3,no_position_no_time,0.07542429
2,ec4270bda48cd8d0,2026-08-01,0,5,no_position_no_time,0.07845968
2,ec50fe70891c2c4a,2026-08-01,0,3,no_position_no_time,0.0675094
2,ec6a62dc20f2d051,2026-08-01,0,2,no_position_no_time,0.07264176
2,ec76208b8a0d2b28,2026-08-01,0,1,no_position_no_time,0.07443357
2,ec89a52e44871ee1,2026-08-01,0,2,no_position_no_time,0.11091993
2,ec8b976c5c25c00c,2026-08-01,0,4,no_position_no_time,0.07893483
2,ec99e61eb25f8a8f,2026-08-01,0,5,no_position_no_time,0.065249115
2,eca15a7f32aef462,2026-08-01,0,4,no_position_no_time,0.09184639
2,ecbfac13cf5350d3,2026-08-01,0,5,no_position_no_time,0.067753494
2,ecd37907806cc0ec,2026-08-01,0,3,no_position_no_time,0.08201705
2,ed3b0a84482d807b,2026-08-01,0,1,no_position_no_time,0.0849679
2,ed4aa6dd738d9791,2026-08-01,0,5,no_position_no_time,0.08105108
2,ed7a6f1763f008fd,2026-08-01,0,1,no_position_no_time,0.07582239
2,edafab4c8b4f78c5,2026-08-01,0,3,no_position_no_time,0.096996404
2,edbcc0afa75832e8,2026-08-01,0,2,no_position_no_time,0.10181018
2,edc187b668bc8589,2026-08-01,0,5,no_position_no_time,0.079789266
2,ede9c1b2e9e47501,2026-08-01,0,3,no_position_no_time,0.09306016
2,ee00b7eff3165815,2026-08-01,0,1,no_position_no_time,0.07504188
2,ee1b287db7178a8f,2026-08-01,1,5,no_position_no_time,0.12676309
2,ee1f1b478eba7038,2026-08-01,1,4,no_position_no_time,0.110230856
2,ee3c3eab4caf4a38,2026-08-01,0,3,no_position_no_time,0.06749031
2,ee486dd4624a201e,2026-08-01,0,2,no_position_no_time,0.12865183
2,ee6c16e2cba319a6,2026-08-01,0,3,no_position_no_time,0.118329845
2,eeb061ad8f746b78,2026-08-01,0,4,no_position_no_time,0.070791416
2,eed0471c3c376379,2026-08-01,0,5,no_position_no_time,0.096202776
2,eef7e63e01f9f7f0,2026-08-01,0,5,no_position_no_time,0.07015547
2,ef089ec05fd4816c,2026-08-01,0,1,no_position_no_time,0.08001653
2,ef18ad7c536b7222,2026-08-01,0,1,no_position_no_time,0.074278966
2,ef3dc28ccf6b80dd,2026-08-01,0,1,no_position_no_time,0.07336237
2,ef6123652670cfdb,2026-08-01,0,4,no_position_no_time,0.15752655
2,ef8a4bb2ae2fc7aa,2026-08-01,0,1,no_position_no_time,0.062390536
2,ef9159ad416d41ae,2026-08-01,0,2,no_position_no_time,0.08923447
2,efd156127d074d61,2026-08-01,1,5,no_position_no_time,0.09477046
2,f0385feab22c1fa8,2026-08-01,0,1,no_position_no_time,0.1533012
2,f08a7608116afea8,2026-08-01,1,4,no_position_no_time,0.10676647
2,f08e478d4894dad5,2026-08-01,0,3,no_position_no_time,0.07505352
2,f0960757a26e4636,2026-08-01,0,5,no_position_no_time,0.06701189
2,f0ef712c3572aa09,2026-08-01,0,2,no_position_no_time,0.11082092
2,f14e5b1df48bff4e,2026-08-01,0,5,no_position_no_time,0.05497589
2,f1589c52e532270c,2026-08-01,0,1,no_position_no_time,0.07773032
2,f16434b543e3b8ec,2026-08-01,0,5,no_position_no_time,0.06869696
2,f1890602c4fa0fa2,2026-08-01,0,5,no_position_no_time,0.09788472
2,f19c76203590f17c,2026-08-01,0,4,no_position_no_time,0.073175035
2,f1b248081340ebbc,2026-08-01,1,1,no_position_no_time,0.06490479
2,f246720fbc2b296e,2026-08-01,0,5,no_position_no_time,0.07273372
2,f24ae8de0fc3cdaf,2026-08-01,0,1,no_position_no_time,0.08255415
2,f258a167ab54476a,2026-08-01,0,2,no_position_no_time,0.076170266
2,f25e0710356b99e3,2026-08-01,0,4,no_position_no_time,0.07105022
2,f268a1e3ea6329f9,2026-08-01,0,4,no_position_no_time,0.1171609
2,f2865814a46d61b9,2026-08-01,0,5,no_position_no_time,0.10231463
2,f2b60f7125002147,2026-08-01,0,1,no_position_no_time,0.07559232
2,f2bfe0d7bd01209a,2026-08-01,1,5,no_position_no_time,0.10466832
2,f2c39cddd05b29f1,2026-08-01,0,1,no_position_no_time,0.093898475
2,f2e12db360475af9,2026-08-01,0,3,no_position_no_time,0.12655686
2,f2f3e8b8e134255c,2026-08-01,0,5,no_position_no_time,0.124567576
2,f312c0ca275c1a98,2026-08-01,0,1,no_position_no_time,0.07546873
2,f3152fe14455dc72,2026-08-01,0,4,no_position_no_time,0.08839553
2,f319f94ad84e694a,2026-08-01,0,5,no_position_no_time,0.14102852
2,f3342644297985e7,2026-08-01,0,2,no_position_no_time,0.079892725
2,f35b88945b0746f8,2026-08-01,0,4,no_position_no_time,0.0763845
2,f386c83f6ca949b9,2026-08-01,0,2,no_position_no_time,0.09542569
2,f3aafd31c4c5250c,2026-08-01,0,3,no_position_no_time,0.07371585
2,f3cfbdf90954795f,2026-08-01,0,1,no_position_no_time,0.07728275
2,f410b177629bd7eb,2026-08-01,0,5,no_position_no_time,0.11089555
2,f491d2e05335a118,2026-08-01,0,3,no_position_no_time,0.13180253
2,f498fe809470f5bc,2026-08-01,0,5,no_position_no_time,0.19859885
2,f4aac3c943c8437a,2026-08-01,0,3,no_position_no_time,0.07778759
2,f4cb7819ac487981,2026-08-01,0,4,no_position_no_time,0.08173019
2,f4cdc2d7ca957111,2026-08-01,0,3,no_position_no_time,0.09319426
2,f503a105e6af961d,2026-08-01,0,4,no_position_no_time,0.09586528
2,f50674bfed9dbc6c,2026-08-01,0,2,no_position_no_time,0.13336304
2,f536c8048a5ab8a9,2026-08-01,0,3,no_position_no_time,0.072124474
2,f53b0762c6ad000b,2026-08-01,0,3,no_position_no_time,0.07036696
2,f53fffbe28bc6353,2026-08-01,0,5,no_position_no_time,0.10834746
2,f54965605ad2e085,2026-08-01,0,5,no_position_no_time,0.08789848
2,f5568f2c68e7c74d,2026-08-01,0,1,no_position_no_time,0.08678696
2,f57e0f208888c4c3,2026-08-01,0,3,no_position_no_time,0.07703976
2,f58acc27341fe7cc,2026-08-01,0,2,no_position_no_time,0.08656898
2,f60df0a21ddcc30c,2026-08-01,0,2,no_position_no_time,0.08528564
2,f643e969cbd14247,2026-08-01,0,3,no_position_no_time,0.1154574
2,f66beb8c208458c1,2026-08-01,0,4,no_position_no_time,0.2103537
2,f691cd3a8bbcf06b,2026-08-01,1,4,no_position_no_time,0.07349557
2,f6e44b8ad8207d2e,2026-08-01,0,4,no_position_no_time,0.12101474
2,f71cd91c475ecca8,2026-08-01,1,5,no_position_no_time,0.09006913
2,f72eb30f4103d68c,2026-08-01,0,5,no_position_no_time,0.09395133
2,f746832c6e950c03,2026-08-01,0,4,no_position_no_time,0.063597985
2,f7aeb3e7370d15a2,2026-08-01,0,2,no_position_no_time,0.084254816
2,f7b256f8a3dfb961,2026-08-01,0,4,no_position_no_time,0.1574056
2,f82387411b7b85ca,2026-08-01,0,5,no_position_no_time,0.09678319
2,f84ee2a94ec04912,2026-08-01,0,5,no_position_no_time,0.09018609
2,f85ee5aa6082e845,2026-08-01,0,3,no_position_no_time,0.08213822
2,f8732470ae7b547f,2026-08-01,0,2,no_position_no_time,0.09562946
2,f87e01972c062749,2026-08-01,0,5,no_position_no_time,0.18530741
2,f8906aa10353b87e,2026-08-01,0,1,no_position_no_time,0.08794561
2,f8c4a72bed23549b,2026-08-01,0,1,no_position_no_time,0.1079314
2,f8e4b3bd7a4f4249,2026-08-01,0,3,no_position_no_time,0.08489882
2,f8ed750a3cfa0966,2026-08-01,0,4,no_position_no_time,0.06495552
2,f8f5d5ac14f4dd7a,2026-08-01,0,5,no_position_no_time,0.085388325
2,f8f6bc396c856e6c,2026-08-01,0,3,no_position_no_time,0.08490582
2,f8fc82bc01c9b4f5,2026-08-01,0,4,no_position_no_time,0.11943397
2,f9097ff8fd63859c,2026-08-01,0,4,no_position_no_time,0.09023309
2,f92919d9a10188d3,2026-08-01,0,3,no_position_no_time,0.056861293
2,f9b09850b08a1a09,2026-08-01,0,1,no_position_no_time,0.07785415
2,f9cf288be3904039,2026-08-01,0,2,no_position_no_time,0.08085995
2,f9de000148aff812,2026-08-01,1,2,no_position_no_time,0.09968033
2,fa94b34450c240ee,2026-08-01,0,4,no_position_no_time,0.06450583
2,fac3967943152bcd,2026-08-01,0,3,no_position_no_time,0.086851254
2,facf11416938b5de,2026-08-01,0,5,no_position_no_time,0.099049896
2,fae21d4ec3979163,2026-08-01,0,5,no_position_no_time,0.09249074
2,fb2800ef040a7165,2026-08-01,0,1,no_position_no_time,0.0828536
2,fb4789afae979d69,2026-08-01,0,1,no_position_no_time,0.08507459
2,fbfec11256103ec2,2026-08-01,0,4,no_position_no_time,0.25814918
2,fc1338e87e0bfd41,2026-08-01,0,4,no_position_no_time,0.08569467
2,fc2d9f0c4f042358,2026-08-01,0,1,no_position_no_time,0.10240122
2,fc3e8acb1157f18e,2026-08-01,0,4,no_position_no_time,0.0878006
2,fc5c4e6269bd85cc,2026-08-01,0,4,no_position_no_time,0.077276915
2,fc9b5995b5341a23,2026-08-01,0,5,no_position_no_time,0.069587685
2,fca7ab780dd30101,2026-08-01,0,2,no_position_no_time,0.089287095
2,fccff1896f6db85b,2026-08-01,0,3,no_position_no_time,0.108173974
2,fcd974f757f5393c,2026-08-01,0,4,no_position_no_time,0.09849763
2,fd03b2adda65fe3b,2026-08-01,0,3,no_position_no_time,0.08095152
2,fd4003ce77985cec,2026-08-01,0,3,no_position_no_time,0.06394609
2,fd45accbe60b1022,2026-08-01,0,4,no_position_no_time,0.11651335
2,fd4d0b03ce992804,2026-08-01,0,4,no_position_no_time,0.075664155
2,fd58a020ca82dba9,2026-08-01,0,1,no_position_no_time,0.081623286
2,fddd3b61d250b726,2026-08-01,0,3,no_position_no_time,0.071899444
2,fdf99cdcecdb3e16,2026-08-01,0,1,no_position_no_time,0.08613986
2,fe15279b0160812c,2026-08-01,0,3,no_position_no_time,0.07553518
2,fe18f9cda6156a41,2026-08-01,0,2,no_position_no_time,0.078405604
2,fe36bb1bc56b3957,2026-08-01,0,5,no_position_no_time,0.117650494
2,fe3da5d11c28a32c,2026-08-01,0,2,no_position_no_time,0.09034703
2,fe47ec173e1b89e3,2026-08-01,0,3,no_position_no_time,0.12818167
2,fe4e7bb1ea354abf,2026-08-01,0,5,no_position_no_time,0.08220988
2,fe5b1a1f9f6dbd1a,2026-08-01,0,1,no_position_no_time,0.06748479
2,fe6bba490ffb4b42,2026-08-01,1,1,no_position_no_time,0.073558405
2,fea52414f6f2c191,2026-08-01,0,4,no_position_no_time,0.08292874
2,fea99dc6f7d98e64,2026-08-01,0,4,no_position_no_time,0.1271088
2,fefbf5fa11a48682,2026-08-01,1,5,no_position_no_time,0.13606077
2,ff134a73518a556c,2026-08-01,0,5,no_position_no_time,0.09872322
2,ff5f0ec6df1a71de,2026-08-01,0,1,no_position_no_time,0.06640003
2,ff70cea65d7a9274,2026-08-01,0,5,no_position_no_time,0.06972309
2,ff75413420fe9f77,2026-08-01,0,2,no_position_no_time,0.10741313
2,ff842f6e58da5e0a,2026-08-01,0,2,no_position_no_time,0.0817258
2,ff9d2d808dc847a3,2026-08-01,0,2,no_position_no_time,0.0791243
2,ffa6aac0c0be4e2c,2026-08-01,0,1,no_position_no_time,0.061251245
2,ffbe690492de3eb7,2026-08-01,0,5,no_position_no_time,0.10626596
2,ffd75b93dcd028e3,2026-08-01,0,4,no_position_no_time,0.08667972
3,000326259f038096,2026-08-01,0,4,no_position_no_time,0.09725116
3,00094590abfe430d,2026-08-01,0,5,no_position_no_time,0.07520018
3,000998b044e34765,2026-08-01,0,5,no_position_no_time,0.06981928
3,003e907929cd0158,2026-08-01,0,5,no_position_no_time,0.104062945
3,00546da6f5f418dd,2026-08-01,0,2,no_position_no_time,0.073809564
3,005e8258e7c9ac7b,2026-08-01,1,2,no_position_no_time,0.13601682
3,006935cedb973db7,2026-08-01,0,3,no_position_no_time,0.067337796
3,00df5d911e6f6a85,2026-08-01,0,1,no_position_no_time,0.08637606
3,00e3a2213dfd8b32,2026-08-01,0,1,no_position_no_time,0.084978506
3,00e4e1bc1f24bd4b,2026-08-01,0,4,no_position_no_time,0.07898126
3,0106f6a56f308f57,2026-08-01,0,1,no_position_no_time,0.091193385
3,0182d85d717ad467,2026-08-01,1,3,no_position_no_time,0.08931864
3,01cb5da7ceedf0ac,2026-08-01,0,5,no_position_no_time,0.08342881
3,01f0d6c4b5cae2d6,2026-08-01,0,2,no_position_no_time,0.07202525
3,01f557505e7fa016,2026-08-01,1,4,no_position_no_time,0.080920145
3,0200fefcc4ced090,2026-08-01,0,4,no_position_no_time,0.09847167
3,02253a51dbcedaa8,2026-08-01,0,2,no_position_no_time,0.07647573
3,022d3eda584a0bd6,2026-08-01,0,1,no_position_no_time,0.07139078
3,023d5456ec7a6e48,2026-08-01,0,1,no_position_no_time,0.07286293
3,024869551a251743,2026-08-01,1,4,no_position_no_time,0.063033074
3,02b01bd168ff7827,2026-08-01,0,1,no_position_no_time,0.1025376
3,02bdc8b6d11cd161,2026-08-01,0,1,no_position_no_time,0.07483301
3,0327b8a26f2fdb5c,2026-08-01,0,2,no_position_no_time,0.088686414
3,0330bc0412175f4f,2026-08-01,1,2,no_position_no_time,0.08888184
3,033c146a94cb9c18,2026-08-01,1,1,no_position_no_time,0.08324279
3,03455db41c062e31,2026-08-01,0,1,no_position_no_time,0.06285557
3,0398fe7ce3f99568,2026-08-01,0,1,no_position_no_time,0.08933788
3,03a33b00ccc0f124,2026-08-01,0,5,no_position_no_time,0.106517754
3,03b850707bc28a67,2026-08-01,0,3,no_position_no_time,0.09246564
3,03f18525e5839bf4,2026-08-01,0,4,no_position_no_time,0.1043559
3,0409946a8d1aee83,2026-08-01,0,1,no_position_no_time,0.11092847
3,0436c00255d600bf,2026-08-01,0,4,no_position_no_time,0.10072943
3,043c193f1e7a2176,2026-08-01,0,4,no_position_no_time,0.16618244
3,04641be11899bf03,2026-08-01,0,4,no_position_no_time,0.09070823
3,04844acbdb4d032d,2026-08-01,0,3,no_position_no_time,0.11059051
3,048cff6de463e27e,2026-08-01,0,3,no_position_no_time,0.13786973
3,04c0441a52d4ae31,2026-08-01,0,3,no_position_no_time,0.06875099
3,04d43b36d10bcbe0,2026-08-01,0,5,no_position_no_time,0.07079427
3,04e24228169feab8,2026-08-01,1,3,no_position_no_time,0.09608671
3,04e92dad2ed0ee2f,2026-08-01,0,4,no_position_no_time,0.070394054
3,04f4f75df71fa335,2026-08-01,0,1,no_position_no_time,0.07671818
3,05170ae5d9d5bb7a,2026-08-01,0,1,no_position_no_time,0.076999255
3,0526640e5c66a7b4,2026-08-01,0,5,no_position_no_time,0.09065666
3,05578a9f67fac73f,2026-08-01,0,2,no_position_no_time,0.092358775
3,057e4b5674951c86,2026-08-01,0,2,no_position_no_time,0.09432367
3,05cbce03f424e814,2026-08-01,0,5,no_position_no_time,0.0674162
3,05cdd3988fde7c7d,2026-08-01,0,3,no_position_no_time,0.0748908
3,05f21e8bb8680bf2,2026-08-01,0,5,no_position_no_time,0.071884006
3,060c7cbe9dcddb6a,2026-08-01,0,5,no_position_no_time,0.099569544
3,06149af9c732896c,2026-08-01,0,3,no_position_no_time,0.070785835
3,062a19228242c9f1,2026-08-01,0,4,no_position_no_time,0.062461592
3,067cd8bdd8a746a0,2026-08-01,0,3,no_position_no_time,0.07280521
3,06869390bf91cdb3,2026-08-01,0,5,no_position_no_time,0.12835446
3,06cf66cb1f091add,2026-08-01,0,3,no_position_no_time,0.06654974
3,06f1602df4ad7121,2026-08-01,1,2,no_position_no_time,0.10101618
3,073e731c0fe412b7,2026-08-01,0,5,no_position_no_time,0.09300595
3,0763fc41928cf511,2026-08-01,0,2,no_position_no_time,0.072305575
3,0785656080efd06c,2026-08-01,0,4,no_position_no_time,0.082398996
3,07b44675d54aca31,2026-08-01,0,1,no_position_no_time,0.07434696
3,07c4e3534a7f9996,2026-08-01,0,1,no_position_no_time,0.12380161
3,07e4ad5ea7c86d5c,2026-08-01,0,1,no_position_no_time,0.07139226
3,07eefb228a28d9f8,2026-08-01,0,2,no_position_no_time,0.06737787
3,0852ac25394a9bbe,2026-08-01,0,2,no_position_no_time,0.08262949
3,0852f44617478667,2026-08-01,0,4,no_position_no_time,0.07455862
3,087d2710756b9cb5,2026-08-01,0,1,no_position_no_time,0.09680589
3,08cb765954ba4d56,2026-08-01,0,2,no_position_no_time,0.09003662
3,08d8f0f1c333d81b,2026-08-01,0,5,no_position_no_time,0.06612235
3,08f2ae28aab152c1,2026-08-01,0,3,no_position_no_time,0.06442915
3,0933245ab1c6595e,2026-08-01,0,3,no_position_no_time,0.090417355
3,097442ce778be72e,2026-08-01,0,1,no_position_no_time,0.077328525
3,099cb48c3482d494,2026-08-01,0,2,no_position_no_time,0.12843825
3,09cfa28f468dd3fa,2026-08-01,0,5,no_position_no_time,0.078526504
3,09fc0ea177712278,2026-08-01,0,5,no_position_no_time,0.0936927
3,0a2d7d572dbb2851,2026-08-01,0,4,no_position_no_time,0.122903585
3,0a536827c5437b53,2026-08-01,0,4,no_position_no_time,0.094738334
3,0a7546f931f42b5f,2026-08-01,0,4,no_position_no_time,0.08652832
3,0a8b3f513b39e521,2026-08-01,0,4,no_position_no_time,0.064801246
3,0a9b2bf69f0b9fe6,2026-08-01,0,1,no_position_no_time,0.11078671
3,0ab34bba0e95c67a,2026-08-01,0,2,no_position_no_time,0.08322366
3,0ab9f23d4cf15c9b,2026-08-01,0,2,no_position_no_time,0.144718
3,0b0debe198761e66,2026-08-01,0,2,no_position_no_time,0.08409051
3,0b1dc5f16a7fdd35,2026-08-01,0,5,no_position_no_time,0.10765448
3,0b4585529793aaa8,2026-08-01,0,3,no_position_no_time,0.09441806
3,0b4efcfd33121b44,2026-08-01,1,2,no_position_no_time,0.08846455
3,0b7870afdff180c4,2026-08-01,0,1,no_position_no_time,0.064477034
3,0bd07d158a5050bc,2026-08-01,0,2,no_position_no_time,0.089547195
3,0bdf8d14e70133a0,2026-08-01,0,5,no_position_no_time,0.07722919
3,0c20908c9b637a77,2026-08-01,0,4,no_position_no_time,0.12915155
3,0c3a0cb2abab5393,2026-08-01,0,3,no_position_no_time,0.10402289
3,0c3efd78c368afc6,2026-08-01,0,1,no_position_no_time,0.08156858
3,0c6f3791d9664345,2026-08-01,0,4,no_position_no_time,0.19610268
3,0c845c4834d77cbb,2026-08-01,0,4,no_position_no_time,0.080838084
3,0c981ec81f5cfcc2,2026-08-01,0,5,no_position_no_time,0.09205494
3,0c9f7836b549bbf2,2026-08-01,0,3,no_position_no_time,0.08300052
3,0ca5bafa49a27f26,2026-08-01,0,1,no_position_no_time,0.1335073
3,0cb52cddd97b9214,2026-08-01,0,4,no_position_no_time,0.09866585
3,0cf8c1f36193497b,2026-08-01,0,1,no_position_no_time,0.07941071
3,0d310598525241b0,2026-08-01,0,3,no_position_no_time,0.063284054
3,0d563a735782b3b1,2026-08-01,1,3,no_position_no_time,0.090793
3,0d6a6132b404fe66,2026-08-01,0,3,no_position_no_time,0.07240235
3,0d96167017322b2f,2026-08-01,0,2,no_position_no_time,0.07767638
3,0db1dfa918f86e22,2026-08-01,0,5,no_position_no_time,0.122128144
3,0db4f28d4280dde4,2026-08-01,0,5,no_position_no_time,0.08914615
3,0de21fd4b780b677,2026-08-01,0,3,no_position_no_time,0.084347166
3,0e16069ca1fcf41b,2026-08-01,1,3,no_position_no_time,0.08890133
3,0e23d1eb4de9f22b,2026-08-01,0,1,no_position_no_time,0.10252436
3,0e51786348a57e25,2026-08-01,0,3,no_position_no_time,0.0820808
3,0e5d0977d6d6008f,2026-08-01,0,3,no_position_no_time,0.0691185
3,0e6c418eaebefacb,2026-08-01,0,3,no_position_no_time,0.1973563
3,0e761632eb2d0e87,2026-08-01,0,4,no_position_no_time,0.20486113
3,0e8bcf6dfee50046,2026-08-01,0,3,no_position_no_time,0.10396213
3,0e8e34acdde0c48f,2026-08-01,0,3,no_position_no_time,0.11129677
3,0eb77799ab19c886,2026-08-01,0,1,no_position_no_time,0.0814396
3,0ef560148ad0bec9,2026-08-01,0,1,no_position_no_time,0.100079715
3,0f1d73b9f8059747,2026-08-01,0,2,no_position_no_time,0.08837875
3,0f2bdba0b38999c2,2026-08-01,0,4,no_position_no_time,0.083329946
3,0f40829f57981d16,2026-08-01,0,2,no_position_no_time,0.071248256
3,0fabbe4d38b8c187,2026-08-01,0,5,no_position_no_time,0.0739908
3,0fe8c469686afc13,2026-08-01,0,3,no_position_no_time,0.09025192
3,0ffc63cf079ceb01,2026-08-01,0,4,no_position_no_time,0.122539885
3,10285096396eadfb,2026-08-01,0,4,no_position_no_time,0.16543157
3,1059978c8fc3cb04,2026-08-01,0,5,no_position_no_time,0.06799374
3,106f931dc742accf,2026-08-01,0,2,no_position_no_time,0.078552194
3,1092e4927aaa4bd7,2026-08-01,0,5,no_position_no_time,0.06079557
3,10ad1a00b4fa5ecd,2026-08-01,0,2,no_position_no_time,0.08987677
3,10c06af53e8f973e,2026-08-01,0,4,no_position_no_time,0.13387898
3,10c0f2871fe56918,2026-08-01,0,2,no_position_no_time,0.09497923
3,10cbfe59da7766be,2026-08-01,0,5,no_position_no_time,0.13388517
3,10dcc8a2fae98680,2026-08-01,0,3,no_position_no_time,0.071412906
3,10dd8ffe8ca1bd78,2026-08-01,0,4,no_position_no_time,0.08104439
3,111b3adf6fb141c9,2026-08-01,0,5,no_position_no_time,0.16615792
3,113a0facba800c0f,2026-08-01,0,5,no_position_no_time,0.108202115
3,118a9fa10c23da3a,2026-08-01,0,5,no_position_no_time,0.07586925
3,11b6d51d2f6ce6b1,2026-08-01,0,3,no_position_no_time,0.06626107
3,11c2f1458a332a71,2026-08-01,1,2,no_position_no_time,0.087405585
3,11e7c04e8181e113,2026-08-01,1,1,no_position_no_time,0.09223903
3,123324da5cd7db74,2026-08-01,1,3,no_position_no_time,0.06518397
3,1269f990bdddda23,2026-08-01,0,3,no_position_no_time,0.067497514
3,128ab93598af32ff,2026-08-01,0,5,no_position_no_time,0.062372923
3,128f4ba38ab0bbd8,2026-08-01,0,4,no_position_no_time,0.08987511
3,12a67cddf5d6f0b2,2026-08-01,1,3,no_position_no_time,0.08047069
3,12b1f81eaff952d9,2026-08-01,0,4,no_position_no_time,0.09699239
3,12e0d8e91463d410,2026-08-01,0,4,no_position_no_time,0.08681524
3,12fe81c424c83fd1,2026-08-01,0,1,no_position_no_time,0.076972894
3,1306809fb0fe125e,2026-08-01,0,3,no_position_no_time,0.061961833
3,132820fe45333f01,2026-08-01,0,3,no_position_no_time,0.12709175
3,133c48a63ad273cc,2026-08-01,0,2,no_position_no_time,0.0820069
3,134b5ccf7555a3de,2026-08-01,0,3,no_position_no_time,0.10234476
3,1354102b5ef93db8,2026-08-01,0,1,no_position_no_time,0.077654324
3,13578e233552b557,2026-08-01,0,2,no_position_no_time,0.074279785
3,137f74b12ac3cc4d,2026-08-01,0,4,no_position_no_time,0.0838377
3,13ae7ae57a1ccde4,2026-08-01,0,5,no_position_no_time,0.069894195
3,13b606a8b6f331a0,2026-08-01,0,5,no_position_no_time,0.075695366
3,13b89e2e2c4f278e,2026-08-01,0,4,no_position_no_time,0.074121505
3,13b8bdc160dc15c9,2026-08-01,0,5,no_position_no_time,0.08434767
3,140b4640dcb6e0e3,2026-08-01,0,2,no_position_no_time,0.09009941
3,14140a36ad4a52b1,2026-08-01,0,5,no_position_no_time,0.0703106
3,1418298ca1fa2e6b,2026-08-01,0,4,no_position_no_time,0.085046396
3,14378416a66eeff2,2026-08-01,1,4,no_position_no_time,0.2822187
3,14475dadfc55c9d7,2026-08-01,0,5,no_position_no_time,0.1023523
3,14d1430d4a183b7d,2026-08-01,1,5,no_position_no_time,0.13995723
3,14efe7ea1e275190,2026-08-01,0,3,no_position_no_time,0.06020948
3,14f98f1241a934c7,2026-08-01,0,1,no_position_no_time,0.07067078
3,14fb6707b423a6a5,2026-08-01,0,3,no_position_no_time,0.08191134
3,1506810a2cff8dd3,2026-08-01,0,4,no_position_no_time,0.06179104
3,1516e9862fbcb11f,2026-08-01,0,4,no_position_no_time,0.05620225
3,156c01cfcaa886ca,2026-08-01,0,2,no_position_no_time,0.087904245
3,15a1feeddbe61b9a,2026-08-01,0,2,no_position_no_time,0.08518421
3,15c8d70d7a2d47db,2026-08-01,0,5,no_position_no_time,0.0941967
3,15caedcb733dc5de,2026-08-01,0,2,no_position_no_time,0.071605474
3,15cef3c657e13799,2026-08-01,0,3,no_position_no_time,0.08075706
3,1600ec1425bc48ef,2026-08-01,0,4,no_position_no_time,0.12662126
3,160a3fba6acd0702,2026-08-01,0,1,no_position_no_time,0.06506008
3,1617b8c9f4bdef9e,2026-08-01,0,3,no_position_no_time,0.08001862
3,161dea4d120bfa0f,2026-08-01,0,2,no_position_no_time,0.089708135
3,162e42ce40703773,2026-08-01,0,4,no_position_no_time,0.08678016
3,168e09095e7fe790,2026-08-01,0,4,no_position_no_time,0.09483293
3,16968d20b383996c,2026-08-01,0,4,no_position_no_time,0.06784855
3,16e47655b7a36da0,2026-08-01,0,2,no_position_no_time,0.09276627
3,1769bb50782c3b40,2026-08-01,0,2,no_position_no_time,0.073106185
3,176c56bc8e7b6728,2026-08-01,0,5,no_position_no_time,0.083724916
3,177a02b14a0960b8,2026-08-01,0,1,no_position_no_time,0.06239974
3,179e42ea70299d50,2026-08-01,0,2,no_position_no_time,0.08334123
3,17bfbdbddc596f6e,2026-08-01,0,4,no_position_no_time,0.09255529
3,18069beac9514910,2026-08-01,1,2,no_position_no_time,0.09666173
3,18105af6823fabbc,2026-08-01,0,5,no_position_no_time,0.071014725
3,1892e65d61e805a5,2026-08-01,0,3,no_position_no_time,0.05802282
3,18a1a09578d81c5d,2026-08-01,0,5,no_position_no_time,0.075304136
3,18d76a6442da44bb,2026-08-01,0,4,no_position_no_time,0.09471484
3,18e08f6b0f820d1b,2026-08-01,1,3,no_position_no_time,0.064564645
3,18f9cbc8427a0d5f,2026-08-01,0,3,no_position_no_time,0.08720185
3,18fe883d84e708f7,2026-08-01,0,3,no_position_no_time,0.09109011
3,1960f7de5b4f29b7,2026-08-01,0,1,no_position_no_time,0.07350562
3,198091eee710c839,2026-08-01,0,5,no_position_no_time,0.081351414
3,19d2fc4e591b1d2a,2026-08-01,0,1,no_position_no_time,0.070299864
3,19f4a9cdf3caabf5,2026-08-01,0,1,no_position_no_time,0.09365291
3,1a1ae42d1bcab31e,2026-08-01,0,1,no_position_no_time,0.09758343
3,1a249d2be37b4b0c,2026-08-01,0,4,no_position_no_time,0.083847634
3,1a2f5607b2b18444,2026-08-01,0,3,no_position_no_time,0.08938976
3,1a41e6fb399a86cd,2026-08-01,0,5,no_position_no_time,0.118168384
3,1a865c608646f625,2026-08-01,0,3,no_position_no_time,0.0798667
3,1aaf745a53260dc2,2026-08-01,0,5,no_position_no_time,0.08559736
3,1aafc576b158a36d,2026-08-01,0,2,no_position_no_time,0.07861529
3,1ae0520afd8f0a62,2026-08-01,1,1,no_position_no_time,0.12453252
3,1ae537814c2bb3ff,2026-08-01,0,5,no_position_no_time,0.067303784
3,1aed538ccd94a143,2026-08-01,0,1,no_position_no_time,0.096172616
3,1af21c2f29485696,2026-08-01,0,1,no_position_no_time,0.12108072
3,1b087626e0f6df00,2026-08-01,0,2,no_position_no_time,0.09082103
3,1b29042124a1a663,2026-08-01,0,4,no_position_no_time,0.07272764
3,1b8104ffa9f80b08,2026-08-01,0,5,no_position_no_time,0.06355814
3,1bfaf664a62a47ad,2026-08-01,0,2,no_position_no_time,0.08522601
3,1c451dc1e0499dde,2026-08-01,0,1,no_position_no_time,0.08239786
3,1c6236651596a10a,2026-08-01,0,2,no_position_no_time,0.08852663
3,1c76d01e1d05bfa6,2026-08-01,1,2,no_position_no_time,0.098627836
3,1c7866e53eb262bf,2026-08-01,0,2,no_position_no_time,0.084947325
3,1ca61506c75a7954,2026-08-01,0,3,no_position_no_time,0.10533937
3,1cbb90c4c8d33d1e,2026-08-01,0,4,no_position_no_time,0.058512527
3,1cbf936b776ecbf9,2026-08-01,0,2,no_position_no_time,0.08246935
3,1cf473f572096ab9,2026-08-01,0,3,no_position_no_time,0.08602051
3,1cfb80763c7de1ea,2026-08-01,0,4,no_position_no_time,0.13544388
3,1d027c1a78e3c15c,2026-08-01,0,5,no_position_no_time,0.06279674
3,1d21dfaa1c1ac21c,2026-08-01,0,2,no_position_no_time,0.10290374
3,1d3f492659dcb6c9,2026-08-01,0,3,no_position_no_time,0.11009954
3,1d7cc60edf77e92c,2026-08-01,1,4,no_position_no_time,0.07102582
3,1de92aaa6177edfc,2026-08-01,0,5,no_position_no_time,0.079806015
3,1e05fccb80775c20,2026-08-01,0,2,no_position_no_time,0.07889918
3,1e0f7c096046e73f,2026-08-01,0,3,no_position_no_time,0.06374087
3,1e1c38a8a08c2fc3,2026-08-01,0,4,no_position_no_time,0.09156086
3,1e2658d656210938,2026-08-01,0,1,no_position_no_time,0.08930445
3,1e3dd2049693e32c,2026-08-01,0,1,no_position_no_time,0.094186515
3,1e6a86c99b8daab2,2026-08-01,0,1,no_position_no_time,0.08277649
3,1e7c0e06f8ff7762,2026-08-01,0,4,no_position_no_time,0.09847849
3,1e8c3fc27ff20ca2,2026-08-01,0,2,no_position_no_time,0.07951889
3,1ed9651d549f7941,2026-08-01,0,2,no_position_no_time,0.09911436
3,1f6d1b3718fc041f,2026-08-01,0,2,no_position_no_time,0.08167833
3,1fa357185a1a4d62,2026-08-01,0,5,no_position_no_time,0.10021652
3,1fb0dea450db36f9,2026-08-01,0,1,no_position_no_time,0.098063976
3,1fb7bad911521417,2026-08-01,0,4,no_position_no_time,0.17939581
3,1fbd513f04d514b6,2026-08-01,0,1,no_position_no_time,0.066041306
3,1fef30128ead3df9,2026-08-01,0,2,no_position_no_time,0.10391861
3,20248c67ba3f47cd,2026-08-01,0,2,no_position_no_time,0.08112975
3,202740edb3c60c0e,2026-08-01,0,2,no_position_no_time,0.07374979
3,20386d99d9f6c5e5,2026-08-01,0,3,no_position_no_time,0.12856647
3,20757a6a3a9806d4,2026-08-01,0,5,no_position_no_time,0.09278676
3,208095916d6e0bc2,2026-08-01,0,1,no_position_no_time,0.10715987
3,20a134658dd8348d,2026-08-01,0,3,no_position_no_time,0.065083675
3,20b280ed0822eeeb,2026-08-01,0,4,no_position_no_time,0.08741332
3,20b3dbeca739c19a,2026-08-01,0,4,no_position_no_time,0.090262435
3,20e0ea0b7e3d5f73,2026-08-01,0,3,no_position_no_time,0.098595776
3,20ebdeaa8e203f06,2026-08-01,0,2,no_position_no_time,0.10271425
3,212e64bb603fbe8d,2026-08-01,0,2,no_position_no_time,0.096594155
3,217b8fd457d1ee54,2026-08-01,0,4,no_position_no_time,0.07014566
3,218aa59fc222b48a,2026-08-01,0,4,no_position_no_time,0.061512534
3,2195ceba39fe180b,2026-08-01,0,4,no_position_no_time,0.07908457
3,21a3a9238cde31d4,2026-08-01,0,4,no_position_no_time,0.07371508
3,21cc8dbbd7d1fe14,2026-08-01,0,2,no_position_no_time,0.084730394
3,21df84122884a6cd,2026-08-01,0,5,no_position_no_time,0.085968345
3,21f8e96c2e0c12a3,2026-08-01,0,5,no_position_no_time,0.071818866
3,21f93301ec0c560b,2026-08-01,0,3,no_position_no_time,0.085436985
3,21f9cad92badc57b,2026-08-01,0,4,no_position_no_time,0.1276547
3,21fa64b3c61b7783,2026-08-01,0,3,no_position_no_time,0.059988566
3,21fc573bb23cff8d,2026-08-01,0,3,no_position_no_time,0.08526321
3,2267f536feae6a68,2026-08-01,0,2,no_position_no_time,0.107649535
3,22763fbd903764ab,2026-08-01,0,4,no_position_no_time,0.09319868
3,2287f4e548301879,2026-08-01,0,4,no_position_no_time,0.08363017
3,229394f4e3fc5078,2026-08-01,0,2,no_position_no_time,0.08285812
3,22cebc06d06deb0d,2026-08-01,0,5,no_position_no_time,0.10244039
3,22ee6ca71eb19e9f,2026-08-01,0,4,no_position_no_time,0.13637774
3,22f5c01747797321,2026-08-01,0,1,no_position_no_time,0.116909705
3,230471c5449fc67f,2026-08-01,0,1,no_position_no_time,0.2525227
3,2329e73c80b64492,2026-08-01,0,1,no_position_no_time,0.06943087
3,23396da0ea24e4b7,2026-08-01,0,4,no_position_no_time,0.08482572
3,2392ceb9a13f1ac2,2026-08-01,0,4,no_position_no_time,0.069038264
3,23d5ba7c2c330fac,2026-08-01,0,3,no_position_no_time,0.10512288
3,23f715018ac1b8bb,2026-08-01,0,3,no_position_no_time,0.0635716
3,23fd510fa8d00ca7,2026-08-01,0,3,no_position_no_time,0.16971487
3,2414fb58baae6ef0,2026-08-01,0,5,no_position_no_time,0.084756896
3,2437a3a6b17dc47e,2026-08-01,0,4,no_position_no_time,0.09518139
3,243dcd7035389fc2,2026-08-01,0,5,no_position_no_time,0.057892527
3,2485f971f58c8656,2026-08-01,0,2,no_position_no_time,0.085805416
3,24d5435ca0b46dc9,2026-08-01,0,3,no_position_no_time,0.28245327
3,24e1cd51cffecbeb,2026-08-01,0,2,no_position_no_time,0.081513666
3,24f6067ffc8b0eb5,2026-08-01,0,3,no_position_no_time,0.08020769
3,251d0383474dc4d4,2026-08-01,0,4,no_position_no_time,0.09763005
3,2520b47a5394d8b1,2026-08-01,0,2,no_position_no_time,0.07635519
3,2523b486ad3323f0,2026-08-01,0,4,no_position_no_time,0.077291906
3,2549c55263b61a7c,2026-08-01,1,5,no_position_no_time,0.110812195
3,257d0fee192f061e,2026-08-01,0,5,no_position_no_time,0.10734741
3,25b786f3d81da4f9,2026-08-01,0,4,no_position_no_time,0.11294784
3,25f129fb0157eb2c,2026-08-01,0,3,no_position_no_time,0.08680335
3,26052593ca45dc52,2026-08-01,0,1,no_position_no_time,0.0754628
3,262050c407f4b64d,2026-08-01,1,4,no_position_no_time,0.110729136
3,263f4e0fa404d1ac,2026-08-01,0,3,no_position_no_time,0.07930774
3,264d067fd92b3fd0,2026-08-01,0,4,no_position_no_time,0.08849862
3,265932d2d3d5a969,2026-08-01,0,1,no_position_no_time,0.08547775
3,266252da17e69a7f,2026-08-01,0,3,no_position_no_time,0.07115525
3,266af0ffd58dbaab,2026-08-01,0,5,no_position_no_time,0.06602638
3,266d9727b5135de2,2026-08-01,0,2,no_position_no_time,0.084497824
3,26e039f9d5eb7d42,2026-08-01,0,1,no_position_no_time,0.12857011
3,26ed4ed34e5a702a,2026-08-01,0,5,no_position_no_time,0.085417874
3,271016b8f7a183b3,2026-08-01,0,5,no_position_no_time,0.08065127
3,27112c31112ba083,2026-08-01,0,5,no_position_no_time,0.065752566
3,2747219c67e7b341,2026-08-01,0,2,no_position_no_time,0.11104404
3,2773362f1f71dd6a,2026-08-01,0,4,no_position_no_time,0.09102289
3,2785d778f12b9709,2026-08-01,1,2,no_position_no_time,0.09118702
3,27a3b5f3a3ff9c28,2026-08-01,0,1,no_position_no_time,0.090564854
3,27c4383835e9035d,2026-08-01,0,4,no_position_no_time,0.13140677
3,27ca487325a6104a,2026-08-01,0,3,no_position_no_time,0.05962237
3,281010f69f996c34,2026-08-01,0,1,no_position_no_time,0.08318658
3,28280a2f2364e812,2026-08-01,0,4,no_position_no_time,0.13756332
3,283fa06759b49bb3,2026-08-01,0,4,no_position_no_time,0.071925014
3,28442b1927618005,2026-08-01,0,2,no_position_no_time,0.0764146
3,28a8d001b6bdc0a8,2026-08-01,0,4,no_position_no_time,0.08308205
3,28acb25a8326ccca,2026-08-01,0,5,no_position_no_time,0.102177516
3,28ad7b0beb3cbf46,2026-08-01,0,4,no_position_no_time,0.11553351
3,290fec4333cfcf9a,2026-08-01,0,1,no_position_no_time,0.08836839
3,296908f7b2e6ebfe,2026-08-01,1,3,no_position_no_time,0.09928418
3,296fa67b3bf95033,2026-08-01,0,2,no_position_no_time,0.08467396
3,297a75b80ab346c4,2026-08-01,0,5,no_position_no_time,0.09325164
3,2988b552b715ff07,2026-08-01,0,2,no_position_no_time,0.08532882
3,298b867b2f3c8dff,2026-08-01,0,2,no_position_no_time,0.09062402
3,29a86c310f727bf4,2026-08-01,0,2,no_position_no_time,0.079084866
3,2a191c9f48e96d58,2026-08-01,0,3,no_position_no_time,0.10037047
3,2a2b39444425af16,2026-08-01,0,5,no_position_no_time,0.09263661
3,2a3a91b13cbc307e,2026-08-01,0,4,no_position_no_time,0.09626116
3,2a73dde34162a8fe,2026-08-01,0,4,no_position_no_time,0.123344064
3,2ac863288f4082be,2026-08-01,0,4,no_position_no_time,0.08639488
3,2af28c6ec326fe5d,2026-08-01,0,5,no_position_no_time,0.0928525
3,2afa571e7062cae7,2026-08-01,0,5,no_position_no_time,0.1705312
3,2b1080000087328f,2026-08-01,0,4,no_position_no_time,0.08416153
3,2b4e0089822aaa77,2026-08-01,0,2,no_position_no_time,0.12735899
3,2bd6e5dbf4867fc6,2026-08-01,0,1,no_position_no_time,0.0732739
3,2bfe490321daabb1,2026-08-01,0,5,no_position_no_time,0.08607332
3,2c19ec734f47ab33,2026-08-01,0,4,no_position_no_time,0.08065519
3,2c4e96398d3becd2,2026-08-01,0,4,no_position_no_time,0.11267051
3,2c689da8939c4021,2026-08-01,0,1,no_position_no_time,0.08362351
3,2cc09e3c9d6f4114,2026-08-01,0,1,no_position_no_time,0.088294014
3,2d21a30daf1ee747,2026-08-01,0,1,no_position_no_time,0.11347297
3,2d21ab1901453bca,2026-08-01,0,1,no_position_no_time,0.07704224
3,2d26dd2cc08c4527,2026-08-01,0,1,no_position_no_time,0.095433526
3,2d35f42718d60432,2026-08-01,0,4,no_position_no_time,0.081532575
3,2d4b54f60904663e,2026-08-01,0,1,no_position_no_time,0.0724754
3,2da89679ddbb5168,2026-08-01,0,1,no_position_no_time,0.08807949
3,2db2bafd1570e9cd,2026-08-01,0,2,no_position_no_time,0.072714746
3,2e071d8fc9fae550,2026-08-01,0,5,no_position_no_time,0.064681016
3,2e4b6d3659f46337,2026-08-01,0,2,no_position_no_time,0.084357135
3,2e504f6878387695,2026-08-01,0,4,no_position_no_time,0.09615156
3,2e882358cf932d7b,2026-08-01,0,2,no_position_no_time,0.07592137
3,2e95f8856569a7c8,2026-08-01,0,2,no_position_no_time,0.0761606
3,2ea59cc760760b49,2026-08-01,0,5,no_position_no_time,0.05494443
3,2ec750dd71fc9257,2026-08-01,0,4,no_position_no_time,0.056186818
3,2f03316b629ed2fc,2026-08-01,0,5,no_position_no_time,0.089456044
3,2f48c205a308092b,2026-08-01,0,1,no_position_no_time,0.110373355
3,2f674d9a2218e756,2026-08-01,0,4,no_position_no_time,0.078545146
3,2f802cafa68a7a93,2026-08-01,0,2,no_position_no_time,0.08735869
3,2f88352227fddbfc,2026-08-01,1,5,no_position_no_time,0.094201975
3,2f9aeac262c4c911,2026-08-01,0,2,no_position_no_time,0.08032433
3,2faf209e1dc73ff1,2026-08-01,0,5,no_position_no_time,0.11194866
3,2fb7342736ba988a,2026-08-01,0,3,no_position_no_time,0.08094208
3,2fc74f627a576e6f,2026-08-01,0,4,no_position_no_time,0.08689614
3,2ffbd00dab57d7db,2026-08-01,0,5,no_position_no_time,0.14320455
3,2fff9fb41c92e9e4,2026-08-01,0,2,no_position_no_time,0.08562907
3,300e25f5df0d3324,2026-08-01,0,4,no_position_no_time,0.10809254
3,302a1d103cfda506,2026-08-01,0,3,no_position_no_time,0.08060217
3,303576e498ab25e0,2026-08-01,0,1,no_position_no_time,0.07668955
3,305657f45e1babdf,2026-08-01,0,4,no_position_no_time,0.20492785
3,30575b421e3ee6bb,2026-08-01,0,1,no_position_no_time,0.090397805
3,309bc21c4be65739,2026-08-01,0,2,no_position_no_time,0.081993155
3,30ab7edfefd05ad8,2026-08-01,0,2,no_position_no_time,0.08994279
3,30b51652bd30d7f3,2026-08-01,0,3,no_position_no_time,0.108590655
3,30c11bba58c6913d,2026-08-01,0,5,no_position_no_time,0.070507504
3,30cef560caff5804,2026-08-01,0,5,no_position_no_time,0.074164286
3,30e9543b0655930f,2026-08-01,1,2,no_position_no_time,0.07971929
3,311c4cf179546def,2026-08-01,0,3,no_position_no_time,0.06786666
3,312deb51eca56a9e,2026-08-01,0,5,no_position_no_time,0.09095005
3,313643f64ea076bb,2026-08-01,0,1,no_position_no_time,0.07464301
3,3159ee2cbfe5f888,2026-08-01,1,2,no_position_no_time,0.12501258
3,3170c0625de6eb0b,2026-08-01,0,3,no_position_no_time,0.06664886
3,31aded826419f3b2,2026-08-01,0,5,no_position_no_time,0.09408237
3,31dddbec41e89f22,2026-08-01,0,5,no_position_no_time,0.08121052
3,31eb3b3395e7fd98,2026-08-01,0,3,no_position_no_time,0.08460641
3,31f86c4844a9e1ac,2026-08-01,0,2,no_position_no_time,0.07826968
3,31f99064e58b7161,2026-08-01,0,1,no_position_no_time,0.06198721
3,326af0e724ee0649,2026-08-01,0,2,no_position_no_time,0.078209504
3,326cc224b068a62b,2026-08-01,0,1,no_position_no_time,0.08165857
3,32787db450f56afe,2026-08-01,0,2,no_position_no_time,0.07989141
3,329677fc50ca3e47,2026-08-01,0,4,no_position_no_time,0.059491906
3,329c214fd89124db,2026-08-01,0,1,no_position_no_time,0.08624163
3,333be327673e71b2,2026-08-01,0,3,no_position_no_time,0.099575065
3,33519e26f92c7b23,2026-08-01,0,2,no_position_no_time,0.08138396
3,33a4c262746574a3,2026-08-01,0,2,no_position_no_time,0.11446951
3,33b0d6c9d6986179,2026-08-01,0,1,no_position_no_time,0.08083568
3,33d37a5fefa54b05,2026-08-01,0,2,no_position_no_time,0.094137214
3,33d7cca947f341af,2026-08-01,0,2,no_position_no_time,0.09035447
3,33f4aa2aaa6f2e62,2026-08-01,0,5,no_position_no_time,0.10284745
3,341dce90be393c28,2026-08-01,0,2,no_position_no_time,0.07304231
3,343616f221b82a44,2026-08-01,0,1,no_position_no_time,0.08383858
3,3437b467460612b9,2026-08-01,0,1,no_position_no_time,0.07783622
3,345a459ec6676b9a,2026-08-01,0,3,no_position_no_time,0.07468598
3,345e7297479daaa5,2026-08-01,0,5,no_position_no_time,0.07614933
3,34614059140da0c2,2026-08-01,1,4,no_position_no_time,0.088305525
3,3476a2ed4b2e5cec,2026-08-01,0,2,no_position_no_time,0.11074029
3,34def2d93a7da9cc,2026-08-01,0,5,no_position_no_time,0.098203555
3,351191c9b12acb83,2026-08-01,0,5,no_position_no_time,0.055909775
3,352c458ff5d9d235,2026-08-01,0,2,no_position_no_time,0.09655689
3,353fb3e6b143f371,2026-08-01,0,5,no_position_no_time,0.09179279
3,35a561ff1b8c50d5,2026-08-01,0,4,no_position_no_time,0.07357186
3,35e2dd09015280c1,2026-08-01,0,2,no_position_no_time,0.083862156
3,360a16694e6e4d76,2026-08-01,0,5,no_position_no_time,0.092650585
3,362853abd36ddd02,2026-08-01,0,2,no_position_no_time,0.08779252
3,364e35d8d7c9f295,2026-08-01,0,1,no_position_no_time,0.08912363
3,3655fe5906ced313,2026-08-01,0,2,no_position_no_time,0.08401494
3,365eafd64beb48fb,2026-08-01,0,4,no_position_no_time,0.07751739
3,367fe0679fdc76bf,2026-08-01,0,2,no_position_no_time,0.08878061
3,37118b9837d5fa75,2026-08-01,0,2,no_position_no_time,0.08568651
3,3719a41ea3b221e9,2026-08-01,0,3,no_position_no_time,0.09604443
3,3721e1f91cd8e53f,2026-08-01,0,5,no_position_no_time,0.079457656
3,372772d7453bbb9b,2026-08-01,0,2,no_position_no_time,0.078798115
3,37437f16d60de745,2026-08-01,0,2,no_position_no_time,0.080399565
3,376a0e83f66998a9,2026-08-01,0,5,no_position_no_time,0.092460044
3,37ba9f726a0939b7,2026-08-01,0,1,no_position_no_time,0.077054
3,37c8506f9378346f,2026-08-01,0,3,no_position_no_time,0.0969702
3,3856d1789a6fee29,2026-08-01,0,4,no_position_no_time,0.10469656
3,3860358a0d3fa308,2026-08-01,0,5,no_position_no_time,0.065725446
3,38617a39d333e3da,2026-08-01,0,2,no_position_no_time,0.119489305
3,38d492fa2f703462,2026-08-01,1,3,no_position_no_time,0.08997017
3,391d104c0cfe9fd7,2026-08-01,0,1,no_position_no_time,0.06800137
3,3937620c028717ab,2026-08-01,0,4,no_position_no_time,0.10620427
3,393e65484d96a9d9,2026-08-01,1,3,no_position_no_time,0.12713847
3,393ebb629c08de6d,2026-08-01,0,1,no_position_no_time,0.080287404
3,3941ee317708664e,2026-08-01,0,5,no_position_no_time,0.06850986
3,39690c9aeb1a8b61,2026-08-01,0,4,no_position_no_time,0.084643774
3,396a5c34afa9f8b3,2026-08-01,0,2,no_position_no_time,0.10513297
3,39b83f2e444af0a5,2026-08-01,0,3,no_position_no_time,0.09765618
3,39b8e01550e9273c,2026-08-01,0,5,no_position_no_time,0.07673059
3,39bc9c66767aa3db,2026-08-01,0,4,no_position_no_time,0.12437517
3,3a01200ac43f3d7f,2026-08-01,0,5,no_position_no_time,0.10236684
3,3a22c48075e1c8a3,2026-08-01,0,4,no_position_no_time,0.06778479
3,3a2330e8273c20d8,2026-08-01,0,3,no_position_no_time,0.05874205
3,3a45833df2a6a662,2026-08-01,0,5,no_position_no_time,0.07815393
3,3a7b20de812e67bd,2026-08-01,0,3,no_position_no_time,0.101123676
3,3a8c2ea00aa8e298,2026-08-01,1,5,no_position_no_time,0.08971649
3,3aad6a32a0daa9f3,2026-08-01,0,1,no_position_no_time,0.07513285
3,3ab3dbf182b0bfaf,2026-08-01,0,4,no_position_no_time,0.12267034
3,3aca12b7d3269690,2026-08-01,0,5,no_position_no_time,0.07192276
3,3adddd2ace5a69d6,2026-08-01,0,1,no_position_no_time,0.06913668
3,3adf494e62cf489b,2026-08-01,0,2,no_position_no_time,0.09697314
3,3b37c32ea932fd42,2026-08-01,0,2,no_position_no_time,0.088872254
3,3b53af30d8af246b,2026-08-01,0,4,no_position_no_time,0.079099
3,3b6d0de9aa481d2a,2026-08-01,0,1,no_position_no_time,0.08778276
3,3bb6269bbb086287,2026-08-01,0,3,no_position_no_time,0.07752425
3,3c210e58b27551cf,2026-08-01,0,4,no_position_no_time,0.08629608
3,3c295db2bf3c6910,2026-08-01,0,4,no_position_no_time,0.08027283
3,3c2f2a2fc854af33,2026-08-01,0,2,no_position_no_time,0.0864211
3,3c35978e8e8de976,2026-08-01,0,5,no_position_no_time,0.1993041
3,3c400277a483f1b4,2026-08-01,0,5,no_position_no_time,0.07756676
3,3c5f412bd740144c,2026-08-01,0,1,no_position_no_time,0.06372643
3,3c640891b0b92a52,2026-08-01,0,5,no_position_no_time,0.09562785
3,3c7a794a5793fc03,2026-08-01,0,3,no_position_no_time,0.18955117
3,3cada4421cadd87d,2026-08-01,0,4,no_position_no_time,0.08947657
3,3ce814b74a0d2feb,2026-08-01,0,5,no_position_no_time,0.073499106
3,3d290213df0015b5,2026-08-01,0,1,no_position_no_time,0.076477736
3,3d320156c5b69f6f,2026-08-01,0,4,no_position_no_time,0.07903276
3,3d49b21cd0c2053d,2026-08-01,0,2,no_position_no_time,0.08014385
3,3d57b54b8868531e,2026-08-01,0,4,no_position_no_time,0.102446504
3,3d5d2aab796af685,2026-08-01,0,4,no_position_no_time,0.121670365
3,3d95273c8838e8a9,2026-08-01,0,4,no_position_no_time,0.12291718
3,3dedf628881fd1e9,2026-08-01,0,3,no_position_no_time,0.08374481
3,3e021e7358375391,2026-08-01,0,2,no_position_no_time,0.09048373
3,3e2742cdf0c0bc70,2026-08-01,0,3,no_position_no_time,0.08342704
3,3e274effb3f045f8,2026-08-01,0,4,no_position_no_time,0.07176649
3,3e53f02deba0a50f,2026-08-01,0,2,no_position_no_time,0.087648034
3,3e58bc60ffd70959,2026-08-01,0,2,no_position_no_time,0.09519203
3,3eabc8f3890c730d,2026-08-01,1,4,no_position_no_time,0.073416784
3,3ed84ca905ca888a,2026-08-01,0,5,no_position_no_time,0.108894564
3,3ef85db76da7c91b,2026-08-01,0,5,no_position_no_time,0.06612507
3,3f02a030241afcd7,2026-08-01,0,1,no_position_no_time,0.083224595
3,3f24fc8ab688c745,2026-08-01,0,3,no_position_no_time,0.07287611
3,3f76f8d5f8a24429,2026-08-01,0,5,no_position_no_time,0.09412939
3,3f9e92f8bcafafef,2026-08-01,1,5,no_position_no_time,0.075870536
3,3fb531b170acccf4,2026-08-01,0,5,no_position_no_time,0.090890996
3,3fc964416c5aacdd,2026-08-01,0,3,no_position_no_time,0.10065524
3,3fe229c620ce7752,2026-08-01,0,2,no_position_no_time,0.08803289
3,40107d24119142e4,2026-08-01,0,2,no_position_no_time,0.083022624
3,4015b89c1bc0bfc6,2026-08-01,0,4,no_position_no_time,0.077197336
3,401d4f3f5303abf7,2026-08-01,0,4,no_position_no_time,0.0773485
3,405c165f3aa1214d,2026-08-01,1,3,no_position_no_time,0.09379324
3,408b816a7d7393b0,2026-08-01,0,3,no_position_no_time,0.09021769
3,409e79c6b28740a2,2026-08-01,0,2,no_position_no_time,0.08572212
3,40d2edb6c05693f2,2026-08-01,1,4,no_position_no_time,0.12506883
3,40d4cc64abf99afb,2026-08-01,0,4,no_position_no_time,0.09155658
3,40dc015c755ecb72,2026-08-01,0,1,no_position_no_time,0.08261245
3,4100d2f03b456ea4,2026-08-01,0,5,no_position_no_time,0.09749541
3,413a96adfd39b627,2026-08-01,0,2,no_position_no_time,0.07762585
3,4155c614086b000c,2026-08-01,0,5,no_position_no_time,0.08413848
3,41915209e0979ace,2026-08-01,0,3,no_position_no_time,0.06935465
3,4194f51b6fd46f3a,2026-08-01,0,3,no_position_no_time,0.061875463
3,41ad13f359de8ece,2026-08-01,0,1,no_position_no_time,0.06456392
3,41b32f2a944e15b6,2026-08-01,0,4,no_position_no_time,0.07105683
3,41e0036a7a3d47d4,2026-08-01,0,1,no_position_no_time,0.097215705
3,41fbbe31ebd88322,2026-08-01,0,5,no_position_no_time,0.08208914
3,42129b4048016115,2026-08-01,0,1,no_position_no_time,0.059483495
3,421cf070351f9764,2026-08-01,0,3,no_position_no_time,0.083432876
3,422334fefa6ca4cc,2026-08-01,0,4,no_position_no_time,0.053569946
3,427351685bd196b4,2026-08-01,0,5,no_position_no_time,0.07767963
3,427bb65b64f387b9,2026-08-01,0,3,no_position_no_time,0.060239095
3,428503bb5c09be44,2026-08-01,0,1,no_position_no_time,0.073863335
3,42bc719ee2695e41,2026-08-01,0,2,no_position_no_time,0.074391045
3,432f9f3b69d24d87,2026-08-01,0,2,no_position_no_time,0.1043209
3,436c62450a0c4ce8,2026-08-01,0,3,no_position_no_time,0.059479684
3,437f1713a4fc29e5,2026-08-01,0,4,no_position_no_time,0.12005078
3,43a4d4388d1c9754,2026-08-01,0,1,no_position_no_time,0.07179214
3,43dfc8da4defd924,2026-08-01,1,1,no_position_no_time,0.13236852
3,442be64b4bd999d5,2026-08-01,0,5,no_position_no_time,0.049275942
3,442d3bd139e8f2bc,2026-08-01,0,1,no_position_no_time,0.088880055
3,445992b16b2f4c15,2026-08-01,0,3,no_position_no_time,0.07219551
3,446555f196ffcca5,2026-08-01,0,1,no_position_no_time,0.0717023
3,4479555cd0c8ba5d,2026-08-01,0,4,no_position_no_time,0.090970464
3,44bf84c61fa17513,2026-08-01,0,2,no_position_no_time,0.077591404
3,44cd2612bdb2c9ea,2026-08-01,0,2,no_position_no_time,0.0722536
3,44d6365a6cfbd35e,2026-08-01,1,5,no_position_no_time,0.076571345
3,4552d3402caa9e79,2026-08-01,0,1,no_position_no_time,0.0848323
3,456d6ee2c430c565,2026-08-01,0,5,no_position_no_time,0.09964269
3,4572b35cf6eccc82,2026-08-01,0,3,no_position_no_time,0.12529051
3,45864395db5190a8,2026-08-01,0,4,no_position_no_time,0.07097144
3,458a1052bb1dc80a,2026-08-01,0,5,no_position_no_time,0.08239193
3,45932c042c6306a2,2026-08-01,0,1,no_position_no_time,0.076197766
3,4665071f25fae16c,2026-08-01,0,1,no_position_no_time,0.07755142
3,4666688af4c97c31,2026-08-01,1,2,no_position_no_time,0.09046442
3,468b18862a2d5a3e,2026-08-01,0,2,no_position_no_time,0.11117086
3,468e096fc731dc12,2026-08-01,0,4,no_position_no_time,0.07699268
3,46c4b0d4379d7928,2026-08-01,0,1,no_position_no_time,0.081328094
3,46c6756309ab6679,2026-08-01,0,3,no_position_no_time,0.097932525
3,46c72e5c641eee03,2026-08-01,0,5,no_position_no_time,0.10316272
3,46c8acc2056ff058,2026-08-01,0,1,no_position_no_time,0.094590105
3,46d65571cdfe017d,2026-08-01,0,3,no_position_no_time,0.07178072
3,46de47519977dda3,2026-08-01,0,4,no_position_no_time,0.080984175
3,470cb4aa16699246,2026-08-01,0,5,no_position_no_time,0.10349827
3,471124d5506c5046,2026-08-01,0,3,no_position_no_time,0.07160383
3,4717c439b62876f7,2026-08-01,0,5,no_position_no_time,0.118983984
3,47202c67a6b6bba5,2026-08-01,0,4,no_position_no_time,0.061616916
3,4747aaf0a763c5fc,2026-08-01,0,5,no_position_no_time,0.09301431
3,477681c04f803e51,2026-08-01,0,5,no_position_no_time,0.07651533
3,4810f9a151eae8da,2026-08-01,0,5,no_position_no_time,0.08478498
3,481d0f771a377b13,2026-08-01,0,2,no_position_no_time,0.08588611
3,4836c877caf561a1,2026-08-01,0,5,no_position_no_time,0.12259802
3,4869681e07f988ca,2026-08-01,0,5,no_position_no_time,0.09189417
3,48793647d814595d,2026-08-01,0,4,no_position_no_time,0.06536229
3,487f2e6378a4ab54,2026-08-01,0,3,no_position_no_time,0.12267123
3,488e17ac32824096,2026-08-01,0,5,no_position_no_time,0.08577698
3,48ab73f45057af57,2026-08-01,0,5,no_position_no_time,0.08040408
3,48bf38f2dc9bd5c4,2026-08-01,0,1,no_position_no_time,0.09887123
3,48dd75745c9e47a5,2026-08-01,0,2,no_position_no_time,0.07775974
3,48e4d3515b533092,2026-08-01,0,1,no_position_no_time,0.09803977
3,49169d6e4dbebf13,2026-08-01,0,5,no_position_no_time,0.06733462
3,494d7f93541a3d64,2026-08-01,0,4,no_position_no_time,0.12000702
3,4958334f29fc3496,2026-08-01,0,5,no_position_no_time,0.08769792
3,497645c20fa19563,2026-08-01,0,5,no_position_no_time,0.101187155
3,4979182d6093f2c9,2026-08-01,0,5,no_position_no_time,0.087084755
3,49fafa34a3c75137,2026-08-01,0,5,no_position_no_time,0.088037826
3,4a4737acbe533004,2026-08-01,0,3,no_position_no_time,0.08839275
3,4a7771c7da3d1fdd,2026-08-01,0,1,no_position_no_time,0.1109619
3,4a821ff2622682c0,2026-08-01,0,1,no_position_no_time,0.07251981
3,4abb94a7b612d072,2026-08-01,0,3,no_position_no_time,0.07719592
3,4ac39df9aafd1cd0,2026-08-01,0,4,no_position_no_time,0.07357104
3,4add7ea837547e3d,2026-08-01,1,4,no_position_no_time,0.091705896
3,4af2c430dc4ad56f,2026-08-01,0,5,no_position_no_time,0.09233056
3,4b14a63038b2b6c0,2026-08-01,0,4,no_position_no_time,0.09196037
3,4b43d7fe4ea73751,2026-08-01,0,3,no_position_no_time,0.08114658
3,4b5bf7c6012f3502,2026-08-01,0,5,no_position_no_time,0.09128695
3,4b85e617d6dbe380,2026-08-01,0,2,no_position_no_time,0.09177419
3,4b9203c040cac93a,2026-08-01,0,5,no_position_no_time,0.059047867
3,4ba30d1e6fac0ec7,2026-08-01,0,3,no_position_no_time,0.09641181
3,4bb201b4d18baaac,2026-08-01,0,1,no_position_no_time,0.08235342
3,4be18850ca1cdb3e,2026-08-01,0,2,no_position_no_time,0.11663181
3,4c5b86a56c5df2b9,2026-08-01,0,5,no_position_no_time,0.09762736
3,4c5bea6369cf57be,2026-08-01,0,4,no_position_no_time,0.110000506
3,4c9ea24576afb666,2026-08-01,0,1,no_position_no_time,0.09252886
3,4ca582e2a1c199b4,2026-08-01,0,4,no_position_no_time,0.07535605
3,4ca67e6747639029,2026-08-01,0,1,no_position_no_time,0.11700834
3,4cb370d53e429e63,2026-08-01,0,3,no_position_no_time,0.07350609
3,4cf114d9663483c2,2026-08-01,0,2,no_position_no_time,0.099295974
3,4d1f770529b1eaa2,2026-08-01,0,4,no_position_no_time,0.113924064
3,4d453a450b7f1696,2026-08-01,0,3,no_position_no_time,0.09983686
3,4da31aef782691f4,2026-08-01,0,2,no_position_no_time,0.08117798
3,4da43460e9b7d1d1,2026-08-01,0,2,no_position_no_time,0.081566595
3,4dc260dad920533f,2026-08-01,0,2,no_position_no_time,0.071839295
3,4df14413b551fab7,2026-08-01,0,3,no_position_no_time,0.086822495
3,4e48d0ae9a8b28b4,2026-08-01,0,2,no_position_no_time,0.122596316
3,4e7571f0d9a9a52b,2026-08-01,0,5,no_position_no_time,0.16256021
3,4eb6d19c42d194c5,2026-08-01,0,3,no_position_no_time,0.107984744
3,4f289a2a079446b2,2026-08-01,0,1,no_position_no_time,0.08076924
3,4f3f0906a7bed000,2026-08-01,0,1,no_position_no_time,0.24044892
3,4f5d24729622d0e2,2026-08-01,0,3,no_position_no_time,0.08017664
3,4f7406380c48d916,2026-08-01,0,2,no_position_no_time,0.07943865
3,4f9d464226bdce08,2026-08-01,0,5,no_position_no_time,0.091408655
3,4ff191835250608b,2026-08-01,0,4,no_position_no_time,0.08192201
3,50399287a8030cf1,2026-08-01,0,2,no_position_no_time,0.09642531
3,505797e298a69269,2026-08-01,0,4,no_position_no_time,0.074971914
3,509341855959b123,2026-08-01,0,1,no_position_no_time,0.107993394
3,50ac88c1e4d90c83,2026-08-01,0,3,no_position_no_time,0.1054506
3,50b7e0f164635b00,2026-08-01,0,2,no_position_no_time,0.09269708
3,50bfb1d73354ba69,2026-08-01,0,3,no_position_no_time,0.070348464
3,50fd3a8f6fc8c572,2026-08-01,0,3,no_position_no_time,0.09981778
3,51242402cf6c938e,2026-08-01,0,2,no_position_no_time,0.09507635
3,5136db771ed7c160,2026-08-01,0,1,no_position_no_time,0.09864227
3,516a49c6f4269753,2026-08-01,0,2,no_position_no_time,0.06900326
3,516d48d49945a260,2026-08-01,0,4,no_position_no_time,0.07512364
3,517a7e66de4ca111,2026-08-01,0,2,no_position_no_time,0.07034667
3,519ece2fcb4e00b3,2026-08-01,0,1,no_position_no_time,0.08453396
3,51a98924f46a1d14,2026-08-01,0,3,no_position_no_time,0.100385666
3,51b506ac46d66236,2026-08-01,0,5,no_position_no_time,0.07375255
3,51bbec83fb68550a,2026-08-01,0,2,no_position_no_time,0.10265966
3,51e01124438f150e,2026-08-01,0,2,no_position_no_time,0.07757427
3,51f856e9c626b976,2026-08-01,1,1,no_position_no_time,0.10729169
3,52051ee48a97d93e,2026-08-01,0,2,no_position_no_time,0.08575527
3,5209ce1d1a2ea7e3,2026-08-01,0,1,no_position_no_time,0.10298914
3,52105dc550dca845,2026-08-01,0,4,no_position_no_time,0.08627337
3,5224870ce04dcc43,2026-08-01,0,1,no_position_no_time,0.0679978
3,5256f8d2b75f2a09,2026-08-01,0,2,no_position_no_time,0.09942283
3,525de3e2323179e1,2026-08-01,0,3,no_position_no_time,0.08367785
3,52616f5f4295e400,2026-08-01,0,5,no_position_no_time,0.07205432
3,5268a46a034a739f,2026-08-01,0,3,no_position_no_time,0.08819953
3,528f22caa8f0f0bc,2026-08-01,0,5,no_position_no_time,0.06275412
3,52b566e8b0783d85,2026-08-01,0,3,no_position_no_time,0.09344996
3,52cda522c75e75c1,2026-08-01,0,1,no_position_no_time,0.1060854
3,52d596e56912afbc,2026-08-01,0,5,no_position_no_time,0.074067876
3,53126b4b55abf6c7,2026-08-01,0,2,no_position_no_time,0.10153314
3,5314b139298298d1,2026-08-01,0,2,no_position_no_time,0.0780405
3,533b2bf0135db46c,2026-08-01,0,1,no_position_no_time,0.07642558
3,535594fefc06e62a,2026-08-01,0,4,no_position_no_time,0.07481099
3,5377c05898842fea,2026-08-01,0,5,no_position_no_time,0.06620239
3,537aa52de7c6310f,2026-08-01,1,2,no_position_no_time,0.07275585
3,53e4d1a222d070a5,2026-08-01,1,1,no_position_no_time,0.103334
3,5422f09ac5145f62,2026-08-01,0,5,no_position_no_time,0.07874333
3,543752809758e52b,2026-08-01,0,2,no_position_no_time,0.06940687
3,5466a81ec27fa22b,2026-08-01,0,5,no_position_no_time,0.06383593
3,546955959dd8171c,2026-08-01,0,2,no_position_no_time,0.079958655
3,54906087d085361e,2026-08-01,0,2,no_position_no_time,0.06961887
3,54a791a82a5b40f0,2026-08-01,1,5,no_position_no_time,0.076629385
3,54c2f2b02373fa1b,2026-08-01,0,1,no_position_no_time,0.07919078
3,54f632fc1ae718e6,2026-08-01,0,1,no_position_no_time,0.110761814
3,550545eecbc3bf67,2026-08-01,0,4,no_position_no_time,0.053685404
3,5537d06120f3d634,2026-08-01,0,3,no_position_no_time,0.06445936
3,55594d1d0a09e4d5,2026-08-01,0,3,no_position_no_time,0.06436346
3,555985f6dc7dba8d,2026-08-01,1,2,no_position_no_time,0.093470015
3,5563649d7ec08bf2,2026-08-01,0,1,no_position_no_time,0.12805873
3,55dd9fbf7952c813,2026-08-01,0,4,no_position_no_time,0.12151263
3,55df14409a1c2182,2026-08-01,0,2,no_position_no_time,0.09808869
3,560063648e706b19,2026-08-01,1,1,no_position_no_time,0.08388914
3,5661bd727e59887f,2026-08-01,0,3,no_position_no_time,0.07375452
3,56669d82a91c7059,2026-08-01,0,3,no_position_no_time,0.09823998
3,56d051e9493cd2b3,2026-08-01,0,4,no_position_no_time,0.08602085
3,578a287788101b59,2026-08-01,0,2,no_position_no_time,0.07626283
3,578e1a0ad69af84f,2026-08-01,0,5,no_position_no_time,0.090930276
3,5790143c88cfc66b,2026-08-01,0,4,no_position_no_time,0.0947999
3,57924900120516eb,2026-08-01,0,3,no_position_no_time,0.14890543
3,57b14765bd4d16a3,2026-08-01,0,2,no_position_no_time,0.08792356
3,57b228dff530742a,2026-08-01,0,1,no_position_no_time,0.098012276
3,57c5158adb8fe5a4,2026-08-01,0,5,no_position_no_time,0.0642156
3,580d69512b3d1591,2026-08-01,0,5,no_position_no_time,0.0877876
3,581aee4fe8db385e,2026-08-01,0,3,no_position_no_time,0.08494234
3,5821dc3a7cec4d51,2026-08-01,0,4,no_position_no_time,0.12606233
3,58468e18043d035c,2026-08-01,0,5,no_position_no_time,0.10129875
3,58516adc65369d10,2026-08-01,0,4,no_position_no_time,0.09442436
3,5862aed705ae003f,2026-08-01,0,4,no_position_no_time,0.06987132
3,586811ece77bdea3,2026-08-01,0,1,no_position_no_time,0.08193315
3,589be2cd7aaeb2b9,2026-08-01,0,2,no_position_no_time,0.07801992
3,58bda2d39dfd3949,2026-08-01,0,4,no_position_no_time,0.08087065
3,58d3a30fab02433c,2026-08-01,0,5,no_position_no_time,0.07909593
3,58f2adb90f75d20b,2026-08-01,0,3,no_position_no_time,0.09827824
3,5915732ec71f992b,2026-08-01,0,3,no_position_no_time,0.15855065
3,5945c8dabf905d8c,2026-08-01,0,2,no_position_no_time,0.08558906
3,599f48295cb41d37,2026-08-01,0,4,no_position_no_time,0.10337463
3,59a3e9fd73fafa4c,2026-08-01,0,4,no_position_no_time,0.06810357
3,59a65f7f13131e3d,2026-08-01,0,5,no_position_no_time,0.100836836
3,59ebabe7ec08e5ca,2026-08-01,0,3,no_position_no_time,0.17053898
3,5a087cd0498765d2,2026-08-01,0,4,no_position_no_time,0.20618407
3,5a8800bb863e6dfa,2026-08-01,1,5,no_position_no_time,0.11759898
3,5afc1f8a9386c217,2026-08-01,0,4,no_position_no_time,0.08698035
3,5b039f0e29b29195,2026-08-01,0,5,no_position_no_time,0.08713829
3,5b7080fb2d6ffcef,2026-08-01,0,1,no_position_no_time,0.19599839
3,5b80f3953b40ff93,2026-08-01,0,4,no_position_no_time,0.09705004
3,5b868482f8018cca,2026-08-01,0,2,no_position_no_time,0.08505807
3,5b9063f977886618,2026-08-01,0,5,no_position_no_time,0.110054046
3,5b90a31de5b69907,2026-08-01,0,5,no_position_no_time,0.10499515
3,5baadf07644f2d51,2026-08-01,0,4,no_position_no_time,0.10437467
3,5bc1c7684de7f9cb,2026-08-01,1,3,no_position_no_time,0.0897803
3,5c41349080ae5059,2026-08-01,0,1,no_position_no_time,0.08168546
3,5c87d029eac1a34a,2026-08-01,0,2,no_position_no_time,0.08869551
3,5c9df5a905c47f75,2026-08-01,0,2,no_position_no_time,0.09919768
3,5cd4d49a1e616a03,2026-08-01,0,5,no_position_no_time,0.11515372
3,5d07219f0cb653e3,2026-08-01,1,3,no_position_no_time,0.25606126
3,5d27647521aa8de8,2026-08-01,0,1,no_position_no_time,0.07460225
3,5d3905daab645d12,2026-08-01,0,1,no_position_no_time,0.07392334
3,5d448a3b812c9989,2026-08-01,1,2,no_position_no_time,0.092332624
3,5d66ff4b1df0bd1b,2026-08-01,0,1,no_position_no_time,0.06007701
3,5d7a7719c99466ec,2026-08-01,0,2,no_position_no_time,0.09360081
3,5d8bd3d8769f5b4a,2026-08-01,0,2,no_position_no_time,0.076741405
3,5dc78c68a93074b8,2026-08-01,0,3,no_position_no_time,0.1839133
3,5e8ab530108850ed,2026-08-01,0,4,no_position_no_time,0.07570944
3,5e9ba2724bdf5897,2026-08-01,0,1,no_position_no_time,0.10916112
3,5ec2baa32c14d438,2026-08-01,0,1,no_position_no_time,0.12166589
3,5ece8981bf4352bf,2026-08-01,0,4,no_position_no_time,0.077424295
3,5ede8205150e53a1,2026-08-01,0,5,no_position_no_time,0.07289093
3,5ee8f21b84787106,2026-08-01,1,5,no_position_no_time,0.10099983
3,5f7a2d6de69d7ede,2026-08-01,0,2,no_position_no_time,0.0945808
3,5fa2a7fa8b1047b0,2026-08-01,0,1,no_position_no_time,0.106929466
3,5fce35780c34f4b1,2026-08-01,0,4,no_position_no_time,0.12995136
3,6002048381910721,2026-08-01,0,5,no_position_no_time,0.074396975
3,60251b089a43d7d4,2026-08-01,0,4,no_position_no_time,0.062248945
3,60a7f9f82b7b44aa,2026-08-01,0,1,no_position_no_time,0.07812479
3,60af106a7299e7b7,2026-08-01,0,2,no_position_no_time,0.08022113
3,60f66055c403de1a,2026-08-01,0,5,no_position_no_time,0.10829949
3,6145b7935a2a8fd9,2026-08-01,0,5,no_position_no_time,0.077693
3,615c9f49ea949e2d,2026-08-01,0,5,no_position_no_time,0.06438915
3,617e07ab2284fb7f,2026-08-01,0,3,no_position_no_time,0.07993929
3,61d7ab3556409caa,2026-08-01,1,4,no_position_no_time,0.11003156
3,62a5bf367513e892,2026-08-01,0,2,no_position_no_time,0.071962185
3,62bbf1ad4a65705f,2026-08-01,0,2,no_position_no_time,0.08072087
3,62f75deae5e37cdb,2026-08-01,0,3,no_position_no_time,0.060290024
3,630627cb78a867a3,2026-08-01,0,5,no_position_no_time,0.066447526
3,630e7830cf069cdd,2026-08-01,0,4,no_position_no_time,0.11253216
3,63aae24330d6243a,2026-08-01,0,3,no_position_no_time,0.06018295
3,63c08e6bcfe357cd,2026-08-01,0,5,no_position_no_time,0.07338573
3,64276f48b7f040ab,2026-08-01,0,4,no_position_no_time,0.13280389
3,64347532b9b13da8,2026-08-01,0,4,no_position_no_time,0.12927842
3,645469bfe408c529,2026-08-01,0,2,no_position_no_time,0.10919018
3,6483b5359cedf06f,2026-08-01,0,2,no_position_no_time,0.07885889
3,64961fb7036391ca,2026-08-01,0,1,no_position_no_time,0.08539592
3,650633b7d415a7f7,2026-08-01,0,2,no_position_no_time,0.07068934
3,6517d043ad732a3d,2026-08-01,0,4,no_position_no_time,0.0916255
3,651f694241a41871,2026-08-01,0,2,no_position_no_time,0.08671462
3,659533fc4f8f9b96,2026-08-01,0,2,no_position_no_time,0.088234976
3,6595dc860cdb11cb,2026-08-01,0,4,no_position_no_time,0.06998003
3,660dc136de6699be,2026-08-01,0,2,no_position_no_time,0.09611984
3,6611d1e8d9a12713,2026-08-01,0,2,no_position_no_time,0.0822355
3,663b508bc185b182,2026-08-01,0,5,no_position_no_time,0.102639295
3,663ece8c586c3646,2026-08-01,0,2,no_position_no_time,0.08188741
3,664dc953607197fa,2026-08-01,0,5,no_position_no_time,0.1251365
3,6680d0791b52e25a,2026-08-01,0,5,no_position_no_time,0.08963345
3,668fd6e7b340c9a3,2026-08-01,0,1,no_position_no_time,0.16140074
3,66aef99cba1ab258,2026-08-01,0,3,no_position_no_time,0.0584952
3,66afc6cca56e7e02,2026-08-01,0,4,no_position_no_time,0.0848379
3,66b6e233d52bb6fb,2026-08-01,0,2,no_position_no_time,0.077154085
3,66ef83d39f9dac4e,2026-08-01,0,5,no_position_no_time,0.105339244
3,66f7ee672cea6fdd,2026-08-01,0,5,no_position_no_time,0.11426437
3,672627e2a90b263f,2026-08-01,0,1,no_position_no_time,0.08167631
3,6740349224c3382f,2026-08-01,0,2,no_position_no_time,0.07715142
3,6752822ecf72e9b4,2026-08-01,0,5,no_position_no_time,0.10406121
3,67601fbffcbf28e0,2026-08-01,0,1,no_position_no_time,0.13039567
3,676a5d0e467210f9,2026-08-01,0,4,no_position_no_time,0.078225575
3,67f1719e0467546e,2026-08-01,0,4,no_position_no_time,0.112857744
3,67ff6817dd51ccf8,2026-08-01,0,3,no_position_no_time,0.06832281
3,68178ee8f0273fd5,2026-08-01,0,2,no_position_no_time,0.07486175
3,682e5a86c682bac2,2026-08-01,0,1,no_position_no_time,0.07925555
3,68335dc00481e816,2026-08-01,0,1,no_position_no_time,0.08013374
3,6857c0d11718f12d,2026-08-01,0,4,no_position_no_time,0.076906435
3,686b463e47344ef1,2026-08-01,0,1,no_position_no_time,0.08898162
3,689c7119c5508d95,2026-08-01,0,2,no_position_no_time,0.08809858
3,68a1de0a38f0de95,2026-08-01,0,4,no_position_no_time,0.07333565
3,68a3b36d760c71a1,2026-08-01,0,2,no_position_no_time,0.07266531
3,68bab66987668b38,2026-08-01,0,5,no_position_no_time,0.08530907
3,68c44d261c1daf9f,2026-08-01,0,5,no_position_no_time,0.0827864
3,68cd24af09ef8486,2026-08-01,0,2,no_position_no_time,0.07821686
3,68f5581962ef662d,2026-08-01,0,1,no_position_no_time,0.08231952
3,696bc6c78487ca87,2026-08-01,0,4,no_position_no_time,0.056725815
3,69867fc23477e9f7,2026-08-01,0,4,no_position_no_time,0.05855441
3,69a36343bfc492dc,2026-08-01,0,5,no_position_no_time,0.11400849
3,69dad16e93634b7c,2026-08-01,0,1,no_position_no_time,0.07679515
3,6a1c3bfaddf3f962,2026-08-01,0,3,no_position_no_time,0.06378787
3,6a2a566aed5547f2,2026-08-01,0,1,no_position_no_time,0.08522996
3,6a4c8dd40363408d,2026-08-01,0,1,no_position_no_time,0.06582581
3,6a5fc6788e12fec1,2026-08-01,0,5,no_position_no_time,0.10099658
3,6a81b7bbfb0833b7,2026-08-01,0,3,no_position_no_time,0.06772379
3,6a88affe41a66ee0,2026-08-01,0,4,no_position_no_time,0.08912328
3,6a9643e156dbd36a,2026-08-01,0,3,no_position_no_time,0.06862292
3,6acd3f485741197b,2026-08-01,0,3,no_position_no_time,0.09875903
3,6ad8ce3ab705f68e,2026-08-01,0,3,no_position_no_time,0.099309534
3,6ad9bc63ce7c79fb,2026-08-01,1,1,no_position_no_time,0.15140009
3,6af6b57306e776a2,2026-08-01,0,4,no_position_no_time,0.10210005
3,6b085ecef629a9e2,2026-08-01,0,5,no_position_no_time,0.23035114
3,6b273883d1fa6518,2026-08-01,0,2,no_position_no_time,0.09661854
3,6b55e89553e6a69b,2026-08-01,0,2,no_position_no_time,0.087195925
3,6b6712c13a0b8795,2026-08-01,0,4,no_position_no_time,0.055384908
3,6b7a1e1f37856ca8,2026-08-01,0,5,no_position_no_time,0.090801015
3,6bb407bfb69cc238,2026-08-01,0,3,no_position_no_time,0.1280989
3,6bc3c71bfbace810,2026-08-01,1,4,no_position_no_time,0.08493195
3,6c39b3b92439ea2d,2026-08-01,0,4,no_position_no_time,0.09035778
3,6c4998dbdc47ac5b,2026-08-01,0,5,no_position_no_time,0.06981807
3,6c688ae2986b23e6,2026-08-01,0,2,no_position_no_time,0.09134792
3,6cc111629b17bb80,2026-08-01,0,5,no_position_no_time,0.09548683
3,6cccc0e2eb5a7fd4,2026-08-01,0,4,no_position_no_time,0.10927502
3,6cfaaf5008e3a368,2026-08-01,0,1,no_position_no_time,0.09235472
3,6d0fabf2737acd96,2026-08-01,0,4,no_position_no_time,0.06949649
3,6d54882c089c738c,2026-08-01,0,2,no_position_no_time,0.11890124
3,6d763acede05a57e,2026-08-01,0,2,no_position_no_time,0.0841237
3,6d7d1ac65b8e2b71,2026-08-01,0,2,no_position_no_time,0.0703233
3,6e03d30cfa2d4d7d,2026-08-01,0,4,no_position_no_time,0.10829788
3,6e2e0d3333366da8,2026-08-01,0,1,no_position_no_time,0.10782126
3,6eaf56faf92d6e1e,2026-08-01,0,1,no_position_no_time,0.07180918
3,6ebe5700ae86bd83,2026-08-01,0,2,no_position_no_time,0.06980739
3,6ef045018206cb55,2026-08-01,0,5,no_position_no_time,0.063483536
3,6f204569aa37516e,2026-08-01,1,1,no_position_no_time,0.09069242
3,6f4eca54c3aa2bc1,2026-08-01,0,1,no_position_no_time,0.080177374
3,6f651f986293dafb,2026-08-01,0,2,no_position_no_time,0.07370446
3,6f6792f3a97dfb88,2026-08-01,0,1,no_position_no_time,0.09072396
3,6fb63fe98bb40d41,2026-08-01,0,1,no_position_no_time,0.09823521
3,6fca9eb62235956e,2026-08-01,0,3,no_position_no_time,0.09415403
3,6fe3c44dd9cbfaae,2026-08-01,0,2,no_position_no_time,0.0886878
3,706992daca2df278,2026-08-01,0,5,no_position_no_time,0.109726734
3,70a7c83a4072d170,2026-08-01,0,2,no_position_no_time,0.083333366
3,70b99ef3175db7f4,2026-08-01,1,5,no_position_no_time,0.089605704
3,70c23b94718456df,2026-08-01,0,3,no_position_no_time,0.069301434
3,70d8f56bb47fa695,2026-08-01,0,1,no_position_no_time,0.093344055
3,70f858452af19f8f,2026-08-01,0,2,no_position_no_time,0.084768236
3,712b15cc1a16f40e,2026-08-01,0,4,no_position_no_time,0.046830814
3,7135bf0f61d1ff45,2026-08-01,0,5,no_position_no_time,0.06739052
3,71911ead7fc487a2,2026-08-01,1,4,no_position_no_time,0.0892382
3,71a3beeadba4a14a,2026-08-01,0,1,no_position_no_time,0.120302685
3,71bdbeae06c611da,2026-08-01,0,2,no_position_no_time,0.0808811
3,71e0918bc947a70f,2026-08-01,0,2,no_position_no_time,0.09443682
3,71ecf623274b969a,2026-08-01,0,4,no_position_no_time,0.11091744
3,7209492d1bab4bcd,2026-08-01,0,2,no_position_no_time,0.08979849
3,7242018ba1a33d45,2026-08-01,0,2,no_position_no_time,0.089701906
3,72532fb94c54c265,2026-08-01,0,3,no_position_no_time,0.070052475
3,725628e4a7596910,2026-08-01,1,5,no_position_no_time,0.10031094
3,7256b09caa899831,2026-08-01,0,5,no_position_no_time,0.10539713
3,725b37b1907b50d9,2026-08-01,0,3,no_position_no_time,0.06280151
3,72a3bc4213e3cb58,2026-08-01,0,2,no_position_no_time,0.08302082
3,72d46fb38d14c41c,2026-08-01,0,4,no_position_no_time,0.09618206
3,72e138216d4c1087,2026-08-01,0,2,no_position_no_time,0.087863974
3,72f676aec235e7cf,2026-08-01,0,5,no_position_no_time,0.087283336
3,72fdaadd4906219c,2026-08-01,0,5,no_position_no_time,0.07996712
3,732b3a0cded95339,2026-08-01,0,1,no_position_no_time,0.106943175
3,73965092d34d2b9a,2026-08-01,0,4,no_position_no_time,0.100004934
3,739a8078e2c0c28a,2026-08-01,0,1,no_position_no_time,0.102231465
3,73a854d1911e1c4d,2026-08-01,0,3,no_position_no_time,0.13562185
3,73d76b6ac182487f,2026-08-01,0,1,no_position_no_time,0.1297594
3,73db54883334e447,2026-08-01,0,5,no_position_no_time,0.07504557
3,73ea7b72742dc5e8,2026-08-01,0,4,no_position_no_time,0.04765642
3,748d0b09094c9b01,2026-08-01,0,2,no_position_no_time,0.100856155
3,748f832ff17635e3,2026-08-01,0,1,no_position_no_time,0.09344738
3,749650f04260b5e6,2026-08-01,0,2,no_position_no_time,0.07859071
3,74a08a598a032a1d,2026-08-01,1,3,no_position_no_time,0.08231223
3,74a7b4ba1282ee47,2026-08-01,0,2,no_position_no_time,0.091733165
3,74d47a9d4a58942e,2026-08-01,0,1,no_position_no_time,0.075098895
3,74f247c17039f90d,2026-08-01,0,4,no_position_no_time,0.18470447
3,7528e5d9aa2facb1,2026-08-01,0,2,no_position_no_time,0.09349636
3,753cdea395d239a5,2026-08-01,0,1,no_position_no_time,0.081379764
3,75447c40e61cecf0,2026-08-01,0,5,no_position_no_time,0.12363709
3,755745df95ff0a69,2026-08-01,0,2,no_position_no_time,0.067437164
3,75703715f50699db,2026-08-01,0,3,no_position_no_time,0.07717497
3,75e414784ebd7f51,2026-08-01,0,2,no_position_no_time,0.086861424
3,75e80b55e66c2732,2026-08-01,0,1,no_position_no_time,0.11998586
3,75f30f73370c6e9a,2026-08-01,1,3,no_position_no_time,0.19791855
3,764797b1db1412fb,2026-08-01,1,2,no_position_no_time,0.10436132
3,76ce46b1f40e9db0,2026-08-01,0,3,no_position_no_time,0.078244954
3,76d79330dc07537e,2026-08-01,0,3,no_position_no_time,0.065658584
3,774e9a8d1feecf4e,2026-08-01,0,2,no_position_no_time,0.07181237
3,7756f7a33eb9742c,2026-08-01,0,3,no_position_no_time,0.07408936
3,776384347af07be1,2026-08-01,0,1,no_position_no_time,0.085057735
3,77ad16d00dd7763f,2026-08-01,0,4,no_position_no_time,0.06633529
3,77ba0a399e463009,2026-08-01,0,3,no_position_no_time,0.08583871
3,7822f667387b29c7,2026-08-01,0,4,no_position_no_time,0.10003461
3,783f1435d067b6da,2026-08-01,0,2,no_position_no_time,0.07076446
3,7858913f63d751db,2026-08-01,0,1,no_position_no_time,0.07601273
3,786148badc8885a8,2026-08-01,0,5,no_position_no_time,0.08508412
3,787a54c685eb4905,2026-08-01,0,5,no_position_no_time,0.0878023
3,78c5b2be3b57a635,2026-08-01,0,1,no_position_no_time,0.093071535
3,78c6df26f6e60deb,2026-08-01,0,4,no_position_no_time,0.08495981
3,790575c250daebeb,2026-08-01,0,5,no_position_no_time,0.10416669
3,7924fc7a33a94fd7,2026-08-01,0,5,no_position_no_time,0.06312101
3,794117e30646a384,2026-08-01,1,1,no_position_no_time,0.0845914
3,7993b9d06cc9138f,2026-08-01,0,5,no_position_no_time,0.09026022
3,79a073738a1eea2d,2026-08-01,0,4,no_position_no_time,0.079672575
3,79bef50ddebf7136,2026-08-01,0,3,no_position_no_time,0.056860883
3,79ca13d5cab1c005,2026-08-01,0,4,no_position_no_time,0.11121093
3,79e792ebe61208d4,2026-08-01,0,3,no_position_no_time,0.08531494
3,7a13a0eea6307278,2026-08-01,0,5,no_position_no_time,0.091399305
3,7a20dae074f2a9d7,2026-08-01,0,2,no_position_no_time,0.082905516
3,7a931f36e2766186,2026-08-01,0,5,no_position_no_time,0.08737191
3,7a99096be88051ee,2026-08-01,0,5,no_position_no_time,0.094930895
3,7ac219791398ad90,2026-08-01,0,3,no_position_no_time,0.07230527
3,7ae5153c103cae58,2026-08-01,0,3,no_position_no_time,0.15408577
3,7b22593523b7444c,2026-08-01,0,5,no_position_no_time,0.15204923
3,7b404a403b4f0e5c,2026-08-01,0,1,no_position_no_time,0.104381405
3,7b6c1d974eb1a170,2026-08-01,0,4,no_position_no_time,0.08041239
3,7bb11dc51ba9c97b,2026-08-01,0,3,no_position_no_time,0.110049814
3,7bb45507640e3943,2026-08-01,0,4,no_position_no_time,0.08323434
3,7bd6dc51f38f2c44,2026-08-01,0,3,no_position_no_time,0.094950385
3,7c04e7b054e0c124,2026-08-01,0,2,no_position_no_time,0.06954984
3,7c8aeacf1fa72ab3,2026-08-01,0,3,no_position_no_time,0.059855454
3,7ca9ed9e32ddf851,2026-08-01,0,3,no_position_no_time,0.06739855
3,7cc77d4f9904a8e1,2026-08-01,0,2,no_position_no_time,0.07124653
3,7ce4c945061f643a,2026-08-01,0,5,no_position_no_time,0.124765806
3,7cfdede4400eea59,2026-08-01,0,2,no_position_no_time,0.07414067
3,7d33acd56b024065,2026-08-01,0,1,no_position_no_time,0.08835015
3,7d3747c4378d47ae,2026-08-01,0,1,no_position_no_time,0.1011353
3,7d76df379326eab1,2026-08-01,0,5,no_position_no_time,0.071833886
3,7d9db37e1ed6e427,2026-08-01,0,5,no_position_no_time,0.103141256
3,7dc1ddf462be6bc5,2026-08-01,0,5,no_position_no_time,0.105093226
3,7dcb9ef8bbf9e4e4,2026-08-01,0,4,no_position_no_time,0.06670229
3,7dcfcdc409e502cd,2026-08-01,0,1,no_position_no_time,0.088259965
3,7dda8c1dc22c4ce6,2026-08-01,0,4,no_position_no_time,0.07861176
3,7e5e11ddc426f774,2026-08-01,0,4,no_position_no_time,0.076173
3,7e641fe4afaf0d70,2026-08-01,0,1,no_position_no_time,0.06723298
3,7ebfbf3457024c73,2026-08-01,0,4,no_position_no_time,0.0872929
3,7ec747f977d6f5bf,2026-08-01,0,2,no_position_no_time,0.090845205
3,7ec7bbac1751f2d1,2026-08-01,0,1,no_position_no_time,0.1076256
3,7ee1753da5cce9b8,2026-08-01,0,4,no_position_no_time,0.13259563
3,7eeba9b9bbdcc619,2026-08-01,0,3,no_position_no_time,0.07025018
3,7f1d9a9904632eb6,2026-08-01,0,1,no_position_no_time,0.08508234
3,7f507a92e65dadad,2026-08-01,0,4,no_position_no_time,0.13220786
3,7f722281a4db3b1d,2026-08-01,0,2,no_position_no_time,0.082507715
3,7f7d5b9a789b4387,2026-08-01,0,4,no_position_no_time,0.05709578
3,7faf5dfae7e7e597,2026-08-01,0,2,no_position_no_time,0.09193642
3,80186fe21865b3d1,2026-08-01,0,5,no_position_no_time,0.07356719
3,804a36bdcb7df426,2026-08-01,0,3,no_position_no_time,0.10060015
3,808c916fdd731cf6,2026-08-01,0,1,no_position_no_time,0.10521929
3,809fff685f55ddeb,2026-08-01,0,5,no_position_no_time,0.14225651
3,80aa9adc593a379c,2026-08-01,0,5,no_position_no_time,0.07878272
3,80d8f3e6920c9954,2026-08-01,0,5,no_position_no_time,0.087408334
3,80ef2265eeefbe6c,2026-08-01,0,1,no_position_no_time,0.10357247
3,80f63d7faf3932ab,2026-08-01,0,3,no_position_no_time,0.11429887
3,8102e2532d334c1e,2026-08-01,0,4,no_position_no_time,0.090541966
3,8145d4f50b3ab222,2026-08-01,0,1,no_position_no_time,0.082085535
3,817fc433b6ecaefc,2026-08-01,0,4,no_position_no_time,0.081525326
3,818a79bdaba6a37a,2026-08-01,0,3,no_position_no_time,0.09910598
3,819af7d8ff2d924c,2026-08-01,1,2,no_position_no_time,0.09589458
3,81dfa6629c13b316,2026-08-01,0,5,no_position_no_time,0.09964058
3,81fc9d3d51ce5366,2026-08-01,0,2,no_position_no_time,0.0824731
3,822612270af518cb,2026-08-01,0,3,no_position_no_time,0.09206703
3,8295da3b3202abdf,2026-08-01,0,2,no_position_no_time,0.10127868
3,82e8a5b54f692f94,2026-08-01,0,1,no_position_no_time,0.095663674
3,832278673db18633,2026-08-01,0,5,no_position_no_time,0.07701956
3,83525327a673c197,2026-08-01,0,3,no_position_no_time,0.13130337
3,83546176b0fe51c7,2026-08-01,0,5,no_position_no_time,0.07805267
3,83ff9714b05d041a,2026-08-01,0,5,no_position_no_time,0.09366385
3,841103cabc0b106c,2026-08-01,0,4,no_position_no_time,0.07405804
3,842246e106b1ea8d,2026-08-01,0,4,no_position_no_time,0.12707166
3,84324e772d11375c,2026-08-01,0,2,no_position_no_time,0.07522354
3,84559f8bdecfee77,2026-08-01,0,1,no_position_no_time,0.08970629
3,84a7be9849355a05,2026-08-01,0,4,no_position_no_time,0.08305908
3,84dc0b9a87a8ea12,2026-08-01,0,4,no_position_no_time,0.10044794
3,853d3ab6559631e2,2026-08-01,0,4,no_position_no_time,0.08618206
3,855ca47819cf5703,2026-08-01,0,1,no_position_no_time,0.08379475
3,8584cf7a70a6d3e8,2026-08-01,0,5,no_position_no_time,0.05621571
3,85d4d56603523e44,2026-08-01,0,3,no_position_no_time,0.08564436
3,85dd641f03eb059f,2026-08-01,0,5,no_position_no_time,0.13208231
3,86194b8ed4ade423,2026-08-01,0,1,no_position_no_time,0.08035779
3,86730df7a6fe999e,2026-08-01,0,5,no_position_no_time,0.076175235
3,86a177935d232c69,2026-08-01,0,3,no_position_no_time,0.06933181
3,86c5d82112d4d61d,2026-08-01,0,3,no_position_no_time,0.0973939
3,86d2c6ecab138e80,2026-08-01,0,3,no_position_no_time,0.07338536
3,86e300d62fdd81b0,2026-08-01,0,3,no_position_no_time,0.07363824
3,870ea517056d67bb,2026-08-01,0,1,no_position_no_time,0.095439285
3,875477673c8ee3d9,2026-08-01,0,5,no_position_no_time,0.074382365
3,877351281acec94c,2026-08-01,0,1,no_position_no_time,0.061383095
3,87981be00758ff81,2026-08-01,0,3,no_position_no_time,0.07705952
3,87a32ed9d666e99a,2026-08-01,0,1,no_position_no_time,0.07474702
3,87b8024da9dde6d3,2026-08-01,0,2,no_position_no_time,0.07653881
3,87c30bc09bcbe6cd,2026-08-01,1,5,no_position_no_time,0.15344575
3,87dec59167ad256d,2026-08-01,1,4,no_position_no_time,0.10755858
3,8814713a2c820302,2026-08-01,0,4,no_position_no_time,0.10706962
3,88227a7d741a5260,2026-08-01,0,5,no_position_no_time,0.11687407
3,88295cb9b31fcb1e,2026-08-01,0,5,no_position_no_time,0.07595791
3,887366c9a288cbb6,2026-08-01,0,4,no_position_no_time,0.075369045
3,888d5ebb6dcd54fd,2026-08-01,1,3,no_position_no_time,0.07037962
3,888d6adec828fd25,2026-08-01,0,1,no_position_no_time,0.13214697
3,889d0484e4c25c25,2026-08-01,0,2,no_position_no_time,0.08504038
3,890a8bf387658eb5,2026-08-01,0,3,no_position_no_time,0.19929291
3,89390d6c06cac3f5,2026-08-01,0,3,no_position_no_time,0.055409886
3,89611552d0174ff6,2026-08-01,0,5,no_position_no_time,0.11088145
3,8996f01d262ba875,2026-08-01,0,5,no_position_no_time,0.24398278
3,899d7d64c2b83f21,2026-08-01,0,3,no_position_no_time,0.121906154
3,89e2040aeb415707,2026-08-01,0,5,no_position_no_time,0.14185676
3,8a22101fe12eb2c5,2026-08-01,1,5,no_position_no_time,0.12987359
3,8a5c0b5ad8e104a8,2026-08-01,0,1,no_position_no_time,0.08625242
3,8a8414e70a6de5f7,2026-08-01,0,1,no_position_no_time,0.10838888
3,8aa167ad0208b0ea,2026-08-01,0,4,no_position_no_time,0.13063551
3,8ad6d6cb7cee43e7,2026-08-01,0,5,no_position_no_time,0.10094336
3,8ae4f0381f513699,2026-08-01,0,3,no_position_no_time,0.07789062
3,8b0c143fd843722e,2026-08-01,0,2,no_position_no_time,0.06909937
3,8b220a0384032bf0,2026-08-01,0,5,no_position_no_time,0.08660583
3,8b315dc1730da0c8,2026-08-01,0,5,no_position_no_time,0.07262179
3,8b98028b5219338f,2026-08-01,0,3,no_position_no_time,0.076066986
3,8bebc9cb93533252,2026-08-01,0,2,no_position_no_time,0.08088469
3,8bfaf4973eaba339,2026-08-01,0,4,no_position_no_time,0.08564413
3,8c15590e040d6608,2026-08-01,0,4,no_position_no_time,0.083166964
3,8c18a30e67e714ab,2026-08-01,0,3,no_position_no_time,0.056365415
3,8c379c4d88316b5f,2026-08-01,0,4,no_position_no_time,0.07290665
3,8c3f87304731746f,2026-08-01,0,5,no_position_no_time,0.11059339
3,8ca039b7cae4ded8,2026-08-01,0,5,no_position_no_time,0.0831257
3,8cacac70e0c8a431,2026-08-01,0,2,no_position_no_time,0.09580817
3,8cd01036387d0033,2026-08-01,0,2,no_position_no_time,0.089526385
3,8d01315db3bfa9c6,2026-08-01,0,5,no_position_no_time,0.12571107
3,8d3f82827b0890e0,2026-08-01,0,4,no_position_no_time,0.059479527
3,8d5c703afcec1b99,2026-08-01,0,1,no_position_no_time,0.071717724
3,8d7602c3974b0aaa,2026-08-01,0,1,no_position_no_time,0.06516983
3,8d8c09db3b765544,2026-08-01,0,5,no_position_no_time,0.08128156
3,8db86abd14e45e77,2026-08-01,0,5,no_position_no_time,0.059789
3,8dd83465d46be50c,2026-08-01,0,5,no_position_no_time,0.06288606
3,8e27eb733ed058bd,2026-08-01,1,1,no_position_no_time,0.11537094
3,8e9cef6d191d4f78,2026-08-01,0,5,no_position_no_time,0.1265757
3,8ec0b262a25f0213,2026-08-01,0,2,no_position_no_time,0.10570051
3,8efd717c8e956434,2026-08-01,0,3,no_position_no_time,0.080116205
3,8f174cfed26bfe06,2026-08-01,0,1,no_position_no_time,0.10902557
3,8f58eb42e4bcff39,2026-08-01,1,5,no_position_no_time,0.10526253
3,8f6a6863ef27d373,2026-08-01,0,4,no_position_no_time,0.11008216
3,8f742a6486a107c2,2026-08-01,0,2,no_position_no_time,0.08571782
3,8f98efb75d639716,2026-08-01,0,4,no_position_no_time,0.14847337
3,8fae729a975e1589,2026-08-01,0,4,no_position_no_time,0.101699255
3,8fba9069c0ba45ea,2026-08-01,0,3,no_position_no_time,0.08330396
3,908929396ab4c953,2026-08-01,0,5,no_position_no_time,0.09452377
3,908bfa9116756ee7,2026-08-01,0,2,no_position_no_time,0.080178745
3,90c3e825e848b5d0,2026-08-01,0,2,no_position_no_time,0.07906564
3,91211fd51a1d48d9,2026-08-01,0,3,no_position_no_time,0.07625405
3,91266c03880b12d6,2026-08-01,1,5,no_position_no_time,0.09629784
3,919f51fbf57512f7,2026-08-01,0,5,no_position_no_time,0.08884408
3,91b0e87278726e3e,2026-08-01,0,2,no_position_no_time,0.080095425
3,91bc5d5ff8d66a5e,2026-08-01,0,1,no_position_no_time,0.06907673
3,92018e6142f69623,2026-08-01,0,2,no_position_no_time,0.10049831
3,921c76f30a27b4b2,2026-08-01,1,1,no_position_no_time,0.108072065
3,924b34d606674713,2026-08-01,0,5,no_position_no_time,0.07191784
3,92530b14bcd89ab8,2026-08-01,0,4,no_position_no_time,0.05750315
3,9258832c9b88feac,2026-08-01,0,3,no_position_no_time,0.08474308
3,926ec48829999094,2026-08-01,1,3,no_position_no_time,0.09946695
3,92711c93d6c31bb1,2026-08-01,1,1,no_position_no_time,0.08945242
3,929628966cbe9c3a,2026-08-01,1,2,no_position_no_time,0.123460345
3,92c085f436bf40d1,2026-08-01,1,3,no_position_no_time,0.105094165
3,92cebf4c31ba3c0c,2026-08-01,1,2,no_position_no_time,0.086570755
3,92da135370e30e2b,2026-08-01,0,5,no_position_no_time,0.089833386
3,92df5b40c9b72000,2026-08-01,0,4,no_position_no_time,0.0894044
3,934e417989cac234,2026-08-01,1,5,no_position_no_time,0.07167042
3,9364a2910ec8b1a4,2026-08-01,0,3,no_position_no_time,0.09417855
3,93c99cdb34a71512,2026-08-01,0,1,no_position_no_time,0.06148901
3,93d4300f1f5d6d8b,2026-08-01,0,1,no_position_no_time,0.070629835
3,941719fc6af54272,2026-08-01,0,1,no_position_no_time,0.15786117
3,942cb5d293dbe546,2026-08-01,0,2,no_position_no_time,0.08689445
3,943a597d4017b8f6,2026-08-01,0,2,no_position_no_time,0.08716361
3,94510d88d6e7c1ae,2026-08-01,0,5,no_position_no_time,0.21786301
3,94523b841f1b13b1,2026-08-01,0,1,no_position_no_time,0.06546797
3,9455d2c2247eab6b,2026-08-01,0,1,no_position_no_time,0.09683496
3,9469e0f7b0485d15,2026-08-01,0,3,no_position_no_time,0.058699407
3,947a15456539216e,2026-08-01,0,5,no_position_no_time,0.09867906
3,947bfb88e3f67301,2026-08-01,0,1,no_position_no_time,0.07661624
3,9481ce77250d5699,2026-08-01,0,3,no_position_no_time,0.08708926
3,9482ac37fbb2a459,2026-08-01,0,4,no_position_no_time,0.072597995
3,949e497d556a3207,2026-08-01,0,2,no_position_no_time,0.08925017
3,94c0710f018fc21b,2026-08-01,0,1,no_position_no_time,0.070478335
3,94cda231ad7ec1ee,2026-08-01,0,2,no_position_no_time,0.09597933
3,95196236233b18e9,2026-08-01,1,2,no_position_no_time,0.10488013
3,9556185d4a18924b,2026-08-01,0,1,no_position_no_time,0.09775367
3,9564e1164ee5d4c0,2026-08-01,0,4,no_position_no_time,0.07442926
3,9593a23a5878163b,2026-08-01,0,2,no_position_no_time,0.08997058
3,959b7d01ad823ebb,2026-08-01,0,2,no_position_no_time,0.09782678
3,95aebe7d44494d9a,2026-08-01,1,2,no_position_no_time,0.11536416
3,95d59c6a8b8bbaaf,2026-08-01,0,4,no_position_no_time,0.079082474
3,960c2c84d850f3fb,2026-08-01,0,4,no_position_no_time,0.085693516
3,96209a3993cf3589,2026-08-01,0,5,no_position_no_time,0.093181565
3,962e163e3f95007b,2026-08-01,0,2,no_position_no_time,0.0899821
3,9632063f88d1b734,2026-08-01,1,3,no_position_no_time,0.09260626
3,9648adebd74c0369,2026-08-01,0,5,no_position_no_time,0.06714666
3,964da491f09ae5f5,2026-08-01,0,5,no_position_no_time,0.08574501
3,9663ee03693bc1ba,2026-08-01,0,2,no_position_no_time,0.06673122
3,966686038b842717,2026-08-01,0,3,no_position_no_time,0.08343994
3,967b807ffdbc4561,2026-08-01,0,3,no_position_no_time,0.076375805
3,968087a462e73a1b,2026-08-01,0,1,no_position_no_time,0.081259504
3,969760fcba2e6fbe,2026-08-01,0,1,no_position_no_time,0.059878685
3,96a08eafa1db1917,2026-08-01,0,3,no_position_no_time,0.08359796
3,96c0cbad3cc5e46b,2026-08-01,0,3,no_position_no_time,0.06330474
3,96c849cde5fc3d4e,2026-08-01,1,4,no_position_no_time,0.08770242
3,96d3524f7227cf9c,2026-08-01,0,3,no_position_no_time,0.06300389
3,9722c1d065130712,2026-08-01,0,4,no_position_no_time,0.09630973
3,9726e7cc4d6e5754,2026-08-01,0,5,no_position_no_time,0.10253373
3,9745ae02e62b0106,2026-08-01,0,4,no_position_no_time,0.083410695
3,97b8ff70808c0e69,2026-08-01,0,3,no_position_no_time,0.12061984
3,97ea16ed330e2396,2026-08-01,0,2,no_position_no_time,0.09367033
3,9809ca7837e35ebf,2026-08-01,0,1,no_position_no_time,0.079962105
3,982e07eee88de864,2026-08-01,0,2,no_position_no_time,0.0863129
3,9830f37af2db872b,2026-08-01,0,2,no_position_no_time,0.09174254
3,98787dce6bc02858,2026-08-01,0,5,no_position_no_time,0.09204543
3,987b8c526fb64ca1,2026-08-01,1,3,no_position_no_time,0.13691461
3,98c29edc6d96f11c,2026-08-01,1,4,no_position_no_time,0.12888691
3,98e7e3143907bb04,2026-08-01,0,1,no_position_no_time,0.08321364
3,990baafc86600963,2026-08-01,0,1,no_position_no_time,0.12640084
3,992f51527d4c91c3,2026-08-01,0,5,no_position_no_time,0.08651335
3,999fe38a8576f561,2026-08-01,0,4,no_position_no_time,0.062122878
3,99c4b3182e4d885f,2026-08-01,0,4,no_position_no_time,0.05824858
3,99dc5b286d4131d4,2026-08-01,0,4,no_position_no_time,0.07321084
3,99ee6f601f914330,2026-08-01,0,5,no_position_no_time,0.11036722
3,99eef8f5517a4d2f,2026-08-01,0,3,no_position_no_time,0.07981897
3,9a06fcdab7395033,2026-08-01,0,4,no_position_no_time,0.06826498
3,9a5db952f96c0e77,2026-08-01,1,4,no_position_no_time,0.0836423
3,9aa724ed02c28f5a,2026-08-01,0,5,no_position_no_time,0.064853884
3,9ab0134baa1960ab,2026-08-01,0,4,no_position_no_time,0.09132526
3,9ab21b39b641882d,2026-08-01,0,3,no_position_no_time,0.06656265
3,9ad3d93d4eadfa97,2026-08-01,0,3,no_position_no_time,0.062055286
3,9af028b11d5809f7,2026-08-01,0,5,no_position_no_time,0.1182107
3,9b30c24c590ecb82,2026-08-01,0,3,no_position_no_time,0.08574706
3,9b3211a99e6d77d8,2026-08-01,0,5,no_position_no_time,0.13948472
3,9b8a9738aa705079,2026-08-01,0,3,no_position_no_time,0.09694358
3,9b91d34e1fdd50e2,2026-08-01,0,2,no_position_no_time,0.08426098
3,9bbc013dfa84d784,2026-08-01,0,1,no_position_no_time,0.09021456
3,9be023aa553759d1,2026-08-01,0,2,no_position_no_time,0.098609276
3,9c0719790b187ef8,2026-08-01,0,3,no_position_no_time,0.07897764
3,9c511f9c2f44ce78,2026-08-01,0,1,no_position_no_time,0.07173776
3,9c8ec09e67afbb35,2026-08-01,0,4,no_position_no_time,0.069722794
3,9c8f9a92cb948fee,2026-08-01,0,4,no_position_no_time,0.08343687
3,9d040be315a8707f,2026-08-01,0,1,no_position_no_time,0.076941736
3,9d3a61eb9aa261e8,2026-08-01,0,4,no_position_no_time,0.061844077
3,9d4c32ed4590ed6c,2026-08-01,0,4,no_position_no_time,0.106946796
3,9db146f013d7d60a,2026-08-01,1,2,no_position_no_time,0.16178532
3,9e0438deaf9d2e3f,2026-08-01,0,1,no_position_no_time,0.097395726
3,9e39138651a820c2,2026-08-01,0,2,no_position_no_time,0.08605167
3,9e6115ab696893c8,2026-08-01,0,1,no_position_no_time,0.15755685
3,9e7542a6acb94bc0,2026-08-01,0,4,no_position_no_time,0.0968633
3,9e8cd0bf75b33dde,2026-08-01,0,5,no_position_no_time,0.10004537
3,9ed92e4106337b9b,2026-08-01,0,2,no_position_no_time,0.07698511
3,9efb040fb451034b,2026-08-01,0,2,no_position_no_time,0.07826328
3,9f91a16c548bbf9f,2026-08-01,0,2,no_position_no_time,0.0703385
3,9fc184516d4b6874,2026-08-01,0,4,no_position_no_time,0.07547192
3,9ff8f19000625311,2026-08-01,0,1,no_position_no_time,0.09529613
3,9ff99277aef0660c,2026-08-01,0,4,no_position_no_time,0.08843898
3,a085cdd4630c804b,2026-08-01,1,1,no_position_no_time,0.10264376
3,a0c462f731b98a5c,2026-08-01,1,5,no_position_no_time,0.07067891
3,a0f93a44d8792479,2026-08-01,0,2,no_position_no_time,0.078066066
3,a1b24bb7b36a50f9,2026-08-01,0,4,no_position_no_time,0.06327697
3,a1c7b698d9cbc450,2026-08-01,0,3,no_position_no_time,0.077053994
3,a1dc3d3af0ac184b,2026-08-01,0,5,no_position_no_time,0.12169819
3,a1f3d64342d58daa,2026-08-01,0,2,no_position_no_time,0.077078745
3,a25d9c30008629ce,2026-08-01,0,2,no_position_no_time,0.11932806
3,a2d0b3f9212aa1ab,2026-08-01,0,5,no_position_no_time,0.121028244
3,a2d1ac3f3c933304,2026-08-01,0,5,no_position_no_time,0.10571017
3,a30fd7b395ee1986,2026-08-01,0,5,no_position_no_time,0.102495335
3,a325f646da7b1417,2026-08-01,0,2,no_position_no_time,0.071284905
3,a34175ec1f03a8e4,2026-08-01,0,5,no_position_no_time,0.09707963
3,a34c251f8d9d84cb,2026-08-01,0,3,no_position_no_time,0.05917832
3,a385c8dcff65b440,2026-08-01,0,4,no_position_no_time,0.07243155
3,a38efc6024f21269,2026-08-01,0,5,no_position_no_time,0.06551454
3,a3bfda7044bacc59,2026-08-01,0,5,no_position_no_time,0.09914685
3,a3d2511aa13a37ca,2026-08-01,0,1,no_position_no_time,0.06991954
3,a3e6d25504844590,2026-08-01,0,5,no_position_no_time,0.08683832
3,a41758e7d634c664,2026-08-01,0,5,no_position_no_time,0.09499053
3,a45d21bd449a09df,2026-08-01,1,4,no_position_no_time,0.100184105
3,a46193d604bed5f3,2026-08-01,0,4,no_position_no_time,0.08804338
3,a47b76de2c81984d,2026-08-01,1,2,no_position_no_time,0.16026695
3,a49036d69aec05b9,2026-08-01,0,4,no_position_no_time,0.08618937
3,a4904a7d608d5daf,2026-08-01,0,4,no_position_no_time,0.09120055
3,a4a1d85bb9bff4eb,2026-08-01,0,5,no_position_no_time,0.09127184
3,a4bfa61a90ed5365,2026-08-01,0,2,no_position_no_time,0.09367011
3,a4d5699111e3af72,2026-08-01,0,4,no_position_no_time,0.107087016
3,a50b08b6e8e6df22,2026-08-01,0,5,no_position_no_time,0.09650028
3,a55d9ee9673125c5,2026-08-01,0,3,no_position_no_time,0.09732857
3,a58564a46d57c180,2026-08-01,0,5,no_position_no_time,0.09052028
3,a595e2e70cfe7a47,2026-08-01,0,2,no_position_no_time,0.08521292
3,a5c070bc702094fa,2026-08-01,0,1,no_position_no_time,0.06617508
3,a5dd509365d64f15,2026-08-01,0,2,no_position_no_time,0.0837559
3,a6288040cf6ef247,2026-08-01,0,2,no_position_no_time,0.08693016
3,a6c4257d648a354d,2026-08-01,0,4,no_position_no_time,0.122689515
3,a6e66824f8966007,2026-08-01,0,4,no_position_no_time,0.12325727
3,a6fd336a1407c117,2026-08-01,0,4,no_position_no_time,0.09349794
3,a70b8e3c08cd20e4,2026-08-01,0,4,no_position_no_time,0.09754539
3,a77469d18535a4be,2026-08-01,0,2,no_position_no_time,0.103560604
3,a793ae9d4775896f,2026-08-01,0,4,no_position_no_time,0.08004615
3,a7995607e7dc4a5f,2026-08-01,0,3,no_position_no_time,0.07611058
3,a7e05fbdf77e7d46,2026-08-01,0,3,no_position_no_time,0.07602825
3,a80a2f90e8d71f0e,2026-08-01,0,4,no_position_no_time,0.076249175
3,a81f05f8e0ae2bf4,2026-08-01,0,3,no_position_no_time,0.0930574
3,a82fcae34ae3339b,2026-08-01,0,2,no_position_no_time,0.0953376
3,a8340db25ad37cbe,2026-08-01,0,2,no_position_no_time,0.08631257
3,a834f3663fb1e615,2026-08-01,0,3,no_position_no_time,0.067882046
3,a862892d62c72766,2026-08-01,0,1,no_position_no_time,0.119735554
3,a8925e8f6d5494e9,2026-08-01,0,2,no_position_no_time,0.07261286
3,a8b101a86f455744,2026-08-01,0,2,no_position_no_time,0.09208262
3,a8d309f5e65bc8ea,2026-08-01,0,5,no_position_no_time,0.07745683
3,a8e4b4d6bbd879c6,2026-08-01,0,4,no_position_no_time,0.09754105
3,a9295b1117787b73,2026-08-01,0,3,no_position_no_time,0.067383505
3,a96c0b9c67d2d973,2026-08-01,0,5,no_position_no_time,0.1162539
3,a970b7a1c87289f7,2026-08-01,0,3,no_position_no_time,0.09361978
3,a977e1422ddb24e4,2026-08-01,0,5,no_position_no_time,0.089953974
3,a9839c22a7429607,2026-08-01,0,5,no_position_no_time,0.09093067
3,a998a3471aa33926,2026-08-01,0,2,no_position_no_time,0.08656551
3,aa05409e91de5463,2026-08-01,0,2,no_position_no_time,0.0816372
3,aa49b38a1a9a506d,2026-08-01,0,4,no_position_no_time,0.073509954
3,aa973d6e1ec57a3b,2026-08-01,1,1,no_position_no_time,0.09627412
3,aaa60e0692a61d69,2026-08-01,0,5,no_position_no_time,0.10756725
3,aab6cbbd9f004a8e,2026-08-01,0,2,no_position_no_time,0.07753964
3,aaeb5b9a9c7290ea,2026-08-01,0,2,no_position_no_time,0.07694714
3,aaf4518f9a97077d,2026-08-01,0,5,no_position_no_time,0.06489162
3,aaf58c407934cc00,2026-08-01,0,4,no_position_no_time,0.09039832
3,ab018adf1fda41d2,2026-08-01,0,1,no_position_no_time,0.09235724
3,ab1a05e1b589e0d8,2026-08-01,0,3,no_position_no_time,0.1005587
3,ab473cdfdea50b90,2026-08-01,0,5,no_position_no_time,0.09026431
3,ab48a16fc4e89ffb,2026-08-01,0,4,no_position_no_time,0.069816366
3,ab49db7daaa03b02,2026-08-01,0,1,no_position_no_time,0.11242246
3,ab5e266ca2d39a35,2026-08-01,0,4,no_position_no_time,0.08789876
3,ab6109b126687f81,2026-08-01,0,5,no_position_no_time,0.13724416
3,ab6574359ebb2a52,2026-08-01,0,1,no_position_no_time,0.07846001
3,ab6f4b9dcaa5d9d6,2026-08-01,0,2,no_position_no_time,0.092012644
3,ab883e4c89cb2d8f,2026-08-01,1,2,no_position_no_time,0.07519204
3,abda01a6fb188c95,2026-08-01,0,1,no_position_no_time,0.09923541
3,abeec4b51563f76a,2026-08-01,0,1,no_position_no_time,0.07208796
3,abfad212a161a1ec,2026-08-01,0,5,no_position_no_time,0.07712642
3,ac1f9d1eddbf7c1a,2026-08-01,0,5,no_position_no_time,0.09864362
3,ac346947a848454f,2026-08-01,0,3,no_position_no_time,0.09235983
3,ac4bc2d45eda2808,2026-08-01,0,3,no_position_no_time,0.06948002
3,ac7a93543c3b8cae,2026-08-01,0,2,no_position_no_time,0.07486027
3,ac8383a4a4b95c3a,2026-08-01,0,3,no_position_no_time,0.09116474
3,acc0428f720bd4ef,2026-08-01,0,3,no_position_no_time,0.078134716
3,acf2d120ed640fc9,2026-08-01,0,4,no_position_no_time,0.09933805
3,acfd849875323dc8,2026-08-01,0,1,no_position_no_time,0.11967095
3,ad481422e1f30881,2026-08-01,0,5,no_position_no_time,0.06889993
3,ad54974d4e94e913,2026-08-01,0,1,no_position_no_time,0.06941181
3,ad84df4a1494275c,2026-08-01,0,1,no_position_no_time,0.08116191
3,ad8fbf8b7202dcab,2026-08-01,0,2,no_position_no_time,0.08912389
3,ada7ac7f67f9b310,2026-08-01,0,4,no_position_no_time,0.09804969
3,adcd4a27330439d4,2026-08-01,0,1,no_position_no_time,0.07742865
3,add27dbe86745be7,2026-08-01,0,2,no_position_no_time,0.08322775
3,ade3b4ed35b4855f,2026-08-01,0,5,no_position_no_time,0.084881835
3,adee7fe5d8dfd349,2026-08-01,0,4,no_position_no_time,0.05509404
3,adf28196863522bb,2026-08-01,1,1,no_position_no_time,0.078008
3,ae0a5928a980ed2a,2026-08-01,0,3,no_position_no_time,0.11038291
3,ae1a0fc5f40071cd,2026-08-01,1,1,no_position_no_time,0.09650671
3,ae253c75810fb951,2026-08-01,0,3,no_position_no_time,0.06269174
3,ae2ae0b850b43025,2026-08-01,1,1,no_position_no_time,0.068475485
3,ae64653ec6fb828c,2026-08-01,0,4,no_position_no_time,0.06979669
3,ae7bfc32807e2254,2026-08-01,0,1,no_position_no_time,0.09011074
3,aecb15c87b539a87,2026-08-01,0,4,no_position_no_time,0.07593259
3,aecbd08c6083dc15,2026-08-01,0,1,no_position_no_time,0.08758472
3,aed6c6ae972e65b1,2026-08-01,1,4,no_position_no_time,0.07282757
3,aee08e42f0ebd181,2026-08-01,0,5,no_position_no_time,0.06625474
3,af2fc23dcfd9a840,2026-08-01,0,1,no_position_no_time,0.07687982
3,af561b09fd9c36c7,2026-08-01,0,2,no_position_no_time,0.10094558
3,af7f641dcf613257,2026-08-01,0,4,no_position_no_time,0.07855284
3,af833e343dd62a40,2026-08-01,0,2,no_position_no_time,0.082974985
3,afa145b02ae2dc97,2026-08-01,0,3,no_position_no_time,0.11179829
3,b029312eaeefe98f,2026-08-01,0,4,no_position_no_time,0.0945283
3,b046fc94551a7ac2,2026-08-01,0,3,no_position_no_time,0.0820357
3,b07275d3a6de233d,2026-08-01,0,3,no_position_no_time,0.07051933
3,b0ad5881901b319c,2026-08-01,0,3,no_position_no_time,0.07886677
3,b0b4ddc1465a1906,2026-08-01,0,4,no_position_no_time,0.15461376
3,b0c39aaf38b4dabf,2026-08-01,0,3,no_position_no_time,0.07126341
3,b0d18645fbb34773,2026-08-01,0,1,no_position_no_time,0.08736403
3,b102526594e3c520,2026-08-01,0,4,no_position_no_time,0.07010853
3,b156f7256ee43dd6,2026-08-01,0,2,no_position_no_time,0.0730272
3,b161e909a16233c8,2026-08-01,0,2,no_position_no_time,0.09019126
3,b1832ed47d58e701,2026-08-01,0,2,no_position_no_time,0.15381838
3,b1acbbf3874d0291,2026-08-01,1,4,no_position_no_time,0.10017497
3,b1f55b2e43c84264,2026-08-01,0,5,no_position_no_time,0.10177057
3,b211b25c19775854,2026-08-01,0,4,no_position_no_time,0.08367962
3,b243735ddbb74ebc,2026-08-01,0,3,no_position_no_time,0.07949631
3,b24a0f881b2d8a33,2026-08-01,0,3,no_position_no_time,0.05788187
3,b24ed9bbf4ab4c87,2026-08-01,0,5,no_position_no_time,0.12164441
3,b2927a8dfe1a10fa,2026-08-01,0,5,no_position_no_time,0.07239081
3,b2969e7523f2b7f8,2026-08-01,0,4,no_position_no_time,0.09541657
3,b2b6d912d1b117c1,2026-08-01,0,4,no_position_no_time,0.08760785
3,b2c3f04a683df3ce,2026-08-01,0,1,no_position_no_time,0.09554291
3,b2f2013f1db1043d,2026-08-01,0,2,no_position_no_time,0.11093319
3,b3323902b6938774,2026-08-01,0,2,no_position_no_time,0.080684945
3,b345ea2c910ecd7e,2026-08-01,0,3,no_position_no_time,0.06802677
3,b355ba35c6d55754,2026-08-01,0,2,no_position_no_time,0.08322538
3,b39a1e6fcdb48862,2026-08-01,0,1,no_position_no_time,0.07248845
3,b3fc88f44a27f9a1,2026-08-01,0,1,no_position_no_time,0.06971182
3,b4226aea486adac8,2026-08-01,0,2,no_position_no_time,0.078093216
3,b435b0fb540ced26,2026-08-01,0,3,no_position_no_time,0.089811265
3,b43bbae04101e267,2026-08-01,0,3,no_position_no_time,0.08023567
3,b43e6d90bfd8b455,2026-08-01,0,1,no_position_no_time,0.093207546
3,b496b4f53f340fc9,2026-08-01,0,4,no_position_no_time,0.07133578
3,b4cda78a16f981b6,2026-08-01,0,4,no_position_no_time,0.1108646
3,b4dbf17e5305b625,2026-08-01,1,1,no_position_no_time,0.079900734
3,b50cb2bf11fca9ce,2026-08-01,0,3,no_position_no_time,0.057881165
3,b52b26e70a5ed87f,2026-08-01,0,2,no_position_no_time,0.08024936
3,b532f53cd987c773,2026-08-01,0,2,no_position_no_time,0.08776774
3,b54e8c986816f2fc,2026-08-01,0,3,no_position_no_time,0.0639397
3,b554ace63b2f6f95,2026-08-01,0,5,no_position_no_time,0.08173525
3,b60015259ac7c7d7,2026-08-01,0,2,no_position_no_time,0.119462624
3,b60c1869f1a3b26b,2026-08-01,0,4,no_position_no_time,0.08011717
3,b67f06ace8153b39,2026-08-01,0,2,no_position_no_time,0.091941714
3,b69967c862efc158,2026-08-01,0,4,no_position_no_time,0.14242296
3,b6e83a2890b9c55c,2026-08-01,0,5,no_position_no_time,0.09514789
3,b784a39375205451,2026-08-01,0,3,no_position_no_time,0.081545524
3,b79ab15d99180066,2026-08-01,0,1,no_position_no_time,0.07611534
3,b7adcc6f90eb583f,2026-08-01,0,5,no_position_no_time,0.0858284
3,b7ce0c81a047219e,2026-08-01,0,5,no_position_no_time,0.0852027
3,b7d21663ad7adaa6,2026-08-01,0,1,no_position_no_time,0.07104483
3,b7e4735b2a1a03f5,2026-08-01,0,4,no_position_no_time,0.07712352
3,b8062c17895b3973,2026-08-01,0,5,no_position_no_time,0.07689878
3,b81b5cd416c17013,2026-08-01,1,2,no_position_no_time,0.070582755
3,b833774146e4eecc,2026-08-01,0,5,no_position_no_time,0.13140458
3,b858d8c997f386fa,2026-08-01,0,1,no_position_no_time,0.14104179
3,b8bd73ca0600bc95,2026-08-01,0,3,no_position_no_time,0.07534889
3,b8cce02d47f12180,2026-08-01,0,5,no_position_no_time,0.06683244
3,b8f4af2a7e22ff84,2026-08-01,0,4,no_position_no_time,0.07648388
3,b8f81daab4517c6a,2026-08-01,0,4,no_position_no_time,0.093148895
3,b923ee56b487623a,2026-08-01,0,1,no_position_no_time,0.08193221
3,b937b5a9c55c2cdd,2026-08-01,0,1,no_position_no_time,0.062181324
3,b93bcc0e93df0491,2026-08-01,0,1,no_position_no_time,0.11584565
3,b9445c7bd2e161ea,2026-08-01,0,2,no_position_no_time,0.08891402
3,b963c9f43a68d0bd,2026-08-01,0,2,no_position_no_time,0.080347754
3,b96c62b5ab7c881a,2026-08-01,1,3,no_position_no_time,0.058498792
3,b96e22539b2e628c,2026-08-01,0,2,no_position_no_time,0.13574001
3,b9f11ba2a950e582,2026-08-01,0,5,no_position_no_time,0.11104211
3,ba3a2ccf81eebf86,2026-08-01,0,1,no_position_no_time,0.109578274
3,ba557dee4917045d,2026-08-01,0,2,no_position_no_time,0.10344775
3,baaba68a70ce6d73,2026-08-01,1,3,no_position_no_time,0.07673733
3,baad00b3be7ccdec,2026-08-01,0,3,no_position_no_time,0.056487788
3,baaf6ad5e976b0f3,2026-08-01,0,3,no_position_no_time,0.086482644
3,bb0b04c697710928,2026-08-01,0,3,no_position_no_time,0.07753377
3,bb273459a6449f4e,2026-08-01,0,4,no_position_no_time,0.09220278
3,bb310da94bfa795b,2026-08-01,0,1,no_position_no_time,0.088835806
3,bb4cbe3d71426b68,2026-08-01,0,4,no_position_no_time,0.09515813
3,bb523db7dad7ef0b,2026-08-01,0,1,no_position_no_time,0.08703289
3,bb61b84beabcbddb,2026-08-01,0,2,no_position_no_time,0.07342097
3,bbb8c159517c06a5,2026-08-01,0,2,no_position_no_time,0.12782393
3,bbcd3a81c4fd3631,2026-08-01,0,3,no_position_no_time,0.06491348
3,bbdcea5ce68f30ab,2026-08-01,0,3,no_position_no_time,0.095696025
3,bbe7ed9adf77c9bc,2026-08-01,0,1,no_position_no_time,0.087811865
3,bbe94781cdf34a80,2026-08-01,0,3,no_position_no_time,0.077816114
3,bbfbdebc9bf64428,2026-08-01,0,3,no_position_no_time,0.10510569
3,bc2c28c3baaedf99,2026-08-01,0,1,no_position_no_time,0.1502013
3,bc3f8d42afb7e68e,2026-08-01,0,3,no_position_no_time,0.08129178
3,bc42cc92438707fe,2026-08-01,0,3,no_position_no_time,0.070482485
3,bca4d84c6f4d8555,2026-08-01,0,3,no_position_no_time,0.055447537
3,bcc74d1d1ad3cfd3,2026-08-01,0,4,no_position_no_time,0.077309705
3,bcf7533afc5a3568,2026-08-01,0,1,no_position_no_time,0.06869852
3,bcff67cbdc7e19e7,2026-08-01,0,4,no_position_no_time,0.07815261
3,bd16f8e37fd6ab2c,2026-08-01,0,2,no_position_no_time,0.08075731
3,bd4c94c3207910cc,2026-08-01,0,3,no_position_no_time,0.08881244
3,bd5460a73770cfad,2026-08-01,0,3,no_position_no_time,0.085338116
3,bd63c2a298ca6404,2026-08-01,0,1,no_position_no_time,0.05958295
3,bd9a6cdda4ae9770,2026-08-01,0,5,no_position_no_time,0.06770852
3,be0fd32339648de2,2026-08-01,0,5,no_position_no_time,0.05835204
3,be35ec896fc59cad,2026-08-01,0,3,no_position_no_time,0.104425736
3,be3876e9fbe77193,2026-08-01,0,5,no_position_no_time,0.06749885
3,be42ea36e2fd2029,2026-08-01,0,4,no_position_no_time,0.091837324
3,be72dd69d434cbe2,2026-08-01,0,2,no_position_no_time,0.08902715
3,be819dc4ef83e4b9,2026-08-01,0,2,no_position_no_time,0.073798776
3,be8dca1d779bff9a,2026-08-01,0,4,no_position_no_time,0.09187889
3,beee47cf00066631,2026-08-01,0,1,no_position_no_time,0.064684756
3,bf322de127725dc2,2026-08-01,0,1,no_position_no_time,0.0839716
3,bfcf9e25f697fbdb,2026-08-01,0,3,no_position_no_time,0.07760159
3,bfd2b95adee977c7,2026-08-01,0,5,no_position_no_time,0.09022148
3,c012ab98e40eb552,2026-08-01,0,1,no_position_no_time,0.0794166
3,c0335d3e15be8c68,2026-08-01,1,2,no_position_no_time,0.09397597
3,c04d92da5a8aacf5,2026-08-01,0,1,no_position_no_time,0.07889383
3,c07690dcad1d6c44,2026-08-01,0,4,no_position_no_time,0.17736189
3,c07eb6b91a68ed69,2026-08-01,0,3,no_position_no_time,0.07860972
3,c0a44e31c8ca2dde,2026-08-01,0,2,no_position_no_time,0.10745815
3,c0e4d063e6ed5264,2026-08-01,0,2,no_position_no_time,0.08599608
3,c0f3b73eebb05229,2026-08-01,0,4,no_position_no_time,0.14882873
3,c0fe4013840df43c,2026-08-01,1,1,no_position_no_time,0.08790782
3,c10a46362a5a8eb3,2026-08-01,0,3,no_position_no_time,0.083241925
3,c11636afc804eaea,2026-08-01,0,4,no_position_no_time,0.056168076
3,c12ee61fa354ad9f,2026-08-01,0,1,no_position_no_time,0.071153514
3,c159016f148d87cc,2026-08-01,0,5,no_position_no_time,0.08114918
3,c166c4299622cdef,2026-08-01,0,3,no_position_no_time,0.10390381
3,c17a04d615bc0e4c,2026-08-01,0,4,no_position_no_time,0.13151501
3,c185b69cfdbed08a,2026-08-01,1,4,no_position_no_time,0.13763203
3,c189255a7a240522,2026-08-01,1,4,no_position_no_time,0.07436459
3,c1d69958117780f5,2026-08-01,0,4,no_position_no_time,0.084640816
3,c1e6bad479b1ea4b,2026-08-01,0,4,no_position_no_time,0.08960573
3,c1ecaa7fe1ecd375,2026-08-01,0,3,no_position_no_time,0.06996762
3,c21d27c04b83632e,2026-08-01,0,5,no_position_no_time,0.06565781
3,c247ec08524c40b4,2026-08-01,0,1,no_position_no_time,0.13981423
3,c26823dd6c125109,2026-08-01,0,4,no_position_no_time,0.090644084
3,c27da98b5b92a0bf,2026-08-01,0,3,no_position_no_time,0.08421154
3,c2a745a9a0e3501d,2026-08-01,0,3,no_position_no_time,0.06591226
3,c2b74433a5c4ba78,2026-08-01,0,2,no_position_no_time,0.07886361
3,c2ec0e3cfbad6880,2026-08-01,1,3,no_position_no_time,0.07145344
3,c2f7c46c434f9792,2026-08-01,0,1,no_position_no_time,0.091054454
3,c2f856d6bd816347,2026-08-01,0,5,no_position_no_time,0.07058795
3,c2f9adee3bc814a3,2026-08-01,0,5,no_position_no_time,0.08737464
3,c2f9d439b4f396cb,2026-08-01,0,4,no_position_no_time,0.12039474
3,c3153148bf14ddbd,2026-08-01,0,4,no_position_no_time,0.13546266
3,c341ac405f802d01,2026-08-01,0,5,no_position_no_time,0.085039996
3,c3535c552d965bda,2026-08-01,0,1,no_position_no_time,0.0651218
3,c360105bd98adec2,2026-08-01,0,4,no_position_no_time,0.13827163
3,c37637e579c8001b,2026-08-01,0,5,no_position_no_time,0.081722185
3,c391d7ce56fac7ad,2026-08-01,0,5,no_position_no_time,0.10773984
3,c3fc43ac32c7b9c8,2026-08-01,0,5,no_position_no_time,0.062836714
3,c41330925d5be8f2,2026-08-01,0,3,no_position_no_time,0.07054719
3,c417503646cd1442,2026-08-01,1,1,no_position_no_time,0.12242001
3,c45fd949cea80243,2026-08-01,0,3,no_position_no_time,0.13540207
3,c46ba2edd5e0bc8a,2026-08-01,0,2,no_position_no_time,0.08122077
3,c483dc84b4c670d0,2026-08-01,0,3,no_position_no_time,0.08185759
3,c491f1e5fc8bf73d,2026-08-01,0,1,no_position_no_time,0.093076594
3,c4adadead364033e,2026-08-01,1,3,no_position_no_time,0.08331436
3,c4b1ddb5d6c3d768,2026-08-01,0,3,no_position_no_time,0.107148215
3,c4bbda1b9c7fb014,2026-08-01,1,3,no_position_no_time,0.09006655
3,c4cdb810d6a75acf,2026-08-01,0,2,no_position_no_time,0.085945055
3,c4e07beae6aba384,2026-08-01,0,5,no_position_no_time,0.08350325
3,c50d29bdc483a60c,2026-08-01,0,2,no_position_no_time,0.07120476
3,c5241175dc43645a,2026-08-01,0,1,no_position_no_time,0.05401784
3,c541447076d1987f,2026-08-01,0,1,no_position_no_time,0.14028826
3,c547ca2948aab6b0,2026-08-01,0,1,no_position_no_time,0.091208756
3,c579f9b42a7cf2bb,2026-08-01,0,4,no_position_no_time,0.13661316
3,c57b7c9110450808,2026-08-01,0,4,no_position_no_time,0.11555366
3,c589c0f81c02c3a6,2026-08-01,0,1,no_position_no_time,0.08373104
3,c59723bf8f7e3dd0,2026-08-01,0,2,no_position_no_time,0.0916412
3,c5aac25ed6d555cd,2026-08-01,0,5,no_position_no_time,0.089309625
3,c5cb3010ef088ffb,2026-08-01,0,4,no_position_no_time,0.107766345
3,c616ce7528a6c38f,2026-08-01,0,5,no_position_no_time,0.08105322
3,c624070689ed7527,2026-08-01,0,5,no_position_no_time,0.10604621
3,c679c0766d91cfde,2026-08-01,0,3,no_position_no_time,0.07796595
3,c6bdb83397785450,2026-08-01,1,4,no_position_no_time,0.22826405
3,c6c59dde1d0dcca7,2026-08-01,0,1,no_position_no_time,0.07489996
3,c6e8bd22f69cdd3c,2026-08-01,0,3,no_position_no_time,0.100947626
3,c745d9844dd188de,2026-08-01,0,5,no_position_no_time,0.06801812
3,c760f378704ad5bd,2026-08-01,0,3,no_position_no_time,0.10845616
3,c778f637b5e5cc94,2026-08-01,1,2,no_position_no_time,0.102923974
3,c77d97df74d9b0b8,2026-08-01,0,5,no_position_no_time,0.08387695
3,c7a3289b08f36bb5,2026-08-01,0,1,no_position_no_time,0.10272323
3,c7a79c9f337b4e8b,2026-08-01,0,2,no_position_no_time,0.07470899
3,c7c59e77e40166c2,2026-08-01,0,2,no_position_no_time,0.08750395
3,c7cc94995053ffae,2026-08-01,0,1,no_position_no_time,0.07872341
3,c7e75a834c211006,2026-08-01,0,4,no_position_no_time,0.06365451
3,c7fa0ef606e12744,2026-08-01,0,1,no_position_no_time,0.08619678
3,c7fe76530a3f12d1,2026-08-01,0,1,no_position_no_time,0.076479726
3,c80a1b5f26418e00,2026-08-01,0,1,no_position_no_time,0.06808246
3,c84b41f8bcaabab0,2026-08-01,0,3,no_position_no_time,0.10021179
3,c86d0f3d19db3da8,2026-08-01,0,2,no_position_no_time,0.088191405
3,c877cfb983be63ca,2026-08-01,0,4,no_position_no_time,0.07735004
3,c8785b7b94b6e0d5,2026-08-01,0,1,no_position_no_time,0.08358892
3,c8ec1d35f51969b7,2026-08-01,0,4,no_position_no_time,0.087536946
3,c8f02f647791f871,2026-08-01,0,1,no_position_no_time,0.07730515
3,c925b77ca7232677,2026-08-01,0,1,no_position_no_time,0.10248072
3,c92f259f4e7ce52e,2026-08-01,0,1,no_position_no_time,0.0847634
3,c9857f5257291cce,2026-08-01,0,1,no_position_no_time,0.065982476
3,c99705cedcc0fd70,2026-08-01,0,2,no_position_no_time,0.07830519
3,c9cde92dc888c743,2026-08-01,0,4,no_position_no_time,0.085143626
3,c9d24dc3c7bb39f1,2026-08-01,1,4,no_position_no_time,0.13727579
3,c9e98fb255ccf650,2026-08-01,0,2,no_position_no_time,0.1225825
3,ca03b65f2d48f1db,2026-08-01,0,5,no_position_no_time,0.12659189
3,ca5a2589c025b0c8,2026-08-01,1,3,no_position_no_time,0.10384672
3,ca712aa8e7e07cb0,2026-08-01,0,1,no_position_no_time,0.08437723
3,cababc027099b371,2026-08-01,0,1,no_position_no_time,0.092660874
3,cafb197d86347af1,2026-08-01,0,4,no_position_no_time,0.07141196
3,cb0e4b12df6742d4,2026-08-01,1,5,no_position_no_time,0.15316744
3,cb1d0d50a97e2f09,2026-08-01,0,2,no_position_no_time,0.07084939
3,cb3211aa260baa05,2026-08-01,0,1,no_position_no_time,0.07149327
3,cb5bfd4de4a24a39,2026-08-01,0,5,no_position_no_time,0.1065598
3,cbb0682b3e5baa3e,2026-08-01,1,1,no_position_no_time,0.07166695
3,cbf78c1d76f71599,2026-08-01,0,2,no_position_no_time,0.07698457
3,cbffefa0793c0cf6,2026-08-01,0,2,no_position_no_time,0.1073682
3,cc5fc078752a2d9e,2026-08-01,0,3,no_position_no_time,0.085031405
3,cc67012a8db11b6e,2026-08-01,1,3,no_position_no_time,0.13498719
3,cc6dee7039591838,2026-08-01,0,2,no_position_no_time,0.088390455
3,cc94b1cad9af0439,2026-08-01,0,2,no_position_no_time,0.09577061
3,cca80f56884dd56c,2026-08-01,0,5,no_position_no_time,0.12673642
3,cd367ebb7a56db2a,2026-08-01,0,3,no_position_no_time,0.07189226
3,cd74971e18701a42,2026-08-01,0,3,no_position_no_time,0.15133889
3,cd78dbef19460d37,2026-08-01,0,1,no_position_no_time,0.1106536
3,cd8039ce8d069a74,2026-08-01,0,1,no_position_no_time,0.12869078
3,cda1d48ee2909503,2026-08-01,0,2,no_position_no_time,0.07638459
3,cda85ba9030e58de,2026-08-01,0,1,no_position_no_time,0.10094491
3,cdbe37af63426988,2026-08-01,0,5,no_position_no_time,0.08006074
3,cdc1dae41c300e8b,2026-08-01,0,4,no_position_no_time,0.088914596
3,cddc2535b41fa7d3,2026-08-01,0,5,no_position_no_time,0.08623568
3,cde395003811b073,2026-08-01,0,2,no_position_no_time,0.09853817
3,ce0940a3cb7f1d66,2026-08-01,0,2,no_position_no_time,0.076076835
3,ce1ea19550c4554c,2026-08-01,0,1,no_position_no_time,0.108174644
3,ce223577f555e770,2026-08-01,1,4,no_position_no_time,0.059617788
3,ce8513ae6ca01431,2026-08-01,0,1,no_position_no_time,0.08623116
3,ce8b0435ac9c9a41,2026-08-01,0,4,no_position_no_time,0.08470964
3,ce8b6f896b3991b4,2026-08-01,0,3,no_position_no_time,0.09447497
3,cea63f28cb229c32,2026-08-01,0,3,no_position_no_time,0.07731034
3,ceb995c3a78287d7,2026-08-01,0,5,no_position_no_time,0.14257628
3,cece8ee94919b060,2026-08-01,0,4,no_position_no_time,0.08746111
3,cf6039a8add9f119,2026-08-01,0,3,no_position_no_time,0.12112534
3,cf675adfe261b830,2026-08-01,0,5,no_position_no_time,0.10424014
3,cfa4d9aabe461095,2026-08-01,0,2,no_position_no_time,0.0742489
3,cfc301d34195508a,2026-08-01,0,4,no_position_no_time,0.073608756
3,cfea2b34b7aa8638,2026-08-01,0,4,no_position_no_time,0.12995471
3,cffa28db6211a6b5,2026-08-01,0,2,no_position_no_time,0.08805478
3,d002b1fa86b7fb8b,2026-08-01,0,1,no_position_no_time,0.07681324
3,d00c8115c5af8f60,2026-08-01,0,2,no_position_no_time,0.074813366
3,d0115054cd352deb,2026-08-01,0,3,no_position_no_time,0.06937462
3,d031155b9a3e61f0,2026-08-01,0,5,no_position_no_time,0.060480036
3,d03fd847f36b6fe2,2026-08-01,0,3,no_position_no_time,0.061485387
3,d05e6a6c00739c99,2026-08-01,0,5,no_position_no_time,0.07824409
3,d06460d7dcc86d36,2026-08-01,0,3,no_position_no_time,0.09879844
3,d06a3b55d51978b2,2026-08-01,0,1,no_position_no_time,0.1274234
3,d0839beb713314b9,2026-08-01,0,4,no_position_no_time,0.1032734
3,d0c08f39aa1d3208,2026-08-01,0,5,no_position_no_time,0.063978024
3,d0dcd7c3621f1586,2026-08-01,0,4,no_position_no_time,0.048666075
3,d1109c96abee7fac,2026-08-01,0,1,no_position_no_time,0.07748207
3,d1730a85ab24bc60,2026-08-01,0,5,no_position_no_time,0.05962083
3,d186d0a38906944d,2026-08-01,1,1,no_position_no_time,0.12931094
3,d18f9cc38378d4a4,2026-08-01,0,4,no_position_no_time,0.09740264
3,d1b1ce66b97597cb,2026-08-01,0,2,no_position_no_time,0.09633706
3,d1df9fcc70f265b6,2026-08-01,0,2,no_position_no_time,0.073901065
3,d22901ccc57a7932,2026-08-01,0,4,no_position_no_time,0.1097949
3,d22cd22e863c193b,2026-08-01,0,3,no_position_no_time,0.08756855
3,d2c84b3021b9b7e1,2026-08-01,0,3,no_position_no_time,0.09273513
3,d2d47b41db34b331,2026-08-01,0,2,no_position_no_time,0.09961436
3,d2f58acd12a3c252,2026-08-01,0,1,no_position_no_time,0.12870918
3,d2f66f95dd531cbc,2026-08-01,0,4,no_position_no_time,0.093372
3,d314ff3760261bb7,2026-08-01,0,5,no_position_no_time,0.07183292
3,d31e3f1a08798e2c,2026-08-01,0,1,no_position_no_time,0.11145589
3,d31fc1ae55b59b70,2026-08-01,0,5,no_position_no_time,0.08843141
3,d331a5c5e24846dd,2026-08-01,0,4,no_position_no_time,0.15198295
3,d3567b3f2d0f42b9,2026-08-01,0,2,no_position_no_time,0.07377865
3,d35fca40cbd12ab1,2026-08-01,0,3,no_position_no_time,0.0894578
3,d3663db6c48aed9b,2026-08-01,0,4,no_position_no_time,0.1061997
3,d3886146bd64a402,2026-08-01,0,5,no_position_no_time,0.077022105
3,d396a8d07ece7916,2026-08-01,0,5,no_position_no_time,0.10151579
3,d3f112d60060851d,2026-08-01,0,3,no_position_no_time,0.08278849
3,d3fc3a0f59d58eb3,2026-08-01,0,1,no_position_no_time,0.090429105
3,d43597a77f8d1a19,2026-08-01,0,3,no_position_no_time,0.067802176
3,d44b1eb158d4c168,2026-08-01,1,4,no_position_no_time,0.08648869
3,d44f8c54b4a5b0e1,2026-08-01,0,4,no_position_no_time,0.06373619
3,d458534be259ab07,2026-08-01,0,1,no_position_no_time,0.09259739
3,d461e2841ff3a85f,2026-08-01,0,4,no_position_no_time,0.1308867
3,d4a9ae08542688c7,2026-08-01,0,1,no_position_no_time,0.07878326
3,d4bbcea36223164b,2026-08-01,0,4,no_position_no_time,0.054910656
3,d4da00b1e7b60f52,2026-08-01,0,3,no_position_no_time,0.09798246
3,d4ffcb29c70c1c2a,2026-08-01,0,4,no_position_no_time,0.07633742
3,d5076de70fb57034,2026-08-01,0,2,no_position_no_time,0.07782032
3,d51123f2f15f74db,2026-08-01,0,3,no_position_no_time,0.10302908
3,d51143c7d687c902,2026-08-01,0,2,no_position_no_time,0.078713745
3,d52fb3aab5d5ad6a,2026-08-01,0,4,no_position_no_time,0.079567365
3,d5655b8ac2d26aac,2026-08-01,0,5,no_position_no_time,0.071087584
3,d59d8a9ea95e65d0,2026-08-01,0,3,no_position_no_time,0.06382593
3,d64f2cd72deb56f4,2026-08-01,0,1,no_position_no_time,0.16729048
3,d68a5660e0dc1c10,2026-08-01,0,4,no_position_no_time,0.11599558
3,d6b760e6a64d61fc,2026-08-01,0,2,no_position_no_time,0.099897414
3,d6c97733b0d8afde,2026-08-01,0,1,no_position_no_time,0.08553162
3,d73ccdbe2a0d1c69,2026-08-01,0,4,no_position_no_time,0.12013302
3,d745b7fbb54ede2d,2026-08-01,0,4,no_position_no_time,0.07347357
3,d76e97cf2da40203,2026-08-01,0,5,no_position_no_time,0.12903067
3,d7725382363674aa,2026-08-01,0,5,no_position_no_time,0.07515216
3,d77b1a296ab74f3f,2026-08-01,1,1,no_position_no_time,0.07857479
3,d784a3950c1f1c20,2026-08-01,0,1,no_position_no_time,0.08222271
3,d7d87785535e17b6,2026-08-01,0,2,no_position_no_time,0.09287283
3,d7ee22bbad92b7b8,2026-08-01,0,5,no_position_no_time,0.08931191
3,d80957a60034c86c,2026-08-01,0,2,no_position_no_time,0.08434656
3,d80dca2673945fb8,2026-08-01,0,1,no_position_no_time,0.08405713
3,d8289618d25b5479,2026-08-01,0,3,no_position_no_time,0.07582864
3,d83cc1093e7ccb69,2026-08-01,0,1,no_position_no_time,0.0713965
3,d87186aa0fe44a34,2026-08-01,1,5,no_position_no_time,0.1175715
3,d89d54c24de9dff0,2026-08-01,0,1,no_position_no_time,0.08772764
3,d8a4c88c6db3dcb6,2026-08-01,0,4,no_position_no_time,0.071423374
3,d8b642ab76e51e27,2026-08-01,0,3,no_position_no_time,0.079955004
3,d8bdd813395645ef,2026-08-01,0,1,no_position_no_time,0.1460439
3,d900a6573dac2fd3,2026-08-01,0,3,no_position_no_time,0.10419185
3,d90acc0ee2f9b047,2026-08-01,0,5,no_position_no_time,0.11641206
3,d94c0aa09639eb28,2026-08-01,0,3,no_position_no_time,0.11414131
3,d95b49000de70581,2026-08-01,0,1,no_position_no_time,0.09576652
3,d97a114b73be118f,2026-08-01,0,4,no_position_no_time,0.106527485
3,d99cd594585c75bc,2026-08-01,0,1,no_position_no_time,0.05447693
3,d9b9a99c928faf8c,2026-08-01,0,2,no_position_no_time,0.08331197
3,d9c59a7632bafd25,2026-08-01,0,3,no_position_no_time,0.14663264
3,d9d393d15a0bb7ae,2026-08-01,0,1,no_position_no_time,0.11034048
3,d9e2bc1633ecbbb4,2026-08-01,0,2,no_position_no_time,0.086164504
3,d9ef86d8828b1bfd,2026-08-01,0,4,no_position_no_time,0.11224753
3,d9f334ed35470c91,2026-08-01,0,2,no_position_no_time,0.07687124
3,da1bc874f2ff7b3b,2026-08-01,0,3,no_position_no_time,0.05868989
3,da429c22a8f9ef21,2026-08-01,0,3,no_position_no_time,0.08558781
3,dab5b89013ae494b,2026-08-01,0,2,no_position_no_time,0.09184347
3,dada57d6494bd2c7,2026-08-01,0,5,no_position_no_time,0.14379518
3,dae222b9451444ab,2026-08-01,0,3,no_position_no_time,0.067793034
3,dae8ca4802f0d292,2026-08-01,0,1,no_position_no_time,0.078674965
3,db479b2699ec894a,2026-08-01,0,3,no_position_no_time,0.11705099
3,dba507c4fc7124f8,2026-08-01,0,4,no_position_no_time,0.068203755
3,dbdfec3e13e2dcc0,2026-08-01,0,1,no_position_no_time,0.09358113
3,dc0e09e639393409,2026-08-01,0,4,no_position_no_time,0.11106459
3,dc127599821e3999,2026-08-01,0,5,no_position_no_time,0.09536952
3,dc1440f6028a463d,2026-08-01,0,3,no_position_no_time,0.08037944
3,dc380c55d2091afb,2026-08-01,0,2,no_position_no_time,0.09402667
3,dc3d25e8d08b00c3,2026-08-01,0,4,no_position_no_time,0.06756288
3,dc6713761ddfa876,2026-08-01,1,5,no_position_no_time,0.07206243
3,dc73458dab629567,2026-08-01,0,3,no_position_no_time,0.06647525
3,dc8271fe3a83ff9e,2026-08-01,0,4,no_position_no_time,0.13902275
3,dc96558dc2abc4c7,2026-08-01,0,4,no_position_no_time,0.06789265
3,dcb4bd56d1976fa8,2026-08-01,0,1,no_position_no_time,0.074687816
3,dcdd35b762eebd94,2026-08-01,0,5,no_position_no_time,0.0885108
3,dcfad0a85ff8cd42,2026-08-01,0,1,no_position_no_time,0.08711688
3,dd606793ffa63ee7,2026-08-01,0,4,no_position_no_time,0.083129406
3,dd673266333a80e8,2026-08-01,0,5,no_position_no_time,0.05630681
3,dd76e88ecd0d758f,2026-08-01,0,5,no_position_no_time,0.09569008
3,dd78744d874a9086,2026-08-01,0,5,no_position_no_time,0.07306216
3,ddd3359bde937d40,2026-08-01,0,1,no_position_no_time,0.062008396
3,de110aeb005f1155,2026-08-01,0,1,no_position_no_time,0.07393725
3,de1cbfda71e97f58,2026-08-01,0,2,no_position_no_time,0.08089428
3,de2195a9e406e922,2026-08-01,0,2,no_position_no_time,0.09076458
3,de2be78e7c9a7fad,2026-08-01,0,1,no_position_no_time,0.066427074
3,de323d7597616091,2026-08-01,1,1,no_position_no_time,0.09218434
3,deb4eb8d52b76d45,2026-08-01,0,5,no_position_no_time,0.081468716
3,ded2b8107f2f4164,2026-08-01,0,1,no_position_no_time,0.06665131
3,dee0c348249c23a2,2026-08-01,0,5,no_position_no_time,0.12532198
3,def42e794d7f04e6,2026-08-01,0,2,no_position_no_time,0.107068956
3,defb67d4009862c0,2026-08-01,0,3,no_position_no_time,0.13160028
3,df131441fb6df011,2026-08-01,0,1,no_position_no_time,0.1068996
3,df13ffc2f9a278df,2026-08-01,0,1,no_position_no_time,0.08453684
3,df1f0eb5b0bb26e8,2026-08-01,0,2,no_position_no_time,0.092338435
3,df218b8d1adb2e13,2026-08-01,1,4,no_position_no_time,0.06942817
3,df2bf66d4e0c7c19,2026-08-01,1,4,no_position_no_time,0.09370729
3,df512b82ae6fa274,2026-08-01,0,2,no_position_no_time,0.07334868
3,df8a1f6223cf5956,2026-08-01,0,3,no_position_no_time,0.08314781
3,df94bbf6630be87e,2026-08-01,1,1,no_position_no_time,0.0725854
3,dff6a4b4e3d19e24,2026-08-01,0,5,no_position_no_time,0.08840061
3,e00603847303bea9,2026-08-01,0,2,no_position_no_time,0.09420032
3,e0497bb75c414b92,2026-08-01,0,1,no_position_no_time,0.0939261
3,e073507739c36099,2026-08-01,0,1,no_position_no_time,0.08576385
3,e0a4f09370ee423e,2026-08-01,0,5,no_position_no_time,0.07357503
3,e0a855828414f326,2026-08-01,0,1,no_position_no_time,0.07477925
3,e0d338ecf95282ff,2026-08-01,0,5,no_position_no_time,0.067441575
3,e0e132fa6048fbde,2026-08-01,0,1,no_position_no_time,0.08569799
3,e0fc91b7138f96de,2026-08-01,0,3,no_position_no_time,0.06329453
3,e1035c4923fafcdf,2026-08-01,0,3,no_position_no_time,0.07818833
3,e1132d4fa2288a1e,2026-08-01,0,2,no_position_no_time,0.08417937
3,e11ad5c0aa951661,2026-08-01,0,2,no_position_no_time,0.08544858
3,e11f7eef68629708,2026-08-01,0,1,no_position_no_time,0.08540352
3,e13cf1c171c074a0,2026-08-01,0,2,no_position_no_time,0.084771745
3,e16e25ac48f5cff5,2026-08-01,0,3,no_position_no_time,0.0555664
3,e1b00750f80918b0,2026-08-01,0,4,no_position_no_time,0.07420634
3,e23cdb6525234f1b,2026-08-01,0,2,no_position_no_time,0.10797369
3,e25a3e3d2be0978a,2026-08-01,0,3,no_position_no_time,0.07376361
3,e261043c45eab006,2026-08-01,0,3,no_position_no_time,0.08235169
3,e26335296cd4b1df,2026-08-01,0,1,no_position_no_time,0.07866412
3,e2d929f8c4cdbd64,2026-08-01,0,4,no_position_no_time,0.111979224
3,e3321164226ca0e9,2026-08-01,0,1,no_position_no_time,0.09308739
3,e3499c25f879324a,2026-08-01,0,5,no_position_no_time,0.08115048
3,e35cc64cee64b3fd,2026-08-01,0,2,no_position_no_time,0.07636716
3,e365043d62d2dfd7,2026-08-01,1,2,no_position_no_time,0.08733668
3,e38c21bc6d8c2753,2026-08-01,1,3,no_position_no_time,0.14127336
3,e3a9e46ef99b4a32,2026-08-01,0,1,no_position_no_time,0.104280785
3,e3b746c0bc34c7ac,2026-08-01,0,4,no_position_no_time,0.106132284
3,e3ecbba5160c99f5,2026-08-01,1,1,no_position_no_time,0.10523612
3,e40dbdd31317dfaf,2026-08-01,0,3,no_position_no_time,0.10025913
3,e45eac0e69bf908e,2026-08-01,0,2,no_position_no_time,0.0818224
3,e462e65c212b8f84,2026-08-01,0,2,no_position_no_time,0.09930587
3,e4747c2bcabd32f7,2026-08-01,0,5,no_position_no_time,0.07644806
3,e4839bbb04f3cebd,2026-08-01,0,1,no_position_no_time,0.072449826
3,e4aae22e226df2d3,2026-08-01,0,1,no_position_no_time,0.09085302
3,e4b889aa5bf75a71,2026-08-01,0,3,no_position_no_time,0.08405561
3,e4e059354164c6a5,2026-08-01,0,4,no_position_no_time,0.088370234
3,e55c037c87e06c84,2026-08-01,0,2,no_position_no_time,0.08296548
3,e56bf70c61f09772,2026-08-01,0,5,no_position_no_time,0.11229571
3,e592dc63cc81f695,2026-08-01,0,2,no_position_no_time,0.109165534
3,e593372da32c82fd,2026-08-01,0,1,no_position_no_time,0.07208691
3,e5d21fef5a1f970e,2026-08-01,0,4,no_position_no_time,0.116989166
3,e5e8a8623ed35b3c,2026-08-01,0,3,no_position_no_time,0.070326306
3,e5fc560a248f156f,2026-08-01,0,4,no_position_no_time,0.10756764
3,e606ffaf154fb548,2026-08-01,0,5,no_position_no_time,0.061640054
3,e61b0b83e614a5c0,2026-08-01,0,2,no_position_no_time,0.12399685
3,e61db2934f709d23,2026-08-01,1,5,no_position_no_time,0.092658006
3,e62adc2de58a75ae,2026-08-01,0,1,no_position_no_time,0.07460497
3,e6483b7d8df0eebc,2026-08-01,0,3,no_position_no_time,0.108253315
3,e65e9641c753cc75,2026-08-01,0,3,no_position_no_time,0.070772395
3,e66c61cae76af2e4,2026-08-01,0,4,no_position_no_time,0.07500982
3,e69b33dc3d1605aa,2026-08-01,0,3,no_position_no_time,0.06379134
3,e6a543a953c5519c,2026-08-01,0,4,no_position_no_time,0.08774232
3,e6c086787ee8af76,2026-08-01,0,1,no_position_no_time,0.073417336
3,e6c50a69bd21771d,2026-08-01,0,1,no_position_no_time,0.11469238
3,e715b3a335dcb05d,2026-08-01,0,5,no_position_no_time,0.08691757
3,e71ef14acaf89607,2026-08-01,0,5,no_position_no_time,0.10509154
3,e71f493be2f6b17f,2026-08-01,0,5,no_position_no_time,0.12862408
3,e72fc9fd16cc9723,2026-08-01,0,5,no_position_no_time,0.09533995
3,e75de9bc70ac3780,2026-08-01,0,1,no_position_no_time,0.091859326
3,e7746b5df1c989c1,2026-08-01,0,2,no_position_no_time,0.0869547
3,e7a372884126a098,2026-08-01,0,2,no_position_no_time,0.08955293
3,e7c84f806edcf380,2026-08-01,0,3,no_position_no_time,0.07057019
3,e7dbf61956872aa1,2026-08-01,0,3,no_position_no_time,0.10262074
3,e7fab300b3d9be7a,2026-08-01,0,2,no_position_no_time,0.07802785
3,e80191d2e72bd60c,2026-08-01,0,3,no_position_no_time,0.07932406
3,e8111be46f0acadf,2026-08-01,0,1,no_position_no_time,0.11725914
3,e846048aca7000e7,2026-08-01,0,3,no_position_no_time,0.070437565
3,e84e8effb79829f1,2026-08-01,0,4,no_position_no_time,0.10759744
3,e8c7001061a757e6,2026-08-01,1,3,no_position_no_time,0.0915109
3,e8d630de466e296e,2026-08-01,0,3,no_position_no_time,0.08410272
3,e98f4f8dc0b0ca5f,2026-08-01,0,1,no_position_no_time,0.086046025
3,e9c4100932721d54,2026-08-01,1,3,no_position_no_time,0.07138358
3,ea267ff14906c369,2026-08-01,0,5,no_position_no_time,0.07132818
3,ea2c5a70aeb778e2,2026-08-01,0,4,no_position_no_time,0.0766333
3,ea7dbba03c36ff30,2026-08-01,0,3,no_position_no_time,0.09484114
3,ea99e0c6d1de2bd6,2026-08-01,0,1,no_position_no_time,0.083307475
3,eaa962dfbf56fcb6,2026-08-01,0,1,no_position_no_time,0.070748925
3,eab3b6b512d37fca,2026-08-01,0,1,no_position_no_time,0.07678102
3,eafd0027eccadab1,2026-08-01,0,3,no_position_no_time,0.06482919
3,eb47a0b582f1715f,2026-08-01,0,3,no_position_no_time,0.10200132
3,eb68ddd006369605,2026-08-01,0,5,no_position_no_time,0.09379354
3,eb7f015f486b9e29,2026-08-01,0,4,no_position_no_time,0.04915343
3,eb8c2a4b3846484f,2026-08-01,0,2,no_position_no_time,0.0852108
3,eb93e266b18da9bf,2026-08-01,0,3,no_position_no_time,0.07975332
3,eb9857f9f2407381,2026-08-01,0,5,no_position_no_time,0.10840411
3,eba5f2fc2336ab7f,2026-08-01,1,1,no_position_no_time,0.07085713
3,ebd49450af9db9a2,2026-08-01,0,2,no_position_no_time,0.078868
3,ebff1a3d16cf7a86,2026-08-01,0,1,no_position_no_time,0.072507046
3,ec36e74c007b6c75,2026-08-01,0,1,no_position_no_time,0.07972385
3,ec519ea42d0d027b,2026-08-01,0,5,no_position_no_time,0.06377879
3,ec5d8da8fb7eb269,2026-08-01,0,2,no_position_no_time,0.09715159
3,ec6ef9a51ee00145,2026-08-01,0,2,no_position_no_time,0.08191787
3,ec78042f241a67e1,2026-08-01,0,3,no_position_no_time,0.10217841
3,ec916ea8504b9efc,2026-08-01,0,3,no_position_no_time,0.16630048
3,ecbe8f14a80fd48c,2026-08-01,0,1,no_position_no_time,0.0995532
3,ecdb3dff84aaec56,2026-08-01,0,3,no_position_no_time,0.056313176
3,ecfa51c9511e8ffe,2026-08-01,0,4,no_position_no_time,0.06372703
3,ecfc34d7d3084013,2026-08-01,0,5,no_position_no_time,0.07766181
3,ed10df13e8c3d6a4,2026-08-01,0,3,no_position_no_time,0.11025413
3,ed4aa2538a7dbf62,2026-08-01,0,3,no_position_no_time,0.14577988
3,ed558d8a01f233f0,2026-08-01,0,5,no_position_no_time,0.06451235
3,ed5b7cd4aeaae690,2026-08-01,0,3,no_position_no_time,0.09342893
3,ed7ad77c96ca3142,2026-08-01,0,1,no_position_no_time,0.06050252
3,eda7ed52ae491f81,2026-08-01,0,4,no_position_no_time,0.047226172
3,edaef082727da6cb,2026-08-01,0,3,no_position_no_time,0.08265154
3,ee07196a4e304f1f,2026-08-01,0,5,no_position_no_time,0.1435708
3,ee2fe0668b4d7621,2026-08-01,0,3,no_position_no_time,0.07761409
3,ee7a884974a9d88e,2026-08-01,0,5,no_position_no_time,0.09224204
3,eea0a35e47747e8b,2026-08-01,0,3,no_position_no_time,0.090384185
3,eeb42e625ddb66d4,2026-08-01,0,3,no_position_no_time,0.09023781
3,eedcc58c535ba88b,2026-08-01,0,4,no_position_no_time,0.10432065
3,eef354ddf1eb98df,2026-08-01,0,3,no_position_no_time,0.064174026
3,ef057e3acd34e1e8,2026-08-01,0,5,no_position_no_time,0.07968562
3,ef08e24e110afde5,2026-08-01,1,2,no_position_no_time,0.12599906
3,efb2877b79d9ce43,2026-08-01,0,1,no_position_no_time,0.07335887
3,f0030ebd26f6244f,2026-08-01,0,5,no_position_no_time,0.118192956
3,f014e13926c9cfcf,2026-08-01,0,3,no_position_no_time,0.081518345
3,f0269981cf5d27d6,2026-08-01,0,1,no_position_no_time,0.0801291
3,f04b85166805266a,2026-08-01,0,5,no_position_no_time,0.06932603
3,f059acd2d0b42179,2026-08-01,0,4,no_position_no_time,0.10841049
3,f0e2d776db3a6d41,2026-08-01,0,1,no_position_no_time,0.065829806
3,f149e01a0f125a0a,2026-08-01,0,5,no_position_no_time,0.06961898
3,f14a80b2c1a257c0,2026-08-01,0,4,no_position_no_time,0.061769437
3,f157b08d6651c126,2026-08-01,0,2,no_position_no_time,0.0893469
3,f1627953332ba38d,2026-08-01,0,3,no_position_no_time,0.08329943
3,f16879c34b9df4b2,2026-08-01,0,3,no_position_no_time,0.07084479
3,f17ba29af2df25c5,2026-08-01,0,4,no_position_no_time,0.10142803
3,f18eba8787886103,2026-08-01,0,2,no_position_no_time,0.08751338
3,f1a9484dba0b11ad,2026-08-01,0,3,no_position_no_time,0.094473965
3,f1acb9f343b0a3c0,2026-08-01,0,3,no_position_no_time,0.0631548
3,f1c0d1cb541b9fb0,2026-08-01,0,5,no_position_no_time,0.10362151
3,f1c63cc651047664,2026-08-01,0,1,no_position_no_time,0.06396849
3,f221a38ea7173a13,2026-08-01,0,1,no_position_no_time,0.08198628
3,f22201fca8c422a4,2026-08-01,0,5,no_position_no_time,0.08439607
3,f260a10706ebbb88,2026-08-01,0,2,no_position_no_time,0.094267845
3,f2b6a03815ddf4f1,2026-08-01,0,2,no_position_no_time,0.08947686
3,f2beaad8cbbbcfc8,2026-08-01,0,4,no_position_no_time,0.09065511
3,f2c760cb55b348c8,2026-08-01,0,1,no_position_no_time,0.098302476
3,f31399646e26bd2a,2026-08-01,0,3,no_position_no_time,0.08514628
3,f33a69bc978b1d41,2026-08-01,1,2,no_position_no_time,0.07359811
3,f39e8825a4df2f1a,2026-08-01,0,4,no_position_no_time,0.100399815
3,f3cde82a11242053,2026-08-01,0,1,no_position_no_time,0.09474484
3,f3e6817ff4ef2981,2026-08-01,1,4,no_position_no_time,0.06955244
3,f3ebcc131ad9ca79,2026-08-01,0,1,no_position_no_time,0.065676756
3,f3f6044c237558ad,2026-08-01,0,5,no_position_no_time,0.11089717
3,f4033214c06ae401,2026-08-01,0,2,no_position_no_time,0.06981549
3,f40f5844be3626a3,2026-08-01,0,5,no_position_no_time,0.10579384
3,f432c1ce96556a66,2026-08-01,0,5,no_position_no_time,0.08318176
3,f439e4607e27dbb6,2026-08-01,0,1,no_position_no_time,0.10310914
3,f44d227300881edd,2026-08-01,0,2,no_position_no_time,0.07452357
3,f45746c65185bbef,2026-08-01,0,1,no_position_no_time,0.10123583
3,f458e1a66c29e26d,2026-08-01,0,1,no_position_no_time,0.080927104
3,f48c2e37f0b902d9,2026-08-01,1,5,no_position_no_time,0.08442309
3,f48c2e547efc235e,2026-08-01,0,1,no_position_no_time,0.08088916
3,f4b6a7557aaf035a,2026-08-01,0,4,no_position_no_time,0.10916674
3,f4be5643e799cab4,2026-08-01,1,5,no_position_no_time,0.102209605
3,f4c772b27e52d652,2026-08-01,0,1,no_position_no_time,0.067258224
3,f4d5b8b3fb3e2676,2026-08-01,0,4,no_position_no_time,0.069312476
3,f4efa936f6c7f6b4,2026-08-01,0,5,no_position_no_time,0.09970399
3,f50a475522b1a695,2026-08-01,0,1,no_position_no_time,0.09184158
3,f50bd67a138f7094,2026-08-01,1,1,no_position_no_time,0.05619802
3,f5292ac8b1f26f74,2026-08-01,0,4,no_position_no_time,0.21425256
3,f55563fd3c19b752,2026-08-01,0,2,no_position_no_time,0.10003892
3,f55ce5e2a5651d9f,2026-08-01,0,1,no_position_no_time,0.066027574
3,f55cfa50b0f6a792,2026-08-01,0,2,no_position_no_time,0.07015829
3,f58b014562f6c99f,2026-08-01,0,1,no_position_no_time,0.14548664
3,f58f965a982df7b6,2026-08-01,0,2,no_position_no_time,0.0834095
3,f5a065510dcd0433,2026-08-01,0,3,no_position_no_time,0.07669545
3,f61812771fe10eb5,2026-08-01,0,4,no_position_no_time,0.067284256
3,f62012fecc21a2f9,2026-08-01,0,1,no_position_no_time,0.105350316
3,f644215ebd5d828d,2026-08-01,0,4,no_position_no_time,0.07118665
3,f644d98f6bf99918,2026-08-01,0,3,no_position_no_time,0.06698525
3,f67ecebfacb45c3b,2026-08-01,0,2,no_position_no_time,0.08561029
3,f6af2fd7432707f8,2026-08-01,0,1,no_position_no_time,0.07789511
3,f6bdca9136c22a8e,2026-08-01,0,4,no_position_no_time,0.11313306
3,f6ddf90ada0eb0b7,2026-08-01,0,4,no_position_no_time,0.12542354
3,f6dffbb00874d5a6,2026-08-01,0,4,no_position_no_time,0.080095336
3,f6e9cbe434a580f9,2026-08-01,1,2,no_position_no_time,0.08930261
3,f6f7a24eb7774c65,2026-08-01,0,5,no_position_no_time,0.07012595
3,f73f0aad5afce152,2026-08-01,0,2,no_position_no_time,0.08497016
3,f74b69f6473edb13,2026-08-01,0,4,no_position_no_time,0.13695076
3,f76c30d598bd36e5,2026-08-01,0,2,no_position_no_time,0.08531925
3,f77741bcb5b14788,2026-08-01,0,5,no_position_no_time,0.06877095
3,f77ee2fe126a897c,2026-08-01,0,2,no_position_no_time,0.09536845
3,f791d8b7b0710968,2026-08-01,0,1,no_position_no_time,0.110956036
3,f7cde9d0b350713c,2026-08-01,0,2,no_position_no_time,0.08945797
3,f7cecf2c00c1819d,2026-08-01,0,2,no_position_no_time,0.07779604
3,f7eea07d7aff2d0d,2026-08-01,1,3,no_position_no_time,0.07692841
3,f83cc16ad925f20b,2026-08-01,0,1,no_position_no_time,0.10302523
3,f877968a9fe0ec25,2026-08-01,0,3,no_position_no_time,0.061560225
3,f880fba46709cd90,2026-08-01,0,2,no_position_no_time,0.08318778
3,f89c86987d743674,2026-08-01,0,2,no_position_no_time,0.09268415
3,f8af60474a4cd023,2026-08-01,0,3,no_position_no_time,0.10007145
3,f8b89e7cbb1cf588,2026-08-01,1,1,no_position_no_time,0.08288451
3,f8f61eaee8ebbdc8,2026-08-01,0,5,no_position_no_time,0.063712135
3,f91fd86082356094,2026-08-01,0,3,no_position_no_time,0.07195365
3,f922701411b5eef6,2026-08-01,0,3,no_position_no_time,0.07535262
3,f930193b394ad7c6,2026-08-01,0,2,no_position_no_time,0.093539275
3,f973fe9cc07d10c2,2026-08-01,0,4,no_position_no_time,0.15241152
3,f99153a6a21d7383,2026-08-01,1,4,no_position_no_time,0.19787073
3,f99cb33f5b71541c,2026-08-01,0,4,no_position_no_time,0.102796175
3,f9b8106f4cd92395,2026-08-01,0,5,no_position_no_time,0.05333153
3,f9bb716aa202b9e7,2026-08-01,0,5,no_position_no_time,0.057983804
3,f9d469aba8b024f1,2026-08-01,0,1,no_position_no_time,0.06071417
3,f9d49565267a7292,2026-08-01,0,4,no_position_no_time,0.077677935
3,fa3b9c2fb58ca024,2026-08-01,0,2,no_position_no_time,0.11395817
3,fa689e072c7c3c2d,2026-08-01,0,3,no_position_no_time,0.0845604
3,fa6b62fef25c3d09,2026-08-01,0,4,no_position_no_time,0.08811793
3,fa6d469111b8718b,2026-08-01,0,5,no_position_no_time,0.0896477
3,fa7c9bf4012e9f38,2026-08-01,0,4,no_position_no_time,0.07424484
3,faa0571618565b95,2026-08-01,0,2,no_position_no_time,0.08569983
3,fac4722117e2a013,2026-08-01,0,2,no_position_no_time,0.10078893
3,fb1581f2bf471e85,2026-08-01,0,5,no_position_no_time,0.121830516
3,fb1a3d1aa4d34b80,2026-08-01,0,2,no_position_no_time,0.0846793
3,fb1fbf868e9efed5,2026-08-01,1,3,no_position_no_time,0.09474238
3,fb5afe9bcb1c1bb3,2026-08-01,0,2,no_position_no_time,0.08351064
3,fba2180942644c4a,2026-08-01,1,4,no_position_no_time,0.105455615
3,fbcbfe7a16a73048,2026-08-01,0,3,no_position_no_time,0.13721706
3,fbcc0cf9ffca368c,2026-08-01,0,2,no_position_no_time,0.16890642
3,fbcca9ebc83c62ed,2026-08-01,0,4,no_position_no_time,0.08258833
3,fc2058d4d98dcc8a,2026-08-01,0,1,no_position_no_time,0.11511934
3,fc3c8a50eefcde12,2026-08-01,0,5,no_position_no_time,0.06558293
3,fc49ba836bcdeb34,2026-08-01,0,5,no_position_no_time,0.08092442
3,fc56a22d3c12818f,2026-08-01,0,3,no_position_no_time,0.15814684
3,fca14a2f1d78c98a,2026-08-01,0,4,no_position_no_time,0.0992163
3,fcb1eea2188e017f,2026-08-01,0,2,no_position_no_time,0.08962419
3,fcdc500e666668c3,2026-08-01,0,5,no_position_no_time,0.08681435
3,fcf40720187dc4de,2026-08-01,0,2,no_position_no_time,0.07606677
3,fd3ff18c855927d5,2026-08-01,0,2,no_position_no_time,0.08594992
3,fd713e849f3f1905,2026-08-01,0,1,no_position_no_time,0.090933405
3,fd74d7de71c9d49e,2026-08-01,0,5,no_position_no_time,0.074083716
3,fd7a7089db028722,2026-08-01,0,3,no_position_no_time,0.07661356
3,fdbd8efa8c6eb478,2026-08-01,0,4,no_position_no_time,0.08988623
3,fdc244aad2d501f4,2026-08-01,0,4,no_position_no_time,0.076322004
3,fdd03f77cbf5466f,2026-08-01,0,5,no_position_no_time,0.086318135
3,fddefba040d79b32,2026-08-01,1,1,no_position_no_time,0.10155338
3,fdea8be6b392717e,2026-08-01,0,3,no_position_no_time,0.10257496
3,fdeb4e6863b31d90,2026-08-01,0,1,no_position_no_time,0.094123065
3,fe01de103ed06503,2026-08-01,0,3,no_position_no_time,0.07308594
3,fe2c0d77ca4235ca,2026-08-01,0,2,no_position_no_time,0.091289364
3,fe3c8553a0258252,2026-08-01,0,3,no_position_no_time,0.16302639
3,fe7c9afb81ed1701,2026-08-01,0,1,no_position_no_time,0.07695443
3,fe87abc960767736,2026-08-01,0,4,no_position_no_time,0.053686228
3,ff09b03a5e8b51da,2026-08-01,1,3,no_position_no_time,0.061493926
3,ff24bb4caf77c871,2026-08-01,0,1,no_position_no_time,0.085265666
3,ff334ba8100df479,2026-08-01,0,4,no_position_no_time,0.11202589
3,ff3940ba72b8d3c4,2026-08-01,0,3,no_position_no_time,0.07263831
3,ff687a1a0772c6d9,2026-08-01,0,4,no_position_no_time,0.06844379
3,ff975ff15a86a1ea,2026-08-01,0,3,no_position_no_time,0.095997036
3,ffabe38013f62f9b,2026-08-01,0,1,no_position_no_time,0.06807444
3,ffad1c93ed6268c6,2026-08-01,0,1,no_position_no_time,0.06464109
3,ffaf2d56cc963564,2026-08-01,0,5,no_position_no_time,0.09606513
3,ffd207ff73f6d04f,2026-08-01,0,1,no_position_no_time,0.08220662
3,fffc21d1686bad3a,2026-08-01,0,2,no_position_no_time,0.06986248
4,003dff44bb035f94,2026-08-01,0,3,no_position_no_time,0.080363534
4,007c4152a626220f,2026-08-01,0,4,no_position_no_time,0.073598124
4,0087b38c11c345fe,2026-08-01,0,4,no_position_no_time,0.07328298
4,00fb68bdcbdf9831,2026-08-01,0,1,no_position_no_time,0.11546533
4,00ff48e92ce36c02,2026-08-01,0,5,no_position_no_time,0.09303433
4,01011d6a33f29ce4,2026-08-01,0,5,no_position_no_time,0.08497111
4,01931b333584918c,2026-08-01,0,1,no_position_no_time,0.10004755
4,01ca9eaeaa13b8bd,2026-08-01,0,2,no_position_no_time,0.090345815
4,01dd01c2beb93afd,2026-08-01,0,4,no_position_no_time,0.07943549
4,01e2918b377d478d,2026-08-01,0,2,no_position_no_time,0.10152817
4,01e2fa583cd5ee0f,2026-08-01,0,1,no_position_no_time,0.06682865
4,02323b998690e3cf,2026-08-01,0,3,no_position_no_time,0.06162079
4,024fdf1931b79b2d,2026-08-01,0,1,no_position_no_time,0.1534118
4,027a04b92bf01d15,2026-08-01,0,2,no_position_no_time,0.07859684
4,0291abc382cd2520,2026-08-01,0,4,no_position_no_time,0.1067498
4,02aa0450880a170c,2026-08-01,1,2,no_position_no_time,0.093567744
4,02d704b7c6db5c36,2026-08-01,0,5,no_position_no_time,0.096498914
4,02da04f9dddbf43e,2026-08-01,1,5,no_position_no_time,0.08076681
4,02e61cd5ee2ac311,2026-08-01,1,4,no_position_no_time,0.07916236
4,02e80a2290e428ea,2026-08-01,0,3,no_position_no_time,0.0668888
4,02f263fb134b213c,2026-08-01,0,2,no_position_no_time,0.079627484
4,03350f283185b484,2026-08-01,0,1,no_position_no_time,0.10798554
4,03381668918ac00c,2026-08-01,0,4,no_position_no_time,0.08495159
4,03910eb439d1e832,2026-08-01,0,3,no_position_no_time,0.07178368
4,03a04256e6ca66fc,2026-08-01,0,3,no_position_no_time,0.11659856
4,03a2bf880fcec3dd,2026-08-01,0,1,no_position_no_time,0.11447739
4,03af17d417fe98d5,2026-08-01,0,2,no_position_no_time,0.087993406
4,03bd9424504d8f82,2026-08-01,1,4,no_position_no_time,0.08029707
4,03dd4c288847f104,2026-08-01,0,1,no_position_no_time,0.078864135
4,03f24a5739765bab,2026-08-01,0,2,no_position_no_time,0.08988457
4,0418aadcc732b12c,2026-08-01,0,2,no_position_no_time,0.08251661
4,0424b0a2b07b7cad,2026-08-01,0,2,no_position_no_time,0.084591165
4,043d316a84266449,2026-08-01,0,2,no_position_no_time,0.07088199
4,049b6682bcef2888,2026-08-01,0,2,no_position_no_time,0.10860582
4,04d319becc8ad4c4,2026-08-01,0,4,no_position_no_time,0.07958767
4,04eadda387a64c19,2026-08-01,0,5,no_position_no_time,0.088732675
4,0502685a736a80a3,2026-08-01,0,2,no_position_no_time,0.09043391
4,051ff465c1447c26,2026-08-01,0,1,no_position_no_time,0.06409629
4,054a5ed1536eb00f,2026-08-01,0,1,no_position_no_time,0.08504827
4,05b7596487829c35,2026-08-01,0,2,no_position_no_time,0.078439586
4,061d5038aa8112db,2026-08-01,0,3,no_position_no_time,0.070186175
4,0657a2cdc075a177,2026-08-01,0,2,no_position_no_time,0.10576225
4,0659b4e995f9de58,2026-08-01,0,2,no_position_no_time,0.11937482
4,071200be1b958442,2026-08-01,0,1,no_position_no_time,0.06876789
4,07b644f877c2a74a,2026-08-01,0,5,no_position_no_time,0.12251102
4,07c3e06329bde539,2026-08-01,0,1,no_position_no_time,0.070415355
4,07c849ca2a1a930a,2026-08-01,0,4,no_position_no_time,0.11338053
4,081a4ff78fefabc0,2026-08-01,0,3,no_position_no_time,0.11147827
4,082a4ceb329f8d16,2026-08-01,1,4,no_position_no_time,0.068091385
4,084a4bf69c56aeee,2026-08-01,0,1,no_position_no_time,0.120240994
4,08597494bc841e31,2026-08-01,0,3,no_position_no_time,0.09218828
4,085ad10ca17eea09,2026-08-01,0,1,no_position_no_time,0.090846494
4,08c78a834b857d72,2026-08-01,0,4,no_position_no_time,0.08862312
4,090139f1189de981,2026-08-01,0,4,no_position_no_time,0.10513992
4,0930757aaeeaebfa,2026-08-01,0,2,no_position_no_time,0.08302651
4,095db03f45b0ce55,2026-08-01,0,4,no_position_no_time,0.08271492
4,096a087971a43c60,2026-08-01,0,1,no_position_no_time,0.067206345
4,0978230101d5de85,2026-08-01,0,3,no_position_no_time,0.06388889
4,097ed0b71992702d,2026-08-01,0,4,no_position_no_time,0.09272159
4,0999320f94723842,2026-08-01,1,4,no_position_no_time,0.08661068
4,099a8184ef18ddc9,2026-08-01,0,2,no_position_no_time,0.102199264
4,09a2a63364b55c57,2026-08-01,0,1,no_position_no_time,0.11796878
4,09a6a863b9cacb81,2026-08-01,0,5,no_position_no_time,0.098488376
4,09c58b090a3ffbce,2026-08-01,1,5,no_position_no_time,0.07757587
4,09e1262e84fd3841,2026-08-01,0,4,no_position_no_time,0.07022955
4,0a15b22d5ac55b15,2026-08-01,0,3,no_position_no_time,0.083536714
4,0a44ad88738b0311,2026-08-01,0,2,no_position_no_time,0.0800182
4,0a4cb0ddcdd0c8c2,2026-08-01,0,5,no_position_no_time,0.06541552
4,0a52ff64f1443802,2026-08-01,0,5,no_position_no_time,0.08948583
4,0ab7b254b5782ae2,2026-08-01,0,2,no_position_no_time,0.07459469
4,0ae52db92ac27d8c,2026-08-01,0,1,no_position_no_time,0.065749034
4,0b20624577ba4646,2026-08-01,0,4,no_position_no_time,0.0819197
4,0b49e0c4173b1283,2026-08-01,0,2,no_position_no_time,0.10328629
4,0b5d536357e847ed,2026-08-01,0,1,no_position_no_time,0.082981884
4,0b95055d0c571240,2026-08-01,0,1,no_position_no_time,0.093866915
4,0ba03c9bddde3466,2026-08-01,1,4,no_position_no_time,0.07766943
4,0bb4750ad23b07ad,2026-08-01,1,1,no_position_no_time,0.09822093
4,0bb4c1518d9cff90,2026-08-01,0,4,no_position_no_time,0.061016094
4,0bb56b29c02e6abd,2026-08-01,0,1,no_position_no_time,0.06501971
4,0bbb18dce6b389ea,2026-08-01,0,2,no_position_no_time,0.09018041
4,0bebf56c66d1d55e,2026-08-01,0,5,no_position_no_time,0.055650767
4,0bf9ce729e3b2639,2026-08-01,0,1,no_position_no_time,0.10322867
4,0c602a538b824355,2026-08-01,0,3,no_position_no_time,0.06097383
4,0c79f93836c235ef,2026-08-01,0,2,no_position_no_time,0.08840633
4,0cab2d865e0581e2,2026-08-01,0,3,no_position_no_time,0.059106864
4,0cb42e72a5656054,2026-08-01,0,2,no_position_no_time,0.09646795
4,0cc663a921621614,2026-08-01,0,4,no_position_no_time,0.11227908
4,0cc996363c0a24ab,2026-08-01,0,4,no_position_no_time,0.12235626
4,0ce1d50c7fe89d94,2026-08-01,0,4,no_position_no_time,0.06915394
4,0cec959166e1e602,2026-08-01,0,4,no_position_no_time,0.080979
4,0d4b1a562cfa772f,2026-08-01,0,4,no_position_no_time,0.10519193
4,0d4c341b1c1392db,2026-08-01,0,2,no_position_no_time,0.0989611
4,0d50812e49656790,2026-08-01,1,4,no_position_no_time,0.06184106
4,0d634193e1a80ef5,2026-08-01,0,1,no_position_no_time,0.08469721
4,0d6e53b82e5292c5,2026-08-01,0,2,no_position_no_time,0.20547622
4,0d7132f117f7e80d,2026-08-01,0,3,no_position_no_time,0.06856846
4,0d773bf5a137ed3c,2026-08-01,0,1,no_position_no_time,0.07160096
4,0d8397975d8b06c0,2026-08-01,0,4,no_position_no_time,0.09899655
4,0d8a788ed39dca5b,2026-08-01,0,5,no_position_no_time,0.17527527
4,0d97e3c1f366c75e,2026-08-01,0,1,no_position_no_time,0.061087813
4,0da5935f0b1eeac9,2026-08-01,0,5,no_position_no_time,0.11035578
4,0dd2a4fd6c5f8bdd,2026-08-01,0,4,no_position_no_time,0.10315257
4,0dfd7b295cff6e7e,2026-08-01,0,2,no_position_no_time,0.09758376
4,0e1dc2f350d502ed,2026-08-01,0,5,no_position_no_time,0.09864467
4,0e256f771502feb5,2026-08-01,0,4,no_position_no_time,0.062163226
4,0e53db0d3fbed6e7,2026-08-01,0,1,no_position_no_time,0.076467976
4,0e64bae2a42679ee,2026-08-01,0,3,no_position_no_time,0.067842774
4,0e684c471a717446,2026-08-01,0,5,no_position_no_time,0.09719694
4,0e87775f25a189d8,2026-08-01,0,5,no_position_no_time,0.0838404
4,0e9b710dc9fe4597,2026-08-01,0,2,no_position_no_time,0.098307654
4,0ea6196135d03d16,2026-08-01,0,5,no_position_no_time,0.1270728
4,0ed589c270774997,2026-08-01,0,4,no_position_no_time,0.10996764
4,0ee7c3103d027bc9,2026-08-01,0,2,no_position_no_time,0.0867163
4,0f34cd5358ede917,2026-08-01,0,1,no_position_no_time,0.06529154
4,0f3c9faec3d5550b,2026-08-01,0,3,no_position_no_time,0.08277321
4,0f40b70536e1812a,2026-08-01,1,3,no_position_no_time,0.13708685
4,0f80ccd12f426a91,2026-08-01,0,1,no_position_no_time,0.079601035
4,0fa054a7f9eee0f7,2026-08-01,0,1,no_position_no_time,0.105495796
4,1033b7ed2e2b27ac,2026-08-01,0,3,no_position_no_time,0.08818234
4,10576ad846871f6e,2026-08-01,0,1,no_position_no_time,0.09401144
4,106355d7cc37068c,2026-08-01,0,5,no_position_no_time,0.072142
4,10a0027a558e4143,2026-08-01,0,3,no_position_no_time,0.09574375
4,10a1fbf7e2142097,2026-08-01,0,2,no_position_no_time,0.087184235
4,1173f07cdcc69285,2026-08-01,0,1,no_position_no_time,0.075388186
4,119b797ff0b26ae5,2026-08-01,0,5,no_position_no_time,0.12788588
4,11a05e8de1f545a3,2026-08-01,0,3,no_position_no_time,0.07795708
4,11b7334c529b0456,2026-08-01,1,1,no_position_no_time,0.085403554
4,11d1f12f120ea96e,2026-08-01,0,3,no_position_no_time,0.16091225
4,126530ae2f1c7e84,2026-08-01,0,1,no_position_no_time,0.07465649
4,12d4d2441731262f,2026-08-01,0,4,no_position_no_time,0.09359504
4,12f261dd905b8bd6,2026-08-01,0,4,no_position_no_time,0.08941915
4,131b3b53b7bd6c7b,2026-08-01,0,3,no_position_no_time,0.083383515
4,13245e15f185f1b1,2026-08-01,0,4,no_position_no_time,0.09331973
4,135649f37cd26743,2026-08-01,0,5,no_position_no_time,0.1590379
4,1392854ed74fcd1c,2026-08-01,0,4,no_position_no_time,0.081850566
4,13a788ae647cea48,2026-08-01,0,2,no_position_no_time,0.08076317
4,13e77e6358b1178c,2026-08-01,0,3,no_position_no_time,0.12917398
4,1456c68e29c8a7b3,2026-08-01,0,1,no_position_no_time,0.08395835
4,1471999f46d223cf,2026-08-01,0,5,no_position_no_time,0.096185155
4,1482e137d927715a,2026-08-01,0,1,no_position_no_time,0.07237114
4,14c01c20f834728f,2026-08-01,0,5,no_position_no_time,0.18843012
4,14daaccf5170ee1f,2026-08-01,0,2,no_position_no_time,0.08548205
4,14ee9e03dad7ece8,2026-08-01,0,4,no_position_no_time,0.09073334
4,15196236628f9eca,2026-08-01,0,3,no_position_no_time,0.104917474
4,156fc33e7d352f83,2026-08-01,0,1,no_position_no_time,0.070353985
4,15bba3601bca4303,2026-08-01,0,2,no_position_no_time,0.072930105
4,15c70348f63af13c,2026-08-01,1,2,no_position_no_time,0.07715329
4,15cc15fb91e373f7,2026-08-01,0,4,no_position_no_time,0.13439982
4,15e26c22e75d0327,2026-08-01,0,5,no_position_no_time,0.079944976
4,15ec20d873c47cd3,2026-08-01,0,5,no_position_no_time,0.08408256
4,15f671b7a635fbb8,2026-08-01,0,4,no_position_no_time,0.06771177
4,164fbcbd8a3cd874,2026-08-01,0,1,no_position_no_time,0.09114695
4,1665185b0cca1907,2026-08-01,0,2,no_position_no_time,0.10492914
4,16662ff58bdc2d9e,2026-08-01,0,3,no_position_no_time,0.07873484
4,16a80e2646f5c6c9,2026-08-01,1,3,no_position_no_time,0.099071644
4,16ae9748ba12296c,2026-08-01,0,3,no_position_no_time,0.075121224
4,16e9600f8dc0b903,2026-08-01,0,1,no_position_no_time,0.08636677
4,16eddc6398337938,2026-08-01,1,2,no_position_no_time,0.08560268
4,170b1887461b2ad8,2026-08-01,0,4,no_position_no_time,0.053676635
4,171156f0e4679c17,2026-08-01,0,3,no_position_no_time,0.07903265
4,171b9a18e1d1f5f9,2026-08-01,0,1,no_position_no_time,0.08297183
4,175e194389f78800,2026-08-01,0,4,no_position_no_time,0.09428639
4,175eadc25f5b3389,2026-08-01,0,5,no_position_no_time,0.064971946
4,17961588f079b498,2026-08-01,0,3,no_position_no_time,0.1256982
4,17a851703d6d0012,2026-08-01,0,1,no_position_no_time,0.095496446
4,17b499b2d1852006,2026-08-01,0,4,no_position_no_time,0.12712944
4,17c9d1d44245214a,2026-08-01,0,4,no_position_no_time,0.08686774
4,17d14ecfc7b15143,2026-08-01,0,5,no_position_no_time,0.07634704
4,17d176c2c21ab561,2026-08-01,0,3,no_position_no_time,0.10207538
4,17d7e541db5e4b08,2026-08-01,0,1,no_position_no_time,0.06688919
4,181caf7cc65080a8,2026-08-01,0,5,no_position_no_time,0.07247625
4,182b1b9ca4f197c4,2026-08-01,0,5,no_position_no_time,0.060228694
4,183089cee2cf85fb,2026-08-01,0,3,no_position_no_time,0.07556019
4,18471babfc828dfc,2026-08-01,0,3,no_position_no_time,0.09463621
4,1862356eb33bc027,2026-08-01,0,5,no_position_no_time,0.053915936
4,1879606555e38bd3,2026-08-01,0,4,no_position_no_time,0.06302338
4,1880dc74296d0cfa,2026-08-01,0,4,no_position_no_time,0.11981758
4,18ce04bc597e2847,2026-08-01,0,5,no_position_no_time,0.096049726
4,19148ed2b0c06472,2026-08-01,0,2,no_position_no_time,0.07806178
4,1919262e80c5f25b,2026-08-01,1,3,no_position_no_time,0.06873738
4,194cf550b3fa862e,2026-08-01,0,2,no_position_no_time,0.08964789
4,195ae92aa2e66451,2026-08-01,0,5,no_position_no_time,0.07979887
4,1976891f1e3c15b4,2026-08-01,0,5,no_position_no_time,0.059566107
4,197f0fec636b0f81,2026-08-01,0,3,no_position_no_time,0.08448488
4,19a8fa7f8d5b8bc2,2026-08-01,1,2,no_position_no_time,0.08876144
4,19fa2b5e5693502a,2026-08-01,0,1,no_position_no_time,0.083983555
4,1a0c539714f90980,2026-08-01,0,1,no_position_no_time,0.068931475
4,1a104ce41b51d391,2026-08-01,0,3,no_position_no_time,0.06888699
4,1a40fba1297a7077,2026-08-01,0,1,no_position_no_time,0.09156769
4,1a86e49a3784af3e,2026-08-01,0,5,no_position_no_time,0.08075329
4,1ae0db4a5532db3b,2026-08-01,0,3,no_position_no_time,0.11806887
4,1ae8a05a31d7dbb8,2026-08-01,0,3,no_position_no_time,0.06488382
4,1b5e51df1972e7a5,2026-08-01,1,4,no_position_no_time,0.0785031
4,1b5f7eba40f67612,2026-08-01,0,1,no_position_no_time,0.091756895
4,1b7d597d86c22fcc,2026-08-01,1,5,no_position_no_time,0.078328714
4,1ba968991ab9e484,2026-08-01,0,4,no_position_no_time,0.08302888
4,1bb5b1d75a533d6b,2026-08-01,0,3,no_position_no_time,0.18359618
4,1bbab17a4d154370,2026-08-01,0,5,no_position_no_time,0.100576684
4,1bcb594c89383b13,2026-08-01,0,3,no_position_no_time,0.079557605
4,1c112b1443df2ab1,2026-08-01,0,5,no_position_no_time,0.08758763
4,1c2b3ffea84a6a25,2026-08-01,0,2,no_position_no_time,0.09141014
4,1c656dbbe33a6149,2026-08-01,0,3,no_position_no_time,0.092216596
4,1c7c9b5480e09b97,2026-08-01,0,3,no_position_no_time,0.08302692
4,1c946293083a8951,2026-08-01,0,2,no_position_no_time,0.088962086
4,1cb88bf483912a65,2026-08-01,1,5,no_position_no_time,0.09154633
4,1cd16568a0702722,2026-08-01,0,1,no_position_no_time,0.07369006
4,1cd82036dcb7cce6,2026-08-01,0,3,no_position_no_time,0.08738681
4,1d9f58f4c64318f2,2026-08-01,0,5,no_position_no_time,0.10494587
4,1dc58be705428dce,2026-08-01,0,3,no_position_no_time,0.084045224
4,1dd9edc7fb8ceca0,2026-08-01,0,3,no_position_no_time,0.11623574
4,1e0a0d02eed2ffb4,2026-08-01,0,4,no_position_no_time,0.08666516
4,1e64dc128cb958a9,2026-08-01,0,5,no_position_no_time,0.08556286
4,1e8e64614cda21df,2026-08-01,0,5,no_position_no_time,0.14030273
4,1ebe042f307af5b7,2026-08-01,0,1,no_position_no_time,0.06284128
4,1eda5b019b3191f9,2026-08-01,0,1,no_position_no_time,0.0844658
4,1f2384023017844e,2026-08-01,0,1,no_position_no_time,0.0837931
4,1f578da493b40ef8,2026-08-01,0,4,no_position_no_time,0.084355675
4,1f6c5783cc90b5df,2026-08-01,0,5,no_position_no_time,0.08994948
4,1f8512dcc8a12abb,2026-08-01,0,2,no_position_no_time,0.08346884
4,1f94c5d02264c243,2026-08-01,0,2,no_position_no_time,0.08471191
4,1f9c741b849a078b,2026-08-01,0,1,no_position_no_time,0.10169599
4,1fbee37d12a8b485,2026-08-01,0,1,no_position_no_time,0.112058215
4,1fc4cc720cebbdf8,2026-08-01,0,4,no_position_no_time,0.09594433
4,1fe6e5caa87a9439,2026-08-01,0,3,no_position_no_time,0.07104457
4,1fed880efd3187ab,2026-08-01,0,2,no_position_no_time,0.07475345
4,1fef13d5b3936f28,2026-08-01,1,2,no_position_no_time,0.092807926
4,1fff7bf38e397e1b,2026-08-01,0,1,no_position_no_time,0.09847857
4,2001824e72a458fc,2026-08-01,0,2,no_position_no_time,0.09921872
4,200cf4c65accccb4,2026-08-01,0,5,no_position_no_time,0.08991021
4,201dddb16dfc9922,2026-08-01,0,4,no_position_no_time,0.110894755
4,201ebaa41c188af5,2026-08-01,0,4,no_position_no_time,0.081154585
4,207c0e47a421dfe7,2026-08-01,0,2,no_position_no_time,0.069178194
4,208aa9f9b298ad0b,2026-08-01,0,5,no_position_no_time,0.10803189
4,209c5c52c7d8a613,2026-08-01,0,3,no_position_no_time,0.11026328
4,20c6a708d1e34ff0,2026-08-01,0,1,no_position_no_time,0.072874784
4,20d6acd6f691d4fd,2026-08-01,0,5,no_position_no_time,0.10257108
4,210c2672c721b438,2026-08-01,0,3,no_position_no_time,0.0689797
4,21114003b1a79644,2026-08-01,0,1,no_position_no_time,0.07751131
4,211b22349d581e5d,2026-08-01,0,1,no_position_no_time,0.05788589
4,2145327dd856767f,2026-08-01,1,1,no_position_no_time,0.073318206
4,217a80592eb6a2fb,2026-08-01,0,2,no_position_no_time,0.07898317
4,21c01d9e8d965664,2026-08-01,0,5,no_position_no_time,0.07755961
4,21fb8e9de9d9ddd8,2026-08-01,0,5,no_position_no_time,0.10343187
4,22243c7e1e2d4d0f,2026-08-01,0,1,no_position_no_time,0.08104588
4,223d76e50e5e7030,2026-08-01,0,3,no_position_no_time,0.11570463
4,2260856d7d550bdf,2026-08-01,0,4,no_position_no_time,0.096723005
4,2262c954f3ff0615,2026-08-01,0,5,no_position_no_time,0.08117858
4,226fe1ad156fe00a,2026-08-01,0,3,no_position_no_time,0.0624589
4,2293a7e760e60bf4,2026-08-01,0,4,no_position_no_time,0.06935642
4,22f677848ede9b34,2026-08-01,1,4,no_position_no_time,0.065498985
4,230522ad26c17225,2026-08-01,0,3,no_position_no_time,0.07223596
4,232835e00f6032be,2026-08-01,0,3,no_position_no_time,0.07837226
4,2354df575a371860,2026-08-01,0,1,no_position_no_time,0.11219627
4,235a751bd5d66004,2026-08-01,0,5,no_position_no_time,0.065383315
4,236bb6c0f87382e8,2026-08-01,0,5,no_position_no_time,0.16717672
4,23848bd2b6e309ab,2026-08-01,0,3,no_position_no_time,0.08126586
4,23a4003afb1e54f7,2026-08-01,1,1,no_position_no_time,0.10322072
4,23a42f256cd6a909,2026-08-01,0,5,no_position_no_time,0.107483104
4,23eaa9b15cf4ba72,2026-08-01,0,4,no_position_no_time,0.08406104
4,23ed4bec9154f57b,2026-08-01,0,3,no_position_no_time,0.082602605
4,23f1ee5fa0d1be68,2026-08-01,0,3,no_position_no_time,0.09688895
4,2415740722ea22f1,2026-08-01,0,5,no_position_no_time,0.1452473
4,2432105be515b8a9,2026-08-01,0,2,no_position_no_time,0.074894086
4,243b27ad63680bef,2026-08-01,0,3,no_position_no_time,0.06469288
4,243cd8f338ae59b1,2026-08-01,0,1,no_position_no_time,0.099329054
4,244674969f11663d,2026-08-01,0,1,no_position_no_time,0.11262868
4,24bd41b9ac35e6eb,2026-08-01,0,4,no_position_no_time,0.18503462
4,24e47216e29dfddf,2026-08-01,0,4,no_position_no_time,0.09416983
4,251c47e6991d071b,2026-08-01,0,5,no_position_no_time,0.11869521
4,256b061e379abd2a,2026-08-01,0,2,no_position_no_time,0.10471587
4,2586bf23bd43441a,2026-08-01,0,3,no_position_no_time,0.08256427
4,2593de552019143c,2026-08-01,1,2,no_position_no_time,0.07447945
4,25987c8de8c39984,2026-08-01,0,5,no_position_no_time,0.21191822
4,25afe0cf056ce102,2026-08-01,0,2,no_position_no_time,0.08229
4,25f38382fc5a4a06,2026-08-01,0,4,no_position_no_time,0.08557193
4,2692cf1e54a6ed8f,2026-08-01,0,4,no_position_no_time,0.048495192
4,26ca77dd2bc429e9,2026-08-01,0,5,no_position_no_time,0.0999377
4,272d8ba83d6d08e5,2026-08-01,0,1,no_position_no_time,0.09634152
4,2780d9e4dce89a38,2026-08-01,0,4,no_position_no_time,0.12788424
4,2785996ba6e611cd,2026-08-01,0,2,no_position_no_time,0.09009915
4,27b4605cb70f5783,2026-08-01,0,3,no_position_no_time,0.08903117
4,27d49405700b7f14,2026-08-01,0,2,no_position_no_time,0.08775885
4,27e65903d898cff5,2026-08-01,0,1,no_position_no_time,0.08201266
4,28369db8d540121b,2026-08-01,0,5,no_position_no_time,0.09663798
4,283fac19f7caf4ce,2026-08-01,1,3,no_position_no_time,0.076407395
4,2840cfc5157e42d5,2026-08-01,0,5,no_position_no_time,0.05233633
4,28bfbf1cd6ad38af,2026-08-01,0,2,no_position_no_time,0.08478388
4,28e11ac5b5e879f7,2026-08-01,0,3,no_position_no_time,0.062445346
4,28e42064ffc5b6f9,2026-08-01,0,2,no_position_no_time,0.11282774
4,290081d022acc550,2026-08-01,0,1,no_position_no_time,0.09881071
4,294ea872733840ba,2026-08-01,0,2,no_position_no_time,0.09793413
4,29722864de80a7a8,2026-08-01,0,2,no_position_no_time,0.1758809
4,297af7ef6a739bf9,2026-08-01,0,1,no_position_no_time,0.09168032
4,29b335b2f1d9edeb,2026-08-01,0,3,no_position_no_time,0.100947626
4,29d4eb41a9fb51af,2026-08-01,0,1,no_position_no_time,0.07233161
4,29dd24cf93149928,2026-08-01,0,1,no_position_no_time,0.06949548
4,29fefcfbfa904c44,2026-08-01,0,5,no_position_no_time,0.08374564
4,2a0757fa52353806,2026-08-01,0,2,no_position_no_time,0.086695306
4,2a6e995d1d710f1e,2026-08-01,0,4,no_position_no_time,0.065025166
4,2ac9bca6ebdba849,2026-08-01,0,2,no_position_no_time,0.08495799
4,2acca47d7c7617ea,2026-08-01,0,3,no_position_no_time,0.08262651
4,2ae4843d90b34579,2026-08-01,1,4,no_position_no_time,0.11875782
4,2ae9ac3127603c73,2026-08-01,0,3,no_position_no_time,0.071766615
4,2b40e3a95d9e4235,2026-08-01,0,3,no_position_no_time,0.07711261
4,2b4f532883f382e9,2026-08-01,1,4,no_position_no_time,0.108882315
4,2b8b7f0d6dc93d31,2026-08-01,0,2,no_position_no_time,0.08924674
4,2bcc60c0d2e743f1,2026-08-01,0,4,no_position_no_time,0.09583106
4,2c3a2191840cfd85,2026-08-01,0,3,no_position_no_time,0.097180724
4,2c40224927e62dfd,2026-08-01,0,2,no_position_no_time,0.08018896
4,2c46854282faac91,2026-08-01,0,2,no_position_no_time,0.10680117
4,2c824747cc138197,2026-08-01,0,2,no_position_no_time,0.08693028
4,2cc58ef79e4c30b4,2026-08-01,0,4,no_position_no_time,0.13487364
4,2cc97d88649af95e,2026-08-01,0,4,no_position_no_time,0.20678836
4,2cff63919ef808b1,2026-08-01,0,1,no_position_no_time,0.13422772
4,2d2801de3502c44a,2026-08-01,0,5,no_position_no_time,0.10465924
4,2d41689a2f73fb69,2026-08-01,0,5,no_position_no_time,0.1285834
4,2d4646d760d83598,2026-08-01,0,5,no_position_no_time,0.09012302
4,2d6417930bd97c48,2026-08-01,0,5,no_position_no_time,0.1273526
4,2d8cb43f88514c9c,2026-08-01,0,4,no_position_no_time,0.07207587
4,2dbae3ab66c6c9ee,2026-08-01,0,1,no_position_no_time,0.12717636
4,2dbe1d7dd28e8ab0,2026-08-01,0,5,no_position_no_time,0.080979
4,2dd89f349088588f,2026-08-01,0,5,no_position_no_time,0.09045997
4,2e53857e628c4f99,2026-08-01,0,2,no_position_no_time,0.09936865
4,2e63998b0bf0bacd,2026-08-01,0,5,no_position_no_time,0.07064469
4,2e89989cb32a370e,2026-08-01,0,3,no_position_no_time,0.06947898
4,2eb0aade426ce92a,2026-08-01,0,4,no_position_no_time,0.070432454
4,2ed055f5aad1607b,2026-08-01,0,4,no_position_no_time,0.10197953
4,2ed824ebd56c546c,2026-08-01,0,5,no_position_no_time,0.095955335
4,2ee2a560bdfab227,2026-08-01,0,4,no_position_no_time,0.098203994
4,2ee7db9247487a0d,2026-08-01,0,3,no_position_no_time,0.08850599
4,2ef5268f39de40e5,2026-08-01,0,2,no_position_no_time,0.12237754
4,2f4393aa46781c08,2026-08-01,0,1,no_position_no_time,0.07473057
4,2f950c5981acb432,2026-08-01,0,3,no_position_no_time,0.08224163
4,2f9683d645f14723,2026-08-01,0,1,no_position_no_time,0.09537472
4,2fb57adb4fecd870,2026-08-01,0,4,no_position_no_time,0.078954816
4,2fcdb5619dd8c2e3,2026-08-01,0,1,no_position_no_time,0.07492421
4,2fd2b15a0dbec90a,2026-08-01,0,3,no_position_no_time,0.0717126
4,30448efe011952e4,2026-08-01,0,3,no_position_no_time,0.0853824
4,3075ff35a1d922a1,2026-08-01,0,3,no_position_no_time,0.065187626
4,3078c192f242d8a5,2026-08-01,0,3,no_position_no_time,0.1109048
4,3080b6a19fb1b4be,2026-08-01,0,2,no_position_no_time,0.09714365
4,309212bec88c8ae2,2026-08-01,0,1,no_position_no_time,0.105275236
4,30a1a1a3d58c7656,2026-08-01,0,4,no_position_no_time,0.102661066
4,30c342a4260531be,2026-08-01,0,1,no_position_no_time,0.09160776
4,30c4b6430c3cfa29,2026-08-01,0,1,no_position_no_time,0.13356099
4,30cc94d467535dc4,2026-08-01,0,4,no_position_no_time,0.06777001
4,30d360594379c9fa,2026-08-01,1,5,no_position_no_time,0.12031701
4,311029bde4456d6a,2026-08-01,0,4,no_position_no_time,0.06779558
4,315cfbfca781d273,2026-08-01,0,1,no_position_no_time,0.079340324
4,316d804254b40540,2026-08-01,0,4,no_position_no_time,0.10251539
4,3176ca05ca60a9ac,2026-08-01,0,4,no_position_no_time,0.14047956
4,3181e0839f2c78c2,2026-08-01,0,3,no_position_no_time,0.060185812
4,3195f466ee35f1e2,2026-08-01,0,2,no_position_no_time,0.095284395
4,31b3d08135707313,2026-08-01,0,5,no_position_no_time,0.11462365
4,31bf95434a40a22b,2026-08-01,0,1,no_position_no_time,0.062353034
4,31f99f83ef7d163a,2026-08-01,0,4,no_position_no_time,0.075232685
4,32088b29e7a2988e,2026-08-01,0,5,no_position_no_time,0.08425276
4,326f4a8b4e941238,2026-08-01,0,4,no_position_no_time,0.1451388
4,327fc087ff994c13,2026-08-01,0,5,no_position_no_time,0.0669941
4,329c8de1bf4f6dae,2026-08-01,0,5,no_position_no_time,0.067043535
4,32a1c35fc71856d6,2026-08-01,0,3,no_position_no_time,0.0573893
4,32cf371554065451,2026-08-01,1,2,no_position_no_time,0.08633561
4,32d6fdbe898eb8ad,2026-08-01,0,3,no_position_no_time,0.072294794
4,32e69f4804884b90,2026-08-01,0,1,no_position_no_time,0.070526205
4,33085e4ed06338ac,2026-08-01,0,2,no_position_no_time,0.089608066
4,331a16e4a28bb8d5,2026-08-01,0,5,no_position_no_time,0.09087544
4,331d6581315445ce,2026-08-01,0,4,no_position_no_time,0.09285881
4,33297a3d66f423c1,2026-08-01,1,5,no_position_no_time,0.06781799
4,332bc2c4e9e3c479,2026-08-01,1,5,no_position_no_time,0.09687035
4,333cca11d8b161b2,2026-08-01,0,1,no_position_no_time,0.08942187
4,337efba1d28f5e7b,2026-08-01,0,3,no_position_no_time,0.06503674
4,33b399c6e08fa990,2026-08-01,0,3,no_position_no_time,0.09309202
4,3404879940cc68fe,2026-08-01,0,4,no_position_no_time,0.14697862
4,340a92d5cb051509,2026-08-01,0,5,no_position_no_time,0.13441376
4,3463c5bbfcce4762,2026-08-01,1,2,no_position_no_time,0.19232075
4,346daed0e656cb2c,2026-08-01,0,1,no_position_no_time,0.0842457
4,347a96efe25830aa,2026-08-01,0,3,no_position_no_time,0.06810487
4,347aa28704eccdfe,2026-08-01,1,4,no_position_no_time,0.12076743
4,34c3fec3e99b0377,2026-08-01,0,3,no_position_no_time,0.101012275
4,34e36df045351494,2026-08-01,0,2,no_position_no_time,0.0759406
4,353048b2a7024a02,2026-08-01,0,2,no_position_no_time,0.08219761
4,353ad444345ac403,2026-08-01,0,4,no_position_no_time,0.094855644
4,3551b501573f7d89,2026-08-01,0,4,no_position_no_time,0.069822006
4,3555213bd2f8ddef,2026-08-01,0,3,no_position_no_time,0.11179038
4,355de9d9d74d4642,2026-08-01,0,3,no_position_no_time,0.060226396
4,3596f4eaefecb18f,2026-08-01,0,4,no_position_no_time,0.09745921
4,35ba3a4f968ec21d,2026-08-01,1,1,no_position_no_time,0.077631555
4,35c889aa7fe8578f,2026-08-01,0,1,no_position_no_time,0.07968163
4,35e280ef04deef3e,2026-08-01,0,3,no_position_no_time,0.07174203
4,361e7f49a128b1c9,2026-08-01,0,2,no_position_no_time,0.07416813
4,3653dd2358bbca5e,2026-08-01,0,5,no_position_no_time,0.077750765
4,3663429aed93624d,2026-08-01,0,4,no_position_no_time,0.08621287
4,368c1d00dbd3e137,2026-08-01,0,5,no_position_no_time,0.10186328
4,36a3cf77bd4b77a5,2026-08-01,0,3,no_position_no_time,0.0620829
4,3724947ad2a8d4cc,2026-08-01,0,4,no_position_no_time,0.09353964
4,373843cd6d4bfffa,2026-08-01,0,1,no_position_no_time,0.082546055
4,373849e64ee2fea7,2026-08-01,0,5,no_position_no_time,0.08437191
4,379cfe648f827b90,2026-08-01,0,3,no_position_no_time,0.0786662
4,37ae584752cc8d0d,2026-08-01,1,5,no_position_no_time,0.06698887
4,37e83304d73574ec,2026-08-01,0,1,no_position_no_time,0.083937265
4,385d6ed7891184ca,2026-08-01,0,5,no_position_no_time,0.08654849
4,388fec8ebdaefb1a,2026-08-01,0,4,no_position_no_time,0.15270986
4,38974ba09893ee03,2026-08-01,1,1,no_position_no_time,0.22138107
4,38e879e7f12686d4,2026-08-01,0,5,no_position_no_time,0.058177326
4,392416ed445fe2ca,2026-08-01,0,2,no_position_no_time,0.07698792
4,393031e0826f8f83,2026-08-01,0,2,no_position_no_time,0.08298114
4,394ee054ef5645cf,2026-08-01,0,2,no_position_no_time,0.089047335
4,3954728de86e7367,2026-08-01,0,3,no_position_no_time,0.09256545
4,398f565db6e53618,2026-08-01,0,1,no_position_no_time,0.08640738
4,39d1cc4131b01576,2026-08-01,1,2,no_position_no_time,0.09203517
4,39f3b3277527438b,2026-08-01,0,1,no_position_no_time,0.09434638
4,3a24efff1f5c063e,2026-08-01,0,5,no_position_no_time,0.08003621
4,3a4b80c694d02e67,2026-08-01,0,2,no_position_no_time,0.095933415
4,3a52ae5eb572abc5,2026-08-01,0,1,no_position_no_time,0.08006365
4,3a84bd992596e8b4,2026-08-01,0,3,no_position_no_time,0.067466065
4,3b086a0254f42591,2026-08-01,0,2,no_position_no_time,0.08479526
4,3b0a6c2aca96473d,2026-08-01,1,4,no_position_no_time,0.13232268
4,3b1f6e880e01bc49,2026-08-01,0,5,no_position_no_time,0.083383925
4,3b3303d566130021,2026-08-01,0,4,no_position_no_time,0.13931662
4,3b58fc76af0c9fe0,2026-08-01,0,4,no_position_no_time,0.118687764
4,3b59fb4fc8357367,2026-08-01,0,2,no_position_no_time,0.09805855
4,3b6d9399a98c1bab,2026-08-01,0,4,no_position_no_time,0.08470468
4,3b77dfb434916a47,2026-08-01,0,1,no_position_no_time,0.12850516
4,3b8efbf49ab5ea96,2026-08-01,0,3,no_position_no_time,0.08300733
4,3b99b630eb7b4423,2026-08-01,0,3,no_position_no_time,0.09181617
4,3bb973769e667c7e,2026-08-01,0,1,no_position_no_time,0.09259415
4,3bba9640d2aca900,2026-08-01,0,3,no_position_no_time,0.09029163
4,3bd715edab244867,2026-08-01,0,4,no_position_no_time,0.095098905
4,3c07ad16cb4f2cd0,2026-08-01,0,4,no_position_no_time,0.058828056
4,3c1663b2498adcca,2026-08-01,0,1,no_position_no_time,0.07863551
4,3c37431cbb42ca2d,2026-08-01,0,5,no_position_no_time,0.092835695
4,3c45fb247fd44f51,2026-08-01,0,5,no_position_no_time,0.07613214
4,3c47516bcef0e3ed,2026-08-01,1,4,no_position_no_time,0.089843296
4,3cb21868eef4c1e6,2026-08-01,0,2,no_position_no_time,0.07568991
4,3cb983144f49282d,2026-08-01,0,2,no_position_no_time,0.096490465
4,3cc43b650df782c6,2026-08-01,0,4,no_position_no_time,0.08623236
4,3cc4bccbb27a99ab,2026-08-01,0,4,no_position_no_time,0.08203353
4,3ccdc7aff7f79996,2026-08-01,0,5,no_position_no_time,0.08620121
4,3cce56f11e38a0a8,2026-08-01,0,5,no_position_no_time,0.068818055
4,3cdecd5740bc7bb3,2026-08-01,0,4,no_position_no_time,0.12000422
4,3ce1c39d71c72985,2026-08-01,0,3,no_position_no_time,0.113846384
4,3cec0c309b3437f6,2026-08-01,0,4,no_position_no_time,0.077497475
4,3cede8380e51e5a3,2026-08-01,0,4,no_position_no_time,0.08744809
4,3cf6007f17ebc0cd,2026-08-01,0,2,no_position_no_time,0.0850702
4,3d25f4e81b8d1b11,2026-08-01,0,3,no_position_no_time,0.07576749
4,3d334c60ed48d7fe,2026-08-01,0,4,no_position_no_time,0.07881264
4,3d75b01859b4f4a4,2026-08-01,0,5,no_position_no_time,0.07900662
4,3d977acaf8cc0688,2026-08-01,0,4,no_position_no_time,0.09944647
4,3de3a53f4191b4e4,2026-08-01,0,5,no_position_no_time,0.06889457
4,3e0ad4bd45e505a1,2026-08-01,0,4,no_position_no_time,0.07038621
4,3e1c312afba15c8c,2026-08-01,0,5,no_position_no_time,0.13526253
4,3e5f6a79c26527dd,2026-08-01,0,4,no_position_no_time,0.06973768
4,3e6e9928e3478613,2026-08-01,0,3,no_position_no_time,0.07539424
4,3e6ee1c40f6b18b1,2026-08-01,0,5,no_position_no_time,0.094942264
4,3ed25a489cdc2408,2026-08-01,0,5,no_position_no_time,0.09175682
4,3f45e9fa77af0f16,2026-08-01,0,5,no_position_no_time,0.082003154
4,3f60c0d6c0bb298b,2026-08-01,0,1,no_position_no_time,0.1629008
4,3f814472e4d750b5,2026-08-01,0,5,no_position_no_time,0.10481612
4,3f9207a5658d7c1a,2026-08-01,0,5,no_position_no_time,0.08652661
4,3fbbd56efc5d0e94,2026-08-01,0,1,no_position_no_time,0.07520436
4,3fbbf57c2d9ae885,2026-08-01,0,5,no_position_no_time,0.068996765
4,3fd9c029949c7c3f,2026-08-01,0,4,no_position_no_time,0.10555339
4,3ff23cac429f5fe7,2026-08-01,0,3,no_position_no_time,0.07590879
4,3ffea6f2fb1446eb,2026-08-01,0,3,no_position_no_time,0.07110207
4,404232c565e0d48b,2026-08-01,1,5,no_position_no_time,0.13644937
4,4058f6192f8c37b8,2026-08-01,0,1,no_position_no_time,0.090603076
4,406cc4511552be47,2026-08-01,0,1,no_position_no_time,0.10191645
4,408917720cac4f45,2026-08-01,0,3,no_position_no_time,0.087343946
4,40954dbd9b211045,2026-08-01,0,2,no_position_no_time,0.093893535
4,4098bf057746f618,2026-08-01,0,4,no_position_no_time,0.09556229
4,40dda62134cd3e50,2026-08-01,0,4,no_position_no_time,0.08882488
4,411b2861cb30f4b1,2026-08-01,0,3,no_position_no_time,0.08029165
4,41a853d298d386c1,2026-08-01,0,2,no_position_no_time,0.08134532
4,41c1c06a4980a87a,2026-08-01,0,5,no_position_no_time,0.060219865
4,41c3f7b0704e9050,2026-08-01,0,3,no_position_no_time,0.07737947
4,41e550cde11bc570,2026-08-01,0,3,no_position_no_time,0.10609886
4,42466bf4f178c91c,2026-08-01,0,1,no_position_no_time,0.12211789
4,42969de5995ee03a,2026-08-01,0,2,no_position_no_time,0.10213236
4,42971d3c3f77358d,2026-08-01,0,3,no_position_no_time,0.09875169
4,42a3e323759a2ac6,2026-08-01,1,3,no_position_no_time,0.08154343
4,42b6b5e2e9212f48,2026-08-01,0,3,no_position_no_time,0.11345924
4,42f85ee5972de078,2026-08-01,0,5,no_position_no_time,0.11151624
4,42fc04d56fd15247,2026-08-01,0,3,no_position_no_time,0.083258666
4,430cbd0f651cba37,2026-08-01,0,2,no_position_no_time,0.08502429
4,431b1b088bcb458e,2026-08-01,0,4,no_position_no_time,0.1649547
4,4379b979bf41d2af,2026-08-01,0,3,no_position_no_time,0.10879086
4,43b292e5499a60bd,2026-08-01,0,3,no_position_no_time,0.07593604
4,43cf99f4303358f2,2026-08-01,0,3,no_position_no_time,0.10866529
4,43ecff422a6dbfba,2026-08-01,0,3,no_position_no_time,0.11276403
4,441b8364200e7524,2026-08-01,0,5,no_position_no_time,0.093457416
4,441c43fb37ca3b04,2026-08-01,0,4,no_position_no_time,0.11339394
4,44485f1c60dc18a7,2026-08-01,0,3,no_position_no_time,0.08232261
4,446dbcfe64988a75,2026-08-01,0,1,no_position_no_time,0.07817454
4,447692d1a3d3fc04,2026-08-01,0,3,no_position_no_time,0.08964029
4,4480aaf216343083,2026-08-01,0,5,no_position_no_time,0.09056983
4,44833232552fb5cd,2026-08-01,0,1,no_position_no_time,0.065857664
4,4495172f2cc3c904,2026-08-01,0,3,no_position_no_time,0.07925254
4,44c215ee22910c68,2026-08-01,1,5,no_position_no_time,0.08846099
4,45010dbfbc37df1c,2026-08-01,1,5,no_position_no_time,0.07273716
4,4514ca2cbfd4d27a,2026-08-01,1,1,no_position_no_time,0.09918573
4,453c49372b929d47,2026-08-01,0,3,no_position_no_time,0.09909218
4,4541e878fdd8927f,2026-08-01,0,4,no_position_no_time,0.07150569
4,4581d9ae350bb07f,2026-08-01,0,4,no_position_no_time,0.08304148
4,45cdf7053bf66b65,2026-08-01,0,3,no_position_no_time,0.08833069
4,45d257ec5ed578f6,2026-08-01,0,2,no_position_no_time,0.06911717
4,45da2ef772f18b21,2026-08-01,0,1,no_position_no_time,0.085294455
4,45ddc834293ef7e0,2026-08-01,1,4,no_position_no_time,0.095611274
4,45f7d5909b9e5f69,2026-08-01,0,2,no_position_no_time,0.09252067
4,4604fccd88184e11,2026-08-01,0,1,no_position_no_time,0.10972334
4,46266624a2a2c967,2026-08-01,0,3,no_position_no_time,0.083158165
4,462b9556e4a7e3e7,2026-08-01,0,5,no_position_no_time,0.08239324
4,465f460b9d1d8469,2026-08-01,0,2,no_position_no_time,0.07815056
4,465f9ebd144ad7f6,2026-08-01,0,5,no_position_no_time,0.09263661
4,466a419fa36c2165,2026-08-01,0,2,no_position_no_time,0.10005531
4,469f913bbf4d5e3f,2026-08-01,0,1,no_position_no_time,0.087115064
4,46a36d388347f642,2026-08-01,0,2,no_position_no_time,0.08760734
4,46b235908ca97fba,2026-08-01,0,1,no_position_no_time,0.07773302
4,46eff22687885715,2026-08-01,1,3,no_position_no_time,0.094840765
4,47119cd291f793a4,2026-08-01,0,1,no_position_no_time,0.12008453
4,47249238eeab5364,2026-08-01,0,4,no_position_no_time,0.077184714
4,473385b22ca80954,2026-08-01,0,3,no_position_no_time,0.08651414
4,4741313e146f7757,2026-08-01,0,5,no_position_no_time,0.074664705
4,477fd48f71ea9869,2026-08-01,0,5,no_position_no_time,0.06680431
4,47b29494d1e057e1,2026-08-01,0,3,no_position_no_time,0.1286891
4,47cdc0d573864538,2026-08-01,0,3,no_position_no_time,0.08254286
4,47e3f41a3cb6298e,2026-08-01,0,5,no_position_no_time,0.099899195
4,47eb5c0a5457a099,2026-08-01,0,2,no_position_no_time,0.08382307
4,483aa066732b3acd,2026-08-01,0,2,no_position_no_time,0.0824202
4,48508451cb54a710,2026-08-01,0,1,no_position_no_time,0.08366032
4,4878bfa143bd6a1c,2026-08-01,0,5,no_position_no_time,0.08010558
4,48f011a93c264a2d,2026-08-01,0,2,no_position_no_time,0.085482664
4,491222e5ae5a810b,2026-08-01,0,1,no_position_no_time,0.091243386
4,491549d44f2ac009,2026-08-01,0,3,no_position_no_time,0.062412392
4,492390e819a7f52c,2026-08-01,0,3,no_position_no_time,0.12304807
4,49421909e3bca389,2026-08-01,0,3,no_position_no_time,0.06863372
4,49478a8e7961ff63,2026-08-01,0,2,no_position_no_time,0.08584749
4,494c5352e5c936d6,2026-08-01,0,5,no_position_no_time,0.08548844
4,498322097ab921d2,2026-08-01,0,5,no_position_no_time,0.09447548
4,498e0098a7c33292,2026-08-01,0,3,no_position_no_time,0.07609239
4,49ddd18ee171a26b,2026-08-01,0,5,no_position_no_time,0.10316488
4,49f6aa15c7285da5,2026-08-01,0,3,no_position_no_time,0.120514676
4,4a406fc0161968c8,2026-08-01,0,5,no_position_no_time,0.089280695
4,4a594b33d2363ff8,2026-08-01,0,3,no_position_no_time,0.07187684
4,4a5d3e2c270a89b9,2026-08-01,0,2,no_position_no_time,0.0812215
4,4ac47525bd17cd6e,2026-08-01,0,5,no_position_no_time,0.14775984
4,4b61ceab6f2ff93e,2026-08-01,0,4,no_position_no_time,0.102029696
4,4b65095d8d9f4976,2026-08-01,1,5,no_position_no_time,0.10171873
4,4b68d10f6ce35e4c,2026-08-01,0,2,no_position_no_time,0.0946813
4,4b81a6a8f7256f90,2026-08-01,0,2,no_position_no_time,0.08342409
4,4bb37cc638dfdc07,2026-08-01,1,5,no_position_no_time,0.0882771
4,4bc414605aa9dd0d,2026-08-01,0,2,no_position_no_time,0.09073622
4,4bf4446ab579880a,2026-08-01,1,5,no_position_no_time,0.06732589
4,4bf723d5debc8e7b,2026-08-01,0,4,no_position_no_time,0.11611932
4,4c199013fb8b0138,2026-08-01,0,2,no_position_no_time,0.08520555
4,4c1a86c0daa244b7,2026-08-01,0,1,no_position_no_time,0.080014564
4,4c433505ea73617f,2026-08-01,0,3,no_position_no_time,0.083470225
4,4c6618c5b2addcf5,2026-08-01,1,3,no_position_no_time,0.06412048
4,4c6eaf624b580349,2026-08-01,0,1,no_position_no_time,0.07367717
4,4c748af20e45736c,2026-08-01,0,2,no_position_no_time,0.09031872
4,4c94fdffd05355a4,2026-08-01,1,2,no_position_no_time,0.0964288
4,4c952d7708124b24,2026-08-01,0,2,no_position_no_time,0.08382271
4,4cd1d3fc404a36e9,2026-08-01,0,1,no_position_no_time,0.073818825
4,4d69281d1307c779,2026-08-01,0,1,no_position_no_time,0.05424446
4,4d8710dde6c54072,2026-08-01,0,1,no_position_no_time,0.07399761
4,4d987c0eb672af1b,2026-08-01,0,1,no_position_no_time,0.08899689
4,4df31172e7448ec3,2026-08-01,0,2,no_position_no_time,0.095665924
4,4e2942af520924b8,2026-08-01,0,5,no_position_no_time,0.088538565
4,4e379d9772288120,2026-08-01,0,5,no_position_no_time,0.11198204
4,4e7fd8bc9e814963,2026-08-01,0,5,no_position_no_time,0.08899869
4,4eba7b08932ff7ff,2026-08-01,0,4,no_position_no_time,0.12110607
4,4ece66cfa521761e,2026-08-01,0,1,no_position_no_time,0.077308044
4,4ed0a51fb521e68e,2026-08-01,1,2,no_position_no_time,0.08685263
4,4ed3f5150e367491,2026-08-01,0,2,no_position_no_time,0.08390034
4,4f226451d00f676c,2026-08-01,0,5,no_position_no_time,0.12893099
4,4f2900d5cd6eacba,2026-08-01,0,5,no_position_no_time,0.1389023
4,4f5f9533471ab829,2026-08-01,0,2,no_position_no_time,0.08795255
4,4f6f8dc16440a307,2026-08-01,0,3,no_position_no_time,0.09075186
4,4f90fa326add00c4,2026-08-01,0,3,no_position_no_time,0.077471994
4,4f946d2f8029e24d,2026-08-01,0,2,no_position_no_time,0.09133075
4,4fb9b3bd549d432e,2026-08-01,0,3,no_position_no_time,0.06722447
4,4fc569d5cf83b3d6,2026-08-01,0,4,no_position_no_time,0.10712554
4,4fd5264af66dc45a,2026-08-01,0,2,no_position_no_time,0.08774885
4,501dc497c76b6355,2026-08-01,0,3,no_position_no_time,0.09211849
4,5024b0c53b6656de,2026-08-01,0,5,no_position_no_time,0.06967287
4,5048b478ebb966c2,2026-08-01,0,3,no_position_no_time,0.083212
4,50577f4e8566632c,2026-08-01,0,1,no_position_no_time,0.09335947
4,507bf2b6f7e3d349,2026-08-01,0,2,no_position_no_time,0.08951701
4,507d43ca3b3c694b,2026-08-01,0,2,no_position_no_time,0.07979341
4,51206444207839cc,2026-08-01,0,1,no_position_no_time,0.06253502
4,5121be72b086a0ec,2026-08-01,0,2,no_position_no_time,0.10762035
4,5126a91f5cc3239a,2026-08-01,0,4,no_position_no_time,0.11168064
4,5154b5c6b8bfbec2,2026-08-01,0,4,no_position_no_time,0.08000632
4,515a04286237f13d,2026-08-01,0,3,no_position_no_time,0.06929442
4,5195d7cb6250b20d,2026-08-01,0,3,no_position_no_time,0.081934154
4,51a13f8830050b04,2026-08-01,0,4,no_position_no_time,0.06534206
4,51fb35c6ad8f8484,2026-08-01,0,1,no_position_no_time,0.10873784
4,522b40618cf5e6ba,2026-08-01,0,2,no_position_no_time,0.08505953
4,5234fcc64472fc3b,2026-08-01,0,2,no_position_no_time,0.09625003
4,52577d853ea056cb,2026-08-01,0,2,no_position_no_time,0.077864364
4,5264420e71bd1f1f,2026-08-01,0,2,no_position_no_time,0.0996212
4,527ada3a90d34b02,2026-08-01,0,1,no_position_no_time,0.08153286
4,528abb2a2a5256d2,2026-08-01,0,5,no_position_no_time,0.08318591
4,528c30e4d95cecc7,2026-08-01,0,5,no_position_no_time,0.07680016
4,529b274fceceeb0b,2026-08-01,0,3,no_position_no_time,0.068350986
4,52cea67a456d3ea8,2026-08-01,0,2,no_position_no_time,0.07775865
4,52fa33e4459689ed,2026-08-01,1,1,no_position_no_time,0.11168711
4,531252749a0e87f6,2026-08-01,0,1,no_position_no_time,0.09794776
4,533024394fc80dde,2026-08-01,0,3,no_position_no_time,0.099914946
4,534ca5cef88c8ae8,2026-08-01,0,4,no_position_no_time,0.0908523
4,5350abe23e5b6d5c,2026-08-01,0,1,no_position_no_time,0.08396998
4,537d0d1d156fb52b,2026-08-01,0,5,no_position_no_time,0.09152523
4,53f0d80a1b1ded3a,2026-08-01,0,1,no_position_no_time,0.07003303
4,5410eb7881bf142e,2026-08-01,0,3,no_position_no_time,0.11064378
4,543a1b4cee67ca9d,2026-08-01,0,4,no_position_no_time,0.079265535
4,547f47fa4438704b,2026-08-01,0,5,no_position_no_time,0.071725436
4,5487acc416381e19,2026-08-01,0,3,no_position_no_time,0.07408831
4,54a8e61fa992a976,2026-08-01,0,3,no_position_no_time,0.09065159
4,54b829b4ae4435da,2026-08-01,0,4,no_position_no_time,0.08985331
4,54d36691ed310bb0,2026-08-01,0,2,no_position_no_time,0.0973285
4,54e87bf52bc7bd74,2026-08-01,0,5,no_position_no_time,0.09684743
4,54f4e565b3aca0a3,2026-08-01,0,2,no_position_no_time,0.07966421
4,54f8e85ab127dd76,2026-08-01,0,4,no_position_no_time,0.09283148
4,553bb4ca0bdec86c,2026-08-01,0,3,no_position_no_time,0.067811176
4,5577f0e4b5bbd2f6,2026-08-01,0,1,no_position_no_time,0.059826497
4,558d75ae4b37b312,2026-08-01,0,2,no_position_no_time,0.091988705
4,55932ff6b6db6137,2026-08-01,0,4,no_position_no_time,0.07245941
4,55c62301b7fb2096,2026-08-01,0,5,no_position_no_time,0.05605827
4,55dc20d7bc1b6d41,2026-08-01,0,5,no_position_no_time,0.11426929
4,55e10aab4b3b665f,2026-08-01,0,3,no_position_no_time,0.102092355
4,562bfe4315641308,2026-08-01,0,2,no_position_no_time,0.09324844
4,567af06aa756be6b,2026-08-01,0,1,no_position_no_time,0.1846353
4,567f81ab84b471ab,2026-08-01,0,3,no_position_no_time,0.10677795
4,56bdb90979230372,2026-08-01,0,3,no_position_no_time,0.0545568
4,56d4f2e61b5af6aa,2026-08-01,0,5,no_position_no_time,0.068446934
4,56d69bdb5f758cd2,2026-08-01,0,3,no_position_no_time,0.08618544
4,56decc429e4eec8a,2026-08-01,0,2,no_position_no_time,0.078647785
4,56e6a1c91e7c45e5,2026-08-01,0,5,no_position_no_time,0.098347776
4,56f4fe4387e325ee,2026-08-01,0,5,no_position_no_time,0.10910987
4,56f5124bd11b1640,2026-08-01,0,2,no_position_no_time,0.09368122
4,573a17dc18af2a1b,2026-08-01,0,5,no_position_no_time,0.09995124
4,578b8199b469800c,2026-08-01,0,1,no_position_no_time,0.077551045
4,5796610e0b2023cf,2026-08-01,0,1,no_position_no_time,0.07276172
4,57b4ad449f4243df,2026-08-01,0,2,no_position_no_time,0.08489061
4,57c06b078633c67b,2026-08-01,0,3,no_position_no_time,0.06919293
4,57efce2151d57cb6,2026-08-01,0,5,no_position_no_time,0.080103345
4,582d38a0da97095d,2026-08-01,1,3,no_position_no_time,0.071654044
4,584cfc177c498556,2026-08-01,0,2,no_position_no_time,0.0769967
4,586392abf9ad9d1d,2026-08-01,0,2,no_position_no_time,0.07837371
4,5864ecb3207a3c51,2026-08-01,0,2,no_position_no_time,0.101348616
4,58df3dc88789b9f4,2026-08-01,0,1,no_position_no_time,0.08825698
4,59064fa6bd5cc085,2026-08-01,0,5,no_position_no_time,0.09270059
4,591e7c25e7db4215,2026-08-01,0,2,no_position_no_time,0.08508043
4,593f6b659b72c938,2026-08-01,0,4,no_position_no_time,0.10146755
4,595de99cdd79435d,2026-08-01,0,1,no_position_no_time,0.05680113
4,5979e5a582892307,2026-08-01,0,3,no_position_no_time,0.08284164
4,59a05af41ee0934a,2026-08-01,0,2,no_position_no_time,0.09694659
4,59bc08d7baaa7758,2026-08-01,1,4,no_position_no_time,0.13112532
4,59be1b3e23625cf8,2026-08-01,0,3,no_position_no_time,0.080737226
4,59fe602c96bf0b43,2026-08-01,0,2,no_position_no_time,0.082137555
4,5a01770e73816c01,2026-08-01,0,2,no_position_no_time,0.08759566
4,5a1d57760563b2af,2026-08-01,0,2,no_position_no_time,0.081087604
4,5a280759f0a20838,2026-08-01,1,5,no_position_no_time,0.083583236
4,5a81b4f09ebeaea8,2026-08-01,0,4,no_position_no_time,0.069423206
4,5b86a3b758c0c444,2026-08-01,0,4,no_position_no_time,0.12389968
4,5b961a3a69a32bdb,2026-08-01,0,5,no_position_no_time,0.089256875
4,5bb1dd5adb67512e,2026-08-01,0,4,no_position_no_time,0.0975384
4,5c3718a6934f654e,2026-08-01,0,3,no_position_no_time,0.25537556
4,5c5ceb2cc4822edb,2026-08-01,0,4,no_position_no_time,0.21037701
4,5d08cc68f8320ae0,2026-08-01,0,1,no_position_no_time,0.073326916
4,5d299be6f6188b12,2026-08-01,0,1,no_position_no_time,0.07516553
4,5d42f970043953f5,2026-08-01,1,5,no_position_no_time,0.13363667
4,5d654f140a21ce62,2026-08-01,0,5,no_position_no_time,0.064471744
4,5d9d67ed46cae17f,2026-08-01,0,1,no_position_no_time,0.070104115
4,5da8913710574bdd,2026-08-01,0,4,no_position_no_time,0.11637699
4,5db402efb7bf1511,2026-08-01,0,5,no_position_no_time,0.09787534
4,5dba0d5e0119ca66,2026-08-01,0,4,no_position_no_time,0.089281574
4,5dbc1baee86749b2,2026-08-01,0,5,no_position_no_time,0.058444805
4,5dcc4c599a3f6c33,2026-08-01,0,2,no_position_no_time,0.08010003
4,5de7ea40011e365f,2026-08-01,0,1,no_position_no_time,0.09156586
4,5dee5d0ddec52220,2026-08-01,0,4,no_position_no_time,0.1519636
4,5dfe54fdcc4cb095,2026-08-01,0,4,no_position_no_time,0.06891373
4,5e0776fb04dfb714,2026-08-01,0,4,no_position_no_time,0.07400045
4,5e396c17e47aa502,2026-08-01,0,2,no_position_no_time,0.06830184
4,5e5ef45624a9213d,2026-08-01,0,5,no_position_no_time,0.10426428
4,5e88a964e1dc3ac7,2026-08-01,0,3,no_position_no_time,0.093519755
4,5e929b6d874e9289,2026-08-01,0,1,no_position_no_time,0.07770896
4,5ead7d53847b01fd,2026-08-01,0,1,no_position_no_time,0.1075119
4,5ec07ab892790426,2026-08-01,0,5,no_position_no_time,0.08815481
4,5ed16d77931d2ed4,2026-08-01,0,1,no_position_no_time,0.059689246
4,5edd2f3c7e869414,2026-08-01,0,3,no_position_no_time,0.061586186
4,5ef2e96bca7b71ce,2026-08-01,0,5,no_position_no_time,0.11866702
4,5f1ec9a55e63103c,2026-08-01,0,1,no_position_no_time,0.073810376
4,5f7fee907b63c350,2026-08-01,0,1,no_position_no_time,0.075438656
4,5f96a60f75c6b49c,2026-08-01,0,4,no_position_no_time,0.06936742
4,5fc2c17467b3cc9a,2026-08-01,0,1,no_position_no_time,0.072822385
4,60020c42309a06b3,2026-08-01,0,2,no_position_no_time,0.07869192
4,601e48ebd881f65a,2026-08-01,0,4,no_position_no_time,0.11963141
4,6043f4b7a6b2e797,2026-08-01,0,1,no_position_no_time,0.07729522
4,607f65f0fab65043,2026-08-01,0,2,no_position_no_time,0.06796869
4,6089ba5c0b991273,2026-08-01,0,1,no_position_no_time,0.08947038
4,60a243ad14680453,2026-08-01,0,5,no_position_no_time,0.0802329
4,60e729967036215a,2026-08-01,0,1,no_position_no_time,0.07971056
4,60f4ed77ed78ef87,2026-08-01,0,3,no_position_no_time,0.07174022
4,6120d33315fa19c1,2026-08-01,0,3,no_position_no_time,0.07918054
4,6121b1d3358511b7,2026-08-01,0,5,no_position_no_time,0.054618813
4,612a2493a68c2786,2026-08-01,0,2,no_position_no_time,0.086433336
4,612d511978aee556,2026-08-01,0,3,no_position_no_time,0.089974895
4,615e51bee2e51f43,2026-08-01,0,3,no_position_no_time,0.07179622
4,61816b5e4ffe8b72,2026-08-01,0,2,no_position_no_time,0.09141127
4,619418dc4c21dac6,2026-08-01,0,4,no_position_no_time,0.074782714
4,6197efab8faa9f42,2026-08-01,0,2,no_position_no_time,0.18801767
4,61a114a6d9907ec7,2026-08-01,0,5,no_position_no_time,0.06331183
4,61b67d3d4684d5c8,2026-08-01,0,2,no_position_no_time,0.074425414
4,6245e388b1ca2404,2026-08-01,1,5,no_position_no_time,0.07740425
4,624d1995725b289e,2026-08-01,0,2,no_position_no_time,0.09817627
4,625d164d0bc770b6,2026-08-01,0,5,no_position_no_time,0.11421668
4,62c1e7c5034f7e06,2026-08-01,0,1,no_position_no_time,0.07738495
4,62d15be2fd9d903f,2026-08-01,0,3,no_position_no_time,0.07974332
4,630552c82c21b666,2026-08-01,0,3,no_position_no_time,0.08306471
4,63457c6f9255b10e,2026-08-01,1,5,no_position_no_time,0.096984915
4,6368f741c5c3e099,2026-08-01,0,5,no_position_no_time,0.12864718
4,6375e50285534cd3,2026-08-01,0,2,no_position_no_time,0.09700634
4,639819d42a212454,2026-08-01,0,2,no_position_no_time,0.08411861
4,63a8ca345e9d9aba,2026-08-01,0,3,no_position_no_time,0.08839455
4,63cd7e8bac36643c,2026-08-01,0,2,no_position_no_time,0.08722018
4,63e5cf7a745a13db,2026-08-01,0,4,no_position_no_time,0.09346941
4,6444e59cfee6858e,2026-08-01,0,2,no_position_no_time,0.08596062
4,646be24488f724c9,2026-08-01,0,4,no_position_no_time,0.07802685
4,64e5883c13cdedae,2026-08-01,0,5,no_position_no_time,0.08275268
4,6535ee2dbd982e70,2026-08-01,0,2,no_position_no_time,0.07974539
4,6592941866fb9a8b,2026-08-01,0,3,no_position_no_time,0.08966477
4,6597b5c2832a1f0b,2026-08-01,0,4,no_position_no_time,0.13577932
4,65bd89df93cce51c,2026-08-01,0,2,no_position_no_time,0.08910637
4,65d199cd46fa6c04,2026-08-01,0,3,no_position_no_time,0.07135963
4,65ef5976da678ef1,2026-08-01,0,2,no_position_no_time,0.07298542
4,65fa7e14d7b26f10,2026-08-01,0,1,no_position_no_time,0.09087213
4,66400e25ea9143f0,2026-08-01,0,5,no_position_no_time,0.06470961
4,6646dc9450e2d1cc,2026-08-01,0,1,no_position_no_time,0.084481135
4,66472e85c3591289,2026-08-01,0,1,no_position_no_time,0.10899727
4,6647635af385f41a,2026-08-01,0,2,no_position_no_time,0.0870777
4,666ba8679ea73b63,2026-08-01,0,3,no_position_no_time,0.08753436
4,666cf1c30547eff3,2026-08-01,0,3,no_position_no_time,0.101541065
4,66818e11ed8b7578,2026-08-01,0,4,no_position_no_time,0.14059448
4,66886ce5d1be0283,2026-08-01,0,1,no_position_no_time,0.08750899
4,669a72367eee7488,2026-08-01,0,4,no_position_no_time,0.1450174
4,66b1542542b54ffa,2026-08-01,0,1,no_position_no_time,0.06653598
4,66d77f54ea6ed69d,2026-08-01,1,3,no_position_no_time,0.08581381
4,66f932644bf59c9b,2026-08-01,0,2,no_position_no_time,0.081776
4,6721cd7b19456c59,2026-08-01,0,5,no_position_no_time,0.12634166
4,673a3091e3ad7ea1,2026-08-01,0,5,no_position_no_time,0.10976351
4,67651410876787f7,2026-08-01,1,3,no_position_no_time,0.118169844
4,676f60b9391356f8,2026-08-01,0,2,no_position_no_time,0.13349657
4,67a8eda8eff4dd93,2026-08-01,0,4,no_position_no_time,0.09982937
4,68067ca1927daeed,2026-08-01,0,5,no_position_no_time,0.11452022
4,682abe48e86b7899,2026-08-01,0,5,no_position_no_time,0.12354049
4,683a27b22146e14b,2026-08-01,0,3,no_position_no_time,0.08273973
4,683a6570276ff829,2026-08-01,0,5,no_position_no_time,0.07877922
4,6854a6ede4cbc6fe,2026-08-01,0,3,no_position_no_time,0.08641849
4,689739a7b6151763,2026-08-01,0,5,no_position_no_time,0.083851896
4,68abad538f103ae7,2026-08-01,0,5,no_position_no_time,0.08204306
4,68d838a5a4edeb26,2026-08-01,0,2,no_position_no_time,0.08284191
4,68fa26fba053c547,2026-08-01,0,1,no_position_no_time,0.087274395
4,690f514f5ba2e9db,2026-08-01,0,2,no_position_no_time,0.07907085
4,6971b7636e248ebc,2026-08-01,0,4,no_position_no_time,0.105405316
4,69ea9268fa08b787,2026-08-01,0,4,no_position_no_time,0.104841724
4,69ee61f05b5c7601,2026-08-01,1,5,no_position_no_time,0.08161995
4,6a82cd439f4a9e67,2026-08-01,0,4,no_position_no_time,0.16057141
4,6a84dd19b55fe235,2026-08-01,0,4,no_position_no_time,0.2212254
4,6aa0065772f94d94,2026-08-01,0,4,no_position_no_time,0.11359735
4,6ab9b8aa6d365f89,2026-08-01,1,3,no_position_no_time,0.07995544
4,6ac08a1f2df62054,2026-08-01,1,1,no_position_no_time,0.09413172
4,6afc1edd85d1de99,2026-08-01,0,1,no_position_no_time,0.08922746
4,6b4f9507b7a798fd,2026-08-01,0,3,no_position_no_time,0.07535517
4,6b75bf556a7ae109,2026-08-01,0,2,no_position_no_time,0.07601489
4,6b980c0b9687520b,2026-08-01,0,3,no_position_no_time,0.07276579
4,6bbae772982730fa,2026-08-01,0,4,no_position_no_time,0.083368175
4,6be2aaa3e7701251,2026-08-01,0,1,no_position_no_time,0.06735467
4,6c10d2764bd32bd5,2026-08-01,0,4,no_position_no_time,0.05673474
4,6c12557ae3be5ae7,2026-08-01,0,1,no_position_no_time,0.073992446
4,6c52055f49cc4aba,2026-08-01,0,1,no_position_no_time,0.07891604
4,6c66ae3f6d11f493,2026-08-01,0,1,no_position_no_time,0.09815532
4,6c87a0416e3c9e0c,2026-08-01,0,2,no_position_no_time,0.089481816
4,6ccbf90af6873ec1,2026-08-01,0,5,no_position_no_time,0.060970202
4,6d340b7f7be42750,2026-08-01,0,1,no_position_no_time,0.11388172
4,6d39965a52e526a7,2026-08-01,0,5,no_position_no_time,0.062423263
4,6d802e39c1567584,2026-08-01,0,4,no_position_no_time,0.12712337
4,6d8d448d8e1730b2,2026-08-01,0,2,no_position_no_time,0.084176905
4,6da5e977896183ff,2026-08-01,1,2,no_position_no_time,0.08112472
4,6e164e89a5f012eb,2026-08-01,0,4,no_position_no_time,0.087575726
4,6e30360546f38548,2026-08-01,0,4,no_position_no_time,0.068485886
4,6e61d4dd3c4b64e4,2026-08-01,0,4,no_position_no_time,0.08801727
4,6e8ddebcff868b26,2026-08-01,1,1,no_position_no_time,0.06640765
4,6e9464bcf41423f4,2026-08-01,0,3,no_position_no_time,0.082458995
4,6eae429a533d3cf3,2026-08-01,0,3,no_position_no_time,0.083712146
4,6f87b7579107dee1,2026-08-01,0,3,no_position_no_time,0.13147229
4,6f900714c998fee8,2026-08-01,0,3,no_position_no_time,0.07228881
4,6fd4715ca479103e,2026-08-01,0,4,no_position_no_time,0.10835773
4,6fd9b527ea359aae,2026-08-01,0,2,no_position_no_time,0.08476035
4,6fdbd567da11f303,2026-08-01,0,2,no_position_no_time,0.07501933
4,6fecd7de1e00cd1c,2026-08-01,0,4,no_position_no_time,0.16828096
4,6ffd8c90763370e6,2026-08-01,0,2,no_position_no_time,0.08029196
4,7020e268d6ad6d55,2026-08-01,0,5,no_position_no_time,0.10738315
4,70337ad30de07905,2026-08-01,0,2,no_position_no_time,0.09658068
4,70471c76b3538e60,2026-08-01,0,4,no_position_no_time,0.08218281
4,70521944b6dde28d,2026-08-01,0,2,no_position_no_time,0.09712812
4,7082c3bdf06172d9,2026-08-01,0,5,no_position_no_time,0.08705011
4,7088980fed27f1fd,2026-08-01,0,3,no_position_no_time,0.10779492
4,709c295fdd1dafde,2026-08-01,0,2,no_position_no_time,0.09320075
4,712ef4969f0ec8a2,2026-08-01,0,1,no_position_no_time,0.121164896
4,71325f7d952397cb,2026-08-01,0,4,no_position_no_time,0.1544211
4,7138a63e5d0ec817,2026-08-01,0,3,no_position_no_time,0.09632259
4,714b46de3dbf53a3,2026-08-01,0,5,no_position_no_time,0.13081324
4,7167047194ca9e81,2026-08-01,0,4,no_position_no_time,0.20912446
4,7172a09032966e8b,2026-08-01,0,4,no_position_no_time,0.18593284
4,717f9b258847ff7f,2026-08-01,0,5,no_position_no_time,0.0687202
4,71a6285be1f7128f,2026-08-01,0,3,no_position_no_time,0.06424786
4,71b013c0ce5e145a,2026-08-01,0,3,no_position_no_time,0.07979376
4,71d1654f082f3379,2026-08-01,0,2,no_position_no_time,0.10232071
4,7203c13a0d11598d,2026-08-01,0,1,no_position_no_time,0.07756377
4,7209a01bb39fc1b9,2026-08-01,1,4,no_position_no_time,0.08413661
4,7211e16691edebf4,2026-08-01,0,3,no_position_no_time,0.077022746
4,723456efff1c11aa,2026-08-01,0,1,no_position_no_time,0.08957998
4,724aaa65cb0e7c7f,2026-08-01,0,5,no_position_no_time,0.06143716
4,72944a7971d33761,2026-08-01,0,2,no_position_no_time,0.10191071
4,72b7fd7949442c41,2026-08-01,0,3,no_position_no_time,0.08257435
4,72b9b16e5e4f1536,2026-08-01,0,1,no_position_no_time,0.08325625
4,72db7305e6f63dc5,2026-08-01,0,2,no_position_no_time,0.088444345
4,72de310a32d69226,2026-08-01,0,3,no_position_no_time,0.09836188
4,72e6c4a827333d8a,2026-08-01,0,4,no_position_no_time,0.09597124
4,72e945036dbf7efc,2026-08-01,1,1,no_position_no_time,0.07898726
4,72f2cf6160adba6b,2026-08-01,0,1,no_position_no_time,0.06854477
4,72fed6145b8e88b0,2026-08-01,0,5,no_position_no_time,0.08275914
4,732c59a3bf5fa3ab,2026-08-01,0,5,no_position_no_time,0.07430884
4,734a8697072b3516,2026-08-01,1,4,no_position_no_time,0.07183899
4,73672a75f34b887d,2026-08-01,0,5,no_position_no_time,0.057465985
4,739037d626687cf2,2026-08-01,0,1,no_position_no_time,0.08491879
4,743bddba281f4b4d,2026-08-01,0,2,no_position_no_time,0.08690205
4,744ef37ff3103836,2026-08-01,1,2,no_position_no_time,0.12796904
4,748293bf156a3325,2026-08-01,0,3,no_position_no_time,0.0780109
4,74e1b8682916cc6c,2026-08-01,0,3,no_position_no_time,0.123533055
4,75394cc102d9033c,2026-08-01,0,3,no_position_no_time,0.076612644
4,753a5dcb26610c6d,2026-08-01,0,3,no_position_no_time,0.09689836
4,754982c4f6b42dcb,2026-08-01,0,4,no_position_no_time,0.09285706
4,7553e4106a7f18ab,2026-08-01,1,3,no_position_no_time,0.07492023
4,755430b7f6b5f82d,2026-08-01,0,4,no_position_no_time,0.06978452
4,755c685f1d2e3aa5,2026-08-01,0,2,no_position_no_time,0.09980184
4,7560ead0fbf92fea,2026-08-01,1,1,no_position_no_time,0.078110605
4,7581f0b67310daea,2026-08-01,1,1,no_position_no_time,0.07683445
4,75f0c1ee2ebee85a,2026-08-01,0,3,no_position_no_time,0.06426544
4,75f71bfab657a686,2026-08-01,0,3,no_position_no_time,0.07895837
4,7607e2595ff454ff,2026-08-01,0,5,no_position_no_time,0.07632656
4,76188eba1d446aa2,2026-08-01,0,3,no_position_no_time,0.10672535
4,766e25848489b186,2026-08-01,0,2,no_position_no_time,0.11321245
4,768104980c4f277a,2026-08-01,0,4,no_position_no_time,0.08792407
4,76be1dbcd3789291,2026-08-01,0,3,no_position_no_time,0.07090673
4,76caad6e6cd1ce31,2026-08-01,1,5,no_position_no_time,0.099348806
4,76ceea8473ad9f8c,2026-08-01,0,1,no_position_no_time,0.15595111
4,770ece33339677bf,2026-08-01,0,4,no_position_no_time,0.05212773
4,77231f43e269572f,2026-08-01,0,2,no_position_no_time,0.102737874
4,777d8a4a2e31dd77,2026-08-01,0,2,no_position_no_time,0.08746128
4,77856ec74ccb347a,2026-08-01,0,3,no_position_no_time,0.16987205
4,77a5b8b230d553ac,2026-08-01,0,4,no_position_no_time,0.0782431
4,77e7a15809be6958,2026-08-01,0,4,no_position_no_time,0.10417678
4,782399c1491edbe1,2026-08-01,0,4,no_position_no_time,0.09896506
4,78363f1b04a6f872,2026-08-01,0,5,no_position_no_time,0.065509684
4,787eb5624ff5fa8e,2026-08-01,0,4,no_position_no_time,0.062390756
4,7899bd29ab5a23a4,2026-08-01,0,4,no_position_no_time,0.10447303
4,78ad54ae48692810,2026-08-01,0,1,no_position_no_time,0.06602951
4,78ba6d58349ef2f3,2026-08-01,0,2,no_position_no_time,0.10126943
4,78be0e66fc8267be,2026-08-01,0,4,no_position_no_time,0.06586007
4,78c481ba73b2c2d1,2026-08-01,1,5,no_position_no_time,0.099913836
4,78c6d5da2aaaf87a,2026-08-01,0,2,no_position_no_time,0.07775205
4,78f0bab81fd0c92d,2026-08-01,0,1,no_position_no_time,0.061071876
4,78f344b29762b4f9,2026-08-01,0,1,no_position_no_time,0.12285287
4,79206083aeab7b3e,2026-08-01,0,5,no_position_no_time,0.09221642
4,7947d52ade2c4691,2026-08-01,0,2,no_position_no_time,0.09470891
4,79782fdcae363761,2026-08-01,0,4,no_position_no_time,0.11787179
4,7978c290d4b67a20,2026-08-01,0,2,no_position_no_time,0.0922237
4,79c4da58d5f2f3d9,2026-08-01,0,4,no_position_no_time,0.067296796
4,79f1a685d454a881,2026-08-01,0,3,no_position_no_time,0.088857986
4,7a0a36f48d20e575,2026-08-01,0,1,no_position_no_time,0.10781287
4,7a4cc0d51190a47f,2026-08-01,0,3,no_position_no_time,0.06952143
4,7a4e066ec27df623,2026-08-01,1,3,no_position_no_time,0.101589665
4,7a80a3d2a7559bbd,2026-08-01,0,3,no_position_no_time,0.09740972
4,7a828bed8ca4e808,2026-08-01,0,2,no_position_no_time,0.08182142
4,7a85bba4a3a3542b,2026-08-01,0,4,no_position_no_time,0.06960417
4,7a8f3d5e8fa56e48,2026-08-01,0,2,no_position_no_time,0.09962864
4,7ab62db82f4e5c73,2026-08-01,0,4,no_position_no_time,0.09250046
4,7ac4610aacf00776,2026-08-01,0,3,no_position_no_time,0.06986269
4,7adcbd5e0c1c7c26,2026-08-01,0,1,no_position_no_time,0.080478035
4,7b04647afa6ac5ab,2026-08-01,0,1,no_position_no_time,0.086656295
4,7b3a06ca2bc9593e,2026-08-01,0,1,no_position_no_time,0.08727667
4,7b76059f37404fca,2026-08-01,0,2,no_position_no_time,0.10025751
4,7b853ac7025438b2,2026-08-01,0,4,no_position_no_time,0.10312713
4,7be1361136e936f3,2026-08-01,0,3,no_position_no_time,0.074154675
4,7c4e4ca3775ec8bb,2026-08-01,0,1,no_position_no_time,0.062249564
4,7ca10bc58707f5b3,2026-08-01,0,2,no_position_no_time,0.0878868
4,7ca3bb37a12c9a35,2026-08-01,0,4,no_position_no_time,0.11590879
4,7cde934c6f7b1625,2026-08-01,0,1,no_position_no_time,0.08376861
4,7cf154529d96337a,2026-08-01,0,1,no_position_no_time,0.10435782
4,7d023a47b0890f8a,2026-08-01,0,2,no_position_no_time,0.12514415
4,7d3a78baea44db30,2026-08-01,0,3,no_position_no_time,0.102690525
4,7d6402054f3ad7f4,2026-08-01,0,2,no_position_no_time,0.082287304
4,7d69ec49e74f1003,2026-08-01,0,2,no_position_no_time,0.08740434
4,7d8c20c75702263d,2026-08-01,0,5,no_position_no_time,0.0873457
4,7e040a9f5db5de1c,2026-08-01,0,5,no_position_no_time,0.06870181
4,7e2a7ef35beaa4d7,2026-08-01,0,4,no_position_no_time,0.095052876
4,7e468c88c61262fa,2026-08-01,0,4,no_position_no_time,0.09976566
4,7e6631b140569b78,2026-08-01,0,1,no_position_no_time,0.08252496
4,7e74e0a32983950b,2026-08-01,0,5,no_position_no_time,0.09402334
4,7e77e3af565109ab,2026-08-01,0,5,no_position_no_time,0.08332308
4,7ec17bee55514fc1,2026-08-01,0,2,no_position_no_time,0.08870297
4,7ed9c3919f889a17,2026-08-01,0,5,no_position_no_time,0.066590495
4,7ef29d7f2f698196,2026-08-01,0,4,no_position_no_time,0.080913626
4,7ef6e0314220ad91,2026-08-01,1,3,no_position_no_time,0.12298483
4,7f2e27ae50c8a030,2026-08-01,0,3,no_position_no_time,0.08553041
4,7f572b9773f4ce9a,2026-08-01,0,4,no_position_no_time,0.11651119
4,7fa1bd0f38542361,2026-08-01,0,2,no_position_no_time,0.09283703
4,7fdad5f8a66ff63d,2026-08-01,0,5,no_position_no_time,0.08038269
4,7fe1ba027ea49348,2026-08-01,0,2,no_position_no_time,0.08268349
4,80312e486a43b66c,2026-08-01,0,5,no_position_no_time,0.10826192
4,8054c905f32a9c97,2026-08-01,0,2,no_position_no_time,0.082793444
4,80777b47f80e01b1,2026-08-01,0,2,no_position_no_time,0.09295135
4,80839a3c6322a0a8,2026-08-01,0,2,no_position_no_time,0.08041426
4,80a1ba479291dfc0,2026-08-01,0,4,no_position_no_time,0.112914875
4,80c299676803053d,2026-08-01,0,4,no_position_no_time,0.12387152
4,813f4a290d4f7ca0,2026-08-01,0,1,no_position_no_time,0.08031157
4,816a00d6681321f2,2026-08-01,0,1,no_position_no_time,0.06537173
4,8173578264621f7b,2026-08-01,0,5,no_position_no_time,0.05721888
4,819cfd6f01e7882a,2026-08-01,0,2,no_position_no_time,0.08988028
4,81e3712fcfb97eaf,2026-08-01,0,2,no_position_no_time,0.106485985
4,820fc1758894cbfb,2026-08-01,0,5,no_position_no_time,0.099371895
4,821509b68e904378,2026-08-01,0,4,no_position_no_time,0.079826996
4,824c11687ffd8d30,2026-08-01,0,4,no_position_no_time,0.085069925
4,827b9bdfeef77c89,2026-08-01,0,3,no_position_no_time,0.09224181
4,828454d92bc39ab2,2026-08-01,0,4,no_position_no_time,0.11567623
4,828ecfb088cb7295,2026-08-01,0,3,no_position_no_time,0.07927248
4,8295c1816c519844,2026-08-01,0,4,no_position_no_time,0.08075421
4,82ff5a2e9ec6645b,2026-08-01,0,5,no_position_no_time,0.11961541
4,832271153b77592d,2026-08-01,0,4,no_position_no_time,0.12353544
4,8340128a5315dcd1,2026-08-01,1,5,no_position_no_time,0.060961872
4,83b5f88f5dbc975d,2026-08-01,0,1,no_position_no_time,0.16928996
4,83b69101906824ee,2026-08-01,0,2,no_position_no_time,0.07020624
4,83c0e48fa608089f,2026-08-01,0,3,no_position_no_time,0.13359007
4,83c3afdf23cd357f,2026-08-01,1,5,no_position_no_time,0.08673193
4,842d51c7beda7679,2026-08-01,0,4,no_position_no_time,0.1277155
4,843f33583f8f2cee,2026-08-01,0,2,no_position_no_time,0.0883325
4,846c8ce72764b2d8,2026-08-01,0,5,no_position_no_time,0.07697561
4,84924cb9d0bc8aee,2026-08-01,0,4,no_position_no_time,0.07526787
4,84c3ecccad9e8035,2026-08-01,0,4,no_position_no_time,0.08402476
4,84ddc2cd680bef2b,2026-08-01,0,1,no_position_no_time,0.10090613
4,85272d4df3866f00,2026-08-01,0,3,no_position_no_time,0.058324218
4,85760dca5d969fed,2026-08-01,0,1,no_position_no_time,0.09920617
4,85bfe0aaf3f1a921,2026-08-01,0,2,no_position_no_time,0.07936894
4,85d841747ec0fd15,2026-08-01,0,2,no_position_no_time,0.08476446
4,85f818dba059c738,2026-08-01,0,4,no_position_no_time,0.10757399
4,8615e3316239cb39,2026-08-01,0,1,no_position_no_time,0.110416435
4,861676af7695b2f7,2026-08-01,0,5,no_position_no_time,0.09640046
4,8632e8f6a5d4376e,2026-08-01,0,4,no_position_no_time,0.09282251
4,863f4a3bbacc1692,2026-08-01,0,5,no_position_no_time,0.06897323
4,864094d810939a4d,2026-08-01,0,2,no_position_no_time,0.07551271
4,864457b8de3095c6,2026-08-01,0,3,no_position_no_time,0.12118141
4,8649cbf161bd7f4f,2026-08-01,0,1,no_position_no_time,0.09450088
4,8657b0de6ede5cc3,2026-08-01,0,5,no_position_no_time,0.12246591
4,8696a1b32ca40fdb,2026-08-01,0,2,no_position_no_time,0.09869859
4,86b9eab5beed4fb0,2026-08-01,0,5,no_position_no_time,0.07585124
4,86ba5d34a8be964d,2026-08-01,0,4,no_position_no_time,0.07629552
4,86ddd1b3e62e7576,2026-08-01,0,4,no_position_no_time,0.116042934
4,86df1b21b1b74be7,2026-08-01,0,5,no_position_no_time,0.086271346
4,86df88f330e859fb,2026-08-01,0,3,no_position_no_time,0.0658959
4,87029ef064e5770d,2026-08-01,0,4,no_position_no_time,0.09656692
4,871cf2dfe2558ff7,2026-08-01,0,3,no_position_no_time,0.082004264
4,871ec8fbb8a7fdca,2026-08-01,0,4,no_position_no_time,0.07862901
4,8791efcebf03f4aa,2026-08-01,0,2,no_position_no_time,0.10317808
4,879651e0639bbf26,2026-08-01,0,1,no_position_no_time,0.061897583
4,87a34ce39a5f1fcd,2026-08-01,0,2,no_position_no_time,0.13945359
4,87b53ae4fccc9e3e,2026-08-01,0,5,no_position_no_time,0.17452447
4,87eb062ca08b5fd9,2026-08-01,0,5,no_position_no_time,0.08882216
4,87ecd5bb1c321ec6,2026-08-01,0,4,no_position_no_time,0.104575776
4,87f4e34072d83e2b,2026-08-01,0,1,no_position_no_time,0.081881404
4,88017e795fd16be1,2026-08-01,0,4,no_position_no_time,0.075472556
4,8818f60a0a9ea4b7,2026-08-01,0,4,no_position_no_time,0.08305561
4,881dbf2198bf9761,2026-08-01,0,1,no_position_no_time,0.07513295
4,882dc89627fb9e5d,2026-08-01,0,3,no_position_no_time,0.09104125
4,8841f94017e31ab8,2026-08-01,0,1,no_position_no_time,0.09881313
4,8878139d82c81f5b,2026-08-01,0,4,no_position_no_time,0.08586229
4,88785f6444f6dbd6,2026-08-01,0,2,no_position_no_time,0.08255331
4,88bccb7cc6944388,2026-08-01,0,2,no_position_no_time,0.18184246
4,88ce8ff5ef57afac,2026-08-01,1,2,no_position_no_time,0.083918266
4,88e632017bdcb416,2026-08-01,0,1,no_position_no_time,0.10798884
4,88f8a851d780a7e5,2026-08-01,0,4,no_position_no_time,0.074564956
4,891efd905dab8c41,2026-08-01,0,1,no_position_no_time,0.09584902
4,8933fd8759e0b63c,2026-08-01,0,2,no_position_no_time,0.089969724
4,89978d6e7f5d04a4,2026-08-01,0,3,no_position_no_time,0.079932205
4,899eda3170821b6d,2026-08-01,0,3,no_position_no_time,0.07800483
4,89a767264a23a02c,2026-08-01,0,1,no_position_no_time,0.093477756
4,89be89634bb2acb9,2026-08-01,0,3,no_position_no_time,0.115777925
4,89dc7eb34695a882,2026-08-01,0,5,no_position_no_time,0.08760452
4,89eb6355e04ddcff,2026-08-01,0,4,no_position_no_time,0.081229255
4,8a619ca7b25795df,2026-08-01,0,4,no_position_no_time,0.11329617
4,8a7e1768820969eb,2026-08-01,0,3,no_position_no_time,0.095942445
4,8aa295b010434c48,2026-08-01,0,1,no_position_no_time,0.08558777
4,8aa755cc5ddbafc3,2026-08-01,0,5,no_position_no_time,0.09431493
4,8ad25a3501d408be,2026-08-01,0,3,no_position_no_time,0.079647355
4,8ad8c8f3114235d2,2026-08-01,1,4,no_position_no_time,0.10517761
4,8ae46465baae863a,2026-08-01,0,4,no_position_no_time,0.10154352
4,8b1543c7d28a0d97,2026-08-01,0,5,no_position_no_time,0.12521379
4,8b223d5acfa10b00,2026-08-01,0,1,no_position_no_time,0.07283063
4,8b6274d7fbc9d694,2026-08-01,0,5,no_position_no_time,0.06889973
4,8b6cdac0ed7571bd,2026-08-01,0,4,no_position_no_time,0.078702174
4,8bd7d0ff2606671f,2026-08-01,0,5,no_position_no_time,0.0856312
4,8be03eebed9bff2a,2026-08-01,0,4,no_position_no_time,0.114894964
4,8c1a94fc6aa44fbc,2026-08-01,0,3,no_position_no_time,0.074915685
4,8c32922cac5db305,2026-08-01,0,3,no_position_no_time,0.13734904
4,8c5d1d4e7f3aeaa2,2026-08-01,0,3,no_position_no_time,0.08425657
4,8c67694c6687c7cc,2026-08-01,0,4,no_position_no_time,0.080075525
4,8c72ec5ca6f58244,2026-08-01,0,4,no_position_no_time,0.090879515
4,8c7d9881e0f79ba6,2026-08-01,0,2,no_position_no_time,0.10373
4,8d219220107ace1a,2026-08-01,0,5,no_position_no_time,0.08989367
4,8d2c706d0d1faaf0,2026-08-01,0,5,no_position_no_time,0.115742765
4,8d8e69cca84826e3,2026-08-01,0,5,no_position_no_time,0.106924206
4,8dbdf683d88dd8ac,2026-08-01,0,2,no_position_no_time,0.07095696
4,8df8e10d95dadbf0,2026-08-01,0,1,no_position_no_time,0.09831922
4,8e02f46d8d2d58b3,2026-08-01,0,4,no_position_no_time,0.10183178
4,8e1062159c56a086,2026-08-01,0,4,no_position_no_time,0.1214002
4,8e238fc84b0333a1,2026-08-01,0,1,no_position_no_time,0.06821625
4,8e31409dea5dcecd,2026-08-01,0,1,no_position_no_time,0.15177412
4,8e3616c25584dc38,2026-08-01,0,5,no_position_no_time,0.07570881
4,8e42e72013dad63e,2026-08-01,0,2,no_position_no_time,0.07417946
4,8e5d271d14e5adfb,2026-08-01,0,1,no_position_no_time,0.08493313
4,8e7aeeef4b820b39,2026-08-01,0,1,no_position_no_time,0.07439489
4,8ea7ad3aba6599d2,2026-08-01,0,4,no_position_no_time,0.06073596
4,8ed046af8da5c71f,2026-08-01,0,2,no_position_no_time,0.14254478
4,8ed8b73c6afc74ff,2026-08-01,0,3,no_position_no_time,0.103226714
4,8ee2c442abc469db,2026-08-01,0,2,no_position_no_time,0.07253824
4,8f43c286c0ca30cb,2026-08-01,1,2,no_position_no_time,0.08294729
4,8f4f541699372bfb,2026-08-01,0,1,no_position_no_time,0.07071185
4,8f8967123d5d73c1,2026-08-01,0,1,no_position_no_time,0.068164825
4,8fe9dfb23d49daac,2026-08-01,0,4,no_position_no_time,0.08000638
4,8fec834372344ce3,2026-08-01,1,1,no_position_no_time,0.07797563
4,8ff498fbd40f0f06,2026-08-01,0,1,no_position_no_time,0.096170746
4,90399c1ea88db953,2026-08-01,0,5,no_position_no_time,0.09970562
4,9043b5ddedd1d003,2026-08-01,0,5,no_position_no_time,0.08479535
4,904e8d50d3d6acf4,2026-08-01,0,3,no_position_no_time,0.06448651
4,90568869730b043e,2026-08-01,0,5,no_position_no_time,0.08836361
4,9062ef2774bcf5bb,2026-08-01,0,4,no_position_no_time,0.08660204
4,90b2fc3a2f01e6e6,2026-08-01,0,4,no_position_no_time,0.08299988
4,90b55e4026a9c198,2026-08-01,0,4,no_position_no_time,0.0826909
4,91015bca63a82bcd,2026-08-01,1,3,no_position_no_time,0.08036568
4,9112fca23eb5bc68,2026-08-01,0,3,no_position_no_time,0.05458265
4,916b8c710bdd891c,2026-08-01,0,3,no_position_no_time,0.066567264
4,918cb30b4cbccc84,2026-08-01,0,3,no_position_no_time,0.13639449
4,919e7c8ad9d5ac72,2026-08-01,0,5,no_position_no_time,0.059511635
4,91cbf400d6e519c2,2026-08-01,0,1,no_position_no_time,0.074245885
4,920cfd9bee089be8,2026-08-01,0,3,no_position_no_time,0.093340516
4,9253cd68c309dab8,2026-08-01,0,2,no_position_no_time,0.083348796
4,9272946d6feaed66,2026-08-01,0,4,no_position_no_time,0.07343203
4,92abbcfa0e8bb475,2026-08-01,0,3,no_position_no_time,0.081421286
4,92c84d0294e1ecc6,2026-08-01,0,2,no_position_no_time,0.07593304
4,92f218727f9de666,2026-08-01,0,3,no_position_no_time,0.10945451
4,931fa44cbf6c1ece,2026-08-01,0,3,no_position_no_time,0.090919904
4,9383ec009bc10aeb,2026-08-01,1,2,no_position_no_time,0.08644716
4,938d51db54858d27,2026-08-01,0,2,no_position_no_time,0.08389209
4,939492d08283da2e,2026-08-01,0,1,no_position_no_time,0.08933167
4,93c249c09a7896cf,2026-08-01,0,1,no_position_no_time,0.09972726
4,93d7293e0590c4f4,2026-08-01,0,4,no_position_no_time,0.06362261
4,93f9a4ae92017ea2,2026-08-01,0,1,no_position_no_time,0.1062009
4,941f566807f18216,2026-08-01,0,2,no_position_no_time,0.0816035
4,943d9d92a7e4e9f3,2026-08-01,0,1,no_position_no_time,0.13483475
4,94486c079b0771cf,2026-08-01,1,4,no_position_no_time,0.089507475
4,944dccbe6592c629,2026-08-01,0,5,no_position_no_time,0.058513
4,94b099a9836dd4d6,2026-08-01,1,4,no_position_no_time,0.08676323
4,94ed3381566d370d,2026-08-01,0,2,no_position_no_time,0.09334649
4,953c10dcb7a67a8c,2026-08-01,0,1,no_position_no_time,0.10419562
4,956e59be6fa7f49c,2026-08-01,0,4,no_position_no_time,0.11249466
4,95932b3db2a689d2,2026-08-01,0,3,no_position_no_time,0.058095105
4,95b7efe3ca87a33a,2026-08-01,0,2,no_position_no_time,0.09623941
4,95e3d2f677d02626,2026-08-01,0,4,no_position_no_time,0.09239254
4,9613fe1d9ac3261a,2026-08-01,1,3,no_position_no_time,0.15628287
4,962fe682ddf911f8,2026-08-01,0,3,no_position_no_time,0.13587494
4,968e58bb88ff566f,2026-08-01,0,5,no_position_no_time,0.20191123
4,96b2ee4d8fabb57c,2026-08-01,1,2,no_position_no_time,0.08172056
4,96dd5412849f3696,2026-08-01,0,2,no_position_no_time,0.09975609
4,9714090ba47c5436,2026-08-01,0,1,no_position_no_time,0.070456035
4,9749298422c796d6,2026-08-01,0,2,no_position_no_time,0.11296525
4,9762037fa4e72aef,2026-08-01,0,3,no_position_no_time,0.09011344
4,976859b1cb2d3f64,2026-08-01,0,4,no_position_no_time,0.12477158
4,97804ad045edc8ff,2026-08-01,0,5,no_position_no_time,0.078463145
4,978fa93a83cea01d,2026-08-01,0,1,no_position_no_time,0.1042396
4,9799ee5b58ed6bf5,2026-08-01,1,3,no_position_no_time,0.061594825
4,97b288d045215feb,2026-08-01,0,5,no_position_no_time,0.13292783
4,97fd8c4c5196388b,2026-08-01,0,4,no_position_no_time,0.061268196
4,981166601623cc37,2026-08-01,1,5,no_position_no_time,0.15094124
4,982a066e113f7f72,2026-08-01,0,2,no_position_no_time,0.108135134
4,9867cef03d487dca,2026-08-01,0,3,no_position_no_time,0.109294124
4,9894e83ab4b73b67,2026-08-01,0,3,no_position_no_time,0.101854384
4,98b11622296e6e17,2026-08-01,0,2,no_position_no_time,0.08920528
4,98b8ca23b73c72a9,2026-08-01,0,1,no_position_no_time,0.09836171
4,98c157400d4c5891,2026-08-01,0,4,no_position_no_time,0.09338849
4,98cacbb4c9a8ec51,2026-08-01,1,3,no_position_no_time,0.07457874
4,98d506d12129a339,2026-08-01,0,4,no_position_no_time,0.118084356
4,990453d743d2ed28,2026-08-01,0,1,no_position_no_time,0.08549705
4,991a1bbdd9bd65f3,2026-08-01,0,5,no_position_no_time,0.07727618
4,992dc662ab531ac2,2026-08-01,0,1,no_position_no_time,0.106744274
4,996dd2149140bd07,2026-08-01,0,5,no_position_no_time,0.07759832
4,99d466be68603d4e,2026-08-01,0,3,no_position_no_time,0.07595462
4,9a0b397a87a61d69,2026-08-01,0,3,no_position_no_time,0.07015972
4,9a585978f11481cd,2026-08-01,0,4,no_position_no_time,0.099507034
4,9a63b9d62cb91eb7,2026-08-01,0,4,no_position_no_time,0.09868501
4,9a7710087596cf1d,2026-08-01,0,2,no_position_no_time,0.08010818
4,9a8b173edf75d99d,2026-08-01,0,1,no_position_no_time,0.06849032
4,9aba73e5a29bb346,2026-08-01,0,2,no_position_no_time,0.09789276
4,9b0c3fe2788bce95,2026-08-01,0,1,no_position_no_time,0.13335083
4,9b10fdd35bdd2452,2026-08-01,0,3,no_position_no_time,0.09174182
4,9b2a62b605573f61,2026-08-01,0,3,no_position_no_time,0.064994834
4,9b5627d0f1dca7b1,2026-08-01,0,4,no_position_no_time,0.0809713
4,9b57e0a935469a91,2026-08-01,0,3,no_position_no_time,0.06885192
4,9bb31ea5bbe981e9,2026-08-01,0,4,no_position_no_time,0.073913954
4,9bdd28bf4665eb06,2026-08-01,0,3,no_position_no_time,0.054047346
4,9c31b46d9d2d214a,2026-08-01,0,4,no_position_no_time,0.13609937
4,9c6dd133222b3b38,2026-08-01,0,1,no_position_no_time,0.10851097
4,9c72763e7aa91216,2026-08-01,0,5,no_position_no_time,0.06498323
4,9cb7c2b4daddd4c5,2026-08-01,0,3,no_position_no_time,0.066721156
4,9cbab3166f5585a6,2026-08-01,0,4,no_position_no_time,0.10964733
4,9ce4d30b3a52fe0a,2026-08-01,0,2,no_position_no_time,0.08850491
4,9cf3e6bd7fe69f55,2026-08-01,1,3,no_position_no_time,0.08394906
4,9d2ae48aae2545a6,2026-08-01,0,1,no_position_no_time,0.06690071
4,9d3d6efa278207fa,2026-08-01,0,2,no_position_no_time,0.08688628
4,9d485642c0f55c3f,2026-08-01,0,2,no_position_no_time,0.08631227
4,9d4f60e1c28816b3,2026-08-01,0,4,no_position_no_time,0.087471746
4,9d66ea67e2365932,2026-08-01,0,3,no_position_no_time,0.059948836
4,9d6c61e96a5f401a,2026-08-01,0,1,no_position_no_time,0.06614718
4,9d973612c633b65b,2026-08-01,0,5,no_position_no_time,0.08143912
4,9dd1b6d02c4d71a1,2026-08-01,0,5,no_position_no_time,0.097257376
4,9dd94e9b5ba9471d,2026-08-01,0,5,no_position_no_time,0.10582407
4,9de41d47198fec3e,2026-08-01,0,4,no_position_no_time,0.087004274
4,9de8e95d85a556f4,2026-08-01,0,1,no_position_no_time,0.10075249
4,9e29e218c44c16ea,2026-08-01,1,3,no_position_no_time,0.09325916
4,9e3e164cbedb46cd,2026-08-01,0,5,no_position_no_time,0.070366256
4,9e906e8f11f30903,2026-08-01,0,5,no_position_no_time,0.10814762
4,9ed8a571e604eb1d,2026-08-01,0,1,no_position_no_time,0.08422635
4,9f2d9fe440f4b138,2026-08-01,0,5,no_position_no_time,0.108585164
4,9f4eaea6fa546273,2026-08-01,0,3,no_position_no_time,0.06306124
4,9f676a1537c647eb,2026-08-01,0,4,no_position_no_time,0.10847287
4,9f93028d10da3abf,2026-08-01,0,5,no_position_no_time,0.0916302
4,9fb17e00732e2a27,2026-08-01,0,4,no_position_no_time,0.1251482
4,9fb2ccc201cea937,2026-08-01,0,3,no_position_no_time,0.08173598
4,9fc43208409944c1,2026-08-01,0,5,no_position_no_time,0.073288485
4,a00af053587b596e,2026-08-01,0,2,no_position_no_time,0.08817105
4,a01218af02658ae4,2026-08-01,0,4,no_position_no_time,0.057628877
4,a01effa35c5e96af,2026-08-01,0,3,no_position_no_time,0.07034885
4,a045bb22b2b4ab9c,2026-08-01,1,5,no_position_no_time,0.1301667
4,a049859ded77fe2d,2026-08-01,0,3,no_position_no_time,0.10010761
4,a0531934fad535f5,2026-08-01,0,3,no_position_no_time,0.079803914
4,a0a31ea3717839ac,2026-08-01,0,3,no_position_no_time,0.07003068
4,a0ced649da12b430,2026-08-01,0,5,no_position_no_time,0.15368313
4,a0fbc352ad05af30,2026-08-01,0,2,no_position_no_time,0.07905624
4,a132f7a1517f008e,2026-08-01,0,5,no_position_no_time,0.06408383
4,a149305d8d092873,2026-08-01,0,4,no_position_no_time,0.08307893
4,a174500b794f1739,2026-08-01,0,2,no_position_no_time,0.08176145
4,a18f933d9085b720,2026-08-01,0,3,no_position_no_time,0.06331456
4,a19f8b5d6883aed8,2026-08-01,0,1,no_position_no_time,0.071579255
4,a1abd6b053382c4f,2026-08-01,0,2,no_position_no_time,0.080261655
4,a1aeebc6fcf421e3,2026-08-01,1,1,no_position_no_time,0.079178646
4,a1e4ae343f57c5cb,2026-08-01,0,5,no_position_no_time,0.06882867
4,a273a4a4f870f3f0,2026-08-01,0,3,no_position_no_time,0.071924105
4,a3255fa9446b2c7c,2026-08-01,0,2,no_position_no_time,0.0897023
4,a3328819efa10045,2026-08-01,0,5,no_position_no_time,0.09308402
4,a3594f2a9115e74b,2026-08-01,0,3,no_position_no_time,0.07069676
4,a391ae6f537e59c5,2026-08-01,0,1,no_position_no_time,0.08196572
4,a3a54074b22b32b8,2026-08-01,0,2,no_position_no_time,0.08491138
4,a40f4c52191b3b4c,2026-08-01,1,5,no_position_no_time,0.09608923
4,a410d4be4af9ecba,2026-08-01,0,3,no_position_no_time,0.12331618
4,a443b48021de9cd7,2026-08-01,0,1,no_position_no_time,0.1006767
4,a456c8f833452899,2026-08-01,0,1,no_position_no_time,0.08311351
4,a4676d2df89d1385,2026-08-01,0,3,no_position_no_time,0.099009186
4,a47e6d0778841d2c,2026-08-01,0,2,no_position_no_time,0.089336425
4,a4b26010eaccfeef,2026-08-01,1,2,no_position_no_time,0.072846875
4,a4f1fd62f550d685,2026-08-01,1,2,no_position_no_time,0.09114817
4,a50a04fd37259122,2026-08-01,0,5,no_position_no_time,0.11917492
4,a512332610c7f178,2026-08-01,0,1,no_position_no_time,0.100516155
4,a51ce159b0f1d240,2026-08-01,0,3,no_position_no_time,0.20224668
4,a54b4eea240962d4,2026-08-01,0,3,no_position_no_time,0.08276376
4,a597a40dcd6cfa6e,2026-08-01,0,1,no_position_no_time,0.15074068
4,a5b6d77905227331,2026-08-01,0,1,no_position_no_time,0.08404065
4,a5deab790fe36b7b,2026-08-01,0,1,no_position_no_time,0.10319279
4,a600bcca58dc3fce,2026-08-01,0,3,no_position_no_time,0.073233336
4,a613023642915a03,2026-08-01,0,2,no_position_no_time,0.085014865
4,a65f0fa4c504ac30,2026-08-01,0,5,no_position_no_time,0.110523604
4,a6b14b07c97a0ab2,2026-08-01,0,3,no_position_no_time,0.0814472
4,a6b7cdb853ce1a71,2026-08-01,0,3,no_position_no_time,0.06986655
4,a6c58bc78c6d39bf,2026-08-01,0,5,no_position_no_time,0.10568843
4,a6c78a93fa571942,2026-08-01,0,2,no_position_no_time,0.07080769
4,a6d4e51e0bb96f5a,2026-08-01,1,5,no_position_no_time,0.08832732
4,a6e2e4836400c3ba,2026-08-01,0,1,no_position_no_time,0.066413864
4,a6e9325ae8489c81,2026-08-01,0,2,no_position_no_time,0.07440538
4,a6ead350c7dc447f,2026-08-01,0,3,no_position_no_time,0.08048883
4,a6f0e7267d6a0202,2026-08-01,1,4,no_position_no_time,0.083839245
4,a6fbba83dfc57a5c,2026-08-01,0,3,no_position_no_time,0.08930388
4,a6fd72ae74da7956,2026-08-01,0,5,no_position_no_time,0.08361165
4,a70ad0c617472928,2026-08-01,0,3,no_position_no_time,0.10325055
4,a70ededb57b80d31,2026-08-01,0,2,no_position_no_time,0.14132309
4,a71521852cd5612c,2026-08-01,0,4,no_position_no_time,0.0705237
4,a7259705931cbc32,2026-08-01,1,4,no_position_no_time,0.09904313
4,a73c6a22b2d38466,2026-08-01,0,1,no_position_no_time,0.07007223
4,a76d72bb319bff8e,2026-08-01,1,2,no_position_no_time,0.08541714
4,a7a2fb0568e27dde,2026-08-01,0,3,no_position_no_time,0.072971314
4,a82d02910822ec45,2026-08-01,0,4,no_position_no_time,0.09649074
4,a84127e69e03cc9b,2026-08-01,0,4,no_position_no_time,0.10569164
4,a8471410b68777f9,2026-08-01,0,4,no_position_no_time,0.15150478
4,a8634870630fd1e8,2026-08-01,1,5,no_position_no_time,0.10511189
4,a86bf0f193bd03b9,2026-08-01,0,5,no_position_no_time,0.07979744
4,a8912e1d9fc04444,2026-08-01,0,3,no_position_no_time,0.095598765
4,a891ff47970495d6,2026-08-01,0,2,no_position_no_time,0.08416853
4,a8b4920be38b35f0,2026-08-01,0,4,no_position_no_time,0.080052234
4,a8c0162bd035d7d9,2026-08-01,1,2,no_position_no_time,0.08592679
4,a8e150eb2ea766f0,2026-08-01,0,3,no_position_no_time,0.0831443
4,a8eb1f130e1c0516,2026-08-01,1,4,no_position_no_time,0.08205109
4,a8f501b9e13cbf6f,2026-08-01,0,2,no_position_no_time,0.12082585
4,a8fbdc207572ccd8,2026-08-01,0,2,no_position_no_time,0.075673066
4,a8fdaa45fe427962,2026-08-01,0,3,no_position_no_time,0.07446142
4,a946ef79a2012b39,2026-08-01,0,5,no_position_no_time,0.09164691
4,a94a8e317c32b561,2026-08-01,0,2,no_position_no_time,0.1276035
4,a953f6a94675d6ea,2026-08-01,0,1,no_position_no_time,0.108806714
4,a9a33fcb622c63aa,2026-08-01,0,3,no_position_no_time,0.11328755
4,a9fd9c7c96769b2d,2026-08-01,1,2,no_position_no_time,0.09362871
4,aa5051676dfb48de,2026-08-01,0,5,no_position_no_time,0.12703599
4,aa5696d6b1c9db3b,2026-08-01,0,1,no_position_no_time,0.06268205
4,aa75ed83333065cd,2026-08-01,0,4,no_position_no_time,0.109740265
4,aa7ff3ab7c8d7ae2,2026-08-01,0,5,no_position_no_time,0.0623923
4,aa8b631cf2a935ee,2026-08-01,0,5,no_position_no_time,0.0772803
4,aaab6ede8007989d,2026-08-01,0,1,no_position_no_time,0.09124137
4,aac8ce9de70068e3,2026-08-01,0,3,no_position_no_time,0.070791855
4,ab0b5e1a12f4a39f,2026-08-01,0,3,no_position_no_time,0.07313094
4,ab42e5ee286d6960,2026-08-01,0,4,no_position_no_time,0.1172701
4,ab48d867d85c466b,2026-08-01,0,1,no_position_no_time,0.0751954
4,ab5e1c70497d0666,2026-08-01,0,1,no_position_no_time,0.07603249
4,ab6ebd81feea3eda,2026-08-01,0,2,no_position_no_time,0.091161355
4,abb3fdd22bffdc76,2026-08-01,0,2,no_position_no_time,0.075188786
4,abcb6dd914d434d9,2026-08-01,0,2,no_position_no_time,0.07419514
4,abfa75c8e3169490,2026-08-01,0,3,no_position_no_time,0.06663253
4,ac452d189b94a20f,2026-08-01,0,3,no_position_no_time,0.06003231
4,ac65efd990e917dc,2026-08-01,0,5,no_position_no_time,0.098057896
4,acb96229236ff34e,2026-08-01,0,5,no_position_no_time,0.07172469
4,acd8b5b07fe57dc6,2026-08-01,0,5,no_position_no_time,0.084887795
4,ace112ad0b162c9a,2026-08-01,0,2,no_position_no_time,0.10962447
4,ad45516ca7bf47ab,2026-08-01,0,4,no_position_no_time,0.1086497
4,ad5e32b1022b3324,2026-08-01,0,5,no_position_no_time,0.124539115
4,ad626fa134817999,2026-08-01,0,4,no_position_no_time,0.07833655
4,ad8ee1962576d035,2026-08-01,0,2,no_position_no_time,0.0834005
4,ada4f040a93e0bbd,2026-08-01,0,4,no_position_no_time,0.06505973
4,adaf4dabb6b9e1cf,2026-08-01,0,5,no_position_no_time,0.07395733
4,adcadfc87646985f,2026-08-01,1,3,no_position_no_time,0.07590681
4,adefe8d69b8eed84,2026-08-01,0,2,no_position_no_time,0.07442297
4,ae263e5111eed81a,2026-08-01,0,2,no_position_no_time,0.1167102
4,ae2c0f02beb2ff2a,2026-08-01,0,3,no_position_no_time,0.09570742
4,ae36ced4b926382a,2026-08-01,0,4,no_position_no_time,0.10365316
4,ae406847b4b5e539,2026-08-01,0,5,no_position_no_time,0.094267555
4,ae6a668b0840e1e0,2026-08-01,0,3,no_position_no_time,0.100743055
4,ae97544a2f0b3beb,2026-08-01,0,4,no_position_no_time,0.124666035
4,aeb845976b7605b6,2026-08-01,0,5,no_position_no_time,0.074556254
4,aec04322c586b3d2,2026-08-01,0,2,no_position_no_time,0.09155043
4,aee83b2c2e34c3f5,2026-08-01,0,4,no_position_no_time,0.09432946
4,af301b05f28b9e22,2026-08-01,0,3,no_position_no_time,0.06245222
4,af45d16cab179382,2026-08-01,0,4,no_position_no_time,0.059383202
4,af62c8811ae95a69,2026-08-01,0,5,no_position_no_time,0.076381676
4,b04e64fe2ad2c18f,2026-08-01,0,3,no_position_no_time,0.084103204
4,b086128a410e88e2,2026-08-01,0,3,no_position_no_time,0.07409242
4,b08bcbe41de0e1cd,2026-08-01,0,2,no_position_no_time,0.09727962
4,b0f3761555efc0fe,2026-08-01,0,4,no_position_no_time,0.11261671
4,b112d5392d2316d2,2026-08-01,0,3,no_position_no_time,0.076760665
4,b11687e6c1004b44,2026-08-01,0,2,no_position_no_time,0.07893247
4,b11ebfabd1444295,2026-08-01,0,3,no_position_no_time,0.09880001
4,b14caf094e4a87ab,2026-08-01,0,3,no_position_no_time,0.10689031
4,b165cba4a33c7d88,2026-08-01,0,2,no_position_no_time,0.10262174
4,b1811001856731f1,2026-08-01,0,1,no_position_no_time,0.08050072
4,b1880996df8ef290,2026-08-01,0,2,no_position_no_time,0.0922024
4,b198765aa5ee29ee,2026-08-01,0,4,no_position_no_time,0.09340515
4,b1b1130d49ead01d,2026-08-01,0,3,no_position_no_time,0.08451622
4,b1b94c94859b7f07,2026-08-01,0,4,no_position_no_time,0.077258185
4,b1cf02c01df2aacb,2026-08-01,0,3,no_position_no_time,0.06290454
4,b21755cc46cffafd,2026-08-01,0,4,no_position_no_time,0.08436474
4,b2336129f07661c6,2026-08-01,0,4,no_position_no_time,0.06476178
4,b276bf1266e26004,2026-08-01,0,3,no_position_no_time,0.09188576
4,b282a9e3baf70b58,2026-08-01,0,1,no_position_no_time,0.09582592
4,b2ae5c6caf7d1102,2026-08-01,0,4,no_position_no_time,0.07727802
4,b2dd0b716f6e15e9,2026-08-01,0,4,no_position_no_time,0.08969344
4,b2faae47f4a89dbd,2026-08-01,1,1,no_position_no_time,0.064455494
4,b31164036d6009b7,2026-08-01,0,3,no_position_no_time,0.064953685
4,b324ffe27da08d57,2026-08-01,0,1,no_position_no_time,0.077193394
4,b3283e6cb13b7890,2026-08-01,0,4,no_position_no_time,0.057532035
4,b361229c0b23820c,2026-08-01,0,1,no_position_no_time,0.09880273
4,b396bd5e40298150,2026-08-01,0,2,no_position_no_time,0.11590033
4,b3c3ca453d650c27,2026-08-01,1,5,no_position_no_time,0.07079444
4,b45281366e799c1f,2026-08-01,0,1,no_position_no_time,0.05327454
4,b45f8dc4094299d1,2026-08-01,0,2,no_position_no_time,0.07624835
4,b4893f772a10de97,2026-08-01,0,1,no_position_no_time,0.09798129
4,b49193590a28d465,2026-08-01,0,3,no_position_no_time,0.07082061
4,b49309930b858fff,2026-08-01,1,1,no_position_no_time,0.0810662
4,b4991e2648293455,2026-08-01,0,5,no_position_no_time,0.1262238
4,b4c1e9c0fd311497,2026-08-01,0,1,no_position_no_time,0.07926784
4,b4fdd45d366ce954,2026-08-01,0,1,no_position_no_time,0.07935185
4,b51731091c706fc1,2026-08-01,0,5,no_position_no_time,0.10235484
4,b535b1bbb88f52a8,2026-08-01,0,5,no_position_no_time,0.080581814
4,b5627e5b4ec119a0,2026-08-01,0,4,no_position_no_time,0.07816611
4,b571aa37b3e9bcf1,2026-08-01,0,3,no_position_no_time,0.071627975
4,b58bfc87c61735eb,2026-08-01,0,5,no_position_no_time,0.10756881
4,b5abb47ea392ce15,2026-08-01,0,1,no_position_no_time,0.11443225
4,b5b006c4381cde39,2026-08-01,0,1,no_position_no_time,0.10519554
4,b66617a050c0bae1,2026-08-01,0,4,no_position_no_time,0.07936789
4,b666f41372f648b2,2026-08-01,0,5,no_position_no_time,0.11963812
4,b6858778cb7cd6a4,2026-08-01,0,5,no_position_no_time,0.0685201
4,b685f210b2306490,2026-08-01,0,5,no_position_no_time,0.1781004
4,b68e2d3cdd578842,2026-08-01,0,1,no_position_no_time,0.072511725
4,b6e02b699dd99222,2026-08-01,0,4,no_position_no_time,0.10104775
4,b70347c8dcec1e1a,2026-08-01,0,4,no_position_no_time,0.0932152
4,b722f1d1041fc5ab,2026-08-01,0,3,no_position_no_time,0.06742432
4,b7428f56a5b56290,2026-08-01,0,1,no_position_no_time,0.09160311
4,b79b78e5e7743556,2026-08-01,0,1,no_position_no_time,0.07993854
4,b7bbf916a592ee6f,2026-08-01,0,4,no_position_no_time,0.11623516
4,b7d476ddf329e9e5,2026-08-01,0,4,no_position_no_time,0.11086993
4,b7dfc5324ea32e2c,2026-08-01,0,4,no_position_no_time,0.08052176
4,b7fbbf29ef195c5d,2026-08-01,0,1,no_position_no_time,0.07753538
4,b82b86219e0533f6,2026-08-01,0,3,no_position_no_time,0.06467496
4,b83cb2c878f47439,2026-08-01,0,5,no_position_no_time,0.10374734
4,b862be0f89e13b8a,2026-08-01,0,3,no_position_no_time,0.074648425
4,b877c042dfa2d89d,2026-08-01,0,5,no_position_no_time,0.10124348
4,b87942f2aac9cb77,2026-08-01,0,2,no_position_no_time,0.104614496
4,b8c3e850e878ce8f,2026-08-01,0,2,no_position_no_time,0.0796873
4,b8f1496ffa236892,2026-08-01,0,4,no_position_no_time,0.16489694
4,b9225ac1891f9867,2026-08-01,0,3,no_position_no_time,0.06845175
4,b92bc832ea94e9fd,2026-08-01,0,4,no_position_no_time,0.059734605
4,b94b2797cbe715af,2026-08-01,0,4,no_position_no_time,0.0869847
4,b96928c8ce213676,2026-08-01,0,2,no_position_no_time,0.06843222
4,b97b9f6fc70c5fc1,2026-08-01,0,5,no_position_no_time,0.09114042
4,b984a1401d698b91,2026-08-01,0,5,no_position_no_time,0.10898088
4,b99def919028b441,2026-08-01,0,5,no_position_no_time,0.118416205
4,b9c45d57a08166c7,2026-08-01,0,1,no_position_no_time,0.081727214
4,b9da39719a4e4eea,2026-08-01,0,3,no_position_no_time,0.09203105
4,b9ef24b5896c16c7,2026-08-01,0,1,no_position_no_time,0.076852515
4,ba2fde02d5cfacc7,2026-08-01,1,5,no_position_no_time,0.08052001
4,ba4e6dfaea6e9f73,2026-08-01,0,3,no_position_no_time,0.06375667
4,ba9d254619d8918a,2026-08-01,0,3,no_position_no_time,0.07515691
4,badc8fc43a14b6f6,2026-08-01,0,3,no_position_no_time,0.0668435
4,baf8704dfb0a1b00,2026-08-01,0,1,no_position_no_time,0.07039719
4,bb451f31f183bb4a,2026-08-01,0,2,no_position_no_time,0.16647312
4,bb6e5845aeb2abda,2026-08-01,0,2,no_position_no_time,0.09078056
4,bc1fbef903c0b14a,2026-08-01,0,5,no_position_no_time,0.10597047
4,bc1fda494674a875,2026-08-01,0,4,no_position_no_time,0.09905962
4,bc3157d51e4e8913,2026-08-01,0,4,no_position_no_time,0.13077383
4,bc37eb866d94ee87,2026-08-01,0,1,no_position_no_time,0.09616055
4,bc3a38409268faa8,2026-08-01,0,5,no_position_no_time,0.118105866
4,bc5e989bd022b767,2026-08-01,0,5,no_position_no_time,0.09565707
4,bc858a89924b9fe7,2026-08-01,0,1,no_position_no_time,0.12303009
4,bcb07c6e496d7460,2026-08-01,0,2,no_position_no_time,0.096107535
4,bcb4ec2cca68f16d,2026-08-01,0,4,no_position_no_time,0.08490116
4,bce1fab7f0a68595,2026-08-01,0,3,no_position_no_time,0.09202649
4,bd06b08f6506e426,2026-08-01,0,2,no_position_no_time,0.09000706
4,bd2bf1b29a20b0a2,2026-08-01,0,3,no_position_no_time,0.08669619
4,bd2dec3159845bd7,2026-08-01,0,4,no_position_no_time,0.06438432
4,bd7bc48eda406aec,2026-08-01,0,3,no_position_no_time,0.09974569
4,bda105c8c0e0e0e3,2026-08-01,0,3,no_position_no_time,0.078029685
4,bdc14ff855e89e60,2026-08-01,0,4,no_position_no_time,0.09536362
4,bdc24cf6f001c0f2,2026-08-01,0,1,no_position_no_time,0.14887479
4,bdeda4f6ebbb6742,2026-08-01,0,2,no_position_no_time,0.110622525
4,be28e437789be0f9,2026-08-01,0,4,no_position_no_time,0.09422311
4,be56d5c50294aadc,2026-08-01,0,2,no_position_no_time,0.07763826
4,be85748ddae95cd4,2026-08-01,0,5,no_position_no_time,0.08208523
4,be8be3862c1d7550,2026-08-01,0,1,no_position_no_time,0.11769314
4,be91c2133f4d6466,2026-08-01,0,2,no_position_no_time,0.089947045
4,be982b7e591bf144,2026-08-01,0,5,no_position_no_time,0.07454477
4,be9d548515429f16,2026-08-01,0,4,no_position_no_time,0.07054301
4,bf029f5f3f99087b,2026-08-01,0,4,no_position_no_time,0.094247736
4,bf1631266cab4741,2026-08-01,0,3,no_position_no_time,0.06267052
4,bf3007eafdd62930,2026-08-01,0,1,no_position_no_time,0.26041144
4,bf71eb07b34699e9,2026-08-01,0,3,no_position_no_time,0.09152836
4,bf97126326c6ee4e,2026-08-01,0,1,no_position_no_time,0.066801384
4,bfce5720d82d5baf,2026-08-01,0,2,no_position_no_time,0.11138435
4,bfec649b93be998d,2026-08-01,0,1,no_position_no_time,0.11374426
4,bfedef7e1b000e9e,2026-08-01,0,3,no_position_no_time,0.06123673
4,c0115dbb71e47552,2026-08-01,0,2,no_position_no_time,0.10559231
4,c01ac3b6707c9b00,2026-08-01,0,3,no_position_no_time,0.13921307
4,c027447c53888f90,2026-08-01,0,5,no_position_no_time,0.08647573
4,c03d0540ec589961,2026-08-01,0,4,no_position_no_time,0.083072945
4,c04ca0f39aebd980,2026-08-01,1,1,no_position_no_time,0.09155221
4,c0619d05b47270a8,2026-08-01,1,5,no_position_no_time,0.0520786
4,c07b7396a15a443b,2026-08-01,0,3,no_position_no_time,0.08168001
4,c099ca0086a8ebd4,2026-08-01,0,2,no_position_no_time,0.098196186
4,c0abe7ecb5264d24,2026-08-01,1,3,no_position_no_time,0.095204785
4,c0c4dfb458dfbaf2,2026-08-01,0,2,no_position_no_time,0.0759726
4,c0da726720dd0bc5,2026-08-01,0,4,no_position_no_time,0.09319212
4,c0e901ee0a8d47ef,2026-08-01,0,1,no_position_no_time,0.06826963
4,c1068f6b0e4efbed,2026-08-01,0,5,no_position_no_time,0.14189038
4,c14766eca9642fcd,2026-08-01,0,2,no_position_no_time,0.10413387
4,c199f9402f5d6412,2026-08-01,0,2,no_position_no_time,0.09348166
4,c1a5ff1926639e81,2026-08-01,0,1,no_position_no_time,0.08041369
4,c1daff55ee4ef9a6,2026-08-01,0,3,no_position_no_time,0.06817899
4,c1e109e1933ee23c,2026-08-01,0,3,no_position_no_time,0.08121436
4,c1f552fd67eed838,2026-08-01,0,5,no_position_no_time,0.08105066
4,c1f8acf0d88fef3e,2026-08-01,0,5,no_position_no_time,0.08218275
4,c20df2705d681ea7,2026-08-01,1,3,no_position_no_time,0.093762204
4,c2762eaab85668b7,2026-08-01,0,3,no_position_no_time,0.12794535
4,c29a362ccf68b81e,2026-08-01,0,1,no_position_no_time,0.0952822
4,c2b635417d6858be,2026-08-01,0,2,no_position_no_time,0.08206258
4,c2b72875aad991d2,2026-08-01,0,1,no_position_no_time,0.082452744
4,c31cb4f6772836ac,2026-08-01,0,1,no_position_no_time,0.07722846
4,c3658d9206e0d605,2026-08-01,0,4,no_position_no_time,0.076175064
4,c3853be6eccaae99,2026-08-01,0,1,no_position_no_time,0.1099104
4,c3c080e92e0c929e,2026-08-01,0,5,no_position_no_time,0.106877975
4,c3c9c4009535eecb,2026-08-01,0,1,no_position_no_time,0.09664387
4,c48dc3ed01f8eee1,2026-08-01,0,4,no_position_no_time,0.080663115
4,c49f24622f9c7fa2,2026-08-01,0,1,no_position_no_time,0.09798058
4,c4b70e4ce7a2532f,2026-08-01,0,5,no_position_no_time,0.15297526
4,c4e6ec4b2cd30782,2026-08-01,0,3,no_position_no_time,0.07154412
4,c4f6c69c78ad02fa,2026-08-01,0,5,no_position_no_time,0.09439832
4,c5047c973f9bf029,2026-08-01,0,1,no_position_no_time,0.075150914
4,c52e6793ce4c0253,2026-08-01,1,1,no_position_no_time,0.13624458
4,c53b8511a98c7eea,2026-08-01,0,5,no_position_no_time,0.077748835
4,c560e7676b660767,2026-08-01,0,5,no_position_no_time,0.06886577
4,c56913660bc2b848,2026-08-01,0,2,no_position_no_time,0.093005806
4,c573023ca9925363,2026-08-01,0,5,no_position_no_time,0.073802896
4,c57b24dda884d24a,2026-08-01,0,1,no_position_no_time,0.07911199
4,c5b180139f28f054,2026-08-01,0,2,no_position_no_time,0.09372216
4,c5b567928596e916,2026-08-01,0,2,no_position_no_time,0.08097476
4,c5d33e1f439eee28,2026-08-01,0,1,no_position_no_time,0.10370141
4,c5dddeb6b8f8237b,2026-08-01,0,1,no_position_no_time,0.12152962
4,c5e7af5d7e336b8e,2026-08-01,0,3,no_position_no_time,0.08309885
4,c64b9a4e5190981c,2026-08-01,0,5,no_position_no_time,0.09778084
4,c65957c9f79c970c,2026-08-01,1,5,no_position_no_time,0.0903166
4,c65f1faaff859241,2026-08-01,1,3,no_position_no_time,0.07136332
4,c67f10b66fa72095,2026-08-01,0,4,no_position_no_time,0.086785495
4,c6d3fc853a74705f,2026-08-01,0,4,no_position_no_time,0.100548714
4,c72ac79e1928b6e7,2026-08-01,0,1,no_position_no_time,0.11143587
4,c735066c530fbd73,2026-08-01,0,3,no_position_no_time,0.09316067
4,c74dd95783542c4c,2026-08-01,0,5,no_position_no_time,0.08444884
4,c76926391f7bdb43,2026-08-01,1,5,no_position_no_time,0.12855354
4,c76c52c13f2c1b30,2026-08-01,1,2,no_position_no_time,0.09236691
4,c770e614657a0b83,2026-08-01,0,4,no_position_no_time,0.09716424
4,c79f761a7d8718c4,2026-08-01,0,1,no_position_no_time,0.0706705
4,c7a8f97b35650744,2026-08-01,0,5,no_position_no_time,0.08922286
4,c7d44eba991d3add,2026-08-01,0,4,no_position_no_time,0.082888156
4,c8332fcdaff4e08a,2026-08-01,0,1,no_position_no_time,0.07120039
4,c850353d0cbb541f,2026-08-01,0,5,no_position_no_time,0.10317119
4,c8801c59c0cf58b6,2026-08-01,0,3,no_position_no_time,0.08110807
4,c8857b9f5b3ab5d0,2026-08-01,0,5,no_position_no_time,0.14183405
4,c8aa3a229686455a,2026-08-01,0,2,no_position_no_time,0.09182758
4,c8fcafef35131e58,2026-08-01,0,1,no_position_no_time,0.10456538
4,c92428f6bde4e2ea,2026-08-01,0,3,no_position_no_time,0.08747597
4,c948f726ff92f236,2026-08-01,0,5,no_position_no_time,0.081525095
4,c950f35b6d5a9523,2026-08-01,0,5,no_position_no_time,0.087854005
4,c9522ce3e103c0ff,2026-08-01,0,2,no_position_no_time,0.07593161
4,c957b10a1c773e1e,2026-08-01,0,1,no_position_no_time,0.14815581
4,c95983409d57fdce,2026-08-01,0,3,no_position_no_time,0.07441254
4,c9dc050c697542e8,2026-08-01,0,4,no_position_no_time,0.2093269
4,c9f6ccc85d72b92f,2026-08-01,0,1,no_position_no_time,0.10567322
4,ca4cde23a0d9060c,2026-08-01,0,5,no_position_no_time,0.09847347
4,ca7eb6145e273883,2026-08-01,0,2,no_position_no_time,0.0752315
4,ca8be0d8273a4efc,2026-08-01,0,5,no_position_no_time,0.06421222
4,caae72ebf3b61a24,2026-08-01,0,4,no_position_no_time,0.091844715
4,cabeaa95431ee8cc,2026-08-01,1,3,no_position_no_time,0.07379403
4,cac47640ff381bce,2026-08-01,0,5,no_position_no_time,0.062948346
4,cb80fb6216d8b72c,2026-08-01,0,1,no_position_no_time,0.055861734
4,cb941b7c0156e32c,2026-08-01,0,4,no_position_no_time,0.11287799
4,cb9c83f17be9d48c,2026-08-01,1,2,no_position_no_time,0.08626325
4,cba899723e09571b,2026-08-01,0,4,no_position_no_time,0.10153562
4,cbcb208ca3a306d4,2026-08-01,0,5,no_position_no_time,0.059265193
4,cbe2a07cd4433418,2026-08-01,0,2,no_position_no_time,0.08808616
4,cc00cfa3a8f1b17f,2026-08-01,0,3,no_position_no_time,0.11312744
4,cc061b4f3a0227c2,2026-08-01,0,5,no_position_no_time,0.06999611
4,cc0c932ba11d19c2,2026-08-01,0,1,no_position_no_time,0.12028787
4,cc1aa53fd3404aec,2026-08-01,0,5,no_position_no_time,0.06856415
4,cc568a710c5ef02f,2026-08-01,0,5,no_position_no_time,0.088132665
4,cc63f612737e93c4,2026-08-01,0,1,no_position_no_time,0.08282885
4,cc790da071bbdd86,2026-08-01,0,3,no_position_no_time,0.09055407
4,cc958754ef8902ff,2026-08-01,0,5,no_position_no_time,0.062069144
4,cca72e62934345a4,2026-08-01,0,1,no_position_no_time,0.09244462
4,cca8e1c14a496aa9,2026-08-01,1,3,no_position_no_time,0.1044922
4,ccce003b49cd64c3,2026-08-01,0,3,no_position_no_time,0.05862498
4,cd9abadc41aad343,2026-08-01,0,3,no_position_no_time,0.085820004
4,cda32b0712db7e35,2026-08-01,0,3,no_position_no_time,0.117343195
4,cdad03d7fd7a4ef3,2026-08-01,0,3,no_position_no_time,0.09127613
4,cdc630c6923ded4f,2026-08-01,0,4,no_position_no_time,0.05688347
4,ce43ff42ef06173e,2026-08-01,1,4,no_position_no_time,0.1023244
4,ced81215708ad616,2026-08-01,0,4,no_position_no_time,0.09606232
4,cf00f72e694002fe,2026-08-01,0,5,no_position_no_time,0.08570933
4,cf2ca92d2d7ca2b0,2026-08-01,0,3,no_position_no_time,0.061373122
4,cf8ce9eb74c4a41b,2026-08-01,0,5,no_position_no_time,0.06922213
4,cf9ecbebddda97af,2026-08-01,0,2,no_position_no_time,0.10701132
4,cfa7a5e2d069b2f9,2026-08-01,0,1,no_position_no_time,0.09077633
4,cfceeff7e74b74b0,2026-08-01,0,5,no_position_no_time,0.0602224
4,cfcf50538f080c20,2026-08-01,0,2,no_position_no_time,0.08023973
4,cfe4d3284bbe8082,2026-08-01,0,3,no_position_no_time,0.07628854
4,d02aa162a3128d24,2026-08-01,0,1,no_position_no_time,0.06749827
4,d02e33686c0445e6,2026-08-01,0,3,no_position_no_time,0.095368944
4,d0430320ab5c8986,2026-08-01,0,3,no_position_no_time,0.12547413
4,d0648e3afe3e3288,2026-08-01,0,2,no_position_no_time,0.072027266
4,d08ce8370a1c1747,2026-08-01,0,4,no_position_no_time,0.069293916
4,d0a5b5da368eadb1,2026-08-01,0,2,no_position_no_time,0.0815196
4,d0eaf35afbd9a899,2026-08-01,0,4,no_position_no_time,0.07635124
4,d16e3f75be75c7ce,2026-08-01,0,4,no_position_no_time,0.0855696
4,d18db5e1de4b3a40,2026-08-01,0,3,no_position_no_time,0.07931592
4,d218fa2ea0b43fd1,2026-08-01,0,2,no_position_no_time,0.08636454
4,d21dc996424215a6,2026-08-01,0,3,no_position_no_time,0.10197892
4,d228ff53ec3e9c4d,2026-08-01,0,5,no_position_no_time,0.080594495
4,d2623565f9030aac,2026-08-01,0,5,no_position_no_time,0.08215221
4,d28841e8de5c5eed,2026-08-01,0,4,no_position_no_time,0.07013605
4,d28f25839231471b,2026-08-01,0,1,no_position_no_time,0.07285263
4,d2b51a74a52c06ee,2026-08-01,0,2,no_position_no_time,0.092807524
4,d2c083a0dcde111b,2026-08-01,0,2,no_position_no_time,0.11153706
4,d2dc4c29acf08840,2026-08-01,0,3,no_position_no_time,0.061931573
4,d31cd60330fea5ac,2026-08-01,1,4,no_position_no_time,0.07544534
4,d31f248a44370197,2026-08-01,0,2,no_position_no_time,0.07653924
4,d333cdc0313e995b,2026-08-01,0,3,no_position_no_time,0.08592893
4,d371bd69daebf379,2026-08-01,0,5,no_position_no_time,0.11736906
4,d3bb748a7504c008,2026-08-01,0,3,no_position_no_time,0.08951394
4,d3d7126776728071,2026-08-01,0,4,no_position_no_time,0.07658344
4,d41d05a700ca6446,2026-08-01,0,3,no_position_no_time,0.10162782
4,d41e754627067f96,2026-08-01,0,5,no_position_no_time,0.084563695
4,d4215b6d1dba6c14,2026-08-01,0,4,no_position_no_time,0.0660584
4,d42b1e98c85b63d2,2026-08-01,1,3,no_position_no_time,0.098866545
4,d42b75aef2ab65cf,2026-08-01,0,2,no_position_no_time,0.08530251
4,d42d85f020968d12,2026-08-01,0,4,no_position_no_time,0.121374145
4,d477f1ff4fa9dbea,2026-08-01,0,3,no_position_no_time,0.09051501
4,d4a0b1e07bcf3c57,2026-08-01,0,5,no_position_no_time,0.08644771
4,d4a630e8973ae835,2026-08-01,0,1,no_position_no_time,0.09789199
4,d4bd98cec9391fa5,2026-08-01,0,5,no_position_no_time,0.05384949
4,d4ce1a88cd087873,2026-08-01,0,5,no_position_no_time,0.080772765
4,d5009f1d5e529686,2026-08-01,0,5,no_position_no_time,0.10963845
4,d51a6bdb4fd1cd94,2026-08-01,1,4,no_position_no_time,0.07106997
4,d5497f544b415451,2026-08-01,0,1,no_position_no_time,0.073005535
4,d556e64c5e3e48cf,2026-08-01,0,5,no_position_no_time,0.10603375
4,d5584975a7e8fea4,2026-08-01,0,3,no_position_no_time,0.07874425
4,d56f715e7389d29a,2026-08-01,0,3,no_position_no_time,0.098703146
4,d571303f843c4c98,2026-08-01,1,3,no_position_no_time,0.09778382
4,d58ec5b975113032,2026-08-01,0,4,no_position_no_time,0.069449544
4,d591c052ffca95a9,2026-08-01,0,5,no_position_no_time,0.122068785
4,d5cec37aa8aeffa6,2026-08-01,0,5,no_position_no_time,0.1072799
4,d5fa0b1479cb2af9,2026-08-01,0,5,no_position_no_time,0.10835182
4,d64a0efc631d5191,2026-08-01,0,2,no_position_no_time,0.07893797
4,d658958b81bc5203,2026-08-01,0,4,no_position_no_time,0.05714234
4,d6cf77ed97399107,2026-08-01,0,5,no_position_no_time,0.09665609
4,d6d516f15539b6eb,2026-08-01,0,2,no_position_no_time,0.091657065
4,d6f05b420cf0f9ee,2026-08-01,0,5,no_position_no_time,0.07760634
4,d723a96eb913af50,2026-08-01,0,5,no_position_no_time,0.08997568
4,d730e2f50f15c96a,2026-08-01,1,2,no_position_no_time,0.09016997
4,d7318887ca1eac14,2026-08-01,0,2,no_position_no_time,0.09637254
4,d7332d2a6e939248,2026-08-01,0,3,no_position_no_time,0.07925245
4,d77aaa677cdc5ff7,2026-08-01,1,2,no_position_no_time,0.08014533
4,d7a3701864c7985d,2026-08-01,0,1,no_position_no_time,0.08927665
4,d7bff54502583aae,2026-08-01,0,2,no_position_no_time,0.07901792
4,d7c7cd083bb6e860,2026-08-01,0,2,no_position_no_time,0.08887331
4,d7d0b453ca3f0177,2026-08-01,0,3,no_position_no_time,0.0604613
4,d7da78394b1bcb61,2026-08-01,0,3,no_position_no_time,0.06573783
4,d7f828056e672fae,2026-08-01,0,1,no_position_no_time,0.08077352
4,d8406ea8410ae9c5,2026-08-01,0,4,no_position_no_time,0.06584734
4,d8550ebc8ffb74b6,2026-08-01,0,2,no_position_no_time,0.08749577
4,d88be0381d6a5029,2026-08-01,0,1,no_position_no_time,0.093069516
4,d8e08b321e6bb0e4,2026-08-01,0,5,no_position_no_time,0.13681895
4,d8e0ef8fb1b5c7f6,2026-08-01,0,5,no_position_no_time,0.074403
4,d92e6784849defdf,2026-08-01,1,2,no_position_no_time,0.07972747
4,d94ca5f975c98d29,2026-08-01,0,2,no_position_no_time,0.10317728
4,d97a3046c6cae238,2026-08-01,1,1,no_position_no_time,0.113276735
4,d98be62e52f5158b,2026-08-01,0,1,no_position_no_time,0.072715215
4,d9c99fed8fa2c209,2026-08-01,0,2,no_position_no_time,0.09741822
4,d9d339985dc10b57,2026-08-01,0,2,no_position_no_time,0.07540929
4,d9e2f79467b32668,2026-08-01,0,3,no_position_no_time,0.110599354
4,da117413c9d9003c,2026-08-01,0,4,no_position_no_time,0.14395626
4,da3d1b76086db960,2026-08-01,0,1,no_position_no_time,0.08762626
4,da3fedeba54d9e07,2026-08-01,0,3,no_position_no_time,0.06912336
4,da48865f0ebdbc09,2026-08-01,0,1,no_position_no_time,0.11352267
4,da519b5cce6aaf71,2026-08-01,0,5,no_position_no_time,0.18840387
4,da982130a4f7bcd1,2026-08-01,0,3,no_position_no_time,0.073967084
4,da9d5ca3cf4b5555,2026-08-01,0,2,no_position_no_time,0.11995857
4,daa031fbb8291e5f,2026-08-01,0,1,no_position_no_time,0.06459973
4,dab3075db9d4773d,2026-08-01,0,3,no_position_no_time,0.07416496
4,dabbf1f1bef8f75c,2026-08-01,1,2,no_position_no_time,0.0972557
4,dacf050fbed07f26,2026-08-01,0,2,no_position_no_time,0.08370484
4,dadf2849fc66d48b,2026-08-01,0,4,no_position_no_time,0.077455625
4,dae15032d7d6d5a3,2026-08-01,0,1,no_position_no_time,0.07564602
4,daf02c928dffdc69,2026-08-01,0,4,no_position_no_time,0.19509459
4,db059d031269f03c,2026-08-01,0,3,no_position_no_time,0.06511834
4,db400a2d232160b2,2026-08-01,0,3,no_position_no_time,0.107118815
4,db570e696792aa97,2026-08-01,0,1,no_position_no_time,0.08010075
4,db6f01791783b71f,2026-08-01,0,3,no_position_no_time,0.09335993
4,dc6452d5729cbc29,2026-08-01,0,4,no_position_no_time,0.08232796
4,dc7b07bf303cd187,2026-08-01,0,5,no_position_no_time,0.09585077
4,dc7f3cd50defd7c7,2026-08-01,0,4,no_position_no_time,0.099789314
4,dc9fcdf4f06373e8,2026-08-01,0,2,no_position_no_time,0.092063606
4,dcb13ca0949aea31,2026-08-01,0,5,no_position_no_time,0.08256724
4,dcfded541753956e,2026-08-01,0,2,no_position_no_time,0.060844876
4,dd0119af573acb84,2026-08-01,0,2,no_position_no_time,0.098403454
4,dd0d76555c292566,2026-08-01,0,4,no_position_no_time,0.07385955
4,dd20a9322dbf1d69,2026-08-01,0,4,no_position_no_time,0.25820643
4,dd55a5f6ebb6685b,2026-08-01,0,5,no_position_no_time,0.08905217
4,dd85cf844b9ff7b7,2026-08-01,0,3,no_position_no_time,0.11735636
4,dda57a46ed46f5a1,2026-08-01,0,5,no_position_no_time,0.08840645
4,dda9f6d767269a60,2026-08-01,0,5,no_position_no_time,0.090113066
4,ddb57afc90900771,2026-08-01,0,1,no_position_no_time,0.07470047
4,ddf081a4e72d242e,2026-08-01,0,5,no_position_no_time,0.09650564
4,de13019cd31e3ed2,2026-08-01,0,5,no_position_no_time,0.08077375
4,de217be9b3fc6630,2026-08-01,0,4,no_position_no_time,0.1314663
4,de247a73d5398e63,2026-08-01,1,1,no_position_no_time,0.070496544
4,de4fe4cc1c542525,2026-08-01,0,3,no_position_no_time,0.08724251
4,de6b8d67ba4afde1,2026-08-01,0,2,no_position_no_time,0.08455624
4,de6ba49d54a21c44,2026-08-01,0,1,no_position_no_time,0.07959241
4,de8c3de77cb407c8,2026-08-01,0,5,no_position_no_time,0.07849077
4,de8d12ce8eeaffa7,2026-08-01,0,3,no_position_no_time,0.08144922
4,de8ecd1352d2e06a,2026-08-01,1,2,no_position_no_time,0.10673055
4,debda029cc21cdc0,2026-08-01,0,3,no_position_no_time,0.102016374
4,decd0d1e1dd491ef,2026-08-01,0,2,no_position_no_time,0.10708428
4,defe695ffa10d715,2026-08-01,0,3,no_position_no_time,0.07543748
4,df410850cf72a63f,2026-08-01,0,3,no_position_no_time,0.06262929
4,df4ae5f75a823684,2026-08-01,1,5,no_position_no_time,0.09318101
4,df5cab1dac835f47,2026-08-01,0,1,no_position_no_time,0.08946544
4,df733c6b64b64790,2026-08-01,0,4,no_position_no_time,0.08545374
4,e0186a7c68fad9b1,2026-08-01,0,5,no_position_no_time,0.074231766
4,e01b474d1c3f4a26,2026-08-01,0,4,no_position_no_time,0.09720223
4,e02a67989c796bef,2026-08-01,0,2,no_position_no_time,0.21088462
4,e05c34fcd9b1c111,2026-08-01,1,2,no_position_no_time,0.105227664
4,e05fc93a876adb8e,2026-08-01,0,4,no_position_no_time,0.17719345
4,e0703f22b5cbed63,2026-08-01,0,3,no_position_no_time,0.09211729
4,e0acdbceabe14bb1,2026-08-01,0,3,no_position_no_time,0.073598884
4,e0b51bc64b330f8a,2026-08-01,0,5,no_position_no_time,0.1451204
4,e0d3efffe6451570,2026-08-01,0,5,no_position_no_time,0.09157385
4,e1226c703aef9a9c,2026-08-01,0,3,no_position_no_time,0.06441221
4,e12c45d3f23460ed,2026-08-01,1,4,no_position_no_time,0.080836706
4,e148a90eb8d3838b,2026-08-01,1,5,no_position_no_time,0.06924459
4,e15ec72a003c987b,2026-08-01,0,3,no_position_no_time,0.087615386
4,e15ffc1666615fc3,2026-08-01,0,2,no_position_no_time,0.10489142
4,e1731c0e2afb1199,2026-08-01,0,1,no_position_no_time,0.09317684
4,e190fb4102ff161e,2026-08-01,0,4,no_position_no_time,0.080524184
4,e1a83fd16f9c40cf,2026-08-01,0,4,no_position_no_time,0.12082659
4,e2628574cd093216,2026-08-01,0,3,no_position_no_time,0.07373334
4,e269ff252742bd76,2026-08-01,0,4,no_position_no_time,0.048190348
4,e26ba8b8e77b4407,2026-08-01,0,4,no_position_no_time,0.107962236
4,e2896bb368119f7c,2026-08-01,0,4,no_position_no_time,0.11264101
4,e28fcfe614c4a454,2026-08-01,0,4,no_position_no_time,0.11583436
4,e2b9da31a13a827e,2026-08-01,0,1,no_position_no_time,0.073035486
4,e304d54637e5ece7,2026-08-01,0,1,no_position_no_time,0.18795832
4,e30afb71f4ef8526,2026-08-01,0,5,no_position_no_time,0.060769737
4,e3b817cc9fbc5c20,2026-08-01,0,4,no_position_no_time,0.13311857
4,e3c26faff72eed47,2026-08-01,0,2,no_position_no_time,0.09336159
4,e3cae2cc3edf63a2,2026-08-01,0,5,no_position_no_time,0.09356663
4,e3cb95a2ca557ad9,2026-08-01,0,3,no_position_no_time,0.08597677
4,e3ec94cafc8dd754,2026-08-01,0,1,no_position_no_time,0.06531328
4,e3eccd749ae93e4c,2026-08-01,0,4,no_position_no_time,0.07037482
4,e3eeb1b84ca96bc7,2026-08-01,0,4,no_position_no_time,0.100751825
4,e407727953c941cd,2026-08-01,0,2,no_position_no_time,0.0729
4,e42a985f3372fe6e,2026-08-01,0,3,no_position_no_time,0.069684565
4,e43b3171d0edb870,2026-08-01,0,4,no_position_no_time,0.15744816
4,e47284ea4d859c9e,2026-08-01,0,2,no_position_no_time,0.0664645
4,e48f1e0c3554df16,2026-08-01,0,2,no_position_no_time,0.0822877
4,e4c87b55b5e8119d,2026-08-01,0,2,no_position_no_time,0.08525088
4,e50ea2b9e240a5a1,2026-08-01,1,5,no_position_no_time,0.067178205
4,e5ad3ecb52c0e909,2026-08-01,0,4,no_position_no_time,0.07367005
4,e5de91cf62eeff2d,2026-08-01,0,5,no_position_no_time,0.06567845
4,e5e6acbbc2ab1c17,2026-08-01,0,5,no_position_no_time,0.06873144
4,e5fa79919764d0b5,2026-08-01,0,3,no_position_no_time,0.081906624
4,e62040c8e08ec307,2026-08-01,0,5,no_position_no_time,0.14451939
4,e624cc7089e3b9e5,2026-08-01,0,4,no_position_no_time,0.10843912
4,e62eb2951dba7780,2026-08-01,0,4,no_position_no_time,0.09134611
4,e63ce31da4666951,2026-08-01,0,2,no_position_no_time,0.10525869
4,e68eb989b724950a,2026-08-01,0,3,no_position_no_time,0.067611694
4,e698020be7e19a13,2026-08-01,0,2,no_position_no_time,0.07869803
4,e6a4d8608e959b99,2026-08-01,0,5,no_position_no_time,0.2173681
4,e6b3b58703f446aa,2026-08-01,0,2,no_position_no_time,0.07778958
4,e6e153d3b2d136c5,2026-08-01,0,2,no_position_no_time,0.08545305
4,e6ebcb5bbb501884,2026-08-01,0,5,no_position_no_time,0.09111211
4,e6f64805907401f1,2026-08-01,1,5,no_position_no_time,0.13352756
4,e6fa0b01c92fde94,2026-08-01,0,3,no_position_no_time,0.105929926
4,e7150c8e9664cb01,2026-08-01,0,3,no_position_no_time,0.056392644
4,e7213b0096461c87,2026-08-01,0,2,no_position_no_time,0.093824886
4,e723d916bd2da720,2026-08-01,0,4,no_position_no_time,0.081443235
4,e75787898f9e3b34,2026-08-01,0,5,no_position_no_time,0.13775107
4,e75a1f562869ef93,2026-08-01,0,1,no_position_no_time,0.16223185
4,e75dbbe157ab0836,2026-08-01,0,4,no_position_no_time,0.054951243
4,e77b19fe98194823,2026-08-01,0,3,no_position_no_time,0.06266692
4,e79626606f34bd34,2026-08-01,0,2,no_position_no_time,0.088749155
4,e7bd2e1bfac1af37,2026-08-01,0,5,no_position_no_time,0.071108416
4,e7c81055f4c33b7b,2026-08-01,0,5,no_position_no_time,0.08579578
4,e7d1fa59b2b73cdd,2026-08-01,0,5,no_position_no_time,0.0849097
4,e7f809061d526949,2026-08-01,0,2,no_position_no_time,0.08611342
4,e7fc54833c08d1fa,2026-08-01,0,5,no_position_no_time,0.071866326
4,e8245f4e44c3a719,2026-08-01,0,3,no_position_no_time,0.09935122
4,e83199561f0538c2,2026-08-01,0,4,no_position_no_time,0.08407228
4,e837af8b4a13e806,2026-08-01,0,1,no_position_no_time,0.07252568
4,e861822c4770dc77,2026-08-01,0,2,no_position_no_time,0.0878622
4,e8745ae4a9d8a700,2026-08-01,0,1,no_position_no_time,0.099195436
4,e87e9b38866321bb,2026-08-01,0,2,no_position_no_time,0.0925624
4,e886b7bb5ede34be,2026-08-01,0,5,no_position_no_time,0.09633706
4,e88e0e82a97918b4,2026-08-01,0,4,no_position_no_time,0.09835594
4,e88ee1903893029d,2026-08-01,1,1,no_position_no_time,0.15417753
4,e89c869546164c3b,2026-08-01,0,1,no_position_no_time,0.095755085
4,e8b36d9d5791199d,2026-08-01,0,4,no_position_no_time,0.082946606
4,e8e4cdb578a9164e,2026-08-01,0,1,no_position_no_time,0.11041236
4,e90a55261c07af5e,2026-08-01,0,4,no_position_no_time,0.08530658
4,e915243e5249a03e,2026-08-01,0,5,no_position_no_time,0.0756078
4,e916d296d52a4ae0,2026-08-01,0,1,no_position_no_time,0.0853218
4,e91b9a1c12f99b6a,2026-08-01,0,1,no_position_no_time,0.06209129
4,e92a345ec8a45166,2026-08-01,0,3,no_position_no_time,0.10906167
4,e931d8c92499bb99,2026-08-01,0,2,no_position_no_time,0.07890086
4,e939ec7c116b74c6,2026-08-01,0,4,no_position_no_time,0.09894573
4,e940c0bd966249d7,2026-08-01,0,5,no_position_no_time,0.08629782
4,e95bd2d888a47b14,2026-08-01,0,4,no_position_no_time,0.117912546
4,e95f321c8ae4c498,2026-08-01,0,2,no_position_no_time,0.093112916
4,e9821cd108767d6c,2026-08-01,0,2,no_position_no_time,0.09485505
4,e99910c43351f20a,2026-08-01,0,5,no_position_no_time,0.11194854
4,e9a04d781fac844a,2026-08-01,0,2,no_position_no_time,0.09922034
4,e9a32dd1c7b9b7b8,2026-08-01,0,5,no_position_no_time,0.104309164
4,e9d74952ab62822c,2026-08-01,0,1,no_position_no_time,0.088763155
4,ea2320faae6fafe0,2026-08-01,0,5,no_position_no_time,0.10635329
4,ea2ea8a2a79d5bcb,2026-08-01,0,3,no_position_no_time,0.07048379
4,eac5455bddd48541,2026-08-01,0,2,no_position_no_time,0.09041518
4,eae2c986b682492c,2026-08-01,0,4,no_position_no_time,0.05840584
4,eb2e296ea64ea230,2026-08-01,0,3,no_position_no_time,0.075006954
4,eb45c3e8b99492cf,2026-08-01,0,4,no_position_no_time,0.14831166
4,eb570e702413cb24,2026-08-01,0,5,no_position_no_time,0.08042484
4,eb7817cb83306b9a,2026-08-01,0,1,no_position_no_time,0.13255723
4,eba598843cc83415,2026-08-01,0,5,no_position_no_time,0.08783519
4,eba629cfe591e65f,2026-08-01,0,3,no_position_no_time,0.08729192
4,eba81825ad7b324a,2026-08-01,0,5,no_position_no_time,0.08130542
4,ebad7780ad5aafc0,2026-08-01,0,2,no_position_no_time,0.08597904
4,ec1659d9896ef949,2026-08-01,0,3,no_position_no_time,0.073368385
4,ec2bd8d42581a7ba,2026-08-01,0,5,no_position_no_time,0.13353282
4,ec67edabbfa61c1f,2026-08-01,0,4,no_position_no_time,0.08011373
4,ec7cf819809f77ba,2026-08-01,0,5,no_position_no_time,0.0882822
4,ecbb3af6db7d6d97,2026-08-01,0,4,no_position_no_time,0.07671993
4,ecdd0a2194af066e,2026-08-01,0,5,no_position_no_time,0.098894455
4,ed1609209d31c1de,2026-08-01,0,1,no_position_no_time,0.11046679
4,ed420aab4004757a,2026-08-01,0,5,no_position_no_time,0.09555802
4,ed52f2dd435dc842,2026-08-01,0,4,no_position_no_time,0.1056233
4,ed855e5b0230516b,2026-08-01,0,4,no_position_no_time,0.08405695
4,ed98401fe16ef2c4,2026-08-01,0,2,no_position_no_time,0.08003464
4,edaa3518f78284b4,2026-08-01,0,2,no_position_no_time,0.08048871
4,edab82a6f81d648c,2026-08-01,0,2,no_position_no_time,0.090295665
4,ede5465481142c68,2026-08-01,0,4,no_position_no_time,0.101950996
4,ee07c54fef82f8ed,2026-08-01,0,4,no_position_no_time,0.08715136
4,ee08574edbf6ea4a,2026-08-01,0,2,no_position_no_time,0.098428525
4,ee1d6543d3167874,2026-08-01,0,1,no_position_no_time,0.087365136
4,ee3c38186da9711c,2026-08-01,1,5,no_position_no_time,0.091886856
4,ee4850c04f353a1c,2026-08-01,1,2,no_position_no_time,0.08626407
4,eefb3b54f80771c5,2026-08-01,0,3,no_position_no_time,0.10080214
4,ef00fefbb0835a75,2026-08-01,0,2,no_position_no_time,0.09040947
4,ef19526e494f32c0,2026-08-01,0,4,no_position_no_time,0.11905261
4,efa0b2481a62f199,2026-08-01,0,1,no_position_no_time,0.07676308
4,efb2e3aadfe60d6f,2026-08-01,0,1,no_position_no_time,0.10476655
4,efe804eefaa96845,2026-08-01,0,5,no_position_no_time,0.07006973
4,f038068fdd3dce14,2026-08-01,0,4,no_position_no_time,0.10971437
4,f0439cdb28a4456b,2026-08-01,0,5,no_position_no_time,0.06667629
4,f05df960572a4a49,2026-08-01,0,3,no_position_no_time,0.061107878
4,f05e760f2f241a58,2026-08-01,0,4,no_position_no_time,0.10482291
4,f093d63a4ced0e2b,2026-08-01,0,1,no_position_no_time,0.0852846
4,f0a1a1585e905aad,2026-08-01,0,1,no_position_no_time,0.11080156
4,f0c131c48c27d998,2026-08-01,0,1,no_position_no_time,0.1255296
4,f0d6341cf854c1de,2026-08-01,0,5,no_position_no_time,0.10508749
4,f0db543caaa64bf3,2026-08-01,1,2,no_position_no_time,0.08568244
4,f11186db96935951,2026-08-01,0,5,no_position_no_time,0.061021082
4,f11c7195afa6c721,2026-08-01,1,5,no_position_no_time,0.080458805
4,f13263c7134051aa,2026-08-01,0,1,no_position_no_time,0.089065455
4,f1484bc2746d0dd4,2026-08-01,0,1,no_position_no_time,0.09433201
4,f17c9fc4d9725cde,2026-08-01,0,3,no_position_no_time,0.07748801
4,f27ac86d24111dc1,2026-08-01,0,4,no_position_no_time,0.06905966
4,f2dba4a920266f8d,2026-08-01,0,3,no_position_no_time,0.08103588
4,f2f40564972b9a5e,2026-08-01,0,4,no_position_no_time,0.12680238
4,f318170e7ed96f9e,2026-08-01,1,1,no_position_no_time,0.1340601
4,f34c3c02e554f93a,2026-08-01,0,5,no_position_no_time,0.0830299
4,f35c1d7e955c9f9d,2026-08-01,0,1,no_position_no_time,0.10458302
4,f36d34bb78619427,2026-08-01,0,2,no_position_no_time,0.0934785
4,f375b307086b772d,2026-08-01,0,4,no_position_no_time,0.07877542
4,f37fed1992705733,2026-08-01,0,1,no_position_no_time,0.05447712
4,f38cec685d5d1464,2026-08-01,0,4,no_position_no_time,0.07276228
4,f3a6ceaf62fe8408,2026-08-01,0,5,no_position_no_time,0.11095088
4,f3c91b313e9b9788,2026-08-01,0,5,no_position_no_time,0.08636905
4,f3cfb762355f8aa6,2026-08-01,0,4,no_position_no_time,0.10530779
4,f3efd432026c7758,2026-08-01,0,2,no_position_no_time,0.07099392
4,f4163f26f37ab571,2026-08-01,0,3,no_position_no_time,0.069007024
4,f41aeed8edc96f06,2026-08-01,0,4,no_position_no_time,0.17968367
4,f4251d0b607ac17d,2026-08-01,0,2,no_position_no_time,0.0861751
4,f42d46412fa84cb6,2026-08-01,0,3,no_position_no_time,0.079412244
4,f449676549720e9f,2026-08-01,0,1,no_position_no_time,0.07626496
4,f450beb599c5b2cf,2026-08-01,0,3,no_position_no_time,0.09021089
4,f4cfb51fd62073de,2026-08-01,0,3,no_position_no_time,0.08384926
4,f4dd6eaadc428b14,2026-08-01,0,2,no_position_no_time,0.08068242
4,f4ddc7e630b7edb6,2026-08-01,1,2,no_position_no_time,0.08931226
4,f4f4c720f50eed78,2026-08-01,0,2,no_position_no_time,0.10879088
4,f504c935575048e1,2026-08-01,0,3,no_position_no_time,0.08494069
4,f53c36fba74c1f29,2026-08-01,0,5,no_position_no_time,0.10374873
4,f570d54040494fcf,2026-08-01,0,1,no_position_no_time,0.051385824
4,f5742195aa9774b2,2026-08-01,0,3,no_position_no_time,0.14076057
4,f59c22a00d4043b5,2026-08-01,0,1,no_position_no_time,0.061842196
4,f5b8282c03cb2834,2026-08-01,0,2,no_position_no_time,0.07922315
4,f5df5cdf395abca7,2026-08-01,0,2,no_position_no_time,0.09504504
4,f5f78cecfbdaf4c9,2026-08-01,0,4,no_position_no_time,0.08589907
4,f608acd8d9153360,2026-08-01,0,5,no_position_no_time,0.08700574
4,f62d459cc1b95470,2026-08-01,0,1,no_position_no_time,0.08871384
4,f6333bbf482ef375,2026-08-01,0,2,no_position_no_time,0.08172323
4,f644f756a175d536,2026-08-01,0,2,no_position_no_time,0.10664922
4,f661665ce9b9c930,2026-08-01,0,2,no_position_no_time,0.08051275
4,f675154bcfe0bef6,2026-08-01,0,1,no_position_no_time,0.1384759
4,f6751957def9b438,2026-08-01,0,2,no_position_no_time,0.0870709
4,f68eff9b73b67a52,2026-08-01,0,2,no_position_no_time,0.104293145
4,f697be9bd1e80268,2026-08-01,0,1,no_position_no_time,0.07269972
4,f69ddf3b0809a507,2026-08-01,1,3,no_position_no_time,0.06345881
4,f6a447f4d7e471d6,2026-08-01,1,1,no_position_no_time,0.16519491
4,f6d0758e34086c8e,2026-08-01,0,2,no_position_no_time,0.07543236
4,f6f04e2bfea3f7b0,2026-08-01,0,4,no_position_no_time,0.07445986
4,f6f7d448bcba7120,2026-08-01,0,5,no_position_no_time,0.11635155
4,f718f17bfb919bc1,2026-08-01,1,2,no_position_no_time,0.10109691
4,f7248cab2ec4569e,2026-08-01,1,3,no_position_no_time,0.07443241
4,f729872587f1f828,2026-08-01,0,3,no_position_no_time,0.08396879
4,f7666acca613cd8c,2026-08-01,0,5,no_position_no_time,0.07884856
4,f772757ec41e5176,2026-08-01,0,1,no_position_no_time,0.0684041
4,f7def9272924ff36,2026-08-01,0,3,no_position_no_time,0.06921256
4,f7e52e477c814985,2026-08-01,0,3,no_position_no_time,0.10539133
4,f7ee6a52f11f432e,2026-08-01,0,3,no_position_no_time,0.10184168
4,f84ec3833420d902,2026-08-01,0,2,no_position_no_time,0.0850185
4,f860d51c298e974e,2026-08-01,0,5,no_position_no_time,0.114505425
4,f8a378787c64c370,2026-08-01,0,1,no_position_no_time,0.08224894
4,f8a5f20e07ce52e5,2026-08-01,0,2,no_position_no_time,0.12236673
4,f8ab84b3e13c0292,2026-08-01,0,4,no_position_no_time,0.09672477
4,f8b3ba884c087ed4,2026-08-01,0,3,no_position_no_time,0.08857001
4,f8e1b32cee10ed32,2026-08-01,0,2,no_position_no_time,0.09272931
4,f8e62e8d811b5258,2026-08-01,0,1,no_position_no_time,0.062673815
4,f933cbc232d74489,2026-08-01,0,2,no_position_no_time,0.07767658
4,f9a9ee21aa4a8d0d,2026-08-01,0,1,no_position_no_time,0.0612638
4,f9b35157eacf08cf,2026-08-01,1,3,no_position_no_time,0.077726886
4,fa0af2506b43b414,2026-08-01,0,2,no_position_no_time,0.09027093
4,fa342e1470178407,2026-08-01,0,2,no_position_no_time,0.074654914
4,faa75b55db33fcd1,2026-08-01,0,2,no_position_no_time,0.12048368
4,faca64690dc9d2e4,2026-08-01,0,1,no_position_no_time,0.0819626
4,fad5d30faedf3242,2026-08-01,0,1,no_position_no_time,0.096156366
4,fad7b5a82185103e,2026-08-01,0,3,no_position_no_time,0.105455436
4,fb125522e82e5320,2026-08-01,0,4,no_position_no_time,0.050854556
4,fb13627d4bbca485,2026-08-01,0,5,no_position_no_time,0.14739028
4,fb26e820adfcf2a4,2026-08-01,1,1,no_position_no_time,0.14663042
4,fb3ca18cf3deaf34,2026-08-01,1,1,no_position_no_time,0.088660926
4,fb7714c2edd8d214,2026-08-01,0,3,no_position_no_time,0.06813035
4,fb92284d655cddde,2026-08-01,0,3,no_position_no_time,0.07174684
4,fb9f55bb583b1725,2026-08-01,0,4,no_position_no_time,0.09611882
4,fbac4e530dff9854,2026-08-01,1,1,no_position_no_time,0.0913857
4,fbbc792dcf026c42,2026-08-01,0,1,no_position_no_time,0.08202412
4,fbf738f8c3bc94f6,2026-08-01,0,5,no_position_no_time,0.09587877
4,fc18828b02f608a1,2026-08-01,0,4,no_position_no_time,0.077692725
4,fc3a09e116bb571f,2026-08-01,0,4,no_position_no_time,0.08046125
4,fc47829d2017c147,2026-08-01,0,2,no_position_no_time,0.11288192
4,fc592a75b61e2135,2026-08-01,1,4,no_position_no_time,0.07149333
4,fcb24d40eb9e43fa,2026-08-01,0,5,no_position_no_time,0.07240926
4,fcb82fec22a99796,2026-08-01,1,4,no_position_no_time,0.08294635
4,fccb706cd74bedb5,2026-08-01,0,4,no_position_no_time,0.09342431
4,fccd35bd5a199e8c,2026-08-01,0,2,no_position_no_time,0.08966687
4,fce0e44d754fd10c,2026-08-01,0,1,no_position_no_time,0.09524513
4,fcf80c24c49f1488,2026-08-01,0,2,no_position_no_time,0.077105716
4,fd660bbee0b1dc6a,2026-08-01,1,1,no_position_no_time,0.07493931
4,fd8933e4d143950e,2026-08-01,0,1,no_position_no_time,0.07012974
4,fda6081d1d5aa1e0,2026-08-01,0,3,no_position_no_time,0.06833453
4,fdf97c1394f4718c,2026-08-01,0,3,no_position_no_time,0.09182274
4,fe658b0e707053e6,2026-08-01,0,3,no_position_no_time,0.108721286
4,fe86d39b7a28ae22,2026-08-01,0,5,no_position_no_time,0.11365751
4,fe87763944c649c7,2026-08-01,0,4,no_position_no_time,0.082656965
4,fe8e6601ef1aaa0f,2026-08-01,1,3,no_position_no_time,0.1702825
4,feeec72fff6f3835,2026-08-01,0,4,no_position_no_time,0.09094259
4,feff50280066758e,2026-08-01,0,4,no_position_no_time,0.11637376
4,ff30e8ded74df6d1,2026-08-01,0,1,no_position_no_time,0.08796994
4,ff38a66810501a73,2026-08-01,0,5,no_position_no_time,0.1568321
4,ff38db1fd0a249b4,2026-08-01,0,5,no_position_no_time,0.10635306
4,ff553633a96472b8,2026-08-01,0,3,no_position_no_time,0.08310801
4,ff7d851c34280a16,2026-08-01,0,3,no_position_no_time,0.10005539
4,ff8afbe0fc76d714,2026-08-01,0,4,no_position_no_time,0.09231698
4,ffb33eaa1cd3bd39,2026-08-01,0,4,no_position_no_time,0.09401955
4,ffc8756ab4545e95,2026-08-01,1,2,no_position_no_time,0.10394539
4,ffd2eeff2ddb1e07,2026-08-01,1,2,no_position_no_time,0.06697279
4,ffdbafcc07d9207f,2026-08-01,0,4,no_position_no_time,0.14999738
4,ffdf8a95c968efc7,2026-08-01,0,1,no_position_no_time,0.0835853
