team_id,player_id,cutoff_date,churn,play_style,nested_selected_score,selected_candidate_oof_score
1,00851b6d3a490dc8,2026-08-01,0,ranked_solo_focused,0.45808944346814645,0.6707112160840129
1,01497e6106b3fe05,2026-08-01,0,ranked_solo_focused,0.12337026397003448,0.4180293376434175
1,01bbf176242629b2,2026-08-01,0,mixed_or_other,0.10368629604470382,0.18910332808784283
1,01e4e1b0bfbdfd79,2026-08-01,0,insufficient_recent_games,0.4615728968997278,0.6898267309844939
1,0249ef177473a31f,2026-08-01,0,ranked_solo_focused,0.009391589668447735,0.012789852293087097
1,029e973742c53199,2026-08-01,1,insufficient_recent_games,0.40363533682045766,0.7131065538747812
1,02c971e5120ef439,2026-08-01,0,mixed_or_other,0.03456318494903261,0.07410862331844871
1,02fd01e022d47cd6,2026-08-01,0,insufficient_recent_games,0.3010936224444131,0.5101438209857374
1,0301e9e2c22bb9ba,2026-08-01,0,ranked_solo_focused,0.04388699777329357,0.09159937737863236
1,03856613b21f55db,2026-08-01,0,mixed_or_other,0.011825139749133068,0.03211651260047278
1,038ec3223546ddc2,2026-08-01,0,mixed_or_other,0.06632882322347006,0.16875955326917325
1,0396a3f7c70b1d42,2026-08-01,0,mixed_or_other,0.11113832278957328,0.22464508244973852
1,03ebce59fa795614,2026-08-01,0,ranked_solo_focused,0.05254275771982313,0.14824243493867778
1,04ba1c48d7b1d38c,2026-08-01,1,ranked_solo_focused,0.0835398923612319,0.3050225345475427
1,054e935b31cfc31c,2026-08-01,0,mixed_or_other,0.07420804620621939,0.3284659279069834
1,05a345d69630eb32,2026-08-01,0,insufficient_recent_games,0.2499360209390522,0.5040594859816464
1,06211849f92ce895,2026-08-01,0,ranked_solo_focused,0.39344091766391515,0.7668958307020622
1,071321399f23fdd3,2026-08-01,0,mixed_or_other,0.08397053166505787,0.2041379080131182
1,077ea3660ab5f1a0,2026-08-01,0,ranked_solo_focused,0.020656873493570885,0.04697901784163656
1,07dbff0d983b2564,2026-08-01,0,ranked_solo_focused,0.10297963451841302,0.30035906161321213
1,080923d8fa693625,2026-08-01,0,casual_focused,0.19170765465811668,0.47471249083081624
1,084ce3b4d285ba11,2026-08-01,0,mixed_or_other,0.032136878555904996,0.07731886874447365
1,087d3f28916bddfa,2026-08-01,0,ranked_solo_focused,0.3187833431873825,0.5962112259372192
1,088033bc615104c3,2026-08-01,1,ranked_solo_focused,0.3861375485713021,0.6646370139329669
1,08a34c1e68024966,2026-08-01,0,ranked_solo_focused,0.015040190444430425,0.06523369535688964
1,08b5a3e0f832b4cd,2026-08-01,0,mixed_or_other,0.12992042476191962,0.48595045236155293
1,08ccb9eaf13ad173,2026-08-01,0,mixed_or_other,0.06295420461462853,0.14609588718351516
1,08d0869205b88e6d,2026-08-01,0,mixed_or_other,0.05759046271265992,0.19683574948259827
1,09a0aeb9a31b9be4,2026-08-01,1,mixed_or_other,0.4149611255711639,0.5444790078859639
1,0a09a55a758bd607,2026-08-01,0,mixed_or_other,0.10920205683898314,0.35630175586547114
1,0a11a072cb2e1820,2026-08-01,0,mixed_or_other,0.45503338129594995,0.33892158338218975
1,0aa8b2abdeadae7a,2026-08-01,1,ranked_solo_focused,0.47537082361231636,0.7721237869876997
1,0bb6a3f97ee5bd3c,2026-08-01,0,insufficient_recent_games,0.3886145858397012,0.6705668484264785
1,0bd750c221845f6a,2026-08-01,1,mixed_or_other,0.5466667231105048,0.7548291768404208
1,0c28e67238afdb04,2026-08-01,1,insufficient_recent_games,0.729948161783443,0.8604928372018991
1,0c54f43312f49305,2026-08-01,1,insufficient_recent_games,0.6287973344990437,0.7682304330616311
1,0c79a818826e19a5,2026-08-01,0,casual_focused,0.11883719508651563,0.38654621287085145
1,0c8287b48cdfdd57,2026-08-01,0,casual_focused,0.14215145242132318,0.3611260543718305
1,0ce102af49a24332,2026-08-01,1,insufficient_recent_games,0.18122129305336887,0.3874276435338756
1,0d050eee98793af7,2026-08-01,0,insufficient_recent_games,0.4586620298829123,0.7092966475508267
1,0d130046f6b67845,2026-08-01,0,ranked_solo_focused,0.203794147486683,0.5381167539211054
1,0dac8af5d3cd1c75,2026-08-01,0,insufficient_recent_games,0.36356851283695507,0.6695335407546135
1,0e5472b8e8232a95,2026-08-01,0,mixed_or_other,0.03361202903533334,0.15192285376871126
1,0ecf1aa61afc9932,2026-08-01,0,insufficient_recent_games,0.32779617097978675,0.6350505827339392
1,0f21d544651ea212,2026-08-01,0,mixed_or_other,0.005421029535152592,0.011640534104635742
1,0f5dd6f0f2214be9,2026-08-01,0,casual_focused,0.1461566781698311,0.3279479266433384
1,0f8e1344d807e4e7,2026-08-01,0,ranked_solo_focused,0.6058649105978174,0.7817578602914605
1,101d3fb7bc5aaa81,2026-08-01,0,insufficient_recent_games,0.16303432422768,0.4778971711963819
1,111bae525cc1efa3,2026-08-01,0,ranked_solo_focused,0.10057439990662291,0.3711279625980634
1,116bab7bea03c3ed,2026-08-01,0,ranked_solo_focused,0.08393172097935346,0.2392569330374865
1,123b2e333d343d6f,2026-08-01,0,ranked_solo_focused,0.030316064354762532,0.10093092193469949
1,1249ec2cea0e36c9,2026-08-01,0,mixed_or_other,0.21759784328183743,0.1743031204683173
1,127e73d579ab83f8,2026-08-01,0,insufficient_recent_games,0.07151345423963382,0.1511616630613127
1,13858b53c464fb38,2026-08-01,0,mixed_or_other,0.030968677753141455,0.13375871859923472
1,13e6bfa8f5e0651e,2026-08-01,0,insufficient_recent_games,0.13636870566034784,0.26261402279649937
1,140c56e45b34e78c,2026-08-01,0,insufficient_recent_games,0.5099945966365176,0.7282624929081287
1,155c0ac273f53d74,2026-08-01,0,mixed_or_other,0.17673355368293203,0.4050994718834934
1,155ea6286de67afc,2026-08-01,0,ranked_solo_focused,0.006617041476066326,0.007575561508097975
1,158c759e65262806,2026-08-01,0,casual_focused,0.147301164152269,0.33951985992058353
1,158e719afb98b854,2026-08-01,0,ranked_solo_focused,0.098960550212381,0.2220188071361336
1,17bae10d255baa62,2026-08-01,0,ranked_solo_focused,0.2356672361256897,0.6534041888560704
1,17edac413c761a2a,2026-08-01,0,ranked_solo_focused,0.16230424732173437,0.2538190940214389
1,1809141471f54353,2026-08-01,1,mixed_or_other,0.3218503914337962,0.5241191650485186
1,1851b38bff04bcc5,2026-08-01,0,ranked_solo_focused,0.04626999017253705,0.17610758160813264
1,18de719d72ff8d47,2026-08-01,0,ranked_solo_focused,0.26456527711317146,0.40552683467912237
1,191467b84deb1bb1,2026-08-01,0,ranked_solo_focused,0.022410000544121948,0.08505691364181302
1,1946ff53dd92cd3b,2026-08-01,0,ranked_solo_focused,0.04195555664312276,0.07499926234806101
1,195b84a0f00902fd,2026-08-01,0,ranked_solo_focused,0.41847563637830226,0.39362008538276794
1,195e230ceb88e198,2026-08-01,1,insufficient_recent_games,0.2745777598990846,0.504186198977775
1,19edc1757d065db7,2026-08-01,0,casual_focused,0.06614002247472964,0.21365740266260905
1,19f450b69ecece4c,2026-08-01,0,ranked_solo_focused,0.08967396775749074,0.341383165232943
1,1a29d0aa8d36b80d,2026-08-01,1,insufficient_recent_games,0.5595923354505626,0.6556982422158497
1,1a67b7c53f4f2c5c,2026-08-01,0,ranked_solo_focused,0.042562477974719924,0.050022043529628406
1,1b177e7b978e1446,2026-08-01,0,mixed_or_other,0.12561793233156832,0.3002437561262865
1,1b3943e2b3b0dc7a,2026-08-01,0,ranked_solo_focused,0.18461609657298805,0.4251348371078459
1,1b50a5e6fdb5c9a0,2026-08-01,0,mixed_or_other,0.0673252387379027,0.2853914453239045
1,1b6ecda3e3eba11d,2026-08-01,0,ranked_solo_focused,0.681003105898389,0.797610337644827
1,1bc0ec9e7ae7450b,2026-08-01,0,casual_focused,0.0365458465406965,0.11654749712196666
1,1bca15841a89c72b,2026-08-01,0,ranked_solo_focused,0.08597491336056776,0.22972856533618977
1,1c4b0fbf9811692a,2026-08-01,1,insufficient_recent_games,0.07709544312016303,0.28496757794714445
1,1c5ea1b9218c9bef,2026-08-01,0,ranked_solo_focused,0.3629822842013233,0.37032613295684297
1,1cb04773abf6f66b,2026-08-01,1,mixed_or_other,0.12530852832596664,0.33846733847047006
1,1d329fdf10e48a5c,2026-08-01,0,mixed_or_other,0.019292536030143862,0.016361458307301333
1,1dd5e3ccfcfd4f13,2026-08-01,0,insufficient_recent_games,0.1933235281117288,0.469119598682585
1,1e05d389da5d3ae6,2026-08-01,0,insufficient_recent_games,0.3182812632346471,0.5759851327389353
1,1e2777404fe73374,2026-08-01,0,ranked_solo_focused,0.026439683751528702,0.09760195879683274
1,1eed41da3608734c,2026-08-01,0,mixed_or_other,0.14876064799900457,0.48606305514535414
1,1ef10c3a424645a8,2026-08-01,1,ranked_solo_focused,0.24665506805459128,0.6251508172949447
1,1fa9d53a5b976a9a,2026-08-01,0,casual_focused,0.1701675126384971,0.3390943844418963
1,1fafcbbe6fd94d1e,2026-08-01,0,ranked_solo_focused,0.34501236913586064,0.44141386573969243
1,1fd4017a0f8f2259,2026-08-01,0,mixed_or_other,0.013063373330677398,0.014940448325590078
1,20207058393d4568,2026-08-01,0,insufficient_recent_games,0.09651882259881436,0.3577493235111249
1,20714a3e3c312714,2026-08-01,0,insufficient_recent_games,0.21286297612864868,0.602162300676636
1,20912a673e03a0a5,2026-08-01,0,ranked_solo_focused,0.09198817779309468,0.3284533602782115
1,209c11231d5a9627,2026-08-01,0,mixed_or_other,0.08328768593937674,0.34924024389762964
1,2164aa85f01196ed,2026-08-01,1,mixed_or_other,0.16810170420630452,0.4714192879359186
1,2170d6cea7f97d4f,2026-08-01,1,mixed_or_other,0.023469145818538113,0.07122889820667924
1,21f376e0aee99245,2026-08-01,1,mixed_or_other,0.2760605373053399,0.6012673821812407
1,225287476127dc4a,2026-08-01,0,casual_focused,0.10239919243068206,0.2380583577746428
1,23414271596039a4,2026-08-01,0,insufficient_recent_games,0.25138743067727576,0.7026338053362777
1,23da015ac23f8e0e,2026-08-01,1,insufficient_recent_games,0.10754454185365753,0.34641418012493386
1,2400203a991b085d,2026-08-01,0,ranked_solo_focused,0.10890415672098426,0.2185014852003321
1,242602cd906236d1,2026-08-01,0,ranked_solo_focused,0.19239786591522434,0.3826454707338479
1,2469d03059652ee7,2026-08-01,0,ranked_solo_focused,0.1415564191433186,0.17117208309528645
1,24ed93caf9a8dbe7,2026-08-01,0,ranked_solo_focused,0.10314625722787138,0.2290958563984588
1,264f7ad2026247ff,2026-08-01,0,casual_focused,0.0864766127985191,0.17349770662669517
1,26a1df1f2abb2e3f,2026-08-01,0,insufficient_recent_games,0.35826640496118556,0.5793677993987186
1,270cbb1d6dc5ca45,2026-08-01,0,mixed_or_other,0.0640988184038673,0.2577735596642403
1,275864d3db2ab8e6,2026-08-01,0,insufficient_recent_games,0.24442749410346343,0.6243643890624831
1,27a145b6a294e832,2026-08-01,0,mixed_or_other,0.09835274021334525,0.39999275508623255
1,28382a6978ec5a83,2026-08-01,0,insufficient_recent_games,0.3878980352896767,0.6504586145332343
1,2851285eeddbbc50,2026-08-01,0,ranked_solo_focused,0.030632575388682918,0.07605445952091644
1,287acce57c898f6e,2026-08-01,1,ranked_solo_focused,0.40647609316480693,0.602410894565298
1,29842502192f406a,2026-08-01,0,ranked_solo_focused,0.03849525591785736,0.10155883812890082
1,29fca0759a3740d4,2026-08-01,0,ranked_solo_focused,0.08828674310545448,0.20925738100201718
1,2a4fa069c9341825,2026-08-01,0,ranked_solo_focused,0.2589538970809639,0.5746780789959136
1,2ae0cf5544b1788a,2026-08-01,0,ranked_solo_focused,0.07669907639270805,0.23455890083660802
1,2b0ee00dec636852,2026-08-01,0,ranked_solo_focused,0.19816343990467244,0.5812779817269644
1,2b65b49aafd7db02,2026-08-01,0,ranked_solo_focused,0.03920465013466508,0.17974170135587625
1,2ba026e982fdade0,2026-08-01,0,ranked_solo_focused,0.0264636503538645,0.050412398123804936
1,2bc2d48960c5d734,2026-08-01,0,ranked_solo_focused,0.18898439276845475,0.42560576506610953
1,2c4c36c985630e8e,2026-08-01,0,casual_focused,0.19730616594788994,0.22494442889822114
1,2c526106267fb14f,2026-08-01,1,ranked_solo_focused,0.11107697112368262,0.2954238092966852
1,2ce46a1c987aabc0,2026-08-01,0,ranked_solo_focused,0.08750722767331563,0.1495913948842498
1,2f52c0703014f69f,2026-08-01,0,ranked_solo_focused,0.3598547504853367,0.6481940849987586
1,2f7f212896e5979b,2026-08-01,0,insufficient_recent_games,0.1507597717332911,0.4321173463722871
1,2f89597045c7303a,2026-08-01,1,insufficient_recent_games,0.10077872073658298,0.13536653495351383
1,2fe1ccbddc0f732a,2026-08-01,1,ranked_solo_focused,0.359926346281539,0.37551627884836175
1,2ffe67d366606b62,2026-08-01,1,insufficient_recent_games,0.2026846557459521,0.5773764816450867
1,303e526901c3c26e,2026-08-01,0,mixed_or_other,0.12375137067156593,0.37218791775115373
1,30a02df4fe6456c4,2026-08-01,0,mixed_or_other,0.11240568491364579,0.31050750815428424
1,30abed0bb22a75fd,2026-08-01,0,ranked_solo_focused,0.12368704395260892,0.22498746900299962
1,30ae0f5a5220af70,2026-08-01,0,insufficient_recent_games,0.21549649397272463,0.5747244703103095
1,30da12d64468b031,2026-08-01,0,mixed_or_other,0.07020158172109942,0.20175824099464384
1,30de435c0e9990d9,2026-08-01,1,ranked_solo_focused,0.2551059584772251,0.5380517569197443
1,317127f4637f01f5,2026-08-01,0,ranked_solo_focused,0.28763730899121925,0.3386479636123108
1,3175002ed5c8f601,2026-08-01,0,ranked_solo_focused,0.08884761828313861,0.21211111486867104
1,31b99ead0161aa08,2026-08-01,0,mixed_or_other,0.06971153034150528,0.2717363442908292
1,324d95bb398e4bc4,2026-08-01,0,ranked_solo_focused,0.2581460240342506,0.35609430715926366
1,33056cb959c1068e,2026-08-01,0,casual_focused,0.019421484626481897,0.031009898953579036
1,33aba5fef1698d0e,2026-08-01,0,ranked_solo_focused,0.6290802394443776,0.5213491835525184
1,33add6dc7939aded,2026-08-01,0,ranked_solo_focused,0.0944177461322393,0.15175914466126242
1,33c028c2e3e484ac,2026-08-01,0,ranked_solo_focused,0.05919077485395131,0.18338471092562103
1,33cffacee35098b8,2026-08-01,0,insufficient_recent_games,0.23820862282220692,0.5956326072656241
1,33d95e1edef4a8d5,2026-08-01,1,ranked_solo_focused,0.31970519942374753,0.5418842139544853
1,33deb42f46ecab86,2026-08-01,1,mixed_or_other,0.013638982304018032,0.027745282347856604
1,34239c5557faa0fe,2026-08-01,0,insufficient_recent_games,0.22326150870349087,0.6058041013702326
1,342bce2d90d1d325,2026-08-01,0,ranked_solo_focused,0.2517446058634203,0.29873563279233206
1,34bd8a15a30622ef,2026-08-01,1,mixed_or_other,0.037777541456208034,0.14122279171378896
1,34e3d9830ca3bac2,2026-08-01,0,ranked_solo_focused,0.08484277762213105,0.3166009134900476
1,34f357338e62f79c,2026-08-01,1,ranked_solo_focused,0.540623603326714,0.7770001418732035
1,34f637e55d7bb038,2026-08-01,0,mixed_or_other,0.0496256157571042,0.1570388160773423
1,358c77e60ac98153,2026-08-01,0,ranked_solo_focused,0.17115092676376445,0.31736857301665816
1,36057a59ab2db1da,2026-08-01,1,casual_focused,0.17060505195827805,0.4798077126751043
1,3671719ef747dedd,2026-08-01,0,ranked_solo_focused,0.1009323082611007,0.38842993038363277
1,36a8b5bd6f4bae31,2026-08-01,1,mixed_or_other,0.25265074999070253,0.5775074604707914
1,3729bf07367b06b7,2026-08-01,1,casual_focused,0.6334090092822925,0.5739348242739717
1,372c7b3abfe38a50,2026-08-01,0,ranked_solo_focused,0.12609476594972072,0.5010187948208381
1,373a71f856c4031a,2026-08-01,1,ranked_solo_focused,0.3837354963907007,0.418470416632555
1,379a2f52027dba3c,2026-08-01,0,ranked_solo_focused,0.10879711333072338,0.0946052313000433
1,37c386df11499e5c,2026-08-01,1,insufficient_recent_games,0.3906358234401443,0.5323800002242147
1,384202e6f1d865cc,2026-08-01,0,insufficient_recent_games,0.4275265041228378,0.38578062819751713
1,3851988c12a99512,2026-08-01,0,ranked_solo_focused,0.10380946993777095,0.33092483721536176
1,3874806e45ab1fdb,2026-08-01,1,mixed_or_other,0.019035224603715265,0.0734279631884291
1,38cdeae05f0a5d61,2026-08-01,1,mixed_or_other,0.5386666769218018,0.802122597882488
1,38e3a4c082ebdb91,2026-08-01,0,ranked_solo_focused,0.13573020370153,0.34923669275010105
1,3933873490c3cc54,2026-08-01,0,insufficient_recent_games,0.41964590759622455,0.5241848289651074
1,39c38dd81682fa18,2026-08-01,0,ranked_solo_focused,0.1339750930781618,0.26760676904493275
1,39fe1fb1652a954c,2026-08-01,0,mixed_or_other,0.031583169463603976,0.07703973753508737
1,3a2e95151f2fd1d5,2026-08-01,0,ranked_solo_focused,0.0417392873532564,0.10490734550561469
1,3a921f3dc5cfc474,2026-08-01,1,mixed_or_other,0.03363067995676083,0.12846357894237612
1,3afeddf92b155ac0,2026-08-01,0,ranked_solo_focused,0.12719012446578642,0.536581319836383
1,3b0f39cc347cc124,2026-08-01,0,ranked_solo_focused,0.07524768873565804,0.1953645338025719
1,3b5a64fb6c932d90,2026-08-01,0,mixed_or_other,0.18123226945819298,0.36655807040481775
1,3b732595fddb8e7d,2026-08-01,0,ranked_solo_focused,0.12000321167805598,0.3405591632292207
1,3baed5278ea47bb6,2026-08-01,0,ranked_solo_focused,0.20980461802795797,0.5624006362964021
1,3bedc4b223dd7fba,2026-08-01,0,mixed_or_other,0.04499811839007767,0.11493774802377632
1,3c08bef185428078,2026-08-01,0,mixed_or_other,0.019954315821863966,0.04519161579997837
1,3c54cd1e52892641,2026-08-01,0,ranked_solo_focused,0.1306014318034722,0.28998819997241276
1,3de9ab97144a2a7b,2026-08-01,0,mixed_or_other,0.029009662217049276,0.05222590535207999
1,3decd8472fc68b26,2026-08-01,0,ranked_solo_focused,0.20319267995309154,0.5971192198795561
1,3e3df959553cf06c,2026-08-01,1,mixed_or_other,0.12239058775466674,0.3810764974896753
1,3e925d48749c3ae1,2026-08-01,0,ranked_solo_focused,0.09315380058991757,0.07644000756494218
1,3ec1c0bed3f83447,2026-08-01,0,insufficient_recent_games,0.8820703583727477,0.9201993779064365
1,3ec50ec316d90513,2026-08-01,0,mixed_or_other,0.08826292983731784,0.27150181743845564
1,3fd938a6d81d3d02,2026-08-01,1,insufficient_recent_games,0.1262307504010708,0.3397727999072472
1,4040985a60ffacf4,2026-08-01,1,insufficient_recent_games,0.45914350744711135,0.7654161973549467
1,40978ba4b28c5903,2026-08-01,0,mixed_or_other,0.17679098281269323,0.3316818632535465
1,419ed81996dc359e,2026-08-01,0,mixed_or_other,0.02237659298201618,0.043520836727540174
1,422031b9eaeea449,2026-08-01,1,ranked_solo_focused,0.23547442440950012,0.3648175880635139
1,42287037b9d4329e,2026-08-01,0,ranked_solo_focused,0.05696353640712933,0.24116017662911543
1,427cf635471a9f59,2026-08-01,0,ranked_solo_focused,0.10314739008215704,0.3678322105867028
1,42cc294cf5d9ad38,2026-08-01,0,ranked_solo_focused,0.4179140590233917,0.6696718204643088
1,44a5b54734e8299f,2026-08-01,0,mixed_or_other,0.09015221176283005,0.2066325198773907
1,4654d9d8efa51d36,2026-08-01,0,ranked_solo_focused,0.039603906091950754,0.14708958065175262
1,46792c80592e1651,2026-08-01,0,ranked_solo_focused,0.11389859180057219,0.4741964692050074
1,474405e1f7a17214,2026-08-01,0,ranked_solo_focused,0.1155937768360822,0.2864422064059347
1,47468dcfa01964de,2026-08-01,0,ranked_solo_focused,0.12469655988184916,0.30655788899967246
1,476116bd97f2a939,2026-08-01,0,mixed_or_other,0.06755590762098461,0.22760510329882147
1,4794483baaa555c9,2026-08-01,0,mixed_or_other,0.0504762152871359,0.17005027546117257
1,4869dffe7cb12c73,2026-08-01,0,ranked_solo_focused,0.266966404016174,0.6492973505242075
1,4957ce182d048afb,2026-08-01,0,ranked_solo_focused,0.06616094731743309,0.19680209481448047
1,4968a7e6a52d9274,2026-08-01,0,insufficient_recent_games,0.21354929865034167,0.5107097990091818
1,4a7a12936577b58d,2026-08-01,0,mixed_or_other,0.013095324372574423,0.05268350642479115
1,4a7aacd6258caf92,2026-08-01,0,ranked_solo_focused,0.08104541443757217,0.10394024755462915
1,4b1f64bdbd0593e9,2026-08-01,1,ranked_solo_focused,0.4673794681291427,0.7232364628982175
1,4b2033d24144d63c,2026-08-01,0,mixed_or_other,0.048372850156123845,0.12544783208894716
1,4b818dee8134c3a1,2026-08-01,0,ranked_solo_focused,0.05486698832775325,0.21586226275433015
1,4c8d130952e3da7a,2026-08-01,0,mixed_or_other,0.1006802163178469,0.06410467212610083
1,4ca8ecf123278841,2026-08-01,0,insufficient_recent_games,0.1666201116305391,0.4284230241316201
1,4ce92515c1a39a22,2026-08-01,0,insufficient_recent_games,0.24880721220687557,0.6636472848621257
1,4d49fadfcdbfee17,2026-08-01,0,ranked_solo_focused,0.10394527224795998,0.1938034358989794
1,4de692541cfc3ed3,2026-08-01,0,casual_focused,0.03692589107216631,0.08806504969777793
1,4fd44c95e100038a,2026-08-01,0,ranked_solo_focused,0.0746717493582291,0.22572056472966334
1,5016ccd8933c2886,2026-08-01,0,mixed_or_other,0.5049184121165204,0.7164801715783684
1,5092fc2ddc797a60,2026-08-01,0,ranked_solo_focused,0.2226487490465872,0.5135690577212323
1,50f1139eacf60d38,2026-08-01,0,insufficient_recent_games,0.8296014258119718,0.7522118648453077
1,51b89c2585bf088b,2026-08-01,0,ranked_solo_focused,0.052231081417358674,0.1434416619446474
1,5320d66f288b6f2f,2026-08-01,0,ranked_solo_focused,0.03711758985242702,0.12066102969223873
1,5519558981ddc7e8,2026-08-01,0,casual_focused,0.25051291740993464,0.41567871072624646
1,5623efb38d8769bd,2026-08-01,0,ranked_solo_focused,0.013518799282488402,0.04961201879846712
1,56f6a81252e10f1c,2026-08-01,0,insufficient_recent_games,0.2384451927520167,0.4062322366501948
1,5702510a325ebde9,2026-08-01,0,ranked_solo_focused,0.03500488081483173,0.05675034443589555
1,57dc0baacb18af9e,2026-08-01,0,ranked_solo_focused,0.026612800348034156,0.07527182230824989
1,586b37ae69ed9199,2026-08-01,0,ranked_solo_focused,0.5881818441371527,0.7354631657579513
1,58e8552f7c9d5175,2026-08-01,0,ranked_solo_focused,0.22527536018814306,0.6140857433567496
1,5927adb922bc2752,2026-08-01,0,ranked_solo_focused,0.040006660046860695,0.09105014892637
1,59a22eef272fc5c4,2026-08-01,0,mixed_or_other,0.06661675961307523,0.02697868358580417
1,59b71285046f2e07,2026-08-01,0,ranked_solo_focused,0.0814299081943173,0.2482142825007358
1,5a53ae168aed8e22,2026-08-01,1,insufficient_recent_games,0.678025940362736,0.8393491423120679
1,5a566c407610149a,2026-08-01,0,mixed_or_other,0.11559881128896422,0.06951771782733428
1,5a6804fad79ed6eb,2026-08-01,0,mixed_or_other,0.01903133885440639,0.04394214657642715
1,5aaddb57248e4ab3,2026-08-01,0,ranked_solo_focused,0.11885588261605773,0.4244349506899521
1,5add797a6af10ab5,2026-08-01,0,ranked_solo_focused,0.010819500406697602,0.02279925472032149
1,5b41b2eda5a8a28e,2026-08-01,0,insufficient_recent_games,0.12624116029771576,0.4628682516125495
1,5c13509757aa3db6,2026-08-01,1,mixed_or_other,0.08986038510365388,0.1539471014665964
1,5c29e5f0749d76e6,2026-08-01,0,ranked_solo_focused,0.16825577673261968,0.22602841919645938
1,5c4c5f9bc6e19b71,2026-08-01,0,ranked_solo_focused,0.018353257088992755,0.023306917886188265
1,5cde06a169cc7df1,2026-08-01,0,ranked_solo_focused,0.2008625107148944,0.43056711339530035
1,5d70a3bcc5ab34ff,2026-08-01,0,ranked_solo_focused,0.0852446070683927,0.16018121143725397
1,5d8a83031efb3393,2026-08-01,0,ranked_solo_focused,0.1900411185666531,0.4691044624593455
1,5db6d072a507fe88,2026-08-01,0,ranked_solo_focused,0.08903024020028343,0.0825670470630381
1,5df4f6f9500c4fe4,2026-08-01,1,casual_focused,0.1460927544714403,0.48084564589445344
1,5ec4a3f89e04f364,2026-08-01,1,insufficient_recent_games,0.44751996326400506,0.3518149440408337
1,5ecc3e2eb18bdd6f,2026-08-01,0,mixed_or_other,0.02730759768044779,0.08735912282657965
1,5f071dbaa9a42889,2026-08-01,0,mixed_or_other,0.23329923283245252,0.5845326722634231
1,5f5b6c53b75ea66b,2026-08-01,0,ranked_solo_focused,0.08686537727692195,0.3376228480510378
1,5f724d04db4b5481,2026-08-01,0,ranked_solo_focused,0.11841575548444766,0.19135586436739346
1,604b0e95fee2edd4,2026-08-01,0,ranked_solo_focused,0.3539189987176803,0.639391930317405
1,606828c6041a9929,2026-08-01,0,mixed_or_other,0.02321602037825562,0.03563765830524661
1,60a52d4dbcf186d3,2026-08-01,0,ranked_solo_focused,0.07730832951848376,0.2516213626133214
1,61a98c149c7180bb,2026-08-01,0,insufficient_recent_games,0.15135488217894455,0.3299245905738237
1,61aade8c2bc9bd0e,2026-08-01,0,ranked_solo_focused,0.674911505107115,0.6101942257856029
1,61d0a997ccfab689,2026-08-01,0,ranked_solo_focused,0.14376860298721839,0.38147254862000357
1,61d6de7e4650cbda,2026-08-01,0,ranked_solo_focused,0.1391045380001641,0.2874972977933082
1,6362357b019ef84e,2026-08-01,0,ranked_solo_focused,0.14176864872954664,0.27735784709052014
1,641fb76b4969bea8,2026-08-01,0,ranked_solo_focused,0.03009899522107078,0.09301485857275638
1,64bbbbf4977a84e4,2026-08-01,0,insufficient_recent_games,0.8869339601290511,0.9593508566910544
1,6552f1128cdb5c70,2026-08-01,0,ranked_solo_focused,0.07857342735596824,0.14361111504851687
1,65975264abf8ab2b,2026-08-01,0,casual_focused,0.523728596228905,0.6232148246095983
1,65f5913ff8ceec93,2026-08-01,0,ranked_solo_focused,0.13527668926902475,0.47825827184604996
1,669e7b0792e8d0ed,2026-08-01,0,ranked_solo_focused,0.22833908425488736,0.4253945092330393
1,66b5dbb0680abeb6,2026-08-01,1,ranked_solo_focused,0.28830676886069745,0.2708656358172622
1,6721676e71b359e6,2026-08-01,0,mixed_or_other,0.05984150495052381,0.25507485623997644
1,6738742764c7ea60,2026-08-01,1,mixed_or_other,0.11243721862853528,0.4551645685252326
1,6798552789984aba,2026-08-01,0,ranked_solo_focused,0.12953701188103847,0.49276281201737043
1,67e7715584349de3,2026-08-01,0,ranked_solo_focused,0.016459006105113114,0.04742196353054752
1,6843c75f87f505ec,2026-08-01,0,casual_focused,0.49856381957704615,0.7893642177098811
1,6848e1e6d97fd94a,2026-08-01,0,ranked_solo_focused,0.14430580289848552,0.22141886897747018
1,687338043bdda42a,2026-08-01,1,insufficient_recent_games,0.8207304486798331,0.9312568521203765
1,688347c64dfa432f,2026-08-01,0,insufficient_recent_games,0.20100174666105505,0.3639995289665006
1,69fd72289adcd566,2026-08-01,0,ranked_solo_focused,0.11565492130024083,0.15474928458611936
1,6a7b141c6cd0e624,2026-08-01,1,insufficient_recent_games,0.4004560450477442,0.6516621137450286
1,6b2d7312c431b085,2026-08-01,0,ranked_solo_focused,0.022684754578981423,0.08986424418090497
1,6c03a0dac392e238,2026-08-01,0,ranked_solo_focused,0.058949237154470924,0.15014158520093665
1,6cb222185e2c92ba,2026-08-01,0,casual_focused,0.15085366643981468,0.4509942735043806
1,6cfa78e4e6af644b,2026-08-01,0,ranked_solo_focused,0.04042288550998009,0.11065197598620405
1,6d42f14d56818889,2026-08-01,0,casual_focused,0.009725768411941985,0.03456025119929302
1,6d926e4a0be6a388,2026-08-01,0,ranked_solo_focused,0.06557736291354815,0.21482264694032138
1,6d9fe268d6c9a65a,2026-08-01,0,ranked_solo_focused,0.07990509291827944,0.35099279567017116
1,6dca2bef02df2780,2026-08-01,0,casual_focused,0.7107140197344998,0.584339456378749
1,6df54d089271e36c,2026-08-01,0,ranked_solo_focused,0.4598310920230571,0.7735978550146998
1,6e1a380cb148b00a,2026-08-01,1,ranked_solo_focused,0.3997993896776217,0.42862449254913115
1,6e8bac7fcd58df75,2026-08-01,0,ranked_solo_focused,0.4977300672095705,0.6736929494624014
1,6ec98ca15d43d1e0,2026-08-01,1,ranked_solo_focused,0.24236716926901888,0.4597273300448144
1,6f05eca420d4d258,2026-08-01,1,mixed_or_other,0.703256285157964,0.7212589071032195
1,6f1984c88a9317fb,2026-08-01,0,ranked_solo_focused,0.029133675505618087,0.026511607017741877
1,6f4d8ed0ea15e5d9,2026-08-01,0,insufficient_recent_games,0.5008230733321248,0.1739086147206817
1,6fa987906b7fb7ff,2026-08-01,1,ranked_solo_focused,0.6588928939805383,0.7480783814758164
1,6fc1095b181d6829,2026-08-01,0,ranked_solo_focused,0.03230924703629831,0.04050627164692359
1,700ae1bf41eaa37b,2026-08-01,1,ranked_solo_focused,0.06112327427809229,0.20889677440115628
1,70632f98cccca6c2,2026-08-01,0,ranked_solo_focused,0.0943934436605197,0.2218520653759014
1,70c0d890f8906074,2026-08-01,0,insufficient_recent_games,0.7255308278814045,0.845695436343892
1,70f7edf7972b0f6e,2026-08-01,0,insufficient_recent_games,0.25324061284231975,0.272437436551998
1,71738222ca8ba0d2,2026-08-01,0,ranked_solo_focused,0.03384720138418379,0.06961897704128076
1,7259e6b0d3cd6a58,2026-08-01,0,casual_focused,0.009471327684264907,0.009669339324526438
1,726c4f30ec344953,2026-08-01,0,mixed_or_other,0.039945846396039965,0.09465036689054905
1,7295f03fa4bcc66d,2026-08-01,0,insufficient_recent_games,0.4733405263556916,0.8093405203162712
1,729dd97e3a0aea51,2026-08-01,0,insufficient_recent_games,0.08399957785764513,0.3801241987157001
1,72aecf1a60468579,2026-08-01,0,mixed_or_other,0.5407694795896794,0.7682659078110369
1,72cf219c06f4f37e,2026-08-01,0,ranked_solo_focused,0.22016509663889822,0.5606156121771709
1,72f9aaffa391428c,2026-08-01,0,ranked_solo_focused,0.16766821965859055,0.3760969990018522
1,73c7e258aa008a6d,2026-08-01,0,casual_focused,0.016718377919028984,0.020542291149125896
1,749de0f3d14315d2,2026-08-01,0,mixed_or_other,0.02991248805669497,0.06765973577810432
1,7524e51265bfb4ec,2026-08-01,1,ranked_solo_focused,0.356041517677066,0.40965035476505335
1,75454d760d4b5756,2026-08-01,0,ranked_solo_focused,0.042362396034998744,0.16846742918101842
1,75f9041e86c3a99f,2026-08-01,1,ranked_solo_focused,0.3049445718788083,0.5309321145329148
1,761c678164ef8535,2026-08-01,0,mixed_or_other,0.273895622227355,0.4232581717103726
1,76db8878379e7637,2026-08-01,0,ranked_solo_focused,0.18910806621514656,0.41053081171310385
1,76e7f57fb5ff7ecd,2026-08-01,0,casual_focused,0.058916794592159386,0.11564617635465299
1,7771af818bc3c097,2026-08-01,0,mixed_or_other,0.031129999002732105,0.07723626043304507
1,77b094bb42804efb,2026-08-01,0,ranked_solo_focused,0.039712949084001206,0.11678709838754435
1,78606c7b010e78db,2026-08-01,0,mixed_or_other,0.04928635944558178,0.11353102218435798
1,787ccfd9bb7acd2b,2026-08-01,0,ranked_solo_focused,0.02921606539048426,0.06736180462941155
1,78f35c2d7c655eaa,2026-08-01,0,mixed_or_other,0.010063941557739082,0.057410956394493895
1,792e23ad41ab5669,2026-08-01,0,ranked_solo_focused,0.19303746044134537,0.3515106889411058
1,79d8bb92e6a05456,2026-08-01,0,insufficient_recent_games,0.8807179465470216,0.9003031708022403
1,79ee45f2cabc4162,2026-08-01,0,insufficient_recent_games,0.3225482695759,0.6486029152384679
1,7a0cc8c5eee871d4,2026-08-01,1,casual_focused,0.46598765286264177,0.7012397601338339
1,7a776f6dc0c7c3ee,2026-08-01,0,ranked_solo_focused,0.07281155823538231,0.2287704030243371
1,7b0877b6b9127f2f,2026-08-01,0,insufficient_recent_games,0.4215885743998362,0.7069149297339989
1,7b2d3d071a8c343d,2026-08-01,0,mixed_or_other,0.14871772598344835,0.15038099391693266
1,7bc67f7a0682c5e2,2026-08-01,1,insufficient_recent_games,0.5092611209101492,0.8438249678925591
1,7c36de9331f66a97,2026-08-01,0,ranked_solo_focused,0.09732871285975903,0.3064407726252303
1,7d4c767fa3bd7b3b,2026-08-01,0,ranked_solo_focused,0.13725779702227497,0.43537887257404045
1,7d837433db2d4b18,2026-08-01,0,ranked_solo_focused,0.15591620429495626,0.1730419304088106
1,7d992c6b93b84f0a,2026-08-01,0,ranked_solo_focused,0.10128379953540925,0.24420139821216433
1,7dd5f0a3bbb12a45,2026-08-01,0,ranked_solo_focused,0.14804336665041173,0.4980660661042187
1,7e490bc64c2d55fb,2026-08-01,0,ranked_solo_focused,0.6285565753728515,0.7886012387974608
1,7e55e2507da41096,2026-08-01,0,insufficient_recent_games,0.22107810859378274,0.6672262498209021
1,7f16e23d7758de97,2026-08-01,0,ranked_solo_focused,0.06471908604785188,0.16449145795645265
1,7f6073aef2d80793,2026-08-01,0,ranked_solo_focused,0.25714662128051957,0.2943442865609736
1,80503aad8a618d7a,2026-08-01,0,casual_focused,0.22156933044082028,0.06340137019889455
1,80ba2ff93f15065f,2026-08-01,0,ranked_solo_focused,0.039208407186004504,0.09621176836813894
1,8108dd8e5237c993,2026-08-01,0,ranked_solo_focused,0.04262034217398428,0.05649413619283353
1,82e7d81b72b4e10f,2026-08-01,0,ranked_solo_focused,0.07958007213119311,0.26012669098389535
1,83135cef180677f8,2026-08-01,0,insufficient_recent_games,0.22199368467099995,0.6924242373173604
1,8357c1d7f99025d0,2026-08-01,1,ranked_solo_focused,0.10643779652595102,0.5074472831151824
1,83e8a75513daa73d,2026-08-01,0,casual_focused,0.027046862154146995,0.055713333456614764
1,8459941622958d25,2026-08-01,0,mixed_or_other,0.05195989950532498,0.11143487434925975
1,85928afec42ecc6d,2026-08-01,0,ranked_solo_focused,0.6137058011096579,0.8515092901776168
1,85fe74875c024eaa,2026-08-01,0,ranked_solo_focused,0.06567498668587744,0.19904939709444555
1,865738170bd07a1b,2026-08-01,0,mixed_or_other,0.17005294922118064,0.4581663071102871
1,87f8e3e389b913be,2026-08-01,0,mixed_or_other,0.020425308708710357,0.008411525925786773
1,8832fe5c8a3c0e05,2026-08-01,1,mixed_or_other,0.4519044883158817,0.6227445391704798
1,88f32004fd3e431a,2026-08-01,0,ranked_solo_focused,0.590990519334342,0.8596529652491448
1,89b7b507a1730a33,2026-08-01,0,ranked_solo_focused,0.1750431194235278,0.11709662787073001
1,8abd7939c21373e2,2026-08-01,0,ranked_solo_focused,0.23146482012592462,0.5901902970215079
1,8b047bc6ffd1e51d,2026-08-01,1,insufficient_recent_games,0.11865026767252383,0.4322204832784428
1,8b6dfd1bf11c9195,2026-08-01,0,ranked_solo_focused,0.035682747000416806,0.06321369349923629
1,8caff611cc65054f,2026-08-01,1,casual_focused,0.4962251363724684,0.7697025533537231
1,8d114115c44e4341,2026-08-01,0,ranked_solo_focused,0.04228184178565063,0.16427665692853483
1,8df20cd434eabc6b,2026-08-01,0,ranked_solo_focused,0.1619774787877174,0.32956631896479294
1,8e79144dacac779a,2026-08-01,0,insufficient_recent_games,0.18941961484492412,0.2862264473393128
1,8f2eaa19556d0f63,2026-08-01,0,ranked_solo_focused,0.15694576843466485,0.476694914326524
1,8f997d7dfaf545bb,2026-08-01,0,ranked_solo_focused,0.05610950372932445,0.09924558116353802
1,8fc15af7855f35b1,2026-08-01,0,ranked_solo_focused,0.17212960678725783,0.3413663718032019
1,8fe92a114aa8db1a,2026-08-01,0,ranked_solo_focused,0.33724494870695804,0.7067823318823296
1,902d08ec945e4e34,2026-08-01,0,insufficient_recent_games,0.29374540654143694,0.20772840923733554
1,90916c7e102df5cd,2026-08-01,1,casual_focused,0.7389522232930597,0.6964892954295703
1,90a7886117b144c3,2026-08-01,0,mixed_or_other,0.023705173920921356,0.051493906866418346
1,90cdd3a724faeca3,2026-08-01,1,insufficient_recent_games,0.20333053666732137,0.19962415943232212
1,90e15bd0debf2ca4,2026-08-01,0,mixed_or_other,0.014790812097778563,0.018605280690975827
1,92da3cfffb14e5ac,2026-08-01,0,mixed_or_other,0.02176837160892979,0.032617952310134785
1,92e8d13ed560031c,2026-08-01,0,ranked_solo_focused,0.07597798903941452,0.35621464995109064
1,940a2889a0a02a63,2026-08-01,0,ranked_solo_focused,0.2443830278937114,0.24623127537241285
1,94b4163982e2be2a,2026-08-01,0,mixed_or_other,0.31092101567221614,0.37824296765773097
1,95138601a9a8ee46,2026-08-01,0,ranked_solo_focused,0.13570786789617706,0.412332420885143
1,956bd2d88db46a7e,2026-08-01,0,mixed_or_other,0.11791836850846711,0.4202817484136266
1,957c1db9a68a53e3,2026-08-01,0,ranked_solo_focused,0.027753300791329386,0.0917660834067086
1,958484c8eb4f1dea,2026-08-01,0,ranked_solo_focused,0.0800190663477644,0.13427548000634676
1,958be5a9a55a81e8,2026-08-01,0,casual_focused,0.13478746230727623,0.25075847089090847
1,96b6712ea6066b91,2026-08-01,0,ranked_solo_focused,0.00938368795036077,0.020696305849677025
1,96f45c518539a896,2026-08-01,0,mixed_or_other,0.06116549451204891,0.18116034961930153
1,9769e9d5f06480d8,2026-08-01,0,insufficient_recent_games,0.7188555495673845,0.688636605095536
1,97c0b584ef244c7e,2026-08-01,1,ranked_solo_focused,0.4053023997483365,0.6643370388719323
1,97f4be0f8c332f59,2026-08-01,0,ranked_solo_focused,0.06474324840466601,0.3363942403450537
1,99243ebbbb0529d0,2026-08-01,0,ranked_solo_focused,0.18005909206002912,0.1561935649885741
1,9a139f459b490137,2026-08-01,0,ranked_solo_focused,0.10464991061772111,0.32207605307372533
1,9a603b2ecdff6bf1,2026-08-01,0,ranked_solo_focused,0.13344704985799255,0.05977049216480564
1,9a7d1c980913ec5a,2026-08-01,0,ranked_solo_focused,0.0892605718575169,0.14945044542358352
1,9a9ff338291df581,2026-08-01,1,insufficient_recent_games,0.5947204295394662,0.7472184160414839
1,9ae331b95f5a663f,2026-08-01,0,mixed_or_other,0.024519171381028212,0.03271715352448601
1,9b6f7ceeebdc1e17,2026-08-01,0,insufficient_recent_games,0.14445561574447155,0.547182100295207
1,9b96904d5db73ad4,2026-08-01,1,ranked_solo_focused,0.11441060397360463,0.24786938070189704
1,9ba545dae87c2943,2026-08-01,0,mixed_or_other,0.020415015528605578,0.04618982703503208
1,9c4dde7a4b773406,2026-08-01,0,ranked_solo_focused,0.06795227431713224,0.20513224175665234
1,9ca9153107803d8a,2026-08-01,0,mixed_or_other,0.012177211867320957,0.05672063278258322
1,9caf475f9f1df940,2026-08-01,0,mixed_or_other,0.008510518116997358,0.019316491297229683
1,9dbc7178b94e66d6,2026-08-01,0,insufficient_recent_games,0.44018636234096575,0.6162125517203718
1,9e65c808b00ba5b8,2026-08-01,0,mixed_or_other,0.2754331914306409,0.14649940465406514
1,9ea74fded6cce539,2026-08-01,0,insufficient_recent_games,0.7960419205779584,0.8313986880399077
1,9f15f4a1e22d20c7,2026-08-01,0,ranked_solo_focused,0.27876694435325455,0.5481607516918447
1,9fc795ef7f140cc0,2026-08-01,0,ranked_solo_focused,0.06710472373133354,0.11096180994113168
1,9fd35c7f7083885d,2026-08-01,0,mixed_or_other,0.043406448662949085,0.10031987758033256
1,a1261402afba0f75,2026-08-01,0,mixed_or_other,0.00942441687692467,0.0049033404712083275
1,a1a895f6d716502f,2026-08-01,0,ranked_solo_focused,0.11669637971175655,0.1146398459221426
1,a241a169a73d62d3,2026-08-01,0,ranked_solo_focused,0.114244911975745,0.3084978906525333
1,a24684e3fa5faa23,2026-08-01,1,insufficient_recent_games,0.47348559674521257,0.7589465252111514
1,a26bd11208448b82,2026-08-01,0,ranked_solo_focused,0.11584592961402575,0.4066270878433906
1,a29d66af62844dfd,2026-08-01,0,ranked_solo_focused,0.05586305701883317,0.12458275353299528
1,a3dd767529053b0a,2026-08-01,0,mixed_or_other,0.06021792439816941,0.10893457575887883
1,a3fd80de9dc7cd70,2026-08-01,0,insufficient_recent_games,0.5328631240977779,0.8257384840649673
1,a47d173b8743ed77,2026-08-01,0,ranked_solo_focused,0.18535381656107927,0.23490732970037617
1,a5fd38156c71ca40,2026-08-01,0,insufficient_recent_games,0.23713290711918303,0.6110315151019082
1,a6361f7eb3fc5845,2026-08-01,1,ranked_solo_focused,0.07242442725330157,0.12110883616724287
1,a6e88b2afed41bdf,2026-08-01,1,ranked_solo_focused,0.3627411549879318,0.6783180042754093
1,a774007644646681,2026-08-01,0,casual_focused,0.1988005218353026,0.4987997355388459
1,a8049313b3b93147,2026-08-01,0,insufficient_recent_games,0.09242286862937937,0.2547811382094474
1,a80bbabbabffbc40,2026-08-01,0,mixed_or_other,0.06320768467643927,0.2633827043780484
1,a81ae34c82079b98,2026-08-01,0,ranked_solo_focused,0.15260304360798768,0.3058771356360733
1,aa24c36aa9a2e0a3,2026-08-01,0,ranked_solo_focused,0.05702562049395694,0.06639544985807981
1,aa380779241472bd,2026-08-01,1,insufficient_recent_games,0.2875597505579555,0.5462270394938524
1,aa9687ce4d75d8dc,2026-08-01,0,mixed_or_other,0.07410350817411052,0.30787235475963165
1,aafae660f1c64458,2026-08-01,0,ranked_solo_focused,0.0850823109923895,0.06844881023862054
1,aba387f93b5e04e9,2026-08-01,0,ranked_solo_focused,0.3058089785573214,0.7314445229065102
1,ac25374abc578832,2026-08-01,0,ranked_solo_focused,0.08922967231756389,0.25594814824055123
1,ac8fae57837a95a4,2026-08-01,0,ranked_solo_focused,0.1597128777333056,0.24394599289671332
1,acc13af307e10a4e,2026-08-01,0,ranked_solo_focused,0.05416363323214463,0.30304956519465315
1,ad647aa9c116be22,2026-08-01,0,ranked_solo_focused,0.06394801999066803,0.139406430539957
1,ad79b8a9d6874712,2026-08-01,0,mixed_or_other,0.0781986219762411,0.14383864814484768
1,adbf206f412e6c8a,2026-08-01,1,casual_focused,0.11615574054950067,0.2088168408776912
1,ae0d3312e1df8c4a,2026-08-01,0,casual_focused,0.13900839389920377,0.2104218373050298
1,ae2a7a7f10b9028d,2026-08-01,0,mixed_or_other,0.1568032912589476,0.22327412984571154
1,ae6a818bf9124092,2026-08-01,0,mixed_or_other,0.02064234977391821,0.08638517814052714
1,aecd6b74944828c2,2026-08-01,0,insufficient_recent_games,0.09808330834914666,0.5666298310705555
1,af221dac20b5cf79,2026-08-01,1,ranked_solo_focused,0.22395470016656488,0.3836185702989449
1,af3f3cd2da013481,2026-08-01,0,ranked_solo_focused,0.7576216796184884,0.8601724010746997
1,af70026f0d8683fd,2026-08-01,0,insufficient_recent_games,0.30527710012088033,0.5374336165706207
1,b0195308fdefef45,2026-08-01,0,insufficient_recent_games,0.2028829700906108,0.463397452221943
1,b06d4751fac4bdb0,2026-08-01,0,ranked_solo_focused,0.05060138780732535,0.23597668982038408
1,b15eb8b84b46ea69,2026-08-01,0,ranked_solo_focused,0.26241780221764754,0.6340916249711023
1,b16280f6c3715aae,2026-08-01,0,insufficient_recent_games,0.15443815510822262,0.3632028671876245
1,b243a840f10df627,2026-08-01,0,ranked_solo_focused,0.19170407435144343,0.3500577760374153
1,b27a0e6ef8ce17f5,2026-08-01,0,mixed_or_other,0.1265692953623709,0.1636259798449313
1,b28d5595cb5255b5,2026-08-01,0,mixed_or_other,0.1740296302974193,0.3983158572435986
1,b2e491562a2cf34b,2026-08-01,0,ranked_solo_focused,0.20679402451675372,0.47502484782069937
1,b3638b644e58807f,2026-08-01,0,casual_focused,0.08790971109868896,0.17943713691639937
1,b3a2018fa3742a56,2026-08-01,0,insufficient_recent_games,0.1946214792301704,0.4140219045734831
1,b46a5d12e771e496,2026-08-01,0,casual_focused,0.009176897179527996,0.008471910704610196
1,b4c4ce65c8375639,2026-08-01,0,ranked_solo_focused,0.08258128388632514,0.24708673119202812
1,b522e9c818d5a4a8,2026-08-01,0,ranked_solo_focused,0.0607531007803632,0.05121174326454419
1,b5e1ebc1a8493a30,2026-08-01,0,ranked_solo_focused,0.4392324660466677,0.6768885149561936
1,b5ea02740f3cb594,2026-08-01,0,mixed_or_other,0.4357538133857473,0.7086503416579517
1,b74c70067f035992,2026-08-01,0,ranked_solo_focused,0.05521751178440777,0.1911150272860198
1,b764a026727da601,2026-08-01,0,mixed_or_other,0.01865478474555009,0.050345957039248684
1,b8f14d108ed0b4a5,2026-08-01,0,ranked_solo_focused,0.24214716457543672,0.46140834736296066
1,b95552bdbd56b264,2026-08-01,0,insufficient_recent_games,0.09932680706096242,0.4141191538845955
1,b9d04710867a0a26,2026-08-01,0,ranked_solo_focused,0.282748826228043,0.30261123450161126
1,ba2aafa60fe269de,2026-08-01,0,ranked_solo_focused,0.09033003043621661,0.13244843622835673
1,bb3b3e4da86d9ce9,2026-08-01,1,insufficient_recent_games,0.14896700163957025,0.4952732474494834
1,bb582ef0734a240e,2026-08-01,0,ranked_solo_focused,0.025180089229783265,0.07488036177222959
1,bc05071c7d551c88,2026-08-01,0,ranked_solo_focused,0.033771844146654004,0.09477063117235755
1,bc123b47a9812521,2026-08-01,0,ranked_solo_focused,0.05231008274756605,0.12004554716597972
1,bd5df7b0046cc5ec,2026-08-01,1,ranked_solo_focused,0.058860072514622885,0.2546866488902252
1,bdb9b20a25c45de9,2026-08-01,0,mixed_or_other,0.16971569407612686,0.32436850137354106
1,bdfbf63836c78a7d,2026-08-01,0,mixed_or_other,0.02158589276507453,0.04345970301393465
1,beb00016835379b0,2026-08-01,0,ranked_solo_focused,0.010456160872729828,0.020438649405073676
1,bef82a503520fe50,2026-08-01,0,ranked_solo_focused,0.03884077284198952,0.11784109862151308
1,bfdada2f9f6aeb00,2026-08-01,1,ranked_solo_focused,0.7316228194827473,0.7676292964076927
1,bfdcdc2960ad08e4,2026-08-01,0,ranked_solo_focused,0.5055772919112862,0.7051505117841268
1,c00a44d7b8453316,2026-08-01,0,mixed_or_other,0.02447048195767028,0.06204322432788339
1,c0b3417b3e8c7486,2026-08-01,1,casual_focused,0.13023646029163255,0.4024290025354881
1,c1c9bd4ccfe723db,2026-08-01,0,insufficient_recent_games,0.2126684682724236,0.5910811663697805
1,c2ef48d9542b8ed8,2026-08-01,0,ranked_solo_focused,0.17782867526801915,0.2647521280870893
1,c3a50ed5d7a7edd2,2026-08-01,0,ranked_solo_focused,0.05175087188893615,0.13496569626751842
1,c48ced7f90c17af1,2026-08-01,0,ranked_solo_focused,0.16186084100232626,0.36984564548854226
1,c51e07de6fc6688b,2026-08-01,0,ranked_solo_focused,0.16022375130179514,0.4339697357949671
1,c5323a14ff0b83fb,2026-08-01,0,ranked_solo_focused,0.10364718019394255,0.4244368906345393
1,c55d2f9962f1a374,2026-08-01,1,ranked_solo_focused,0.43648647783272276,0.8357756589837165
1,c5a49bc7c2a751f0,2026-08-01,0,mixed_or_other,0.038877240102104,0.08918216146532361
1,c5bd619a6d6deffd,2026-08-01,0,casual_focused,0.1916481210418711,0.34443487918861704
1,c608006b6a20f757,2026-08-01,0,ranked_solo_focused,0.05268727915045027,0.0945858226228997
1,c66101bb73460d6a,2026-08-01,0,ranked_solo_focused,0.2967219682929118,0.48822323087376857
1,c6c399a03d66147d,2026-08-01,0,ranked_solo_focused,0.022303654181806302,0.0794298334310035
1,c6d5f0bab0a66049,2026-08-01,0,ranked_solo_focused,0.042654176709145404,0.1735750938395082
1,c717626607e3881d,2026-08-01,0,ranked_solo_focused,0.11797378533149924,0.37706307250035465
1,c73927d61fe3201e,2026-08-01,0,ranked_solo_focused,0.24221902065230333,0.5706278063118815
1,c759fcc0c42cf19d,2026-08-01,0,casual_focused,0.0842366236582729,0.17958476917484134
1,c890fe83da509848,2026-08-01,0,insufficient_recent_games,0.1399085986792534,0.5486542109974741
1,c8bfb56cb52f09c9,2026-08-01,0,insufficient_recent_games,0.27451913471066197,0.522976469388906
1,c8d54305e368f615,2026-08-01,0,ranked_solo_focused,0.16945156700861988,0.42422370647692376
1,c90fde2b9e8c8d9c,2026-08-01,0,mixed_or_other,0.029945034803097025,0.06042730407758571
1,ca114f61884f99b0,2026-08-01,0,mixed_or_other,0.1317285312469708,0.36006678417715215
1,ca46d65763103bfd,2026-08-01,0,mixed_or_other,0.25884898912275633,0.4403103293629238
1,ca92287c9fbcbbca,2026-08-01,0,mixed_or_other,0.06554301500477837,0.07833704600968192
1,ce17abb3f933607e,2026-08-01,0,ranked_solo_focused,0.04708739753823878,0.14927356407592993
1,ce45fdb857219890,2026-08-01,0,ranked_solo_focused,0.014502924959560822,0.037351243945111745
1,cefe75b9b49cd6e4,2026-08-01,0,ranked_solo_focused,0.28610138329883356,0.44972800951910613
1,d0d2df123e6865e5,2026-08-01,0,ranked_solo_focused,0.06806431588791331,0.12994236549189836
1,d284fec797ae50fa,2026-08-01,1,insufficient_recent_games,0.08162742970508684,0.296995425368534
1,d2dd18c3bc9879e7,2026-08-01,0,mixed_or_other,0.012631060835239271,0.007600880266238506
1,d486842865d88aca,2026-08-01,0,insufficient_recent_games,0.21845520609351696,0.5611577002827144
1,d48cc081d9165a17,2026-08-01,1,insufficient_recent_games,0.45600241901231725,0.6252253008066814
1,d501f1912a693e3c,2026-08-01,0,ranked_solo_focused,0.15986473694520326,0.5331641795544015
1,d5d6211e2f8ccb27,2026-08-01,1,ranked_solo_focused,0.1258888823662952,0.40403483883764724
1,d5df08fd24f53b40,2026-08-01,0,ranked_solo_focused,0.021111511122327956,0.12933782336663963
1,d618bc2e4152a6de,2026-08-01,0,insufficient_recent_games,0.09340091575166408,0.27972334135512317
1,d6745b4f5c3d41d9,2026-08-01,0,ranked_solo_focused,0.0331311028172344,0.05080492759800934
1,d6f2e451fb77ccca,2026-08-01,0,insufficient_recent_games,0.5567946739185095,0.7846630342481695
1,d760caf6147f307f,2026-08-01,0,ranked_solo_focused,0.036277877269261835,0.12855323677036223
1,d7a4be7953276a46,2026-08-01,0,ranked_solo_focused,0.10873069032113998,0.14020227735893168
1,d8308a2fb2d9155d,2026-08-01,0,ranked_solo_focused,0.029038604807951274,0.0789424153847577
1,d87d4ec86044f014,2026-08-01,0,ranked_solo_focused,0.10693883259555005,0.2263458382107407
1,d8fb875ad9e2860e,2026-08-01,0,casual_focused,0.07954032841525717,0.09591575829660222
1,d8fe81b7b0ff7676,2026-08-01,0,casual_focused,0.11978339710368502,0.23802249118353308
1,d97a5bee8f144024,2026-08-01,0,ranked_solo_focused,0.1892572643761835,0.6071937296280533
1,d9e5061bdc4705ff,2026-08-01,0,ranked_solo_focused,0.2851072618584091,0.6497454060928708
1,da9bf918aac4920a,2026-08-01,0,mixed_or_other,0.10998487082847193,0.3618801668337085
1,dbe9130968332ed7,2026-08-01,0,casual_focused,0.10570749146462849,0.18696286897247835
1,dc05e698c65977ab,2026-08-01,0,ranked_solo_focused,0.0688384017369159,0.3175197497559292
1,dc5c27cc00046246,2026-08-01,0,ranked_solo_focused,0.32246526923920094,0.563255793166293
1,dc6c97c77992dab7,2026-08-01,1,ranked_solo_focused,0.10081649553392204,0.22827243952391787
1,ddc290fd4f8fbbbf,2026-08-01,1,mixed_or_other,0.04832236283576802,0.04120925068390529
1,de1d77615f65d492,2026-08-01,0,casual_focused,0.008562337709854708,0.005601896559208571
1,df31ef4cac9779d2,2026-08-01,0,ranked_solo_focused,0.15123711874129514,0.3161226063029306
1,df65daccb946ead4,2026-08-01,0,ranked_solo_focused,0.08962442106213586,0.24263990997159762
1,e051e198573fb288,2026-08-01,1,insufficient_recent_games,0.8900739422892666,0.8880972101336186
1,e08a5c1a115619df,2026-08-01,0,ranked_solo_focused,0.06560051502643849,0.1804674166445741
1,e0a61d56f21f288e,2026-08-01,0,ranked_solo_focused,0.03266167621841193,0.09210259032787947
1,e0db39778751839b,2026-08-01,0,ranked_solo_focused,0.021952519810439965,0.05738441587000182
1,e1503acfa140750e,2026-08-01,1,ranked_solo_focused,0.7144711810272033,0.7686878144630525
1,e2a899dba1ddb40e,2026-08-01,0,casual_focused,0.011699873975429372,0.016187662131692915
1,e322f6fb39627a50,2026-08-01,0,ranked_solo_focused,0.17673546563075015,0.5202426709399967
1,e3d1c81443563acc,2026-08-01,1,insufficient_recent_games,0.34509431054315687,0.6916009153549029
1,e49129e21c77fd46,2026-08-01,0,ranked_solo_focused,0.019099033198283086,0.039271777841002595
1,e558403e6d92d041,2026-08-01,0,casual_focused,0.02426328350357299,0.015177745750456021
1,e56d5a354874645a,2026-08-01,0,casual_focused,0.015443861141085478,0.024072395984489327
1,e58081104654e5b2,2026-08-01,0,insufficient_recent_games,0.19712947059756766,0.644446063156353
1,e7040f2379570d2f,2026-08-01,0,mixed_or_other,0.031561617793810746,0.07394132115051619
1,e73f5e63e6f82cf6,2026-08-01,0,mixed_or_other,0.047872292792535645,0.06372264430929797
1,e768c2d17b54f989,2026-08-01,0,ranked_solo_focused,0.07141771777529085,0.1373471965967324
1,e77d2078eddc324a,2026-08-01,0,insufficient_recent_games,0.18366392157947253,0.6092003299529285
1,e7b157a06d48e0fe,2026-08-01,1,ranked_solo_focused,0.17989523491097564,0.5075953217219579
1,e7f74f6a765e276d,2026-08-01,0,mixed_or_other,0.17478884420544546,0.36278232566340607
1,e80edefa4af3e020,2026-08-01,1,ranked_solo_focused,0.11347524517143259,0.14461966575213456
1,e860df3f39c07213,2026-08-01,0,ranked_solo_focused,0.11415038690142078,0.35575942899594376
1,e8661cae5e38dc25,2026-08-01,0,ranked_solo_focused,0.14075926862677143,0.4174525411327839
1,e88b25ab79960bd1,2026-08-01,0,ranked_solo_focused,0.024190484029669616,0.08538288946162707
1,e89b390c17624769,2026-08-01,0,mixed_or_other,0.013629879099161232,0.015914659758173577
1,e8b6998e7d04f7a2,2026-08-01,0,ranked_solo_focused,0.06810460185020566,0.10162106773749811
1,e92224e3ace151fd,2026-08-01,0,mixed_or_other,0.008716537750201434,0.011092860115912704
1,e9268950f9edd1d2,2026-08-01,0,casual_focused,0.00793500411362707,0.009132174997254178
1,e9c7fd554f9f252e,2026-08-01,1,insufficient_recent_games,0.833412075820102,0.9266915355262819
1,ea6d656c84ecfb7f,2026-08-01,0,mixed_or_other,0.0712602602014602,0.2483971686059102
1,eb728394302ba694,2026-08-01,1,ranked_solo_focused,0.05590895542259578,0.15043206308107315
1,eb9cdce8c0c56985,2026-08-01,1,mixed_or_other,0.5737973378664866,0.7108123258615116
1,ec4c68d2b327f607,2026-08-01,0,ranked_solo_focused,0.08589123159588746,0.3130754309759288
1,ec884a6cf71305af,2026-08-01,0,ranked_solo_focused,0.07024978862534516,0.06918625840484179
1,ec8ed34481ba844d,2026-08-01,0,mixed_or_other,0.06049945534878189,0.19922469393530914
1,ecaebfc63c89d1a0,2026-08-01,0,mixed_or_other,0.030066990238622873,0.07649225280453431
1,eccf637814b32715,2026-08-01,0,insufficient_recent_games,0.3123293557843075,0.5756432032769787
1,ecf89f7eab55c0c6,2026-08-01,1,casual_focused,0.12495087615388274,0.4275450718494705
1,ed843e1f9f09803d,2026-08-01,0,ranked_solo_focused,0.2776177673709544,0.49550895392787697
1,ed992e6c7511faab,2026-08-01,0,ranked_solo_focused,0.2024907918818907,0.34924532698190086
1,eda45c524449cdcc,2026-08-01,0,ranked_solo_focused,0.19853526763662663,0.22840936564550676
1,edf0f57d95466d86,2026-08-01,1,insufficient_recent_games,0.296664065091792,0.6668759491561316
1,edfa1cb9a2eb0b3c,2026-08-01,0,ranked_solo_focused,0.08553411587154626,0.25318258169018665
1,eecb7004b9e6fc61,2026-08-01,1,insufficient_recent_games,0.5776848875715218,0.7509247124734336
1,eef6214f5223c906,2026-08-01,0,ranked_solo_focused,0.03271858152801194,0.08152677275371839
1,eef62725be6aab1c,2026-08-01,0,mixed_or_other,0.028724476923609608,0.14736388151842986
1,ef21c67723f0b102,2026-08-01,0,insufficient_recent_games,0.8866282398945579,0.789901027815944
1,ef94d05a457ff649,2026-08-01,0,mixed_or_other,0.054950235142790654,0.12246684172994282
1,efd0bf3088e9f130,2026-08-01,0,insufficient_recent_games,0.16503900310891267,0.44670733371657007
1,efe2e08b8f63c01a,2026-08-01,0,ranked_solo_focused,0.07760803376597862,0.23335535653676526
1,f0819231a9718e2e,2026-08-01,0,ranked_solo_focused,0.01862195397578681,0.06747582882604751
1,f091e14ef1aea014,2026-08-01,0,ranked_solo_focused,0.19148034960084612,0.45476857102750035
1,f114ee248330c5ff,2026-08-01,0,ranked_solo_focused,0.29777339024855987,0.657892254386057
1,f1dce9bd42f8dfef,2026-08-01,1,insufficient_recent_games,0.6760965761383055,0.8321306235856739
1,f2299202d5ce31fc,2026-08-01,0,ranked_solo_focused,0.06517926305042117,0.06618294278595706
1,f3895b59c5537971,2026-08-01,0,ranked_solo_focused,0.08582631164239206,0.2611419912169937
1,f38bbf1f7bade669,2026-08-01,0,ranked_solo_focused,0.11103666256244805,0.42379417836961514
1,f39aec30f987bbd8,2026-08-01,0,insufficient_recent_games,0.09878319600513986,0.14889696819945225
1,f468b545e11fbe17,2026-08-01,0,ranked_solo_focused,0.273194319409843,0.47664907765093417
1,f4973aba0d111619,2026-08-01,0,insufficient_recent_games,0.2529931188410918,0.5311264234233867
1,f4e498b4cd3cc5aa,2026-08-01,0,ranked_solo_focused,0.3675213743663423,0.5469991813930554
1,f532fa5618cfff04,2026-08-01,0,mixed_or_other,0.16749655771795635,0.36656530955763417
1,f550f6243310af59,2026-08-01,0,ranked_solo_focused,0.06132557882405017,0.12537151587239573
1,f65698e450cb4ca0,2026-08-01,0,ranked_solo_focused,0.11353150826635983,0.3101490056454579
1,f781530f00b3fc08,2026-08-01,0,mixed_or_other,0.05128007965200302,0.08855777478221474
1,f788de6da2b3c6ac,2026-08-01,1,casual_focused,0.07622254008760528,0.3710984281634957
1,f7cc7434f047173b,2026-08-01,1,insufficient_recent_games,0.08723793597892944,0.4106869583185789
1,f830d5d66f5877db,2026-08-01,0,mixed_or_other,0.051470347014481374,0.20931843738760222
1,f8805881a2dcce84,2026-08-01,0,ranked_solo_focused,0.18219858613284426,0.29161341708765603
1,f948dc37255e210a,2026-08-01,1,ranked_solo_focused,0.8043320686674688,0.8969275198918522
1,fa021bc74bc3e61a,2026-08-01,0,ranked_solo_focused,0.5009388800315451,0.573608743562039
1,fa27d7ab20683ffd,2026-08-01,0,ranked_solo_focused,0.05869200011804538,0.10364234937005458
1,fae43a976bbc62b1,2026-08-01,1,insufficient_recent_games,0.35816971927683344,0.6804542033080868
1,fb986f5d2eee4b1d,2026-08-01,0,insufficient_recent_games,0.30201269947463855,0.8925313048770306
1,fbe9e0862e9d9a51,2026-08-01,1,ranked_solo_focused,0.051204585189082365,0.07501306333680406
1,fc8fb72d30197032,2026-08-01,0,casual_focused,0.03643655211567418,0.16881689608133676
1,fd0b988857b15810,2026-08-01,0,ranked_solo_focused,0.032458634335692044,0.03892036105226372
1,fd22ac79c4d9c067,2026-08-01,0,mixed_or_other,0.038086441157353955,0.11866367573394723
1,fe0d3a9f745e719e,2026-08-01,1,insufficient_recent_games,0.5213732007215415,0.7912273468157718
1,fe94c020cd95e281,2026-08-01,0,mixed_or_other,0.15505191181538616,0.11850712555623064
1,fe9ef6d91f4c7239,2026-08-01,0,mixed_or_other,0.01618671689198763,0.06606221510776292
1,fed7181527fd1083,2026-08-01,0,ranked_solo_focused,0.1289648831709129,0.23265580542883074
1,ff2872c2806ec4c1,2026-08-01,0,ranked_solo_focused,0.018272599842045968,0.03936581446635663
1,ff61c2990bf611f3,2026-08-01,0,casual_focused,0.253513895399715,0.6462820343327303
1,ffc6469c77a9add9,2026-08-01,0,ranked_solo_focused,0.04988352868427847,0.1598706790819792
2,0002a4b30678c86c,2026-08-01,0,mixed_or_other,0.274925297736657,0.6031744815318005
2,005e5c3646307964,2026-08-01,0,mixed_or_other,0.1115105930841682,0.35223124055041216
2,014a4dec48ece478,2026-08-01,0,ranked_solo_focused,0.027098538411282208,0.06307295729273042
2,0154f214ec1e0234,2026-08-01,0,ranked_solo_focused,0.04306745839177937,0.04862948305587081
2,017a01726ff661de,2026-08-01,0,insufficient_recent_games,0.2151554791335525,0.5795531431982177
2,01fc5059633603e3,2026-08-01,0,insufficient_recent_games,0.6768158104526052,0.804141209125558
2,0231b1c875f38928,2026-08-01,0,casual_focused,0.038150344303009086,0.1839209389827298
2,02ea077990ea05bc,2026-08-01,0,mixed_or_other,0.031939124354779136,0.10997425601363513
2,032ed824f14a1f42,2026-08-01,0,mixed_or_other,0.019309207249674127,0.03034547690064925
2,043f88fed5e3de70,2026-08-01,0,mixed_or_other,0.40577548980171385,0.7673531950027374
2,04ca774af3b973a1,2026-08-01,0,mixed_or_other,0.1581762505680628,0.5313556857508573
2,05329912e4b78e2f,2026-08-01,0,ranked_solo_focused,0.6374294805365183,0.7143948700731828
2,05a8cc580e66c1b0,2026-08-01,1,ranked_solo_focused,0.09556932049184404,0.33363585679183416
2,05a99b03e737960e,2026-08-01,1,ranked_solo_focused,0.23632935365249605,0.3595664932144466
2,06aa497c6c4d557d,2026-08-01,0,ranked_solo_focused,0.2798756297314699,0.544979016230045
2,06cfc518ea4b0a6a,2026-08-01,0,insufficient_recent_games,0.30895377776677957,0.6655543058453326
2,07d491101e716df7,2026-08-01,0,mixed_or_other,0.7421155782061072,0.7398429554501564
2,080b89ed5f5bf22c,2026-08-01,0,ranked_solo_focused,0.14690017211668116,0.20215639899227225
2,084d0f777a1f785c,2026-08-01,0,insufficient_recent_games,0.21215445695444207,0.4041016390808941
2,0877e71ed4007265,2026-08-01,0,mixed_or_other,0.03709438684041058,0.13063085121881152
2,0ab5ff8461a29d34,2026-08-01,1,ranked_solo_focused,0.21872907194769067,0.274006462409192
2,0b0ead7f1c8fdc03,2026-08-01,0,ranked_solo_focused,0.034517176153911665,0.07504982923667249
2,0b406822514e7765,2026-08-01,1,insufficient_recent_games,0.4960987702369373,0.7146980610241921
2,0b70b988a28ed100,2026-08-01,0,ranked_solo_focused,0.16503400265244975,0.48930896241830707
2,0bd7d4bfb6926ccc,2026-08-01,0,mixed_or_other,0.05711673004118877,0.24037397095666913
2,0bfe18f4534403d9,2026-08-01,1,casual_focused,0.11160329442143864,0.43984171436444874
2,0c49c3f98fa31b28,2026-08-01,0,mixed_or_other,0.030674158840168317,0.0649916893854954
2,0c5669ac32865189,2026-08-01,0,casual_focused,0.34418607462338835,0.3317967304249058
2,0ca0e590d1f60c5e,2026-08-01,0,mixed_or_other,0.008974001554028815,0.012558359143814011
2,0ca62b7a96e42a23,2026-08-01,0,insufficient_recent_games,0.19091481950819855,0.35983023864088487
2,0cd9cac24b1a17cf,2026-08-01,0,ranked_solo_focused,0.0568743684794578,0.10665513768194941
2,0d1cc77b8e0bc886,2026-08-01,0,ranked_solo_focused,0.2516903231508918,0.23098389484828855
2,0da18d7a4f8f9b86,2026-08-01,0,casual_focused,0.09485376687999775,0.348256220401279
2,0db562277469861d,2026-08-01,0,ranked_solo_focused,0.39485792459721875,0.5289947932447465
2,0dbab59467679d8a,2026-08-01,0,mixed_or_other,0.007602995326258267,0.011732092595048782
2,0f19a41df5dd06b4,2026-08-01,0,mixed_or_other,0.033770844374585204,0.078282474811213
2,0f2ac6a8b7c68217,2026-08-01,1,ranked_solo_focused,0.40525075743013256,0.3984369933011867
2,0f74615f3b8f66bd,2026-08-01,1,insufficient_recent_games,0.5942634940637929,0.761097913166516
2,0fb1d377c69365c6,2026-08-01,0,insufficient_recent_games,0.21437905637372728,0.5900490904446334
2,0fe067243f9eea71,2026-08-01,0,mixed_or_other,0.11510438409144051,0.21714695637376116
2,0fefd2ecf8a42402,2026-08-01,0,mixed_or_other,0.5706548140189053,0.7818796647576104
2,10a06bf73f6bc148,2026-08-01,0,mixed_or_other,0.034922352205267924,0.026468844187202776
2,114357692cf4d405,2026-08-01,0,mixed_or_other,0.11343905016209416,0.2626021850465232
2,1175ca19bed3865f,2026-08-01,0,ranked_solo_focused,0.014998186090905693,0.042846905903207215
2,11a296bccba76cb2,2026-08-01,0,ranked_solo_focused,0.14661939335047677,0.42735893011172393
2,125027c777192160,2026-08-01,0,ranked_solo_focused,0.16023316319332379,0.46165442662129835
2,12b39276ef97a6b5,2026-08-01,0,ranked_solo_focused,0.014870438507783896,0.01707213369439213
2,12d30588b166d0cc,2026-08-01,0,insufficient_recent_games,0.2523492851840828,0.62396930198519
2,12e90148e17e96eb,2026-08-01,0,insufficient_recent_games,0.23075269356182362,0.5800000400313601
2,13c0fddbd7227b7c,2026-08-01,0,ranked_solo_focused,0.05203377003320591,0.07372236178720941
2,13d2cbed862c4178,2026-08-01,0,mixed_or_other,0.09352312908184392,0.2831207331373642
2,13e21ea7511d9fed,2026-08-01,0,ranked_solo_focused,0.08754401299393734,0.1330107111056172
2,14332f41518b2a40,2026-08-01,0,ranked_solo_focused,0.1596345189171766,0.22260838037768643
2,146fe75018d92270,2026-08-01,0,casual_focused,0.31808850406456685,0.5771186529702147
2,14b6c45a574e8d90,2026-08-01,0,insufficient_recent_games,0.330981069491838,0.5687528718461565
2,14d14de87874cd3e,2026-08-01,0,mixed_or_other,0.07116659923617447,0.19259847264639732
2,14ee3ee125c66a82,2026-08-01,0,mixed_or_other,0.004127539467665017,0.037140578831090454
2,157ac6af440e2615,2026-08-01,0,mixed_or_other,0.02418779089062226,0.04222088017456736
2,15c14313ab27bcf8,2026-08-01,0,insufficient_recent_games,0.6456177827168881,0.7809652231586216
2,15cfde4961709699,2026-08-01,0,ranked_solo_focused,0.08205065237934538,0.30769324938902975
2,15f0df7a03a2cf21,2026-08-01,0,mixed_or_other,0.18970304231157908,0.37350519459650894
2,16e7217742f1d62b,2026-08-01,0,mixed_or_other,0.07474402714420354,0.0878506498890762
2,171b014ea5564c00,2026-08-01,0,ranked_solo_focused,0.0635704877618134,0.1878714171394836
2,1733cb98da500f19,2026-08-01,0,ranked_solo_focused,0.11242217292289372,0.26635369421115435
2,1884a997e6bdff2a,2026-08-01,0,mixed_or_other,0.05595272528887897,0.04504768577328339
2,199824b169a4f886,2026-08-01,0,ranked_solo_focused,0.19229680010647496,0.5490719008838499
2,1ab078ca72d24705,2026-08-01,0,insufficient_recent_games,0.46926094709175054,0.5938034935077138
2,1b4bb246f0f92421,2026-08-01,1,ranked_solo_focused,0.4392121305043364,0.6553486289361605
2,1b97204d3bc042c5,2026-08-01,0,insufficient_recent_games,0.42186618264661074,0.6043423835091579
2,1ba2b0a7add5dc36,2026-08-01,0,mixed_or_other,0.02478124182423699,0.05026998004478291
2,1bbd3ad7533a80fa,2026-08-01,0,ranked_solo_focused,0.15767103748964317,0.39569560432067746
2,1bd62e037c599a0f,2026-08-01,0,mixed_or_other,0.045642893190987174,0.025156948482697488
2,1ca624327684daf8,2026-08-01,0,ranked_solo_focused,0.04103002332248883,0.07920451315061235
2,1d7f109c3015618e,2026-08-01,0,mixed_or_other,0.014329283531578646,0.03995074397322786
2,1df5013189b88fe9,2026-08-01,0,mixed_or_other,0.030323463765300707,0.03553922096704672
2,1f0fcc206c13e329,2026-08-01,1,ranked_solo_focused,0.282479171618485,0.5399726867151259
2,1f8335adfdb9621a,2026-08-01,0,mixed_or_other,0.10699632279755258,0.2517390265673324
2,1fea87d76272a95e,2026-08-01,0,mixed_or_other,0.07543308177603514,0.20155014496851223
2,203fcb6cf256dda2,2026-08-01,0,ranked_solo_focused,0.08658126293998722,0.09572801902168775
2,2090fd43a3ec8e27,2026-08-01,1,insufficient_recent_games,0.5518080143232071,0.7202075765327508
2,210b865f35bcd68c,2026-08-01,0,ranked_solo_focused,0.6175681176362396,0.6478420248884011
2,221b547b5a568c36,2026-08-01,0,mixed_or_other,0.0805282063761764,0.4050150869828156
2,2225a14b3583badf,2026-08-01,0,ranked_solo_focused,0.08238828270071297,0.25893519976096363
2,23d4e9aece56c473,2026-08-01,0,mixed_or_other,0.11757233523736708,0.24036694394903504
2,23d4f88574e2f7bc,2026-08-01,0,mixed_or_other,0.08766390074202608,0.08728594635205525
2,247e7475638befff,2026-08-01,0,mixed_or_other,0.16030400438685882,0.4759883030582629
2,248f30ec2d491b76,2026-08-01,0,mixed_or_other,0.004593879120466216,0.03207574002159983
2,24a9b465f9152ce4,2026-08-01,0,insufficient_recent_games,0.2114550006775028,0.4621938830309873
2,24ab1530685f6489,2026-08-01,0,ranked_solo_focused,0.20870326499970185,0.5241591517169214
2,24c8abb05318ffad,2026-08-01,0,mixed_or_other,0.11949609493556794,0.37853834348501175
2,24e074b2c4d805de,2026-08-01,1,insufficient_recent_games,0.7829232433373801,0.862678138690448
2,25ca007debf92212,2026-08-01,0,insufficient_recent_games,0.2050155200565242,0.5229156923870029
2,2663dd266af61bdd,2026-08-01,0,ranked_solo_focused,0.04637819189068889,0.1377327985993019
2,2685a4212a61ec25,2026-08-01,0,mixed_or_other,0.0689922925693995,0.20687441879493718
2,26938111f794c059,2026-08-01,0,ranked_solo_focused,0.04382502091859007,0.10800144976651391
2,2697a618af3916fb,2026-08-01,0,ranked_solo_focused,0.06208699202777099,0.09961136521528186
2,271863777db80338,2026-08-01,0,mixed_or_other,0.028291527852562413,0.05054656921087674
2,278ad97f85b849a2,2026-08-01,1,ranked_solo_focused,0.332140094267841,0.7109797835813594
2,283db194c3531376,2026-08-01,0,ranked_solo_focused,0.03911080152103094,0.11637199569544297
2,28a4e244aee6373a,2026-08-01,0,mixed_or_other,0.022972096232380012,0.03266794807312737
2,28a7cabe848b071a,2026-08-01,0,mixed_or_other,0.10317816313571923,0.24434083311639238
2,28f3e5effbb24a55,2026-08-01,1,mixed_or_other,0.721723760007439,0.9161752217480104
2,28f79e50faaa80d7,2026-08-01,0,ranked_solo_focused,0.0332468230337885,0.05185522537486007
2,2a4e3ae8d37fe9da,2026-08-01,0,casual_focused,0.4358036592689694,0.44204784237788364
2,2aab294695298104,2026-08-01,1,mixed_or_other,0.5402062172390745,0.8314970833216658
2,2b3115209667df2c,2026-08-01,0,insufficient_recent_games,0.2937233807151068,0.5045715391898581
2,2bf5fd0b35cd50ab,2026-08-01,0,mixed_or_other,0.22937242433956964,0.6326715076551258
2,2c07547186211575,2026-08-01,0,ranked_solo_focused,0.036522300473587815,0.09438022556079273
2,2c575b577a43e020,2026-08-01,0,mixed_or_other,0.10566221842489665,0.1271951431036453
2,2cd31b8d7905d872,2026-08-01,1,insufficient_recent_games,0.21425431884342622,0.49279373573058394
2,2d4bf7dbf80cbc23,2026-08-01,1,ranked_solo_focused,0.7193851791064035,0.8585719478646573
2,2d9f5ffa31488632,2026-08-01,0,insufficient_recent_games,0.35464677289581414,0.7225357863782065
2,2e09794fe8e6f725,2026-08-01,1,insufficient_recent_games,0.11209592052275816,0.36406039888029623
2,2e45d5e78b6b24e8,2026-08-01,0,ranked_solo_focused,0.10156174637293094,0.31080137884585185
2,2e79b3b9f5e6262d,2026-08-01,0,insufficient_recent_games,0.2878581094819033,0.33884939803658254
2,2ea2896545f929df,2026-08-01,0,mixed_or_other,0.05340059096191655,0.34915464040117306
2,2f1e027174d6d2f3,2026-08-01,1,insufficient_recent_games,0.7676124874688105,0.8073993254120745
2,2f6d483cd27c5f88,2026-08-01,0,ranked_solo_focused,0.2196774208572762,0.5184725865948056
2,3068a9a70c63364a,2026-08-01,0,ranked_solo_focused,0.33451936539250837,0.6049851437927551
2,3146a14e715c7390,2026-08-01,0,ranked_solo_focused,0.06653826513818634,0.16180050511235497
2,31e0fdac46d0b984,2026-08-01,0,ranked_solo_focused,0.09386904583252845,0.26859575968909954
2,32de86f4e66dd13d,2026-08-01,0,casual_focused,0.031011151523451904,0.06786180360663743
2,335080d2426dbc81,2026-08-01,0,mixed_or_other,0.010356030406534747,0.043222915374027615
2,3379e954c4fa7fda,2026-08-01,0,casual_focused,0.18407161713617023,0.3532962857316602
2,33f930ab56b47aea,2026-08-01,0,mixed_or_other,0.06427706680348265,0.0763727256335491
2,340208c9e3ba3250,2026-08-01,0,ranked_solo_focused,0.03267596228808141,0.0600937109760851
2,35356ec1cb10981c,2026-08-01,0,casual_focused,0.1544104445831297,0.4170967886551723
2,355e91db853c2b48,2026-08-01,0,ranked_solo_focused,0.12755232811694278,0.3347666506818115
2,36a0b0c0c77d9778,2026-08-01,0,mixed_or_other,0.057357741517225655,0.11223189735424627
2,38aadcd39bce292e,2026-08-01,0,casual_focused,0.06281259672250485,0.11734631289825372
2,38e655f0177de315,2026-08-01,0,mixed_or_other,0.11190960030648922,0.2882286183545
2,39a6e9ba2c5d42bc,2026-08-01,0,mixed_or_other,0.13509919003335322,0.4263214539233874
2,39ec2b2d77ed09c5,2026-08-01,0,mixed_or_other,0.018708328813185023,0.07976161774088678
2,3a1fb817043dd1e1,2026-08-01,0,insufficient_recent_games,0.1157744925590691,0.3397864719948347
2,3abc03bd4ebaa505,2026-08-01,0,ranked_solo_focused,0.09052091628811833,0.2658917984223829
2,3b68ed7b710b1263,2026-08-01,0,ranked_solo_focused,0.130537160374614,0.4985592178081259
2,3bf8b9b80f40ee27,2026-08-01,1,insufficient_recent_games,0.5206313808002427,0.911547513800007
2,3c02cfdb48c403ce,2026-08-01,0,insufficient_recent_games,0.27014579556599067,0.3630157584742863
2,3c94e710463e9273,2026-08-01,0,mixed_or_other,0.3405430805787357,0.3202768511605085
2,3cf7311dfbe8e5e0,2026-08-01,0,ranked_solo_focused,0.08790932480327213,0.30385498476768913
2,3d2de6a9ea1c2702,2026-08-01,0,mixed_or_other,0.11527643517722921,0.3222666460045225
2,3d938bac070c4574,2026-08-01,0,ranked_solo_focused,0.03212957308905346,0.05985476597760979
2,3dc2e473a2527175,2026-08-01,0,casual_focused,0.0544530654003509,0.017808423907112486
2,3de1af3021d97647,2026-08-01,0,mixed_or_other,0.1228913472868437,0.4004663123369713
2,3f21e1ae5848af49,2026-08-01,0,mixed_or_other,0.19649840691972834,0.27756914630598717
2,3f65099b7f3ba3ac,2026-08-01,0,ranked_solo_focused,0.05248596422929718,0.1012955809657261
2,3f82655fb36ddcf1,2026-08-01,0,mixed_or_other,0.06685959035638016,0.1947530039285529
2,3fe5344b0676d5fe,2026-08-01,0,insufficient_recent_games,0.5862756549018253,0.8763731899599775
2,40622451c37778a4,2026-08-01,0,ranked_solo_focused,0.05174245333568987,0.10664406930225058
2,40b56cdd7c637ecd,2026-08-01,0,mixed_or_other,0.046370870641305836,0.14278695662801633
2,41068fd58b468c98,2026-08-01,1,mixed_or_other,0.5130688424207888,0.8294039964595834
2,41f19c90a3f4543f,2026-08-01,1,ranked_solo_focused,0.5837793634179729,0.7930790060158616
2,423af9a1c71d6896,2026-08-01,0,mixed_or_other,0.05318849268070403,0.15403606455775362
2,4253547bc0894781,2026-08-01,1,mixed_or_other,0.017577848564074662,0.061844264023316546
2,42bd8d09ea972c52,2026-08-01,0,ranked_solo_focused,0.009632276112209731,0.02228869366884508
2,4370a12d3baeeb02,2026-08-01,0,mixed_or_other,0.01594168249611159,0.0254485327774439
2,444093fcda7abddf,2026-08-01,0,mixed_or_other,0.023892708805228494,0.11835384082395882
2,44f84b6f05cd7292,2026-08-01,0,ranked_solo_focused,0.23380303883767778,0.23522671609780843
2,45a41c4327c272d4,2026-08-01,0,casual_focused,0.23126010376424047,0.48119520178639497
2,45e82019ec3fb8e5,2026-08-01,1,ranked_solo_focused,0.6418470177925056,0.7548006338499791
2,45f0018bee284ebd,2026-08-01,0,ranked_solo_focused,0.10990109464027704,0.3433631665712691
2,467b21d889321df4,2026-08-01,0,ranked_solo_focused,0.17132056331373371,0.08561579707335303
2,4694d452d0f7c948,2026-08-01,0,insufficient_recent_games,0.29463674570385273,0.6780652113534985
2,46d51953777beff4,2026-08-01,0,mixed_or_other,0.059660050900942944,0.07575618279701324
2,4705179b74c96d51,2026-08-01,0,ranked_solo_focused,0.07857643234393435,0.24113736260839383
2,473d518477ed29e2,2026-08-01,0,insufficient_recent_games,0.28780206931490143,0.49942995082576863
2,4745ca2950e2a27e,2026-08-01,1,ranked_solo_focused,0.23857964593639783,0.5000556192928186
2,47ab6db99c5885e0,2026-08-01,0,casual_focused,0.05275473890785281,0.15916924641765817
2,484d29713711c497,2026-08-01,0,ranked_solo_focused,0.10540456449161996,0.16241500021914496
2,4893383dc18691b7,2026-08-01,0,insufficient_recent_games,0.2845070123671684,0.6745588737041194
2,48b3776b67992886,2026-08-01,1,ranked_solo_focused,0.3965616887918035,0.7199190523462601
2,48f67b5056eb739e,2026-08-01,0,insufficient_recent_games,0.5619941449985552,0.6810439832768223
2,48f779a7a610858d,2026-08-01,0,insufficient_recent_games,0.24592163236853068,0.4970894757928942
2,4906d7d7f742425a,2026-08-01,0,ranked_solo_focused,0.06198202056954295,0.19387461799731057
2,491bb4c9c813b20c,2026-08-01,1,casual_focused,0.19962522312287775,0.04331084382665445
2,49bb8af8a7a48b2b,2026-08-01,0,mixed_or_other,0.05955856688559445,0.019414780287622536
2,49cd102b98832bdb,2026-08-01,0,insufficient_recent_games,0.5160353643452753,0.8491183513032993
2,4a6d31c66020f7ec,2026-08-01,0,mixed_or_other,0.01865478474555009,0.050345957039248684
2,4abb14ede39d1efc,2026-08-01,0,insufficient_recent_games,0.5263463745110017,0.699858263722166
2,4b6532568bfbcefa,2026-08-01,0,mixed_or_other,0.39167026479955386,0.6604932373222232
2,4b766a7828a88c79,2026-08-01,0,mixed_or_other,0.13103784870438764,0.09956492240190687
2,4b778cf05edd93c8,2026-08-01,0,insufficient_recent_games,0.23849948915193195,0.37730124275523225
2,4bafbcafec368426,2026-08-01,0,mixed_or_other,0.022790365521074038,0.03858210976131869
2,4c1440923fcc9393,2026-08-01,0,ranked_solo_focused,0.29213078679094157,0.4197453094013791
2,4c4b9d6acb8650c9,2026-08-01,0,mixed_or_other,0.022894317441226743,0.0199798640167754
2,4dd68eb21224875b,2026-08-01,0,insufficient_recent_games,0.0877772404235677,0.23137744187683248
2,4dfdcef39508ef08,2026-08-01,0,mixed_or_other,0.07077110253188282,0.07572853695047431
2,4e0e5877707448d5,2026-08-01,0,mixed_or_other,0.029209294876377963,0.14778028679618038
2,4e80b7e5397ed28b,2026-08-01,1,ranked_solo_focused,0.22642780906172214,0.45015601492381824
2,4ed6825b5d444d4c,2026-08-01,1,insufficient_recent_games,0.3178539311115889,0.6370489610114654
2,4ed99218d8cb68f3,2026-08-01,0,mixed_or_other,0.6994257538222851,0.8247087987575542
2,4efa4623975067f6,2026-08-01,0,mixed_or_other,0.013567228123842865,0.019619077815202453
2,4f10eb7972be4ec0,2026-08-01,0,ranked_solo_focused,0.1976993325947209,0.5897071410929897
2,4f2bc0d7721efd76,2026-08-01,1,ranked_solo_focused,0.1883007577608709,0.19840214005739623
2,4fbcffdfa4b4d0bc,2026-08-01,0,mixed_or_other,0.10400987702548736,0.3997120291149005
2,50004927d91d695f,2026-08-01,0,ranked_solo_focused,0.044319762699142735,0.1453665309809965
2,505dabb2a7459650,2026-08-01,1,mixed_or_other,0.48407023476609357,0.7808342652257753
2,508e9f2595b06550,2026-08-01,0,mixed_or_other,0.22875117188957006,0.39577394217420614
2,50ba9f01cd371747,2026-08-01,0,mixed_or_other,0.11365528394504149,0.353969421294331
2,5176ac8750767d32,2026-08-01,0,mixed_or_other,0.04990335704632248,0.2085585590924336
2,51fe0dbbc2380ea7,2026-08-01,0,ranked_solo_focused,0.11128122415493144,0.3615503411736261
2,52559640c5b28744,2026-08-01,0,ranked_solo_focused,0.0387796427304402,0.04775650040224475
2,53c6754ae37daf83,2026-08-01,0,ranked_solo_focused,0.15500230948964488,0.0699568417623519
2,53f40bfdbdfcaddb,2026-08-01,0,mixed_or_other,0.037017732432667955,0.18043136864402576
2,543db342e4831a56,2026-08-01,0,ranked_solo_focused,0.15675240858690112,0.25953522985781385
2,54485081eef1b62d,2026-08-01,0,mixed_or_other,0.042736046243747966,0.1401142134180551
2,55ba9d9aa6e7c68a,2026-08-01,0,ranked_solo_focused,0.31018905785803286,0.4101760215615002
2,55e70e0ec4883a2f,2026-08-01,1,casual_focused,0.16151495262955226,0.4388802587478872
2,566be8e909cc66a3,2026-08-01,0,ranked_solo_focused,0.05216539239532681,0.18113000748903932
2,56f60c1065421093,2026-08-01,0,mixed_or_other,0.012610117261672955,0.019532161463037524
2,579777e5714082c0,2026-08-01,0,mixed_or_other,0.018694865953526898,0.05659444482943404
2,57e02d0c58eb325f,2026-08-01,0,ranked_solo_focused,0.08920490784188001,0.3103013196950603
2,58f4ca3b34ed7413,2026-08-01,0,casual_focused,0.4184749237782576,0.7700531531732935
2,59053b8afeec9751,2026-08-01,0,ranked_solo_focused,0.03162929525411507,0.02926369766763761
2,5975be5b934f432e,2026-08-01,0,mixed_or_other,0.02573050697239336,0.07940002306938405
2,59f26f5c303aa592,2026-08-01,0,casual_focused,0.2379625604168052,0.4147416040511931
2,5a98f818b1b278fc,2026-08-01,0,ranked_solo_focused,0.04786528676015964,0.13192163604680562
2,5b6560d90e3251bc,2026-08-01,1,mixed_or_other,0.4492217186143827,0.6706679156570707
2,5c9e9e414c636137,2026-08-01,0,ranked_solo_focused,0.5141299180730887,0.6375009357490532
2,5cbbbe0d125b31f1,2026-08-01,0,ranked_solo_focused,0.0639662389177597,0.2107618080294981
2,5d94ebd8658e126c,2026-08-01,0,ranked_solo_focused,0.04823611249302666,0.10607179919335821
2,5e0e1a8c14dfa278,2026-08-01,0,mixed_or_other,0.0222483053310899,0.07438700544206701
2,5e91f4986d64cfc5,2026-08-01,0,ranked_solo_focused,0.025734165995764918,0.051173992888040636
2,5ebd93e81a7eef4a,2026-08-01,0,insufficient_recent_games,0.19074154851003272,0.5446471777631303
2,5f1e5f63f9423856,2026-08-01,1,insufficient_recent_games,0.3994337754037497,0.6487006055623022
2,602c1d1c98392ba2,2026-08-01,0,ranked_solo_focused,0.1150239581537908,0.3899724813532444
2,608a2bbc2ca83e21,2026-08-01,0,mixed_or_other,0.006069985923607207,0.01084456157260675
2,6169129fc82c6430,2026-08-01,0,insufficient_recent_games,0.49594165842981514,0.7440669349993089
2,61b478be4131c88d,2026-08-01,0,insufficient_recent_games,0.15053382244127383,0.544873064119476
2,61d82fa6e0910ec5,2026-08-01,0,insufficient_recent_games,0.5634158933204455,0.7841690691908817
2,620dfc2ad6ad3f3f,2026-08-01,1,ranked_solo_focused,0.2102063759168833,0.6576999257147299
2,623042bde23a8d52,2026-08-01,0,ranked_solo_focused,0.08276999211914071,0.15168275293853434
2,6263d59aa7ecd311,2026-08-01,0,mixed_or_other,0.03381819975894339,0.08899673837041179
2,6289932c97c782e9,2026-08-01,0,ranked_solo_focused,0.029102354694548322,0.06807556560461499
2,633d6ce1af1275da,2026-08-01,0,ranked_solo_focused,0.5315608097793062,0.8277581217262292
2,6358f0fc58cc7339,2026-08-01,0,ranked_solo_focused,0.18856082252856146,0.4494689422997853
2,63bd5cb0d0672682,2026-08-01,1,ranked_solo_focused,0.2465823528269545,0.7012850503203463
2,63bdd698166d4220,2026-08-01,0,ranked_solo_focused,0.15150365584878553,0.2151102630620004
2,6403bff7c405a640,2026-08-01,0,ranked_solo_focused,0.09799145022829961,0.3822829873327165
2,64895a19d007f378,2026-08-01,0,ranked_solo_focused,0.05304496267667183,0.2538448235693306
2,648e10ad78aa1e46,2026-08-01,0,mixed_or_other,0.028396178330743226,0.06999616432971159
2,64de4f7add6b7659,2026-08-01,1,insufficient_recent_games,0.0766924544221219,0.5432100126522634
2,653df39d82ae215f,2026-08-01,0,ranked_solo_focused,0.39676650846614936,0.48684668309618573
2,65670184484fc894,2026-08-01,0,casual_focused,0.03562155126645816,0.07525404274909983
2,657d914643a4e9b9,2026-08-01,0,casual_focused,0.022223568081062413,0.03157457979436349
2,6593eaa101bd7dea,2026-08-01,0,ranked_solo_focused,0.5343794708563656,0.6493694333764779
2,65947883d0d6fecb,2026-08-01,0,insufficient_recent_games,0.2412504760198817,0.4560672589901978
2,65a05e5ccb7aed3d,2026-08-01,0,ranked_solo_focused,0.16229322421086737,0.32603241218825224
2,65bcff79b874a870,2026-08-01,0,casual_focused,0.3379053577802053,0.6509804176976932
2,66018f0cd8b9ac83,2026-08-01,0,casual_focused,0.02591677789249174,0.07833569496889217
2,6663e61c641114a7,2026-08-01,0,mixed_or_other,0.051136685963747874,0.14400539563557058
2,66cbb6b1cfe5634d,2026-08-01,0,mixed_or_other,0.1388526644922625,0.2696381956868165
2,66e6215b80fba83a,2026-08-01,0,mixed_or_other,0.3446365175566426,0.756377878326495
2,67952366f80ab369,2026-08-01,1,ranked_solo_focused,0.15835059364243367,0.4307350275174033
2,67d2147a51b99118,2026-08-01,1,ranked_solo_focused,0.34890623661610115,0.7765264694969498
2,69dd25b6c346c915,2026-08-01,0,ranked_solo_focused,0.21149617498821102,0.3019155668594458
2,6b9f1aa19824985c,2026-08-01,0,mixed_or_other,0.18016829490583022,0.4887635735427229
2,6bdb99579cec658a,2026-08-01,0,ranked_solo_focused,0.2490750268383723,0.4838761042178664
2,6c16a7eb636f6850,2026-08-01,0,mixed_or_other,0.020164053397798695,0.034175934507386145
2,6e16aec4140a6a36,2026-08-01,0,mixed_or_other,0.0360468195343477,0.026233141769780796
2,6e87c3f15e2662d7,2026-08-01,0,mixed_or_other,0.011695862359059953,0.022658316676996967
2,6ef0f0e15192f7a6,2026-08-01,0,mixed_or_other,0.06586398188841938,0.07600303725945735
2,6f51ee15f8d6d178,2026-08-01,1,insufficient_recent_games,0.5688375433160618,0.8376374130407062
2,6fb99d25be8be518,2026-08-01,0,mixed_or_other,0.048432093605446945,0.10321625232900414
2,6fc21445e1378a34,2026-08-01,0,mixed_or_other,0.06816492582755553,0.1701478683137234
2,6fcf339ba36a8019,2026-08-01,0,ranked_solo_focused,0.034358391965005466,0.024369508029937793
2,6fdcfb24bae1c337,2026-08-01,0,insufficient_recent_games,0.5134420875094996,0.5213247854404268
2,7047f54f6392b685,2026-08-01,0,mixed_or_other,0.023322349376485245,0.05054004944199744
2,706d6360b7f44331,2026-08-01,1,ranked_solo_focused,0.5798881230711461,0.700192007753438
2,70fec80b341630af,2026-08-01,0,mixed_or_other,0.026072265382966864,0.03417661373338565
2,71aad5e0843f41a0,2026-08-01,0,mixed_or_other,0.14039445046751448,0.39779919600905606
2,71e82c35102e4167,2026-08-01,0,ranked_solo_focused,0.1402202917836491,0.29032882904198254
2,7346e31a95f6c6c3,2026-08-01,1,mixed_or_other,0.14638283952307554,0.37908926904409856
2,73ce78c8559443d1,2026-08-01,1,insufficient_recent_games,0.5384129005587546,0.8144258687470843
2,73d3521d678e2448,2026-08-01,0,insufficient_recent_games,0.4458885603560384,0.6461216129170008
2,74490dabe5c00a8e,2026-08-01,0,insufficient_recent_games,0.2589507565797361,0.44876364307371697
2,75d1a4a3eab66f5a,2026-08-01,0,insufficient_recent_games,0.2297739974469146,0.44443296401086146
2,76de68f843bcf88e,2026-08-01,0,insufficient_recent_games,0.42936719747054475,0.5894525752715665
2,773fb1e662323c6f,2026-08-01,0,mixed_or_other,0.011933450497867105,0.0233072409174646
2,776d215954b7e1cc,2026-08-01,0,casual_focused,0.1267917277142237,0.38241816636323356
2,77cdf319aaf9cffc,2026-08-01,0,insufficient_recent_games,0.21413953711182426,0.1754083472482774
2,77fc0a276680ca39,2026-08-01,0,ranked_solo_focused,0.13338987876336075,0.38572768002793184
2,781077f1637a5740,2026-08-01,0,mixed_or_other,0.033144886536408825,0.12810657921282273
2,784bd8b9dcff433d,2026-08-01,1,ranked_solo_focused,0.4768009987931843,0.8272607800943413
2,79618d7d6d994386,2026-08-01,1,ranked_solo_focused,0.6436497785241777,0.8361694304849335
2,7963d389e9b7d876,2026-08-01,0,ranked_solo_focused,0.10525283186635186,0.26244419502126926
2,798e7ad1d8b9a389,2026-08-01,0,ranked_solo_focused,0.04072116387312565,0.10582352935174097
2,799254a983202990,2026-08-01,0,mixed_or_other,0.04763985680714041,0.1486362322213229
2,79d0896c075969e5,2026-08-01,0,insufficient_recent_games,0.1618262201659755,0.4910235133115565
2,7a2fbe838482ca99,2026-08-01,0,mixed_or_other,0.26580025407429075,0.4680051864347353
2,7a2fe21c6a2577c1,2026-08-01,0,ranked_solo_focused,0.019703596083257044,0.02839283097285605
2,7a34539c8392957a,2026-08-01,0,insufficient_recent_games,0.44501131111858716,0.6684425822669934
2,7addea16633f23d4,2026-08-01,1,ranked_solo_focused,0.10813022460550688,0.36592370042733413
2,7b15ff83fc652e74,2026-08-01,0,mixed_or_other,0.009173748892557222,0.006090108529847699
2,7b324a32c0a9e58e,2026-08-01,1,insufficient_recent_games,0.6570920381911062,0.6498645237521614
2,7b6ee7302ef45c0a,2026-08-01,0,ranked_solo_focused,0.12303917599596975,0.22759785058829413
2,7b79cc67d17302eb,2026-08-01,0,mixed_or_other,0.008047414632889983,0.020452475222574887
2,7ba3dd9ecd3bd65a,2026-08-01,1,mixed_or_other,0.36997736638818635,0.6265508937254776
2,7c002a5c9a6321d5,2026-08-01,0,mixed_or_other,0.23242941447867282,0.38194831885216146
2,7c985f930cb0012d,2026-08-01,0,ranked_solo_focused,0.062281172173254795,0.1463325491775935
2,7d1fb63087b2486e,2026-08-01,0,ranked_solo_focused,0.38656877184851896,0.6794505362118897
2,7d5590a2df32d96a,2026-08-01,0,mixed_or_other,0.009420900961098778,0.004957912121565477
2,7e3e06a11976e5a9,2026-08-01,0,ranked_solo_focused,0.16660634845556582,0.5114802340093106
2,7f301d5f863ca73d,2026-08-01,0,casual_focused,0.1688399680672702,0.44974250319142045
2,7f4efdcbb3cdaa6a,2026-08-01,0,ranked_solo_focused,0.2590260986312206,0.6480292612547291
2,7fa0af531179680b,2026-08-01,0,ranked_solo_focused,0.060228558189212765,0.11922593858610908
2,7fcfda8d270bb332,2026-08-01,0,mixed_or_other,0.021339403379542033,0.0227840400265409
2,7fd80728dc44093d,2026-08-01,0,mixed_or_other,0.1311700576828786,0.2699670856455178
2,80048051c58e38c2,2026-08-01,0,ranked_solo_focused,0.06103674521641645,0.11781983668966464
2,802201740e6d00f9,2026-08-01,0,ranked_solo_focused,0.1304978915960851,0.22167572992791812
2,8067f1c947bf228d,2026-08-01,0,mixed_or_other,0.01901096165291149,0.03174210267821196
2,8084c031e1cd0618,2026-08-01,0,mixed_or_other,0.052572970613074345,0.24265620188632972
2,81c7cf0b0c4e9653,2026-08-01,0,insufficient_recent_games,0.5602901571910532,0.7788583346277039
2,81f74b5b62dd9e44,2026-08-01,0,mixed_or_other,0.11686248386875919,0.04363373652856277
2,82035e2d07e6717e,2026-08-01,1,mixed_or_other,0.2316717393260591,0.5692049940834574
2,8296f91c979238cd,2026-08-01,0,mixed_or_other,0.027631380612086292,0.031780945950729424
2,82e1c50a6c88d9cc,2026-08-01,1,insufficient_recent_games,0.1949519129263411,0.6691768146447515
2,836c920836dca7aa,2026-08-01,0,ranked_solo_focused,0.2759734741581551,0.5451037950246307
2,83e81b0991e57715,2026-08-01,0,insufficient_recent_games,0.2001498173343049,0.6982574978649194
2,8453ccc349f843a6,2026-08-01,0,casual_focused,0.18833089699315406,0.42461104555469353
2,84927d5278e976fd,2026-08-01,0,ranked_solo_focused,0.062419611306182884,0.16089195348780214
2,851780071d1faa1a,2026-08-01,0,ranked_solo_focused,0.0740463288882995,0.23945047712495712
2,8610ac51fea63c8f,2026-08-01,1,mixed_or_other,0.141962086512289,0.6144147821016771
2,8687359667a6b24d,2026-08-01,0,insufficient_recent_games,0.43478932496909733,0.5973197739966133
2,86b1cfb68113759d,2026-08-01,0,mixed_or_other,0.0318150224391862,0.16060981424362952
2,871422e76ea72bca,2026-08-01,1,insufficient_recent_games,0.25749717716064985,0.38059009257264415
2,873382c4b6554d8e,2026-08-01,0,insufficient_recent_games,0.7405011919479674,0.8640164257559905
2,8788245188d850b3,2026-08-01,0,mixed_or_other,0.01380916113915996,0.014291624507150548
2,87d620d890291908,2026-08-01,0,insufficient_recent_games,0.2823432945954589,0.6385115343414102
2,883aa21c519bf6a3,2026-08-01,0,ranked_solo_focused,0.07148678494543188,0.21251068090479286
2,884ba1a0b130e1e8,2026-08-01,1,insufficient_recent_games,0.20273509593547334,0.3695085727854725
2,89103928e8e4b52d,2026-08-01,0,mixed_or_other,0.13829712971583485,0.14013880035658635
2,894ad321785ecdaa,2026-08-01,0,mixed_or_other,0.01910899496310575,0.05801243672009354
2,8a3b32d1252f1c1c,2026-08-01,0,insufficient_recent_games,0.270411101540771,0.3395584632667213
2,8a7d8db7a098c54e,2026-08-01,0,insufficient_recent_games,0.1141420228395075,0.2794202846106852
2,8ac69bfc921edead,2026-08-01,0,insufficient_recent_games,0.15781455382362594,0.29188660646823883
2,8bc9ec6a950c82ee,2026-08-01,0,ranked_solo_focused,0.0681954292476342,0.4053801334206628
2,8bd1fb76f5d0df8b,2026-08-01,0,insufficient_recent_games,0.2732504350408933,0.45770853967724184
2,8c27dd0363373870,2026-08-01,0,ranked_solo_focused,0.255946550740614,0.5425708056745185
2,8cdef75f1fe34077,2026-08-01,0,mixed_or_other,0.28469726226705677,0.363896388239032
2,8ced09b8ddea57cd,2026-08-01,0,insufficient_recent_games,0.23313700153063474,0.6073541151428633
2,8d0cd61e28b8209b,2026-08-01,0,ranked_solo_focused,0.026501151361561948,0.021455818832503696
2,8d58a56d3fee9da0,2026-08-01,0,ranked_solo_focused,0.022635935669800787,0.04860337675807582
2,8e018e1cf59e297b,2026-08-01,0,ranked_solo_focused,0.034987384406841425,0.10997144061070258
2,8ee9c751fa1d27bf,2026-08-01,1,mixed_or_other,0.06613176452561399,0.12120259128800383
2,8f4c9076bc78d03e,2026-08-01,0,casual_focused,0.08465868487784278,0.32386579469433857
2,8f6fb5b3588fbe6b,2026-08-01,0,mixed_or_other,0.01191108157022956,0.036567025182182536
2,8fab20cf9a53b064,2026-08-01,0,ranked_solo_focused,0.26300718384906635,0.7774877167472124
2,8fef916b1cad18fc,2026-08-01,0,ranked_solo_focused,0.1300770474299123,0.2161779786281366
2,90dae62d8b76ea31,2026-08-01,0,mixed_or_other,0.09550958766572162,0.04968906954869425
2,91c114c18ceb8323,2026-08-01,0,ranked_solo_focused,0.05849953612159453,0.0897353889326243
2,91c6ddc159ca4f56,2026-08-01,0,mixed_or_other,0.06178396912726996,0.25214287964662074
2,91d4ab501e1b1f7f,2026-08-01,0,ranked_solo_focused,0.038553477600477906,0.14540707049119295
2,9323e43c015b9bdc,2026-08-01,0,insufficient_recent_games,0.19184411328164047,0.3598803290593007
2,9324409800f96072,2026-08-01,0,mixed_or_other,0.009778086678049558,0.017824460185741527
2,942bee04f3886607,2026-08-01,0,mixed_or_other,0.03221215282474344,0.03603610123514185
2,94429b51fff73601,2026-08-01,0,mixed_or_other,0.02095307309367592,0.04978149190347088
2,950168ea2fe30257,2026-08-01,0,ranked_solo_focused,0.06592284715587789,0.17058963298017765
2,962da81cce17765a,2026-08-01,0,ranked_solo_focused,0.09172282271654694,0.35441984775015967
2,96b06d048cab233b,2026-08-01,0,ranked_solo_focused,0.14607934078905194,0.43376591079054583
2,973767a628003964,2026-08-01,0,insufficient_recent_games,0.7733371597993132,0.6203450409583865
2,97c6bc5468ba1099,2026-08-01,0,ranked_solo_focused,0.0830983826247569,0.2613785047838878
2,98426929aaded136,2026-08-01,0,ranked_solo_focused,0.1092933713950893,0.3603594054530746
2,98790ea50a402a9a,2026-08-01,0,ranked_solo_focused,0.08683142839378896,0.26470158535476956
2,98f60ce5feb70786,2026-08-01,0,ranked_solo_focused,0.08956341817729913,0.11144780613969216
2,99fb559b1bb4b897,2026-08-01,0,ranked_solo_focused,0.12134793899004459,0.37036948325305097
2,9a57a4c79f9ba1a2,2026-08-01,0,insufficient_recent_games,0.7593382357222602,0.674430841237135
2,9a5881cbb4cfd2cb,2026-08-01,0,ranked_solo_focused,0.11902875490892258,0.3239309031288471
2,9af7905abd1bc36a,2026-08-01,0,ranked_solo_focused,0.11214637665570998,0.2077549895289119
2,9c33f16a86a4982e,2026-08-01,0,mixed_or_other,0.01885513485986991,0.05907664015895385
2,9da9f0fb1fa8b8c8,2026-08-01,0,ranked_solo_focused,0.04290574926851599,0.14805716999994384
2,9e5763b89f7e6df1,2026-08-01,0,ranked_solo_focused,0.3649955098979954,0.6105577516360096
2,9ebe7ce56bce9f2a,2026-08-01,0,mixed_or_other,0.25890731434364794,0.5086230547942975
2,9ef2f1fb9453dd9e,2026-08-01,0,mixed_or_other,0.2933463734464785,0.44688941978235786
2,9f28aa48c3cb7cbf,2026-08-01,0,ranked_solo_focused,0.2529600947117975,0.6573578978058886
2,9f59d72388e4752f,2026-08-01,0,ranked_solo_focused,0.04804291488432367,0.10847290533605185
2,9f7acfe87eb3f068,2026-08-01,0,ranked_solo_focused,0.02716950595474167,0.06203118846520413
2,9f8e93b9b39832b0,2026-08-01,0,mixed_or_other,0.04351279224052218,0.09523736660134925
2,9f96af1f260930d9,2026-08-01,0,mixed_or_other,0.15299516631555282,0.4831899547208586
2,9f9e8a7b80d4a7fb,2026-08-01,0,ranked_solo_focused,0.029570342760891464,0.055557976699363965
2,a01e86b6afe669b6,2026-08-01,1,casual_focused,0.2747374464617093,0.5711491550706331
2,a05c42e088e78df1,2026-08-01,0,ranked_solo_focused,0.04295777895034837,0.06451742478085526
2,a0a01969b20e5640,2026-08-01,0,insufficient_recent_games,0.730578465595774,0.7274829164918641
2,a0bc044a15fbe757,2026-08-01,0,ranked_solo_focused,0.04964607668534056,0.11970058226160327
2,a106421db5895643,2026-08-01,0,mixed_or_other,0.047075728220406836,0.1421725539703214
2,a10e0d6af1592b17,2026-08-01,0,mixed_or_other,0.018339004229941985,0.036137002480692175
2,a128a329a175ed28,2026-08-01,0,ranked_solo_focused,0.37673725371509037,0.6925965238666751
2,a1dbebb92f69153d,2026-08-01,0,mixed_or_other,0.04057048869629692,0.14860256631276153
2,a2143082683ea347,2026-08-01,0,mixed_or_other,0.10902487773661534,0.17017056245420795
2,a2cf53b50cb980ae,2026-08-01,1,ranked_solo_focused,0.17770029319465722,0.5063739182907345
2,a2f42493fbbb8571,2026-08-01,0,mixed_or_other,0.08460263804818763,0.28172013517327826
2,a420f67f72b6f8bf,2026-08-01,0,mixed_or_other,0.0710012440860382,0.14747289935668167
2,a4ec9e6224825e63,2026-08-01,0,ranked_solo_focused,0.14888231251512016,0.22346187893841463
2,a50deda2245e6b98,2026-08-01,0,insufficient_recent_games,0.4642872766394242,0.7267034283424144
2,a527d04cc7185d1a,2026-08-01,1,insufficient_recent_games,0.3794356261902836,0.39544574077688066
2,a5b59789f419ca29,2026-08-01,0,mixed_or_other,0.040903389820420646,0.13031147190334902
2,a5e9ac8c894ea24d,2026-08-01,0,ranked_solo_focused,0.184510261279145,0.34864249880077547
2,a5ecf0a392194af2,2026-08-01,0,casual_focused,0.013022093869102979,0.07693831299261619
2,a65ded60242d1fb7,2026-08-01,0,mixed_or_other,0.5266636406032692,0.7482219333894135
2,a6c00b2d91564a32,2026-08-01,0,mixed_or_other,0.16618247824523105,0.6053181843982615
2,a6e155e17b879c8d,2026-08-01,0,ranked_solo_focused,0.0362242861642306,0.14986938345905199
2,a70a5c79ac6602f4,2026-08-01,0,mixed_or_other,0.0768019215720134,0.2557834599969645
2,a78beb5a4101dd7c,2026-08-01,0,ranked_solo_focused,0.14834158558716362,0.24760974827603427
2,a7cc5158acc697cb,2026-08-01,0,mixed_or_other,0.056652561079322546,0.21539842720229765
2,a8ec6d9131404507,2026-08-01,1,insufficient_recent_games,0.6785646129668941,0.8376504972981591
2,a9853773d97be2e9,2026-08-01,0,ranked_solo_focused,0.07250130510035152,0.15968775289457868
2,a993c3f829a18225,2026-08-01,0,ranked_solo_focused,0.06756122078762183,0.17519429600508662
2,aa2b7237ea0c164e,2026-08-01,0,casual_focused,0.031759673429480044,0.03337429295882321
2,aa5dd31b583c2bb2,2026-08-01,0,mixed_or_other,0.009299463984225721,0.013880495913378735
2,aac7f68d84e822e6,2026-08-01,0,ranked_solo_focused,0.12257941951287467,0.3690801691191708
2,ab54f33cd1aedc2c,2026-08-01,0,ranked_solo_focused,0.1007890883010727,0.2863501838977228
2,ab6d577dc0367aa3,2026-08-01,0,ranked_solo_focused,0.4996552630272941,0.32459718100800494
2,abaaa5500f004974,2026-08-01,0,mixed_or_other,0.007956475162220453,0.009181370185933941
2,abefbeacf8d837a6,2026-08-01,0,insufficient_recent_games,0.4865095104599606,0.8899443963334955
2,abfb637f85e686aa,2026-08-01,0,ranked_solo_focused,0.26655738669264306,0.22582660358146284
2,acd9ea1593ffa8a2,2026-08-01,0,ranked_solo_focused,0.12970664398017692,0.2181093287688746
2,aceb9166e6ea9e3c,2026-08-01,0,casual_focused,0.44102601102817773,0.7147137286090862
2,ad294aaf9163f411,2026-08-01,0,ranked_solo_focused,0.02338850811311669,0.04056212752026122
2,adeb3ec0c5c83bf0,2026-08-01,0,mixed_or_other,0.46724553708544825,0.8085746868535252
2,ae0c422aff17b6e6,2026-08-01,0,mixed_or_other,0.0367517769790417,0.06464314240010961
2,ae513f4774ee4bea,2026-08-01,0,mixed_or_other,0.011844489185555107,0.01631550407892752
2,ae74c65a1d980abe,2026-08-01,1,mixed_or_other,0.19479740035221668,0.5690674779094463
2,ae88dc33b2033f34,2026-08-01,0,mixed_or_other,0.06798098249806689,0.272191095065201
2,aee65690bae5c744,2026-08-01,0,ranked_solo_focused,0.1701517703280253,0.28815991324329043
2,af34bbf275360e12,2026-08-01,0,mixed_or_other,0.1959191975538817,0.4030428334622371
2,afbcaa167f760f41,2026-08-01,0,mixed_or_other,0.055944009578385044,0.0760324083535668
2,afdd5a32b08fe4ed,2026-08-01,0,ranked_solo_focused,0.14139876047554056,0.16438453869917283
2,aff862107be61687,2026-08-01,0,mixed_or_other,0.07053625107472351,0.18318431766855947
2,b00593d46073b080,2026-08-01,1,insufficient_recent_games,0.681711572360623,0.8714965718661505
2,b04d8293e23014ac,2026-08-01,0,insufficient_recent_games,0.550530556798817,0.8896465662009818
2,b08f396d0d912b19,2026-08-01,1,insufficient_recent_games,0.3525123386784331,0.3345544414188275
2,b106d220b5d0c3d0,2026-08-01,0,insufficient_recent_games,0.0850458796454909,0.08439152631802353
2,b18b1ed814b96a6f,2026-08-01,0,mixed_or_other,0.07734902989558035,0.12639256818780478
2,b1fb2ca89e3dae46,2026-08-01,1,ranked_solo_focused,0.6164064962892377,0.8187035239308522
2,b268b655f053d44e,2026-08-01,1,ranked_solo_focused,0.20462990742730083,0.6717143120189509
2,b2bc58c5faba8549,2026-08-01,0,ranked_solo_focused,0.09221164891593461,0.3222255416253059
2,b2c55a3016c9cfae,2026-08-01,0,mixed_or_other,0.011970583517401719,0.0234955013473019
2,b2e8545e3ba42f5b,2026-08-01,0,insufficient_recent_games,0.20003637016048675,0.7367125198306154
2,b33a3f9f6ecbf7ae,2026-08-01,0,mixed_or_other,0.033621530361345665,0.07882547286358986
2,b3cb4260c1897c9f,2026-08-01,0,ranked_solo_focused,0.13146581897272125,0.3686611819163688
2,b4b766d3f6f07b19,2026-08-01,1,mixed_or_other,0.04335527628581066,0.06927062743340091
2,b543ed956b53fb21,2026-08-01,0,mixed_or_other,0.01877956198757882,0.05951666860822436
2,b5d50f170b7d2dda,2026-08-01,0,ranked_solo_focused,0.1306842163183353,0.29135863932242156
2,b685e41c8bab731f,2026-08-01,1,insufficient_recent_games,0.6247912647264395,0.9138167496224581
2,b6a2c6ae226605c4,2026-08-01,0,mixed_or_other,0.01900587953126958,0.016700757216940698
2,b6db7c0d3d750039,2026-08-01,0,ranked_solo_focused,0.012844144000464353,0.013639608763344704
2,b6e52720aa621b7b,2026-08-01,0,ranked_solo_focused,0.15352759896777804,0.38075831115314523
2,b72539c4f784d677,2026-08-01,0,insufficient_recent_games,0.23441226438631207,0.4714851530463385
2,b7bb0cf86bf0f2a5,2026-08-01,0,ranked_solo_focused,0.18207420153819034,0.6097505006766473
2,b7ca88c8ee1db257,2026-08-01,0,mixed_or_other,0.1089699594188244,0.26100630325536245
2,b866c4c79541dd80,2026-08-01,0,mixed_or_other,0.011982353093466068,0.012216993199173149
2,b97bc685924b2b14,2026-08-01,1,insufficient_recent_games,0.057614142592537256,0.22978988320341848
2,bb73707694903ca1,2026-08-01,1,ranked_solo_focused,0.17617165043801433,0.4344585216473349
2,bb808329b557e7a4,2026-08-01,0,ranked_solo_focused,0.07663119979911964,0.2866236694832927
2,bbe5f6df6e65ebcf,2026-08-01,0,ranked_solo_focused,0.022633516967580085,0.027358514522696536
2,bc0516377fd0c789,2026-08-01,1,insufficient_recent_games,0.569670202939072,0.6391712717954718
2,bc52f54016f9754f,2026-08-01,1,ranked_solo_focused,0.12065362376204856,0.3503485612000972
2,bc9daa107d015da2,2026-08-01,0,ranked_solo_focused,0.16926340028511305,0.4657303112326741
2,bd196adbbbe6d272,2026-08-01,0,mixed_or_other,0.008311159732566723,0.016204853301841782
2,bd786391f3063121,2026-08-01,0,mixed_or_other,0.04452176901346809,0.0637741377286685
2,bd90ae4251c39e0d,2026-08-01,0,mixed_or_other,0.24667579693957123,0.7193044303562376
2,bee383b051728700,2026-08-01,0,mixed_or_other,0.03621696689476487,0.12879997784562544
2,bf80315c6b93b0bd,2026-08-01,0,ranked_solo_focused,0.11225626908461005,0.48751430146810154
2,bf96aae12dab5cea,2026-08-01,0,ranked_solo_focused,0.03470250220406898,0.054094463727996
2,c03f0ccfc4b1e691,2026-08-01,0,ranked_solo_focused,0.1610297720495107,0.5393852648148078
2,c0fb3a6ebaf7471b,2026-08-01,0,ranked_solo_focused,0.012756741051664177,0.02276424478770419
2,c22285f25c000941,2026-08-01,0,mixed_or_other,0.03443020375670422,0.08220056900721662
2,c2acb7c8ab554229,2026-08-01,0,ranked_solo_focused,0.2565236197607056,0.3894469392389163
2,c2b872c39e93e5e8,2026-08-01,0,ranked_solo_focused,0.22421267056757885,0.3101417832252228
2,c341811d0f584892,2026-08-01,0,casual_focused,0.6048532952646027,0.8276830052881955
2,c34cdf43a9bf0e3f,2026-08-01,1,insufficient_recent_games,0.7048293315312347,0.692926219421791
2,c3566876df20aacd,2026-08-01,0,ranked_solo_focused,0.015957848353459172,0.03435091582877827
2,c3eedfeabc3c1e29,2026-08-01,0,mixed_or_other,0.06932898108052263,0.2266671128332729
2,c45860f5efb1208c,2026-08-01,0,mixed_or_other,0.005968237344980785,0.009064986224483334
2,c4a6d01b6c05600a,2026-08-01,1,insufficient_recent_games,0.44625883789289933,0.7766374805600751
2,c506c90dc3fa6cf7,2026-08-01,0,mixed_or_other,0.024656069755659562,0.08804137629872154
2,c550a292113459af,2026-08-01,0,casual_focused,0.3906022553055442,0.6744369808592543
2,c61673cec8bcafea,2026-08-01,0,mixed_or_other,0.01588227563326201,0.04278658760272123
2,c6886c535378c0c6,2026-08-01,0,casual_focused,0.04039355411660758,0.1018489859788149
2,c6bec32ee55c3d1a,2026-08-01,1,ranked_solo_focused,0.3258070713480196,0.5277081374405376
2,c78fc8d3bec6f090,2026-08-01,1,ranked_solo_focused,0.05728624657526904,0.1697603973571367
2,c7c36392d8399090,2026-08-01,0,ranked_solo_focused,0.1628425591574809,0.15176019625245246
2,c846f3b00f33a7f4,2026-08-01,0,mixed_or_other,0.04318567916228467,0.21736808313905862
2,c848bfb279ad17ab,2026-08-01,0,insufficient_recent_games,0.21528557609144897,0.6156085579992281
2,c8d7a5464390564e,2026-08-01,0,insufficient_recent_games,0.5193347312442939,0.759192704072248
2,c8f3261b0643ede7,2026-08-01,0,mixed_or_other,0.12565142242333494,0.17223581885485997
2,c98c1097d6fccede,2026-08-01,0,mixed_or_other,0.025979159057000774,0.04290734374775327
2,cb05e2d1aba9337b,2026-08-01,1,ranked_solo_focused,0.2048484930243924,0.6814568867625731
2,cb30441a77e12c15,2026-08-01,1,mixed_or_other,0.45524059377954185,0.6957357534823201
2,cb42d0af969afda4,2026-08-01,0,casual_focused,0.10412445319505757,0.43417112955792125
2,cb57c13fcc674c89,2026-08-01,0,ranked_solo_focused,0.0764179777587617,0.2538665486716572
2,cb687740f8a06c21,2026-08-01,0,mixed_or_other,0.18055364694781914,0.4069843814763115
2,cc18d23dd71df0ef,2026-08-01,0,ranked_solo_focused,0.03796797545085133,0.11273546502162843
2,ccc9d461554c2fed,2026-08-01,1,mixed_or_other,0.590516558195366,0.8496984087730108
2,cd15c6340c591e78,2026-08-01,0,insufficient_recent_games,0.18661878787575173,0.3481982748592943
2,cd70488cd98f16c5,2026-08-01,0,ranked_solo_focused,0.05432478938700377,0.1605608905333383
2,cdc99d6b72de5a2f,2026-08-01,0,ranked_solo_focused,0.03547482605514204,0.1070519907340711
2,cdefb8abac5b1ad8,2026-08-01,1,ranked_solo_focused,0.07889645031968673,0.1959443513975147
2,ce073daec7af1f64,2026-08-01,0,ranked_solo_focused,0.042209465742207665,0.11481345944354708
2,ce447328571488a2,2026-08-01,1,insufficient_recent_games,0.721231392071682,0.9280610325618878
2,ce4b26eb1f4d3720,2026-08-01,0,ranked_solo_focused,0.22486123839130243,0.33446440466673066
2,ce98e63e08d79aa8,2026-08-01,0,mixed_or_other,0.159749029688663,0.4756287304065901
2,cf7b8472dd7c5265,2026-08-01,0,ranked_solo_focused,0.06721996606216485,0.29310552113684674
2,d00e7b5be819521b,2026-08-01,1,ranked_solo_focused,0.043838819513292784,0.0205205936645941
2,d0469a65b7e371ac,2026-08-01,0,casual_focused,0.6264007222464595,0.8549514478715764
2,d197dbad181ab2d7,2026-08-01,0,mixed_or_other,0.006741691656495375,0.007032011320746941
2,d22c7db255e9718c,2026-08-01,0,ranked_solo_focused,0.018517918267305464,0.030286575387144132
2,d2d51497be442a8a,2026-08-01,0,ranked_solo_focused,0.037779116191280826,0.15866834772983948
2,d2fbc09280c79dc8,2026-08-01,0,mixed_or_other,0.0643323691579538,0.16848120744356682
2,d3c58b03b50e535c,2026-08-01,0,insufficient_recent_games,0.2000607314803026,0.27879479433698334
2,d42a3f6bb3d3836d,2026-08-01,0,ranked_solo_focused,0.05465860384442268,0.11244927956475977
2,d455df5d8c4c6219,2026-08-01,0,ranked_solo_focused,0.03357225928080276,0.08217483963464571
2,d47a2df939b02844,2026-08-01,0,mixed_or_other,0.1354912771004498,0.2703777018067678
2,d64959903d661250,2026-08-01,1,mixed_or_other,0.24659555405075922,0.521943607498676
2,d65d402c3dc5ba33,2026-08-01,0,mixed_or_other,0.03792757491942962,0.14996562075792194
2,d704592d8764a35a,2026-08-01,1,mixed_or_other,0.0377083235580694,0.216380971302496
2,d752907de1be901b,2026-08-01,0,mixed_or_other,0.08853606619957509,0.3712008497871131
2,d762cfc1876c21a2,2026-08-01,0,mixed_or_other,0.009794785298196695,0.013920905743133921
2,d7a0ff718ed919d4,2026-08-01,0,ranked_solo_focused,0.23380288520781,0.5946509471127908
2,d7c098d45cba134f,2026-08-01,0,casual_focused,0.03304783701798321,0.07346230277806756
2,d8d0b9e3569f2d8c,2026-08-01,0,mixed_or_other,0.031903328450623686,0.1142794183500119
2,d8e05853a5a086f2,2026-08-01,0,mixed_or_other,0.006516403067763908,0.010858263404826273
2,d95d60d6ba88f1db,2026-08-01,0,mixed_or_other,0.041389864365076294,0.10448423876427593
2,d96f714a500b4e14,2026-08-01,0,ranked_solo_focused,0.04154269185449245,0.13676700014271456
2,d982a9eea53bf26d,2026-08-01,0,mixed_or_other,0.037862366502366046,0.0534971474901064
2,dc50e0ad7d76cbcb,2026-08-01,0,mixed_or_other,0.14319316494139095,0.4635981204697876
2,dc9314285851258f,2026-08-01,0,mixed_or_other,0.11360401148972772,0.5208902908794008
2,dc96c4b19288c67e,2026-08-01,0,insufficient_recent_games,0.13661725588232645,0.5431120715511937
2,dd45127b81a41d2c,2026-08-01,0,ranked_solo_focused,0.04378852353737177,0.14054445358729742
2,ddbe875e48fd4603,2026-08-01,0,ranked_solo_focused,0.12639106363647115,0.14043017681311992
2,ddc58b3cba274960,2026-08-01,0,ranked_solo_focused,0.018780612459680764,0.05637002736369027
2,de7a0850d3c1a8d2,2026-08-01,0,ranked_solo_focused,0.16828104805558514,0.546572087509539
2,df02099efa532a09,2026-08-01,0,mixed_or_other,0.22102031841352637,0.4767475138261341
2,df2c1073b48b5e0f,2026-08-01,0,mixed_or_other,0.06134481728779939,0.19875299560249224
2,df720996ec180d46,2026-08-01,0,ranked_solo_focused,0.037575839594106555,0.11129346283650503
2,df816c7ff77a1d0f,2026-08-01,1,insufficient_recent_games,0.5923622792164213,0.6103095582337892
2,dffa05a13d6658a7,2026-08-01,0,mixed_or_other,0.0710322579605997,0.2054840332042504
2,e0036651db570a49,2026-08-01,0,ranked_solo_focused,0.13267892212974003,0.3760505272009178
2,e08b2928ba8557f8,2026-08-01,0,mixed_or_other,0.06277335098066679,0.1641306683423173
2,e0de95821fcd6427,2026-08-01,0,ranked_solo_focused,0.22010794656913588,0.40880084705075853
2,e104db5bae289536,2026-08-01,0,ranked_solo_focused,0.10403771956176347,0.3784647437868175
2,e18062ddc29aff75,2026-08-01,0,ranked_solo_focused,0.02373657695884844,0.04820832473605838
2,e209698ebde51d8f,2026-08-01,0,ranked_solo_focused,0.09022319018785536,0.3100237765654899
2,e2d911ec09621d3e,2026-08-01,0,ranked_solo_focused,0.06399234777229963,0.17158064871619033
2,e2e54325b0b8531e,2026-08-01,0,mixed_or_other,0.26354428624326864,0.488087404055918
2,e483230cb05e02c4,2026-08-01,0,insufficient_recent_games,0.3220950446708586,0.37493059786050104
2,e4a7110c5d85898a,2026-08-01,0,mixed_or_other,0.22602911218951607,0.1382539444942509
2,e53fb1e10036abf4,2026-08-01,0,mixed_or_other,0.07721136579351758,0.13749497823714418
2,e544bca75e1f8213,2026-08-01,1,insufficient_recent_games,0.5399108546301855,0.8300459010738853
2,e5e5565784c41afd,2026-08-01,0,ranked_solo_focused,0.1499161675964105,0.48666079316119193
2,e64d1b068d9c84dc,2026-08-01,0,casual_focused,0.3330702464190947,0.4161125850419716
2,e664956ca808a4fc,2026-08-01,1,ranked_solo_focused,0.7776900530109373,0.8629011360306681
2,e6e93c9f7312a5f0,2026-08-01,0,ranked_solo_focused,0.061626270343607806,0.2862585015632643
2,e7240bca7e27b98e,2026-08-01,1,casual_focused,0.7997099330822562,0.6923971321516269
2,e79df005a5d196bb,2026-08-01,0,insufficient_recent_games,0.2102675452303292,0.5563962392542207
2,e7bfe06d611bb47e,2026-08-01,0,ranked_solo_focused,0.5072316995380244,0.6917788365063035
2,e994343174492450,2026-08-01,0,ranked_solo_focused,0.02479046928355886,0.03937565456198059
2,e9c374cf26088b52,2026-08-01,0,ranked_solo_focused,0.10928765494538532,0.2849526834304601
2,ea208e41f6132ea0,2026-08-01,0,ranked_solo_focused,0.07013299432693294,0.13102730820286665
2,ea7bb723d54d7194,2026-08-01,0,ranked_solo_focused,0.13107550178573404,0.32815469489010357
2,eb0a2a7e48c134f0,2026-08-01,0,ranked_solo_focused,0.026565695380435822,0.055567233214498905
2,eb453ca9d6935d8d,2026-08-01,1,insufficient_recent_games,0.3753869392424438,0.5558018023317549
2,ebeb4aa720ca0b3e,2026-08-01,0,ranked_solo_focused,0.17221801265723863,0.48894349756012884
2,ebfdb71fc07e0fcb,2026-08-01,0,insufficient_recent_games,0.30890694047885026,0.7023448211437586
2,ec317ae50e0f0e22,2026-08-01,0,mixed_or_other,0.008727588622088413,0.04042831708184967
2,ec50fe70891c2c4a,2026-08-01,0,mixed_or_other,0.018772054196504406,0.029843650321167883
2,ec99e61eb25f8a8f,2026-08-01,0,mixed_or_other,0.008054234002097094,0.01574099462619334
2,ee1b287db7178a8f,2026-08-01,1,ranked_solo_focused,0.2721582018913693,0.4527513295322124
2,ee1f1b478eba7038,2026-08-01,1,mixed_or_other,0.1251606584054498,0.33040532460384003
2,eed0471c3c376379,2026-08-01,0,ranked_solo_focused,0.3246189271587145,0.5556240301038968
2,ef6123652670cfdb,2026-08-01,0,mixed_or_other,0.005689035999416955,0.009482930110604535
2,efd156127d074d61,2026-08-01,1,ranked_solo_focused,0.6004918712649235,0.8568199672768039
2,f08e478d4894dad5,2026-08-01,0,insufficient_recent_games,0.30109175908150876,0.5765755253520812
2,f0960757a26e4636,2026-08-01,0,ranked_solo_focused,0.07001206851828504,0.241686571421641
2,f0ef712c3572aa09,2026-08-01,0,insufficient_recent_games,0.20319447853536837,0.46457441702518887
2,f14e5b1df48bff4e,2026-08-01,0,ranked_solo_focused,0.12290196578628544,0.12860204329497832
2,f24ae8de0fc3cdaf,2026-08-01,0,mixed_or_other,0.0029486237365513074,0.06583027025648633
2,f2c39cddd05b29f1,2026-08-01,0,ranked_solo_focused,0.25606066866266664,0.24387508771643004
2,f312c0ca275c1a98,2026-08-01,0,mixed_or_other,0.11963110823315067,0.2079208341392337
2,f32612d758a07a45,2026-08-01,0,mixed_or_other,0.029318191561822412,0.14528042646448158
2,f3342644297985e7,2026-08-01,0,insufficient_recent_games,0.2855518001461928,0.47382548439974687
2,f3aafd31c4c5250c,2026-08-01,0,ranked_solo_focused,0.14541066828459667,0.3753159230833983
2,f4aac3c943c8437a,2026-08-01,0,insufficient_recent_games,0.378808205550099,0.5889628957515798
2,f4cdc2d7ca957111,2026-08-01,0,casual_focused,0.05476844965317706,0.08492118079153545
2,f503a105e6af961d,2026-08-01,0,ranked_solo_focused,0.16620899328888067,0.4809521911844124
2,f53b0762c6ad000b,2026-08-01,0,mixed_or_other,0.06856474933241298,0.1403770532622205
2,f53fffbe28bc6353,2026-08-01,0,mixed_or_other,0.04050669675994998,0.07861617099467648
2,f691cd3a8bbcf06b,2026-08-01,1,casual_focused,0.33065402885999096,0.7068734837711177
2,f7474a760799a28d,2026-08-01,0,mixed_or_other,0.15498812599087702,0.6494991262851216
2,f7b256f8a3dfb961,2026-08-01,0,mixed_or_other,0.205670858631805,0.39346906350166094
2,f8e4b3bd7a4f4249,2026-08-01,0,ranked_solo_focused,0.2446487478966006,0.30933668782518176
2,f8f6bc396c856e6c,2026-08-01,0,ranked_solo_focused,0.024742047275482616,0.05531760949494387
2,f968178da99482d6,2026-08-01,0,mixed_or_other,0.16446316846453607,0.37169408170087753
2,f9b09850b08a1a09,2026-08-01,0,mixed_or_other,0.0194403861717857,0.013232508925485133
2,fb4789afae979d69,2026-08-01,0,ranked_solo_focused,0.03175504665547114,0.08072884027875528
2,fbfec11256103ec2,2026-08-01,0,insufficient_recent_games,0.17781713284104034,0.26871976763711075
2,fc1338e87e0bfd41,2026-08-01,0,mixed_or_other,0.13475334240656422,0.27976183410817757
2,fcd974f757f5393c,2026-08-01,0,ranked_solo_focused,0.016123288567120076,0.009995380812536517
2,fd4003ce77985cec,2026-08-01,0,ranked_solo_focused,0.23388407176416065,0.5482875994994225
2,fd58a020ca82dba9,2026-08-01,0,insufficient_recent_games,0.6595190596332425,0.729116718874954
2,fddd3b61d250b726,2026-08-01,0,mixed_or_other,0.2356066777846557,0.5803207699573375
2,fe15279b0160812c,2026-08-01,0,mixed_or_other,0.07580563086793635,0.3454054271064688
2,fe36bb1bc56b3957,2026-08-01,0,ranked_solo_focused,0.10812057948705968,0.16615101134395083
2,fe3da5d11c28a32c,2026-08-01,0,mixed_or_other,0.013034515355450142,0.007269102830321106
2,fe5b1a1f9f6dbd1a,2026-08-01,0,mixed_or_other,0.01994730974440313,0.035481779532905475
2,fea52414f6f2c191,2026-08-01,0,mixed_or_other,0.03412835226472969,0.04930634109767434
2,ff134a73518a556c,2026-08-01,0,mixed_or_other,0.07673509212470163,0.25899136597721395
2,ff75413420fe9f77,2026-08-01,0,mixed_or_other,0.14764815751371757,0.30109942999357187
2,ff938bd209c11109,2026-08-01,0,mixed_or_other,0.0077942789283682035,0.005572962308145184
3,000998b044e34765,2026-08-01,0,mixed_or_other,0.2635391243011325,0.7107640646938549
3,00109e082ad4b1c3,2026-08-01,0,mixed_or_other,0.010981469453241284,0.018559332329064517
3,00546da6f5f418dd,2026-08-01,0,casual_focused,0.09951156754029586,0.27804267501392255
3,005e8258e7c9ac7b,2026-08-01,1,insufficient_recent_games,0.5069515035639968,0.8997403786673637
3,00e3a2213dfd8b32,2026-08-01,0,mixed_or_other,0.03865974058873783,0.09344581674726343
3,0182d85d717ad467,2026-08-01,1,insufficient_recent_games,0.6696995462711363,0.8864812136124179
3,01a6a68c2be44d47,2026-08-01,0,ranked_solo_focused,0.34214108478108446,0.5434266361012396
3,02bdc8b6d11cd161,2026-08-01,0,mixed_or_other,0.04362043671575575,0.03504861681439213
3,03455db41c062e31,2026-08-01,0,ranked_solo_focused,0.23571627319710398,0.2184140843620091
3,0409946a8d1aee83,2026-08-01,0,casual_focused,0.06038483526656032,0.06988199847835928
3,04d43b36d10bcbe0,2026-08-01,0,ranked_solo_focused,0.03593723899496158,0.2068411223137932
3,05224b7ff78912bb,2026-08-01,1,casual_focused,0.045371935747289975,0.17239806932760493
3,0526640e5c66a7b4,2026-08-01,0,casual_focused,0.039424233362994554,0.1226703560627434
3,05f21e8bb8680bf2,2026-08-01,0,ranked_solo_focused,0.06358723030537795,0.25336985916497945
3,06149af9c732896c,2026-08-01,0,ranked_solo_focused,0.1881182717936351,0.3589140346234562
3,06f1602df4ad7121,2026-08-01,1,insufficient_recent_games,0.6562946980175491,0.7013509466057768
3,07c4e3534a7f9996,2026-08-01,0,ranked_solo_focused,0.13642837094590268,0.3202536516732471
3,0852ac25394a9bbe,2026-08-01,0,ranked_solo_focused,0.19122333008264222,0.26899865543760354
3,089ea1250504b855,2026-08-01,0,ranked_solo_focused,0.12764140924877862,0.32167860240356055
3,08f2ae28aab152c1,2026-08-01,0,casual_focused,0.048841313420741196,0.027572611789663973
3,09cfa28f468dd3fa,2026-08-01,0,ranked_solo_focused,0.127130644855156,0.40480001883931355
3,0a2195b1dc338d3f,2026-08-01,1,insufficient_recent_games,0.5236104452790722,0.7384841491025547
3,0a8b3f513b39e521,2026-08-01,0,mixed_or_other,0.04246302647247791,0.033368496757963176
3,0ab9f23d4cf15c9b,2026-08-01,0,mixed_or_other,0.05124090512752999,0.10752985996949974
3,0b4efcfd33121b44,2026-08-01,1,casual_focused,0.39066063744076673,0.3673018672327586
3,0bd07d158a5050bc,2026-08-01,0,ranked_solo_focused,0.34917411716000135,0.692043660883916
3,0c981ec81f5cfcc2,2026-08-01,0,mixed_or_other,0.05905002275067297,0.1636491192572292
3,0cb52cddd97b9214,2026-08-01,0,casual_focused,0.030571743662380545,0.06506900156339422
3,0e16069ca1fcf41b,2026-08-01,1,insufficient_recent_games,0.795069391046478,0.8140333976522359
3,0f1d73b9f8059747,2026-08-01,0,insufficient_recent_games,0.6261959013939975,0.7489965032068675
3,0fabbe4d38b8c187,2026-08-01,0,ranked_solo_focused,0.07230015870677123,0.27552919378493584
3,0ffc63cf079ceb01,2026-08-01,0,ranked_solo_focused,0.28488213616025737,0.3596451625751257
3,10c0f2871fe56918,2026-08-01,0,ranked_solo_focused,0.014743429652127651,0.013449463190460174
3,10cbfe59da7766be,2026-08-01,0,mixed_or_other,0.0780014027279014,0.23071524943841457
3,118a9fa10c23da3a,2026-08-01,0,ranked_solo_focused,0.09976933111682737,0.3405216950427391
3,123324da5cd7db74,2026-08-01,1,mixed_or_other,0.10889219286871572,0.3647634413461471
3,128f4ba38ab0bbd8,2026-08-01,0,insufficient_recent_games,0.2943964017805478,0.7074562906257414
3,12a67cddf5d6f0b2,2026-08-01,1,insufficient_recent_games,0.6645182362005418,0.6472730290815508
3,132820fe45333f01,2026-08-01,0,casual_focused,0.07905638739532544,0.10230849722681609
3,1354102b5ef93db8,2026-08-01,0,mixed_or_other,0.024608455328634808,0.05761971283220747
3,13b606a8b6f331a0,2026-08-01,0,ranked_solo_focused,0.038264528869293164,0.060727363311078655
3,13b8bdc160dc15c9,2026-08-01,0,ranked_solo_focused,0.013798308167657737,0.03644490728734356
3,14140a36ad4a52b1,2026-08-01,0,insufficient_recent_games,0.4153335547106129,0.7336484240351983
3,1418298ca1fa2e6b,2026-08-01,0,ranked_solo_focused,0.128788529212042,0.32270799195867317
3,14475dadfc55c9d7,2026-08-01,0,ranked_solo_focused,0.047722907981967926,0.12597460945459138
3,14935fc793fc4001,2026-08-01,1,mixed_or_other,0.603562831951579,0.880873264635137
3,14f98f1241a934c7,2026-08-01,0,casual_focused,0.012650717111265017,0.012923790541421442
3,1600ec1425bc48ef,2026-08-01,0,ranked_solo_focused,0.011927664371919963,0.038178270437715614
3,16d900daf788b04f,2026-08-01,0,mixed_or_other,0.06420957019340436,0.156038236966841
3,16e47655b7a36da0,2026-08-01,0,mixed_or_other,0.01598915203789382,0.008208389279311189
3,177a02b14a0960b8,2026-08-01,0,mixed_or_other,0.054387426275357476,0.07051522379365928
3,18e08f6b0f820d1b,2026-08-01,1,insufficient_recent_games,0.2949171147465972,0.2777332782930163
3,1960f7de5b4f29b7,2026-08-01,0,casual_focused,0.02430391271834335,0.029789316107634786
3,1a249d2be37b4b0c,2026-08-01,0,casual_focused,0.016887035007944,0.03344646626498335
3,1a41e6fb399a86cd,2026-08-01,0,mixed_or_other,0.012088213957813137,0.03732822961122216
3,1aafc576b158a36d,2026-08-01,0,casual_focused,0.455378420787292,0.6304581259336149
3,1ae0520afd8f0a62,2026-08-01,1,ranked_solo_focused,0.127760710731832,0.3689340469537632
3,1b959349f9c1c96c,2026-08-01,0,mixed_or_other,0.17773329792691914,0.5288983509791586
3,1c76d01e1d05bfa6,2026-08-01,1,mixed_or_other,0.06853515920857241,0.30389963056210356
3,1ca61506c75a7954,2026-08-01,0,casual_focused,0.009857529295074757,0.02406375160448098
3,1d027c1a78e3c15c,2026-08-01,0,mixed_or_other,0.02765471742037899,0.0501126908497872
3,1d7cc60edf77e92c,2026-08-01,1,ranked_solo_focused,0.08268472046338252,0.25499313150803904
3,1e05fccb80775c20,2026-08-01,0,ranked_solo_focused,0.057318809714996984,0.14664831473287
3,1e0f7c096046e73f,2026-08-01,0,ranked_solo_focused,0.014733182823575606,0.02888949338021355
3,1e1c38a8a08c2fc3,2026-08-01,0,mixed_or_other,0.013879566197541623,0.017320278924591908
3,1e6a86c99b8daab2,2026-08-01,0,ranked_solo_focused,0.21191075775465418,0.4758771837699185
3,1e7c0e06f8ff7762,2026-08-01,0,ranked_solo_focused,0.09514525806979579,0.3856776930611657
3,1f6d1b3718fc041f,2026-08-01,0,casual_focused,0.04521213497424064,0.10289810143480839
3,1fa357185a1a4d62,2026-08-01,0,mixed_or_other,0.017864013388417456,0.03231160892097294
3,1fb0dea450db36f9,2026-08-01,0,mixed_or_other,0.08018934792642463,0.4359116909148782
3,1fbd513f04d514b6,2026-08-01,0,ranked_solo_focused,0.14767218345076863,0.39796351341842895
3,202740edb3c60c0e,2026-08-01,0,casual_focused,0.05096073381913197,0.09094915643709829
3,21df84122884a6cd,2026-08-01,0,ranked_solo_focused,0.16560833122137283,0.20921711198306062
3,21f93301ec0c560b,2026-08-01,0,insufficient_recent_games,0.21141456386585813,0.4390373315112728
3,21fa64b3c61b7783,2026-08-01,0,ranked_solo_focused,0.03650418258708398,0.13165705889160864
3,21fc573bb23cff8d,2026-08-01,0,mixed_or_other,0.052465955452707165,0.12168866783108195
3,229394f4e3fc5078,2026-08-01,0,casual_focused,0.03071723920434623,0.05976118576036249
3,22cebc06d06deb0d,2026-08-01,0,casual_focused,0.03642183704376908,0.01596689785259089
3,2344970018bfbd3e,2026-08-01,0,ranked_solo_focused,0.09872502139722966,0.3318124575775464
3,2392ceb9a13f1ac2,2026-08-01,0,mixed_or_other,0.00642214405219124,0.016826644793403202
3,24e1cd51cffecbeb,2026-08-01,0,mixed_or_other,0.016729055925812135,0.05170313253777477
3,24f6067ffc8b0eb5,2026-08-01,0,mixed_or_other,0.0069744355669313024,0.007573833920868662
3,257d0fee192f061e,2026-08-01,0,mixed_or_other,0.022534092315175284,0.025190164337610375
3,261a136ed370afae,2026-08-01,0,casual_focused,0.053565233573527424,0.17837807174127412
3,263f4e0fa404d1ac,2026-08-01,0,insufficient_recent_games,0.46916102860363035,0.7158119071972828
3,265932d2d3d5a969,2026-08-01,0,insufficient_recent_games,0.8733377810692625,0.8530768695208931
3,266af0ffd58dbaab,2026-08-01,0,mixed_or_other,0.0236204823920519,0.034251867220969276
3,266d9727b5135de2,2026-08-01,0,mixed_or_other,0.05150848454613093,0.0967452612734828
3,279898f47f01e1ce,2026-08-01,0,mixed_or_other,0.3897591699224762,0.5238907186794491
3,28280a2f2364e812,2026-08-01,0,mixed_or_other,0.3225146652810899,0.6221437118205586
3,297a75b80ab346c4,2026-08-01,0,ranked_solo_focused,0.5086495848584146,0.8235425731022623
3,2a191c9f48e96d58,2026-08-01,0,ranked_solo_focused,0.050884675632601704,0.06266752876256342
3,2b1080000087328f,2026-08-01,0,mixed_or_other,0.06279308522262879,0.1183776405381965
3,2c689da8939c4021,2026-08-01,0,casual_focused,0.07246317585493575,0.1657267289266956
3,2d21a30daf1ee747,2026-08-01,0,ranked_solo_focused,0.0682405614530413,0.15480604650715607
3,2d35f42718d60432,2026-08-01,0,mixed_or_other,0.06538173206081907,0.1861463415407353
3,2db5e3ae0d9640a4,2026-08-01,0,mixed_or_other,0.040776878501131986,0.034812752407706524
3,2e504f6878387695,2026-08-01,0,mixed_or_other,0.03176449317033374,0.04001277167310897
3,2ea59cc760760b49,2026-08-01,0,insufficient_recent_games,0.15934322984808721,0.322685649406854
3,2f05c90e1be551d3,2026-08-01,0,mixed_or_other,0.11449921607515728,0.46718799671736616
3,2f88352227fddbfc,2026-08-01,1,mixed_or_other,0.1492176179771004,0.47985836927244946
3,2fc4944006e6b3a9,2026-08-01,0,mixed_or_other,0.01250691033686677,0.01941892587872683
3,2ffd09370eec20b9,2026-08-01,0,ranked_solo_focused,0.11100656238904782,0.5094552982931376
3,300e25f5df0d3324,2026-08-01,0,mixed_or_other,0.08386355403697278,0.12605276802965046
3,302a1d103cfda506,2026-08-01,0,mixed_or_other,0.015236541098510374,0.015069439312803967
3,312deb51eca56a9e,2026-08-01,0,ranked_solo_focused,0.07653339726351786,0.1624078251438942
3,3159ee2cbfe5f888,2026-08-01,1,casual_focused,0.5730081814813577,0.8137166618435392
3,3170c0625de6eb0b,2026-08-01,0,ranked_solo_focused,0.09271104319958426,0.24514161864677247
3,31f99064e58b7161,2026-08-01,0,casual_focused,0.04786922509692216,0.06225470476519525
3,32787db450f56afe,2026-08-01,0,insufficient_recent_games,0.13976890337916018,0.4679029073003643
3,33d7cca947f341af,2026-08-01,0,ranked_solo_focused,0.15540991839912768,0.4351920868342804
3,341dce90be393c28,2026-08-01,0,mixed_or_other,0.029753208293286666,0.11979440076756148
3,3437b467460612b9,2026-08-01,0,mixed_or_other,0.09217589997662072,0.04242690157259025
3,34614059140da0c2,2026-08-01,1,ranked_solo_focused,0.32085951730405404,0.6519019052251526
3,34def2d93a7da9cc,2026-08-01,0,casual_focused,0.07005553090300108,0.10956415496505327
3,352c458ff5d9d235,2026-08-01,0,ranked_solo_focused,0.05232026326339813,0.06003575710327862
3,362853abd36ddd02,2026-08-01,0,ranked_solo_focused,0.02316910253078107,0.057179344428675075
3,36a26c2e42ad4012,2026-08-01,0,casual_focused,0.22743497478019484,0.5506013665340473
3,372772d7453bbb9b,2026-08-01,0,mixed_or_other,0.03199668216161047,0.056423661199411244
3,393e65484d96a9d9,2026-08-01,1,ranked_solo_focused,0.2074390461924727,0.6522643996175902
3,393ebb629c08de6d,2026-08-01,0,ranked_solo_focused,0.061435552273517,0.2080900173935043
3,396a5c34afa9f8b3,2026-08-01,0,casual_focused,0.02520093323165846,0.0460696219248621
3,3a45833df2a6a662,2026-08-01,0,mixed_or_other,0.05774090292582714,0.14242316077197378
3,3a7b20de812e67bd,2026-08-01,0,ranked_solo_focused,0.19138512987390802,0.5519723528354092
3,3a7d9aab7865a0d8,2026-08-01,0,ranked_solo_focused,0.030776572349050187,0.07327776337297062
3,3a8c2ea00aa8e298,2026-08-01,1,ranked_solo_focused,0.14182377918882966,0.3576038133020718
3,3aca12b7d3269690,2026-08-01,0,ranked_solo_focused,0.03024805886073273,0.10453103004165677
3,3ce814b74a0d2feb,2026-08-01,0,ranked_solo_focused,0.36619853106909495,0.5382861708877987
3,3d290213df0015b5,2026-08-01,0,insufficient_recent_games,0.33604206869283343,0.6823414819529842
3,3dedf628881fd1e9,2026-08-01,0,casual_focused,0.8004740999819682,0.8836297932334805
3,3e021e7358375391,2026-08-01,0,casual_focused,0.0456187407196306,0.09957830268556526
3,3e53f02deba0a50f,2026-08-01,0,ranked_solo_focused,0.30329124609300495,0.19266140518874145
3,3e58bc60ffd70959,2026-08-01,0,ranked_solo_focused,0.1220857071807379,0.47616361919793754
3,3ef85db76da7c91b,2026-08-01,0,mixed_or_other,0.05020551616591443,0.07038758693150156
3,3f24fc8ab688c745,2026-08-01,0,mixed_or_other,0.1757080793988301,0.5565100730913095
3,4099253c0972db5c,2026-08-01,0,casual_focused,0.04717636757824821,0.02448334983359453
3,40d2edb6c05693f2,2026-08-01,1,insufficient_recent_games,0.37527912147564507,0.6854475407445714
3,4155c614086b000c,2026-08-01,0,mixed_or_other,0.0907131717462283,0.13134169527117703
3,416f7af494439ed5,2026-08-01,0,mixed_or_other,0.20626089248595136,0.3923053056599641
3,42129b4048016115,2026-08-01,0,mixed_or_other,0.012110317742409933,0.02205660443636811
3,422334fefa6ca4cc,2026-08-01,0,mixed_or_other,0.17789371212486105,0.5068461592234017
3,42414f8234182a6e,2026-08-01,0,ranked_solo_focused,0.01999620311885549,0.057279882282609
3,445992b16b2f4c15,2026-08-01,0,ranked_solo_focused,0.11699577277734519,0.06577195337507849
3,44bf84c61fa17513,2026-08-01,0,ranked_solo_focused,0.09033299367234572,0.21504545229482003
3,44cd2612bdb2c9ea,2026-08-01,0,casual_focused,0.21011527597170962,0.3775698646480843
3,45864395db5190a8,2026-08-01,0,ranked_solo_focused,0.07344481101467575,0.30483902322500456
3,468e096fc731dc12,2026-08-01,0,ranked_solo_focused,0.6452232201443653,0.5550549821120188
3,46b13ce756419283,2026-08-01,0,ranked_solo_focused,0.05219236053238847,0.14428684507114722
3,46c72e5c641eee03,2026-08-01,0,casual_focused,0.016450871648151563,0.013763273745573831
3,46de47519977dda3,2026-08-01,0,casual_focused,0.029306609420794674,0.059512302941283374
3,46e89cf0dc254ef0,2026-08-01,1,mixed_or_other,0.25777237122334984,0.46405558651012224
3,4717c439b62876f7,2026-08-01,0,ranked_solo_focused,0.07520968786744145,0.21668912344568744
3,477681c04f803e51,2026-08-01,0,mixed_or_other,0.0708379759651413,0.2574114864275474
3,4810f9a151eae8da,2026-08-01,0,ranked_solo_focused,0.08415450935548963,0.1532594066759013
3,487f2e6378a4ab54,2026-08-01,0,casual_focused,0.6565095440530544,0.7576303528367344
3,4a7771c7da3d1fdd,2026-08-01,0,insufficient_recent_games,0.2940310291543376,0.5420291559598008
3,4abb94a7b612d072,2026-08-01,0,insufficient_recent_games,0.5086145321408608,0.7922319415072069
3,4ac39df9aafd1cd0,2026-08-01,0,ranked_solo_focused,0.1804559120852506,0.6252605338112142
3,4af2c430dc4ad56f,2026-08-01,0,ranked_solo_focused,0.4393999300003203,0.5418298621359825
3,4b43d7fe4ea73751,2026-08-01,0,ranked_solo_focused,0.1469931586070391,0.2867204793564598
3,4b5bf7c6012f3502,2026-08-01,0,mixed_or_other,0.013074344337589763,0.029122834669759894
3,4b85e617d6dbe380,2026-08-01,0,ranked_solo_focused,0.5649217838814189,0.784846063450686
3,4b9203c040cac93a,2026-08-01,0,ranked_solo_focused,0.012944006547443218,0.01003588525644277
3,4ba30d1e6fac0ec7,2026-08-01,0,ranked_solo_focused,0.08823224041546028,0.27645090791971655
3,4bb201b4d18baaac,2026-08-01,0,mixed_or_other,0.1314267615305884,0.40520743205923926
3,4ca582e2a1c199b4,2026-08-01,0,ranked_solo_focused,0.05858461454391361,0.20645706680693002
3,4d1f770529b1eaa2,2026-08-01,0,mixed_or_other,0.0637111846747614,0.2088661637004855
3,4da31aef782691f4,2026-08-01,0,ranked_solo_focused,0.12382728761112524,0.414849678671758
3,4da43460e9b7d1d1,2026-08-01,0,ranked_solo_focused,0.03767666920454298,0.14272178660110305
3,4df14413b551fab7,2026-08-01,0,ranked_solo_focused,0.008832458035484,0.012961763776674006
3,4e48d0ae9a8b28b4,2026-08-01,0,mixed_or_other,0.8075099963119444,0.9333684391210584
3,4eb6d19c42d194c5,2026-08-01,0,insufficient_recent_games,0.20273082119860952,0.1918754675257223
3,4f3f0906a7bed000,2026-08-01,0,casual_focused,0.00646880098916985,0.01460109400080442
3,4f5d24729622d0e2,2026-08-01,0,mixed_or_other,0.05494480893508355,0.09317311666400734
3,51bbec83fb68550a,2026-08-01,0,ranked_solo_focused,0.04728475947325762,0.16295089311700278
3,51e01124438f150e,2026-08-01,0,mixed_or_other,0.07926514995413657,0.22925205754415684
3,525de3e2323179e1,2026-08-01,0,ranked_solo_focused,0.024053166219408117,0.04959270980915415
3,53e4d1a222d070a5,2026-08-01,1,insufficient_recent_games,0.3154994375036193,0.7992189021420444
3,5422f09ac5145f62,2026-08-01,0,mixed_or_other,0.06123850053294595,0.19312711964631601
3,5466a81ec27fa22b,2026-08-01,0,mixed_or_other,0.18385063721044353,0.5255358878877568
3,54a791a82a5b40f0,2026-08-01,1,insufficient_recent_games,0.7395164551458627,0.8318817718288515
3,560063648e706b19,2026-08-01,1,mixed_or_other,0.23479121287144322,0.28858457778194274
3,5661bd727e59887f,2026-08-01,0,mixed_or_other,0.05140743985270636,0.2276112023554919
3,578a287788101b59,2026-08-01,0,mixed_or_other,0.10029002625292645,0.2691278097088529
3,57924900120516eb,2026-08-01,0,mixed_or_other,0.11942123216918857,0.12234563575282607
3,581aee4fe8db385e,2026-08-01,0,casual_focused,0.20721687488641502,0.1267342811969274
3,58516adc65369d10,2026-08-01,0,casual_focused,0.16146368508149442,0.20937556159138318
3,599f48295cb41d37,2026-08-01,0,ranked_solo_focused,0.009111934328102882,0.017978491887600177
3,59ebabe7ec08e5ca,2026-08-01,0,casual_focused,0.11810769757852874,0.2561676624837261
3,5b289c04ee6c336a,2026-08-01,0,mixed_or_other,0.03851484126689884,0.07727483898635625
3,5b4c638a58a798b8,2026-08-01,0,casual_focused,0.0254491589967322,0.02320264651583485
3,5b80f3953b40ff93,2026-08-01,0,ranked_solo_focused,0.20369680438934054,0.23811899716264662
3,5baadf07644f2d51,2026-08-01,0,ranked_solo_focused,0.41937058875625693,0.6627368863865876
3,5bb2801a77e2fd57,2026-08-01,0,casual_focused,0.06625290657687005,0.22850010049380298
3,5bc1c7684de7f9cb,2026-08-01,1,casual_focused,0.48936596386933384,0.7963060223275685
3,5d07219f0cb653e3,2026-08-01,1,ranked_solo_focused,0.09085025576859422,0.15959576086902322
3,5d27647521aa8de8,2026-08-01,0,ranked_solo_focused,0.029992825371230505,0.08396558482247661
3,5d3905daab645d12,2026-08-01,0,ranked_solo_focused,0.13789809302405917,0.47184455607467846
3,5dc78c68a93074b8,2026-08-01,0,casual_focused,0.005398576022382013,0.009626503728498917
3,5ecbb3903c2ce8fd,2026-08-01,0,mixed_or_other,0.019291308410479057,0.05750156776216678
3,5ece8981bf4352bf,2026-08-01,0,ranked_solo_focused,0.1549627614346908,0.26519492899936664
3,5ede8205150e53a1,2026-08-01,0,ranked_solo_focused,0.047450676526606846,0.17670100243227854
3,5ee8f21b84787106,2026-08-01,1,insufficient_recent_games,0.8460236867216707,0.8581596245158253
3,5f7a2d6de69d7ede,2026-08-01,0,ranked_solo_focused,0.09376355913673579,0.26234186079597255
3,6002048381910721,2026-08-01,0,ranked_solo_focused,0.05927709056223295,0.20330613271957657
3,60251b089a43d7d4,2026-08-01,0,casual_focused,0.08984863775280948,0.26578037134618715
3,60a7f9f82b7b44aa,2026-08-01,0,mixed_or_other,0.09295809403891202,0.2142665590730681
3,6145b7935a2a8fd9,2026-08-01,0,ranked_solo_focused,0.23220687411317595,0.43827904354152925
3,63aae24330d6243a,2026-08-01,0,ranked_solo_focused,0.11624654552980529,0.21170747205633345
3,63c08e6bcfe357cd,2026-08-01,0,ranked_solo_focused,0.06594312113952785,0.08223976039181043
3,64347532b9b13da8,2026-08-01,0,casual_focused,0.004877726736917645,0.005584113470847197
3,645469bfe408c529,2026-08-01,0,ranked_solo_focused,0.05624307102246726,0.16536622912714852
3,64961fb7036391ca,2026-08-01,0,mixed_or_other,0.006602357352660002,0.010557799274334643
3,649b0a70e63eaee9,2026-08-01,0,ranked_solo_focused,0.00936561671296303,0.02092113992399126
3,650633b7d415a7f7,2026-08-01,0,insufficient_recent_games,0.10841635352279821,0.5542026016215085
3,660dc136de6699be,2026-08-01,0,ranked_solo_focused,0.11413935864940555,0.4148319099508146
3,6680d0791b52e25a,2026-08-01,0,mixed_or_other,0.010886227601953553,0.05368261917179543
3,668fd6e7b340c9a3,2026-08-01,0,ranked_solo_focused,0.23284571681561983,0.5750339134436844
3,66ef83d39f9dac4e,2026-08-01,0,ranked_solo_focused,0.29441230899629056,0.5253169666370503
3,676a5d0e467210f9,2026-08-01,0,ranked_solo_focused,0.1564638180037138,0.29480273928669337
3,683bb032740e3e77,2026-08-01,0,ranked_solo_focused,0.41356724740856504,0.754893309010909
3,68cc7c318b7b158e,2026-08-01,0,ranked_solo_focused,0.12559272158743007,0.20792004847897289
3,68cd24af09ef8486,2026-08-01,0,mixed_or_other,0.09215325447777932,0.1630247218950423
3,696bc6c78487ca87,2026-08-01,0,ranked_solo_focused,0.0703982880223957,0.2455817712514646
3,6a2a566aed5547f2,2026-08-01,0,ranked_solo_focused,0.4807773502186622,0.800305169924549
3,6a88affe41a66ee0,2026-08-01,0,ranked_solo_focused,0.6600947877970004,0.793060106201127
3,6ab988cd24199c3e,2026-08-01,0,casual_focused,0.03202407482955337,0.06752000678543975
3,6bb407bfb69cc238,2026-08-01,0,insufficient_recent_games,0.4161144595394388,0.8178083804447225
3,6bc3c71bfbace810,2026-08-01,1,ranked_solo_focused,0.43609032585411395,0.7050619878394216
3,6c4998dbdc47ac5b,2026-08-01,0,ranked_solo_focused,0.30460057670825263,0.4627091180636611
3,6d8912b48efe14a7,2026-08-01,1,insufficient_recent_games,0.27284202773840077,0.7670440347774068
3,6e8ea08210e8da3f,2026-08-01,0,insufficient_recent_games,0.28097758464473055,0.5708234243146453
3,6ef045018206cb55,2026-08-01,0,ranked_solo_focused,0.06161476424976215,0.023991542296936647
3,6f4eca54c3aa2bc1,2026-08-01,0,ranked_solo_focused,0.2710627714932018,0.5674112099021051
3,6f6792f3a97dfb88,2026-08-01,0,casual_focused,0.014252562937906324,0.022981141472700778
3,6f759192629d8ffe,2026-08-01,0,mixed_or_other,0.034988544650990876,0.11257871294162844
3,6fe3c44dd9cbfaae,2026-08-01,0,ranked_solo_focused,0.13840196586427295,0.3090519378418181
3,70d8f56bb47fa695,2026-08-01,0,ranked_solo_focused,0.036706222762906596,0.11876930391875096
3,7135bf0f61d1ff45,2026-08-01,0,ranked_solo_focused,0.02511215511128818,0.03188027273324032
3,71a3beeadba4a14a,2026-08-01,0,mixed_or_other,0.07016834816547989,0.170049525519115
3,71e919dc2fa877e9,2026-08-01,0,mixed_or_other,0.0051337206299556,0.00616866565443965
3,7256b09caa899831,2026-08-01,0,ranked_solo_focused,0.021651328948660307,0.06408489673844635
3,72a3bc4213e3cb58,2026-08-01,0,ranked_solo_focused,0.0407336296143691,0.18746684812128478
3,732b3a0cded95339,2026-08-01,0,mixed_or_other,0.05856987762815761,0.24632358096338192
3,739a8078e2c0c28a,2026-08-01,0,ranked_solo_focused,0.25830421277665544,0.4303685905669175
3,73a854d1911e1c4d,2026-08-01,0,casual_focused,0.009317252342468222,0.01572504323174919
3,748f832ff17635e3,2026-08-01,0,casual_focused,0.24018901212661262,0.47315082480904685
3,74a08a598a032a1d,2026-08-01,1,ranked_solo_focused,0.20422793838230913,0.5670678343014822
3,74d47a9d4a58942e,2026-08-01,0,ranked_solo_focused,0.029264281085419955,0.048872959444582365
3,7528e5d9aa2facb1,2026-08-01,0,ranked_solo_focused,0.0173792991153279,0.020195661170638292
3,755745df95ff0a69,2026-08-01,0,ranked_solo_focused,0.08663285370336556,0.3606893652040525
3,75703715f50699db,2026-08-01,0,mixed_or_other,0.0351843850168951,0.1093187567919898
3,75e80b55e66c2732,2026-08-01,0,casual_focused,0.014201719000381984,0.022960110735462978
3,76d79330dc07537e,2026-08-01,0,mixed_or_other,0.01847824711440187,0.02017799178174227
3,776384347af07be1,2026-08-01,0,mixed_or_other,0.06393706238093019,0.3396187714048683
3,77ad16d00dd7763f,2026-08-01,0,mixed_or_other,0.04913703793892854,0.06977697081469085
3,77ba0a399e463009,2026-08-01,0,ranked_solo_focused,0.0729575829845673,0.22876951483117391
3,7801f3daf2795469,2026-08-01,0,ranked_solo_focused,0.03611018035334703,0.0950097141836368
3,7822f667387b29c7,2026-08-01,0,ranked_solo_focused,0.0447510947627202,0.10618872906170976
3,783f1435d067b6da,2026-08-01,0,casual_focused,0.14010743709212997,0.15215826150735764
3,786148badc8885a8,2026-08-01,0,ranked_solo_focused,0.16707563287797436,0.44027125246562315
3,794117e30646a384,2026-08-01,1,casual_focused,0.3218222959761842,0.6533469360898957
3,7993b9d06cc9138f,2026-08-01,0,mixed_or_other,0.008757785960240055,0.01666977434124392
3,79bef50ddebf7136,2026-08-01,0,casual_focused,0.01840359908349301,0.029197102527971523
3,7a13a0eea6307278,2026-08-01,0,ranked_solo_focused,0.5972383392555467,0.6932136557103389
3,7a931f36e2766186,2026-08-01,0,mixed_or_other,0.15529037398059828,0.3360729936115875
3,7b22593523b7444c,2026-08-01,0,insufficient_recent_games,0.2752754118829475,0.4949056330180568
3,7b404a403b4f0e5c,2026-08-01,0,ranked_solo_focused,0.04374998262484682,0.10226159168586904
3,7b6c1d974eb1a170,2026-08-01,0,ranked_solo_focused,0.14455898117926544,0.45739199757849175
3,7bb45507640e3943,2026-08-01,0,insufficient_recent_games,0.3237518698383315,0.6957501386446869
3,7cc77d4f9904a8e1,2026-08-01,0,insufficient_recent_games,0.1715261984659468,0.518457082170975
3,7d33acd56b024065,2026-08-01,0,ranked_solo_focused,0.16161128253458504,0.1677119258890968
3,7e3aec65e0159b21,2026-08-01,1,ranked_solo_focused,0.46445577705615804,0.7400036136894947
3,7e5e11ddc426f774,2026-08-01,0,casual_focused,0.10366578146652844,0.3152100323149255
3,7e641fe4afaf0d70,2026-08-01,0,insufficient_recent_games,0.17422495450520664,0.20180513280495072
3,7f1d9a9904632eb6,2026-08-01,0,ranked_solo_focused,0.23305567739348043,0.4343407642586507
3,7f722281a4db3b1d,2026-08-01,0,mixed_or_other,0.4094575751781429,0.36702821025667964
3,7f7d5b9a789b4387,2026-08-01,0,ranked_solo_focused,0.048618849831546546,0.09397265764099529
3,7faf5dfae7e7e597,2026-08-01,0,casual_focused,0.013225701411650519,0.03493075660551091
3,804a36bdcb7df426,2026-08-01,0,ranked_solo_focused,0.10944064057727615,0.3180346070423162
3,808c916fdd731cf6,2026-08-01,0,casual_focused,0.09213383698455159,0.2876813462326471
3,80aa9adc593a379c,2026-08-01,0,mixed_or_other,0.4905882951741964,0.6601165425646529
3,80ef2265eeefbe6c,2026-08-01,0,casual_focused,0.032839066333183536,0.03555941396967531
3,81290a2881ebbb13,2026-08-01,1,insufficient_recent_games,0.2035344975386742,0.43285073655609396
3,817fc433b6ecaefc,2026-08-01,0,mixed_or_other,0.023394964001990995,0.06229271258304173
3,818a79bdaba6a37a,2026-08-01,0,casual_focused,0.050512882219321056,0.17876260288645016
3,81fc9d3d51ce5366,2026-08-01,0,ranked_solo_focused,0.04246498875542937,0.14315895503193427
3,8295da3b3202abdf,2026-08-01,0,ranked_solo_focused,0.13658337531631407,0.20134790086058815
3,835463c5f6c8c9a1,2026-08-01,0,ranked_solo_focused,0.03739504834575599,0.0907978402988381
3,83d7eb220d24b40f,2026-08-01,0,ranked_solo_focused,0.233425126131857,0.513505485765541
3,84324e772d11375c,2026-08-01,0,insufficient_recent_games,0.5323256518912377,0.6392633718098814
3,84559f8bdecfee77,2026-08-01,0,mixed_or_other,0.1671825312483011,0.4369473582951212
3,868893702fd7c74b,2026-08-01,1,casual_focused,0.10578905603678035,0.35292214195668253
3,869db2f65dec820b,2026-08-01,0,casual_focused,0.14590759122288172,0.4171077656501387
3,86d2c6ecab138e80,2026-08-01,0,ranked_solo_focused,0.12144195037935995,0.2785047975155775
3,8736980842862ad0,2026-08-01,0,mixed_or_other,0.019323361759698066,0.06509107431121099
3,873a6bc5e7810e42,2026-08-01,0,mixed_or_other,0.23493299693502318,0.5712406571736807
3,87981be00758ff81,2026-08-01,0,insufficient_recent_games,0.23599381639240385,0.589697643179738
3,87b8024da9dde6d3,2026-08-01,0,mixed_or_other,0.04090013382625171,0.060296580710297414
3,87c30bc09bcbe6cd,2026-08-01,1,insufficient_recent_games,0.5882818351703093,0.8400980782703399
3,888d5ebb6dcd54fd,2026-08-01,1,ranked_solo_focused,0.22634834144099264,0.3319471951995737
3,89611552d0174ff6,2026-08-01,0,mixed_or_other,0.10714441686131564,0.3666462403819162
3,8a22101fe12eb2c5,2026-08-01,1,ranked_solo_focused,0.543900020359032,0.8151629212190985
3,8b0c143fd843722e,2026-08-01,0,mixed_or_other,0.06277560145523209,0.08811323041327536
3,8b315dc1730da0c8,2026-08-01,0,mixed_or_other,0.008176901229406053,0.0641294220518092
3,8b918fcf6bc96422,2026-08-01,0,mixed_or_other,0.10914856088278482,0.29087291342002763
3,8c18a30e67e714ab,2026-08-01,0,mixed_or_other,0.08532307223491811,0.3322969413886434
3,8cacac70e0c8a431,2026-08-01,0,ranked_solo_focused,0.09003206424730996,0.2397889872156905
3,8dd83465d46be50c,2026-08-01,0,mixed_or_other,0.03129850964138257,0.09336019605815069
3,8e9bea1fb1797f80,2026-08-01,1,ranked_solo_focused,0.1217270640653977,0.19395394808175878
3,8ec0b262a25f0213,2026-08-01,0,mixed_or_other,0.02418567846533934,0.10839154430373227
3,8edd639cca478113,2026-08-01,1,insufficient_recent_games,0.535192759575806,0.8558548839315975
3,8f174cfed26bfe06,2026-08-01,0,mixed_or_other,0.37484132246559854,0.4764235031523241
3,8f426d36ea65a623,2026-08-01,0,insufficient_recent_games,0.31879579572730965,0.5402017231109305
3,8f57a674f2493401,2026-08-01,0,mixed_or_other,0.31479287860784844,0.34435230531971006
3,8f58eb42e4bcff39,2026-08-01,1,insufficient_recent_games,0.7841991294593086,0.882817319240669
3,908929396ab4c953,2026-08-01,0,mixed_or_other,0.007391549139116277,0.004881758958341243
3,91266c03880b12d6,2026-08-01,1,mixed_or_other,0.11803035305288356,0.329919339540887
3,924b34d606674713,2026-08-01,0,ranked_solo_focused,0.2857914676722541,0.522059558835278
3,92530b14bcd89ab8,2026-08-01,0,ranked_solo_focused,0.04913633290141578,0.13172866483602338
3,92c5baa111e9f633,2026-08-01,0,ranked_solo_focused,0.17336719780041182,0.16662618289203202
3,94510d88d6e7c1ae,2026-08-01,0,ranked_solo_focused,0.1697341950063684,0.6069954786235989
3,947bfb88e3f67301,2026-08-01,0,mixed_or_other,0.8105935338689872,0.8887497990461521
3,9556185d4a18924b,2026-08-01,0,ranked_solo_focused,0.0907177623525942,0.18379232479393123
3,9632063f88d1b734,2026-08-01,1,ranked_solo_focused,0.5611508937810841,0.6821830793484318
3,966686038b842717,2026-08-01,0,ranked_solo_focused,0.2098661008721382,0.5094366972917586
3,969760fcba2e6fbe,2026-08-01,0,mixed_or_other,0.011855319252564582,0.020969645801494494
3,96c0cbad3cc5e46b,2026-08-01,0,mixed_or_other,0.08479765677433186,0.056381484352590834
3,96d3524f7227cf9c,2026-08-01,0,mixed_or_other,0.047176447121299196,0.03308129030431821
3,9722c1d065130712,2026-08-01,0,ranked_solo_focused,0.10080536039204584,0.3292788839842108
3,9745ae02e62b0106,2026-08-01,0,ranked_solo_focused,0.04391709843630645,0.104287011980123
3,9809ca7837e35ebf,2026-08-01,0,ranked_solo_focused,0.03654629415042162,0.07764132985685764
3,987b8c526fb64ca1,2026-08-01,1,mixed_or_other,0.07834216800463767,0.3136889778508543
3,98c29edc6d96f11c,2026-08-01,1,ranked_solo_focused,0.12235549997466988,0.3928342389772066
3,999fe38a8576f561,2026-08-01,0,ranked_solo_focused,0.06839195927243218,0.11888048320680632
3,99ee6f601f914330,2026-08-01,0,ranked_solo_focused,0.29673101657120454,0.7117546929005474
3,9ab0134baa1960ab,2026-08-01,0,mixed_or_other,0.2808662845481661,0.38931338988867503
3,9ad3d93d4eadfa97,2026-08-01,0,ranked_solo_focused,0.005959652344740555,0.0119587042179475
3,9db146f013d7d60a,2026-08-01,1,mixed_or_other,0.43797938375019246,0.5772615681648522
3,9e0438deaf9d2e3f,2026-08-01,0,ranked_solo_focused,0.28856788225019686,0.2898087487306388
3,9e7542a6acb94bc0,2026-08-01,0,mixed_or_other,0.04272823970972527,0.1673691881017034
3,9efb040fb451034b,2026-08-01,0,ranked_solo_focused,0.09179463024194744,0.04561714790396033
3,9efba54b736b34b8,2026-08-01,0,casual_focused,0.007696749414642427,0.013359772276356806
3,a0c462f731b98a5c,2026-08-01,1,ranked_solo_focused,0.23853824373010019,0.46128983161568526
3,a0f93a44d8792479,2026-08-01,0,mixed_or_other,0.05459601187647844,0.1770140188608242
3,a25d9c30008629ce,2026-08-01,0,casual_focused,0.343042656360751,0.4494660875140637
3,a2d0b3f9212aa1ab,2026-08-01,0,casual_focused,0.03136699851271295,0.03849983753600737
3,a2d1ac3f3c933304,2026-08-01,0,casual_focused,0.7493097276875629,0.7035044860127098
3,a30fd7b395ee1986,2026-08-01,0,casual_focused,0.04632203310070379,0.17192460006279045
3,a325f646da7b1417,2026-08-01,0,mixed_or_other,0.25632025140153925,0.3188025648542613
3,a34175ec1f03a8e4,2026-08-01,0,ranked_solo_focused,0.044031083090858084,0.1404111268113812
3,a34c251f8d9d84cb,2026-08-01,0,mixed_or_other,0.005772816978682154,0.004995373821112601
3,a385c8dcff65b440,2026-08-01,0,ranked_solo_focused,0.051210288440174716,0.1665701214783755
3,a3d2511aa13a37ca,2026-08-01,0,insufficient_recent_games,0.17850244625523556,0.41822744889445024
3,a45d21bd449a09df,2026-08-01,1,insufficient_recent_games,0.26962837433986186,0.3741640351720674
3,a55d9ee9673125c5,2026-08-01,0,mixed_or_other,0.15633403857327882,0.5371592006930063
3,a595e2e70cfe7a47,2026-08-01,0,casual_focused,0.015052973741116976,0.0089508992976821
3,a5f1adf27a124663,2026-08-01,0,mixed_or_other,0.047010767001474524,0.2045014037354618
3,a6c4257d648a354d,2026-08-01,0,mixed_or_other,0.15721133097992898,0.575321185388477
3,a70b8e3c08cd20e4,2026-08-01,0,mixed_or_other,0.1361909847540311,0.25638197114842703
3,a862892d62c72766,2026-08-01,0,ranked_solo_focused,0.026105486610031918,0.08578564377994588
3,a8925e8f6d5494e9,2026-08-01,0,mixed_or_other,0.0949093139245789,0.23333263109208727
3,a8d309f5e65bc8ea,2026-08-01,0,mixed_or_other,0.0628225406994469,0.19419045621839642
3,a8e4b4d6bbd879c6,2026-08-01,0,ranked_solo_focused,0.21244644254763834,0.4638088318222873
3,a9466801d0e1b6d1,2026-08-01,0,mixed_or_other,0.06383539809608585,0.3382168228371824
3,a977e1422ddb24e4,2026-08-01,0,ranked_solo_focused,0.6826029767933346,0.6832731207949
3,aaa60e0692a61d69,2026-08-01,0,mixed_or_other,0.16159675796214132,0.5902146601419443
3,aaeb5b9a9c7290ea,2026-08-01,0,mixed_or_other,0.042658993975885726,0.0956496630196852
3,ab018adf1fda41d2,2026-08-01,0,mixed_or_other,0.20578684519726717,0.4613777524914176
3,ab473cdfdea50b90,2026-08-01,0,ranked_solo_focused,0.05834855392421322,0.2752514053901941
3,ab6109b126687f81,2026-08-01,0,mixed_or_other,0.23249055045579073,0.2783565149100471
3,ab883e4c89cb2d8f,2026-08-01,1,insufficient_recent_games,0.497192105629613,0.7701462651481613
3,ac1f9d1eddbf7c1a,2026-08-01,0,mixed_or_other,0.39900337983836975,0.3563913699616057
3,ad481422e1f30881,2026-08-01,0,ranked_solo_focused,0.04674857537722279,0.15853370990069357
3,ad54974d4e94e913,2026-08-01,0,ranked_solo_focused,0.30790798675740694,0.7221752029628137
3,adcd4a27330439d4,2026-08-01,0,casual_focused,0.044471617347453016,0.08172716678554497
3,ade3b4ed35b4855f,2026-08-01,0,mixed_or_other,0.0820762317701636,0.25329447804277705
3,ae0a5928a980ed2a,2026-08-01,0,ranked_solo_focused,0.009254366384615536,0.010966681648043168
3,ae1a0fc5f40071cd,2026-08-01,1,insufficient_recent_games,0.6726839089445261,0.8551944788646731
3,ae7bfc32807e2254,2026-08-01,0,insufficient_recent_games,0.2944401097061724,0.6379053250014955
3,aed1ae5e1caa31c7,2026-08-01,1,insufficient_recent_games,0.6915795433122438,0.8916649542765089
3,aed6c6ae972e65b1,2026-08-01,1,ranked_solo_focused,0.7070562879545603,0.8184194540108113
3,af5c2643d67b2f1d,2026-08-01,0,mixed_or_other,0.017951013594010065,0.078066307181242
3,af833e343dd62a40,2026-08-01,0,ranked_solo_focused,0.1738945366944038,0.6667683620899851
3,afa145b02ae2dc97,2026-08-01,0,mixed_or_other,0.1026646128102771,0.0896978556506325
3,b102526594e3c520,2026-08-01,0,casual_focused,0.13730861180004034,0.45028546467823133
3,b156f7256ee43dd6,2026-08-01,0,mixed_or_other,0.014913004745688315,0.009328820867885374
3,b161e909a16233c8,2026-08-01,0,ranked_solo_focused,0.02242978934186876,0.0606092113011739
3,b27026991080cfd1,2026-08-01,0,ranked_solo_focused,0.26637690319691687,0.7524797604591849
3,b62b9e0b26b4d0a2,2026-08-01,0,casual_focused,0.016109365424748057,0.02400706744463536
3,b67f06ace8153b39,2026-08-01,0,casual_focused,0.013008999489786422,0.0259496490204754
3,b69967c862efc158,2026-08-01,0,mixed_or_other,0.0978896996650263,0.23040532085417087
3,b6e83a2890b9c55c,2026-08-01,0,insufficient_recent_games,0.3834079410863229,0.49360851374802445
3,b780349f05c95fd5,2026-08-01,0,ranked_solo_focused,0.03482175248032536,0.07494886142576812
3,b784a39375205451,2026-08-01,0,mixed_or_other,0.022436703302685625,0.059730618585487436
3,b79ab15d99180066,2026-08-01,0,insufficient_recent_games,0.7235244122934249,0.8034506278496221
3,b7ce0c81a047219e,2026-08-01,0,mixed_or_other,0.30927921834962685,0.4917175764032953
3,b7d21663ad7adaa6,2026-08-01,0,insufficient_recent_games,0.23725437210917238,0.5816275386509742
3,b8062c17895b3973,2026-08-01,0,ranked_solo_focused,0.08063588325892333,0.28662854078030336
3,b833774146e4eecc,2026-08-01,0,casual_focused,0.011642256024600142,0.026211232950395565
3,b876064a134488e1,2026-08-01,0,ranked_solo_focused,0.11789140223952455,0.2363093549884481
3,b8bd73ca0600bc95,2026-08-01,0,ranked_solo_focused,0.16024604988023436,0.24377178240502637
3,b8f81daab4517c6a,2026-08-01,0,mixed_or_other,0.017662601634776405,0.08613827379152822
3,b93bcc0e93df0491,2026-08-01,0,ranked_solo_focused,0.034171089829120024,0.09917718361728382
3,b96c62b5ab7c881a,2026-08-01,1,ranked_solo_focused,0.06975251833356604,0.09414198059947282
3,b96e22539b2e628c,2026-08-01,0,casual_focused,0.03965078641036474,0.10233339705847902
3,baad00b3be7ccdec,2026-08-01,0,mixed_or_other,0.15428734388592782,0.31938890417858784
3,bb0b04c697710928,2026-08-01,0,mixed_or_other,0.012308713795952539,0.013095268539395329
3,bb310da94bfa795b,2026-08-01,0,ranked_solo_focused,0.02101780033000413,0.08723793536387052
3,bb61b84beabcbddb,2026-08-01,0,insufficient_recent_games,0.46030627912696437,0.6682575818896419
3,bbdcea5ce68f30ab,2026-08-01,0,casual_focused,0.06930495814903827,0.09555835219774328
3,bbe7ed9adf77c9bc,2026-08-01,0,mixed_or_other,0.1266148990990704,0.35435198838034904
3,bbe94781cdf34a80,2026-08-01,0,insufficient_recent_games,0.3705989620595108,0.7006599424227145
3,bc2c28c3baaedf99,2026-08-01,0,ranked_solo_focused,0.036427870050290925,0.1105535672234759
3,bc93a0b6d6245418,2026-08-01,0,ranked_solo_focused,0.010021339182895944,0.02060402711556994
3,bca4d84c6f4d8555,2026-08-01,0,mixed_or_other,0.0273709907715885,0.03391652426380734
3,bcc74d1d1ad3cfd3,2026-08-01,0,ranked_solo_focused,0.25322319797438336,0.5802597218592054
3,bcff67cbdc7e19e7,2026-08-01,0,mixed_or_other,0.027168309095696033,0.07203819462020297
3,be0fd32339648de2,2026-08-01,0,mixed_or_other,0.07142411287214186,0.15489909330745752
3,be42ea36e2fd2029,2026-08-01,0,ranked_solo_focused,0.02721310768563722,0.0697504245294465
3,be72dd69d434cbe2,2026-08-01,0,ranked_solo_focused,0.03858294123208047,0.16486851116207352
3,be819dc4ef83e4b9,2026-08-01,0,mixed_or_other,0.1829533336612097,0.3685811652919826
3,be8dca1d779bff9a,2026-08-01,0,insufficient_recent_games,0.07991903289758383,0.32903619097918746
3,beee47cf00066631,2026-08-01,0,mixed_or_other,0.00625128878688697,0.003712770242496434
3,bf9acf9a427220d0,2026-08-01,0,casual_focused,0.05455232882984631,0.20497473907319863
3,c0335d3e15be8c68,2026-08-01,1,mixed_or_other,0.024839434114502592,0.06778420059566986
3,c0dea58d2574cb48,2026-08-01,0,casual_focused,0.011408291911978638,0.011595024553863692
3,c0e4d063e6ed5264,2026-08-01,0,ranked_solo_focused,0.3930867861167945,0.7794639943176248
3,c11636afc804eaea,2026-08-01,0,casual_focused,0.026397532367615523,0.05754823350521506
3,c12ee61fa354ad9f,2026-08-01,0,casual_focused,0.045968420294962994,0.16531055291101865
3,c185b69cfdbed08a,2026-08-01,1,insufficient_recent_games,0.7305072588367358,0.8900514524904
3,c21d27c04b83632e,2026-08-01,0,mixed_or_other,0.13491453753284743,0.3643736949534883
3,c26823dd6c125109,2026-08-01,0,ranked_solo_focused,0.06279445602415093,0.21549280408135593
3,c2b74433a5c4ba78,2026-08-01,0,ranked_solo_focused,0.3197146673160837,0.5366673661715949
3,c2ec0e3cfbad6880,2026-08-01,1,mixed_or_other,0.2500165647799792,0.6384944803701554
3,c2f856d6bd816347,2026-08-01,0,mixed_or_other,0.19851783720405558,0.4324293643078285
3,c3153148bf14ddbd,2026-08-01,0,mixed_or_other,0.09525360649281149,0.22524750691457682
3,c360105bd98adec2,2026-08-01,0,casual_focused,0.019809033087750748,0.043838312504035123
3,c37637e579c8001b,2026-08-01,0,ranked_solo_focused,0.02863829206168867,0.09083491561640537
3,c41330925d5be8f2,2026-08-01,0,casual_focused,0.009411125593840051,0.01571266848823847
3,c45fd949cea80243,2026-08-01,0,insufficient_recent_games,0.32949302109691325,0.459378703889038
3,c46ba2edd5e0bc8a,2026-08-01,0,ranked_solo_focused,0.21768420174857564,0.6481476951163921
3,c4adadead364033e,2026-08-01,1,insufficient_recent_games,0.5669066315806144,0.8456195795902669
3,c4bbda1b9c7fb014,2026-08-01,1,ranked_solo_focused,0.3689917226340437,0.5430765975706981
3,c59723bf8f7e3dd0,2026-08-01,0,mixed_or_other,0.08799280551755166,0.2312163413932267
3,c5aac25ed6d555cd,2026-08-01,0,insufficient_recent_games,0.4938271306612168,0.8604662460619983
3,c6e8bd22f69cdd3c,2026-08-01,0,mixed_or_other,0.016774126142833825,0.04298037597194617
3,c778f637b5e5cc94,2026-08-01,1,casual_focused,0.17259444433596907,0.4819815800400795
3,c7cc94995053ffae,2026-08-01,0,ranked_solo_focused,0.08410660230751882,0.351249901545062
3,c7fe76530a3f12d1,2026-08-01,0,insufficient_recent_games,0.1471953943073776,0.21224693619566778
3,c9857f5257291cce,2026-08-01,0,insufficient_recent_games,0.32410570724655824,0.37051564698007894
3,c9cde92dc888c743,2026-08-01,0,ranked_solo_focused,0.27909542271230875,0.5337563962998719
3,cb0e4b12df6742d4,2026-08-01,1,insufficient_recent_games,0.4375584841768505,0.7081469302625024
3,cb1d0d50a97e2f09,2026-08-01,0,mixed_or_other,0.25637457055866664,0.39397676032684237
3,cbef5db1ab91129c,2026-08-01,0,ranked_solo_focused,0.07821318717900712,0.05966037159134893
3,cbf78c1d76f71599,2026-08-01,0,mixed_or_other,0.023492476886044295,0.04294339850685864
3,cbffefa0793c0cf6,2026-08-01,0,mixed_or_other,0.01667819595830755,0.03698981476428412
3,cc67012a8db11b6e,2026-08-01,1,insufficient_recent_games,0.44731247876639896,0.7720726832771873
3,ccad056b59132e76,2026-08-01,0,insufficient_recent_games,0.16035749196386534,0.4019633750293647
3,ccc7894ee8fef83e,2026-08-01,0,ranked_solo_focused,0.2145779796674777,0.5331629106589402
3,cdc1dae41c300e8b,2026-08-01,0,ranked_solo_focused,0.0725039409971831,0.18783248736682245
3,ce223577f555e770,2026-08-01,1,casual_focused,0.03829213863571715,0.09035109368011311
3,ce8513ae6ca01431,2026-08-01,0,mixed_or_other,0.17186292891921937,0.44662478108189324
3,ce8b6f896b3991b4,2026-08-01,0,insufficient_recent_games,0.40257213542713705,0.7095953488042147
3,cea156dfb7bd4b09,2026-08-01,0,mixed_or_other,0.009041169137595987,0.023095596342767023
3,ceff994caf8a348e,2026-08-01,1,insufficient_recent_games,0.4458329029985437,0.6897995535582908
3,cfa4d9aabe461095,2026-08-01,0,ranked_solo_focused,0.04494379893553044,0.09755070924540567
3,d1730a85ab24bc60,2026-08-01,0,ranked_solo_focused,0.056320610416334245,0.14403935758732905
3,d18f9cc38378d4a4,2026-08-01,0,casual_focused,0.057670519075691706,0.1938567980103371
3,d1df9fcc70f265b6,2026-08-01,0,mixed_or_other,0.04634439201246504,0.24291819394308667
3,d2c84b3021b9b7e1,2026-08-01,0,mixed_or_other,0.21868348011934519,0.3781086493328402
3,d2d47b41db34b331,2026-08-01,0,ranked_solo_focused,0.059682724399777405,0.11636964522778695
3,d2dc47eb8b4f1d19,2026-08-01,0,ranked_solo_focused,0.05924839035940071,0.15963851955843966
3,d314ff3760261bb7,2026-08-01,0,mixed_or_other,0.025113651024627946,0.045499570716636295
3,d35fca40cbd12ab1,2026-08-01,0,insufficient_recent_games,0.535577225137594,0.6874248962408069
3,d396a8d07ece7916,2026-08-01,0,casual_focused,0.0694596737419106,0.1838358301677209
3,d44b1eb158d4c168,2026-08-01,1,casual_focused,0.06385671163610514,0.14676557766184106
3,d44f8c54b4a5b0e1,2026-08-01,0,insufficient_recent_games,0.22752129958864412,0.6316646308633628
3,d4a9ae08542688c7,2026-08-01,0,ranked_solo_focused,0.08419384151732442,0.32393307929721654
3,d4ffcb29c70c1c2a,2026-08-01,0,casual_focused,0.06355621683219866,0.18351077174869135
3,d52fb3aab5d5ad6a,2026-08-01,0,mixed_or_other,0.13783035289301457,0.17220568141477155
3,d5655b8ac2d26aac,2026-08-01,0,ranked_solo_focused,0.03598671461333345,0.09353255206984395
3,d61d7d49b0911399,2026-08-01,0,mixed_or_other,0.008173643142443676,0.02404762932700205
3,d6c97733b0d8afde,2026-08-01,0,ranked_solo_focused,0.010805279773472056,0.016090966950447996
3,d7d87785535e17b6,2026-08-01,0,insufficient_recent_games,0.341844412191257,0.44693372581940405
3,d8289618d25b5479,2026-08-01,0,ranked_solo_focused,0.3555384358359861,0.54099272735271
3,d87186aa0fe44a34,2026-08-01,1,ranked_solo_focused,0.42216413915761986,0.6637530067526568
3,d95b49000de70581,2026-08-01,0,insufficient_recent_games,0.6332495981486855,0.8604737591314974
3,d99cd594585c75bc,2026-08-01,0,mixed_or_other,0.15820817604431114,0.23175464018312775
3,d9d393d15a0bb7ae,2026-08-01,0,ranked_solo_focused,0.3430385775544475,0.5959172280713365
3,d9f334ed35470c91,2026-08-01,0,mixed_or_other,0.005651448611653626,0.005160454061927144
3,dae222b9451444ab,2026-08-01,0,casual_focused,0.05518284346119215,0.22577865065314087
3,dae8ca4802f0d292,2026-08-01,0,casual_focused,0.014242185614409555,0.019696317784115392
3,daf8b6b8fb1bbc61,2026-08-01,0,mixed_or_other,0.005531515855899235,0.003925019916821889
3,db2d657710c523fe,2026-08-01,1,casual_focused,0.3338854485839677,0.6880428366970022
3,dc3d25e8d08b00c3,2026-08-01,0,ranked_solo_focused,0.010106946751689888,0.026612486093418073
3,dcdd35b762eebd94,2026-08-01,0,insufficient_recent_games,0.5825454680528708,0.5876340954812154
3,dd673266333a80e8,2026-08-01,0,ranked_solo_focused,0.11493459286850785,0.13281251616626485
3,dd78744d874a9086,2026-08-01,0,ranked_solo_focused,0.4996552630272941,0.32459718100800494
3,de2195a9e406e922,2026-08-01,0,mixed_or_other,0.013347631564288046,0.035156928558807934
3,de323d7597616091,2026-08-01,1,mixed_or_other,0.17776986808776218,0.5849190072072112
3,dee0c348249c23a2,2026-08-01,0,casual_focused,0.11832185374447993,0.2407338173410105
3,defb67d4009862c0,2026-08-01,0,insufficient_recent_games,0.19668122877465372,0.5423590910190577
3,df13ffc2f9a278df,2026-08-01,0,ranked_solo_focused,0.10514614535698151,0.3952828957322357
3,df218b8d1adb2e13,2026-08-01,1,ranked_solo_focused,0.09800064523723521,0.23670234709873664
3,df8a1f6223cf5956,2026-08-01,0,ranked_solo_focused,0.048219467919103094,0.08384236172657086
3,df94bbf6630be87e,2026-08-01,1,ranked_solo_focused,0.04261202717734366,0.09876648692982587
3,dfca3f056b55afae,2026-08-01,0,casual_focused,0.08684977548346857,0.17355404718206108
3,e0aba061dfb9eb97,2026-08-01,0,mixed_or_other,0.06387112389220806,0.18792829025032312
3,e0e132fa6048fbde,2026-08-01,0,ranked_solo_focused,0.25572694529213125,0.44988535814168595
3,e1035c4923fafcdf,2026-08-01,0,casual_focused,0.05940244327910637,0.24171075659618124
3,e1132d4fa2288a1e,2026-08-01,0,ranked_solo_focused,0.0626221305925109,0.1114258544415914
3,e16e25ac48f5cff5,2026-08-01,0,ranked_solo_focused,0.03593947919643215,0.08973826822010775
3,e35cc64cee64b3fd,2026-08-01,0,mixed_or_other,0.025709046597410305,0.05435756383707272
3,e40dbdd31317dfaf,2026-08-01,0,mixed_or_other,0.13135048188849607,0.18147979782485393
3,e4347d583e05c9b3,2026-08-01,0,insufficient_recent_games,0.20104996329006428,0.27828986458188304
3,e45eac0e69bf908e,2026-08-01,0,ranked_solo_focused,0.07341822954493558,0.25608476136837527
3,e462e65c212b8f84,2026-08-01,0,insufficient_recent_games,0.6844087528489099,0.8340966529338267
3,e4b889aa5bf75a71,2026-08-01,0,mixed_or_other,0.08900526342723906,0.22504212521655256
3,e4e059354164c6a5,2026-08-01,0,casual_focused,0.02749891631172748,0.12164272083674206
3,e593372da32c82fd,2026-08-01,0,ranked_solo_focused,0.033952516028564104,0.04846277570916257
3,e606ffaf154fb548,2026-08-01,0,casual_focused,0.10695174204147972,0.36319834670541384
3,e6c50a69bd21771d,2026-08-01,0,casual_focused,0.848878256047009,0.9204277404237406
3,e715b3a335dcb05d,2026-08-01,0,mixed_or_other,0.04805928867388818,0.07950271035390398
3,e71ef14acaf89607,2026-08-01,0,casual_focused,0.017507528133960015,0.0602930363584123
3,e7c84f806edcf380,2026-08-01,0,mixed_or_other,0.05225812992963402,0.11139975147518356
3,e7fab300b3d9be7a,2026-08-01,0,mixed_or_other,0.04707034541000905,0.0907742485154135
3,e846048aca7000e7,2026-08-01,0,mixed_or_other,0.018800378734366175,0.02280684561237555
3,e8c7001061a757e6,2026-08-01,1,ranked_solo_focused,0.050920597569428315,0.10979904530569323
3,e9c4100932721d54,2026-08-01,1,ranked_solo_focused,0.027286250729537317,0.0248596584143884
3,ea793deba5623ccd,2026-08-01,0,mixed_or_other,0.08453953602674025,0.2414113412179608
3,ea7dbba03c36ff30,2026-08-01,0,mixed_or_other,0.04240888920543628,0.1434244445757968
3,ebdd07791f2d2e8e,2026-08-01,1,insufficient_recent_games,0.5295650285240777,0.7604074358372473
3,ec519ea42d0d027b,2026-08-01,0,mixed_or_other,0.06494664398313355,0.2657854795952521
3,ec6ef9a51ee00145,2026-08-01,0,mixed_or_other,0.019493004726271534,0.07587046700937637
3,ec916ea8504b9efc,2026-08-01,0,ranked_solo_focused,0.02266933680459172,0.06056640700120291
3,ed4aa2538a7dbf62,2026-08-01,0,casual_focused,0.17171311118280805,0.41291491546463366
3,ed5b7cd4aeaae690,2026-08-01,0,ranked_solo_focused,0.03799080554184399,0.09514588646215189
3,ed7ad77c96ca3142,2026-08-01,0,ranked_solo_focused,0.029523578928184586,0.07859902954875729
3,edaef082727da6cb,2026-08-01,0,ranked_solo_focused,0.11274784232567825,0.39559228087395937
3,edc7db8fc2669381,2026-08-01,1,casual_focused,0.49992768457693904,0.8464287361440566
3,ee2fe0668b4d7621,2026-08-01,0,ranked_solo_focused,0.06907844588284413,0.2445381117588263
3,eeb42e625ddb66d4,2026-08-01,0,insufficient_recent_games,0.9415033512555708,0.8690499962475648
3,f18eba8787886103,2026-08-01,0,casual_focused,0.011313444374333537,0.011169592816458367
3,f1c63cc651047664,2026-08-01,0,ranked_solo_focused,0.00868842242028817,0.01463268990604576
3,f221a38ea7173a13,2026-08-01,0,insufficient_recent_games,0.3179438153287539,0.6583933410674796
3,f33a69bc978b1d41,2026-08-01,1,mixed_or_other,0.08805646010352154,0.379751560647328
3,f39e8825a4df2f1a,2026-08-01,0,ranked_solo_focused,0.04488863354240341,0.13065618493237524
3,f3e6817ff4ef2981,2026-08-01,1,insufficient_recent_games,0.21782319354973984,0.17916914331531616
3,f3ebcc131ad9ca79,2026-08-01,0,mixed_or_other,0.08103546239249988,0.045682492201969606
3,f40f5844be3626a3,2026-08-01,0,mixed_or_other,0.022500020900148104,0.04810472123395464
3,f432c1ce96556a66,2026-08-01,0,casual_focused,0.05262145143943674,0.23845875073749148
3,f44d227300881edd,2026-08-01,0,casual_focused,0.3658476600090701,0.4186877938484016
3,f45746c65185bbef,2026-08-01,0,ranked_solo_focused,0.21236504743124934,0.48551802385084386
3,f48c2e37f0b902d9,2026-08-01,1,insufficient_recent_games,0.35285340608295784,0.7230110703867862
3,f50a475522b1a695,2026-08-01,0,insufficient_recent_games,0.2320366952994072,0.6015541113565093
3,f50bd67a138f7094,2026-08-01,1,mixed_or_other,0.2252063313699035,0.41613326618661634
3,f67ecebfacb45c3b,2026-08-01,0,insufficient_recent_games,0.215975813077036,0.5764537462062033
3,f6e9cbe434a580f9,2026-08-01,1,ranked_solo_focused,0.20696498380575318,0.6421209688265229
3,f70967fa94af9404,2026-08-01,0,ranked_solo_focused,0.27125424948402777,0.34456965832419134
3,f73f0aad5afce152,2026-08-01,0,ranked_solo_focused,0.3086530444540183,0.642127503086868
3,f77741bcb5b14788,2026-08-01,0,ranked_solo_focused,0.1049669658768885,0.40960441733501746
3,f7eea07d7aff2d0d,2026-08-01,1,mixed_or_other,0.6996430811136501,0.9022797764283271
3,f880fba46709cd90,2026-08-01,0,ranked_solo_focused,0.060061176837892874,0.14107989660998832
3,f8af60474a4cd023,2026-08-01,0,mixed_or_other,0.19147229777516153,0.4302502483380692
3,f8b89e7cbb1cf588,2026-08-01,1,ranked_solo_focused,0.038090463555407336,0.1283153425926018
3,f8f61eaee8ebbdc8,2026-08-01,0,ranked_solo_focused,0.16602870385200483,0.28702567587803807
3,f973fe9cc07d10c2,2026-08-01,0,ranked_solo_focused,0.06667598841733217,0.17062394358459035
3,f99cb33f5b71541c,2026-08-01,0,casual_focused,0.04227696644321787,0.16494357259169476
3,f9b8106f4cd92395,2026-08-01,0,mixed_or_other,0.019511056824186714,0.07726257624651532
3,f9bb716aa202b9e7,2026-08-01,0,mixed_or_other,0.13208935502252744,0.24069317061655043
3,fb1a3d1aa4d34b80,2026-08-01,0,ranked_solo_focused,0.04680770066154565,0.11944220879556557
3,fb5afe9bcb1c1bb3,2026-08-01,0,mixed_or_other,0.04982215775261146,0.046948881233336855
3,fbcca9ebc83c62ed,2026-08-01,0,casual_focused,0.02069105045170474,0.02186390706519268
3,fc2058d4d98dcc8a,2026-08-01,0,insufficient_recent_games,0.4754896378329962,0.7123397050913041
3,fca14a2f1d78c98a,2026-08-01,0,ranked_solo_focused,0.22257820909484446,0.25566864305800807
3,fcd6fd5e159014ad,2026-08-01,0,mixed_or_other,0.0188196169826718,0.028965052111301976
3,fd74d7de71c9d49e,2026-08-01,0,ranked_solo_focused,0.13480324108666078,0.3478918445352341
3,fe7c9afb81ed1701,2026-08-01,0,ranked_solo_focused,0.11355709770035914,0.1757942863963876
3,fe87abc960767736,2026-08-01,0,mixed_or_other,0.041143427583884645,0.11722238058829731
3,ff09b03a5e8b51da,2026-08-01,1,insufficient_recent_games,0.7156626741733332,0.5684766613827062
3,ff3940ba72b8d3c4,2026-08-01,0,ranked_solo_focused,0.018299835530151243,0.03541110860294312
3,ff975ff15a86a1ea,2026-08-01,0,ranked_solo_focused,0.13065544153311576,0.34201575849934324
3,ffe15a30480d6291,2026-08-01,0,mixed_or_other,0.0270090876927812,0.1340910618278554
3,fffc21d1686bad3a,2026-08-01,0,mixed_or_other,0.08454743990831765,0.14722269202560856
4,02da04f9dddbf43e,2026-08-01,1,ranked_solo_focused,0.856989951924253,0.9017030232507813
4,02e61cd5ee2ac311,2026-08-01,1,insufficient_recent_games,0.3895430224791946,0.7045321867092668
4,02e80a2290e428ea,2026-08-01,0,insufficient_recent_games,0.6756457615299883,0.4427127459693873
4,02f263fb134b213c,2026-08-01,0,mixed_or_other,0.7540997175405381,0.7929350857178816
4,03bd9424504d8f82,2026-08-01,1,ranked_solo_focused,0.24366003663345007,0.19438391541583105
4,04eadda387a64c19,2026-08-01,0,ranked_solo_focused,0.6225078561695427,0.7183752631337227
4,061d5038aa8112db,2026-08-01,0,mixed_or_other,0.0809891200197788,0.18867241715714145
4,071200be1b958442,2026-08-01,0,mixed_or_other,0.018899646050187808,0.07092355431361155
4,082a4ceb329f8d16,2026-08-01,1,casual_focused,0.1245965130628182,0.45343850588153056
4,085ad10ca17eea09,2026-08-01,0,ranked_solo_focused,0.0657304619740889,0.07805429490594373
4,096a087971a43c60,2026-08-01,0,ranked_solo_focused,0.056665842354602945,0.15005432009257189
4,0999320f94723842,2026-08-01,1,ranked_solo_focused,0.2196098947878952,0.5017844763403954
4,099a8184ef18ddc9,2026-08-01,0,ranked_solo_focused,0.21404580721915833,0.46033529667458645
4,09e1262e84fd3841,2026-08-01,0,casual_focused,0.09637273645744168,0.14485442492834522
4,0a44ad88738b0311,2026-08-01,0,ranked_solo_focused,0.06328104758156182,0.21072919336473458
4,0ab7b254b5782ae2,2026-08-01,0,mixed_or_other,0.03192046700771098,0.07915015967298325
4,0ac921e312a84339,2026-08-01,0,casual_focused,0.012749642622925857,0.008849857826319876
4,0b0b1c3778183488,2026-08-01,0,ranked_solo_focused,0.15792807097226008,0.40403990286942537
4,0bb4750ad23b07ad,2026-08-01,1,ranked_solo_focused,0.7265245498988003,0.9086779921307291
4,0bebf56c66d1d55e,2026-08-01,0,ranked_solo_focused,0.012124772460792417,0.017360676218253213
4,0bf9ce729e3b2639,2026-08-01,0,mixed_or_other,0.17414172103811876,0.5262179501975914
4,0c79f93836c235ef,2026-08-01,0,ranked_solo_focused,0.07134549647412389,0.318180876618888
4,0cc996363c0a24ab,2026-08-01,0,mixed_or_other,0.043782383783503485,0.1287764950508774
4,0d4b1a562cfa772f,2026-08-01,0,mixed_or_other,0.025631551580191456,0.11189883230464186
4,0d50812e49656790,2026-08-01,1,insufficient_recent_games,0.15643597586381328,0.3596382830606338
4,0d6e53b82e5292c5,2026-08-01,0,mixed_or_other,0.07856400399748878,0.12826331991192272
4,0d8397975d8b06c0,2026-08-01,0,ranked_solo_focused,0.1482481723971891,0.22783063242466553
4,0e64bae2a42679ee,2026-08-01,0,insufficient_recent_games,0.5392218204841576,0.8316896506914944
4,0ee7c3103d027bc9,2026-08-01,0,ranked_solo_focused,0.03800645580996899,0.10935306132513968
4,0f34cd5358ede917,2026-08-01,0,ranked_solo_focused,0.13000183165780319,0.2701342687021144
4,0f845552e88f9a1f,2026-08-01,0,casual_focused,0.05486008729370695,0.11356050352093615
4,0fa054a7f9eee0f7,2026-08-01,0,ranked_solo_focused,0.10944064057727615,0.3180346070423162
4,114d421b09d5eccb,2026-08-01,0,ranked_solo_focused,0.15079711444368574,0.27028212560377246
4,11b7334c529b0456,2026-08-01,1,ranked_solo_focused,0.08776449833352515,0.31972896883562774
4,12d4d2441731262f,2026-08-01,0,ranked_solo_focused,0.02678781792995735,0.06386887870628968
4,135649f37cd26743,2026-08-01,0,casual_focused,0.15728049605233194,0.5570964473920479
4,139d67cdfc6eea43,2026-08-01,1,insufficient_recent_games,0.2539760565398313,0.6092012074609979
4,1482e137d927715a,2026-08-01,0,casual_focused,0.07279954070856844,0.09545286421581729
4,14c01c20f834728f,2026-08-01,0,casual_focused,0.08099866520758403,0.17153214221948218
4,14cf9a9abcda47b9,2026-08-01,0,ranked_solo_focused,0.017542892322638285,0.020443806118037273
4,15196236628f9eca,2026-08-01,0,ranked_solo_focused,0.07456072937054133,0.15793568350309908
4,15bba3601bca4303,2026-08-01,0,mixed_or_other,0.016791836673410353,0.012388626937037666
4,1610ed49b82b4a4b,2026-08-01,1,mixed_or_other,0.06271743765784456,0.10822157888058902
4,16ae9748ba12296c,2026-08-01,0,ranked_solo_focused,0.05253801392089132,0.13978932074247502
4,16eddc6398337938,2026-08-01,1,insufficient_recent_games,0.8721547694557085,0.9172831057976143
4,170b1887461b2ad8,2026-08-01,0,casual_focused,0.04558820142547868,0.12939281888443013
4,17b499b2d1852006,2026-08-01,0,mixed_or_other,0.20543937482995658,0.4859039905665461
4,17c9d1d44245214a,2026-08-01,0,insufficient_recent_games,0.1904894653546294,0.5137921216632483
4,181caf7cc65080a8,2026-08-01,0,insufficient_recent_games,0.3809911776341399,0.7814019190724214
4,1862356eb33bc027,2026-08-01,0,mixed_or_other,0.010300127649704472,0.01983716800645247
4,1880dc74296d0cfa,2026-08-01,0,ranked_solo_focused,0.7179146928608807,0.9042617131957205
4,189c52f4b9d6060a,2026-08-01,0,casual_focused,0.05779516887665177,0.10458754395224991
4,1975a30103f50d14,2026-08-01,0,insufficient_recent_games,0.5125298160975555,0.8358687179385254
4,19a8fa7f8d5b8bc2,2026-08-01,1,insufficient_recent_games,0.3418206244322316,0.6965500023335924
4,1a104ce41b51d391,2026-08-01,0,ranked_solo_focused,0.06399795386378511,0.20015515318416008
4,1b5e51df1972e7a5,2026-08-01,1,ranked_solo_focused,0.6197716635738656,0.6063131046464483
4,1b7d597d86c22fcc,2026-08-01,1,insufficient_recent_games,0.09464877532627872,0.16743113941904178
4,1cd16568a0702722,2026-08-01,0,ranked_solo_focused,0.12486377698756765,0.29959193020270714
4,1d9f58f4c64318f2,2026-08-01,0,ranked_solo_focused,0.10531189315949868,0.3434158644253672
4,1e64dc128cb958a9,2026-08-01,0,ranked_solo_focused,0.03301896642703949,0.09775993542756226
4,1e8e64614cda21df,2026-08-01,0,ranked_solo_focused,0.13585185353368248,0.20674420913055644
4,1f2384023017844e,2026-08-01,0,ranked_solo_focused,0.08012373352405629,0.22070548004613919
4,1f578da493b40ef8,2026-08-01,0,ranked_solo_focused,0.08533660362405088,0.21856664015153973
4,1f9c741b849a078b,2026-08-01,0,insufficient_recent_games,0.17321032420616694,0.3273091179938936
4,1fef13d5b3936f28,2026-08-01,1,ranked_solo_focused,0.12141209132796256,0.36488480705692267
4,20741e43cc7e0c54,2026-08-01,0,casual_focused,0.8515785734536463,0.5967430192881925
4,209c5c52c7d8a613,2026-08-01,0,mixed_or_other,0.03679011722458328,0.04817722094318069
4,21114003b1a79644,2026-08-01,0,ranked_solo_focused,0.27625945372026095,0.4264466152760457
4,211b22349d581e5d,2026-08-01,0,mixed_or_other,0.1531797269055682,0.33932796880867133
4,2145327dd856767f,2026-08-01,1,ranked_solo_focused,0.15563724520104574,0.33947776448532774
4,233ea11270a56d7f,2026-08-01,0,mixed_or_other,0.009965432589849759,0.03820704414021583
4,23a42f256cd6a909,2026-08-01,0,mixed_or_other,0.02130440599822676,0.061349762830518184
4,23eaa9b15cf4ba72,2026-08-01,0,mixed_or_other,0.03978468644357187,0.056250809561909934
4,23ed4bec9154f57b,2026-08-01,0,mixed_or_other,0.020711971495983125,0.023279595400046673
4,24bd41b9ac35e6eb,2026-08-01,0,mixed_or_other,0.017483175198473845,0.027186050556701237
4,259ea14d9ab3cebf,2026-08-01,0,mixed_or_other,0.012817392037766344,0.014532219868860245
4,2692cf1e54a6ed8f,2026-08-01,0,ranked_solo_focused,0.10090148732740789,0.3068390340215864
4,27b4605cb70f5783,2026-08-01,0,ranked_solo_focused,0.07012909411469806,0.32730618100073544
4,28e42064ffc5b6f9,2026-08-01,0,mixed_or_other,0.050470386365891996,0.20085576070690875
4,297af7ef6a739bf9,2026-08-01,0,ranked_solo_focused,0.03390186647449862,0.13447492775120268
4,29b335b2f1d9edeb,2026-08-01,0,mixed_or_other,0.010104358036102705,0.02120049944565504
4,29fefcfbfa904c44,2026-08-01,0,ranked_solo_focused,0.01843834524870431,0.05156440531208821
4,2a6e995d1d710f1e,2026-08-01,0,mixed_or_other,0.02904963997465663,0.11299128260970472
4,2acca47d7c7617ea,2026-08-01,0,insufficient_recent_games,0.17030949871127732,0.4464312853323606
4,2b4f532883f382e9,2026-08-01,1,insufficient_recent_games,0.5309470540820476,0.8302210733612864
4,2b8b7f0d6dc93d31,2026-08-01,0,ranked_solo_focused,0.03209167777417204,0.1409719015037176
4,2ba57d45b7741094,2026-08-01,0,casual_focused,0.007893649517796374,0.01491409013642206
4,2c3a2191840cfd85,2026-08-01,0,mixed_or_other,0.15862727719667882,0.3711795063060471
4,2c46854282faac91,2026-08-01,0,mixed_or_other,0.08396658227570251,0.3367435170701325
4,2d2fa49f500286e7,2026-08-01,0,ranked_solo_focused,0.03771647346734545,0.10787594710931427
4,2d5ce71632421963,2026-08-01,0,mixed_or_other,0.06049084308103812,0.1419936575228668
4,2d8cb43f88514c9c,2026-08-01,0,mixed_or_other,0.011370609823110243,0.03101265960114678
4,2dab3886775615af,2026-08-01,0,ranked_solo_focused,0.028926219300444853,0.04729636213477996
4,2dbae3ab66c6c9ee,2026-08-01,0,casual_focused,0.4389866702483526,0.8819975842827881
4,2dbe1d7dd28e8ab0,2026-08-01,0,ranked_solo_focused,0.20787526090842953,0.183555107401701
4,2fd2b15a0dbec90a,2026-08-01,0,mixed_or_other,0.10934183354646407,0.07742514465562396
4,3075ff35a1d922a1,2026-08-01,0,mixed_or_other,0.02062965836146358,0.035875244436633605
4,30c342a4260531be,2026-08-01,0,mixed_or_other,0.06055370006141364,0.11642724735895871
4,30cc94d467535dc4,2026-08-01,0,mixed_or_other,0.027730375995077678,0.127087840548341
4,31bf95434a40a22b,2026-08-01,0,casual_focused,0.012915305440276904,0.02787683444158906
4,326f4a8b4e941238,2026-08-01,0,ranked_solo_focused,0.13124769591579824,0.5251729956074093
4,329f180b5a0e9620,2026-08-01,0,mixed_or_other,0.026793941999561022,0.07577058135184642
4,32cf371554065451,2026-08-01,1,insufficient_recent_games,0.6786278982648084,0.8879963476470512
4,33085e4ed06338ac,2026-08-01,0,ranked_solo_focused,0.12652664840294175,0.3707248912157066
4,33297a3d66f423c1,2026-08-01,1,mixed_or_other,0.05204774908180827,0.21440649445808913
4,333cca11d8b161b2,2026-08-01,0,mixed_or_other,0.023539026406680326,0.02847118968973137
4,337efba1d28f5e7b,2026-08-01,0,mixed_or_other,0.01907046923686213,0.059691381385211593
4,345e5eeac21fedf5,2026-08-01,0,mixed_or_other,0.04697938125719731,0.1476207501824781
4,346b9f0ca10bc627,2026-08-01,0,insufficient_recent_games,0.8465997647833864,0.8819544288317079
4,34e037e3c19a2df4,2026-08-01,0,ranked_solo_focused,0.3745345932207369,0.5830661489988064
4,35223998731f7380,2026-08-01,0,ranked_solo_focused,0.04717134521958571,0.13661373988757228
4,3555213bd2f8ddef,2026-08-01,0,ranked_solo_focused,0.1149350013136547,0.4479933008613202
4,355de9d9d74d4642,2026-08-01,0,mixed_or_other,0.06375692963428473,0.09379663554157822
4,36a3cf77bd4b77a5,2026-08-01,0,casual_focused,0.5897740958497998,0.5687219473626224
4,379cfe648f827b90,2026-08-01,0,ranked_solo_focused,0.45020126203444183,0.7604235803217316
4,388fec8ebdaefb1a,2026-08-01,0,mixed_or_other,0.24526896113922503,0.6226614585470195
4,38d1abc514acbb66,2026-08-01,0,ranked_solo_focused,0.0273135698294939,0.05041694938661856
4,394ee054ef5645cf,2026-08-01,0,insufficient_recent_games,0.1556717898769819,0.31084044669902
4,3954728de86e7367,2026-08-01,0,ranked_solo_focused,0.13313539806724672,0.16007291483181843
4,39d1cc4131b01576,2026-08-01,1,casual_focused,0.24291223333418951,0.6048312012239425
4,3a24efff1f5c063e,2026-08-01,0,ranked_solo_focused,0.2698237869216047,0.3138107805207881
4,3a52ae5eb572abc5,2026-08-01,0,mixed_or_other,0.08891882348551612,0.1965706384050756
4,3b086a0254f42591,2026-08-01,0,insufficient_recent_games,0.11760467149618421,0.37447391613831477
4,3b1f6e880e01bc49,2026-08-01,0,ranked_solo_focused,0.3007195375691069,0.38095588467026287
4,3b3303d566130021,2026-08-01,0,mixed_or_other,0.03428793010349233,0.1162785832132365
4,3b99b630eb7b4423,2026-08-01,0,ranked_solo_focused,0.03563319632060086,0.08679414965049605
4,3c1663b2498adcca,2026-08-01,0,casual_focused,0.045244489705653146,0.15690953687145143
4,3c37431cbb42ca2d,2026-08-01,0,ranked_solo_focused,0.035714516101391904,0.06332516538493464
4,3c45fb247fd44f51,2026-08-01,0,ranked_solo_focused,0.099265755867138,0.2987075650965951
4,3cc43b650df782c6,2026-08-01,0,ranked_solo_focused,0.10505295352255468,0.22446036374353723
4,3cc4bccbb27a99ab,2026-08-01,0,ranked_solo_focused,0.03680408547762008,0.07898659797285061
4,3d25f4e81b8d1b11,2026-08-01,0,ranked_solo_focused,0.21383924258185844,0.46177467161594704
4,3d75b01859b4f4a4,2026-08-01,0,insufficient_recent_games,0.4445534279355623,0.624884064943991
4,3e0ad4bd45e505a1,2026-08-01,0,mixed_or_other,0.1298587744988469,0.3832385465207432
4,3e5f6a79c26527dd,2026-08-01,0,ranked_solo_focused,0.016817297085747872,0.08978342195653316
4,3e9fa9d0f5f0d001,2026-08-01,0,ranked_solo_focused,0.19913390839980552,0.5160455062274769
4,3ed25a489cdc2408,2026-08-01,0,ranked_solo_focused,0.012941109595998566,0.02404216316358257
4,3f45e9fa77af0f16,2026-08-01,0,mixed_or_other,0.014372209513829453,0.01367622267886393
4,3ff23cac429f5fe7,2026-08-01,0,ranked_solo_focused,0.0964448484825509,0.32562181912052246
4,4058f6192f8c37b8,2026-08-01,0,mixed_or_other,0.05550497703712724,0.17035011152035798
4,4074c590f8494ed9,2026-08-01,0,casual_focused,0.08398851828528031,0.043130755247863285
4,40fb1ac57da3dc3d,2026-08-01,0,casual_focused,0.03642085223465261,0.06864040588201953
4,42466bf4f178c91c,2026-08-01,0,ranked_solo_focused,0.19915673449327478,0.5259703076400843
4,42a3e323759a2ac6,2026-08-01,1,ranked_solo_focused,0.05137184226840415,0.15213115443393527
4,431b1b088bcb458e,2026-08-01,0,ranked_solo_focused,0.06773548112289912,0.2988948080690501
4,4379b979bf41d2af,2026-08-01,0,casual_focused,0.04829135227256665,0.18892993490063337
4,43ecff422a6dbfba,2026-08-01,0,ranked_solo_focused,0.2144364475582944,0.4697636247931243
4,44485f1c60dc18a7,2026-08-01,0,casual_focused,0.04485684562469853,0.06621259091700565
4,4480aaf216343083,2026-08-01,0,ranked_solo_focused,0.0871908675518318,0.15346226655450446
4,4495172f2cc3c904,2026-08-01,0,insufficient_recent_games,0.24206180797656596,0.5095616866825308
4,44ee8d014cbddad4,2026-08-01,0,mixed_or_other,0.07759382544391592,0.35909089129040356
4,44ff8803a059a565,2026-08-01,0,ranked_solo_focused,0.026975250682928352,0.14144996194618983
4,45010dbfbc37df1c,2026-08-01,1,ranked_solo_focused,0.13069437465425204,0.40796667945704673
4,45d257ec5ed578f6,2026-08-01,0,casual_focused,0.030600044342752798,0.04044807545373531
4,45ddc834293ef7e0,2026-08-01,1,casual_focused,0.44246076308809373,0.745590788365561
4,477fd48f71ea9869,2026-08-01,0,mixed_or_other,0.07707792165779155,0.12468464408053352
4,48473e247240c19e,2026-08-01,1,mixed_or_other,0.07075556425137802,0.18956425208237884
4,48508451cb54a710,2026-08-01,0,ranked_solo_focused,0.3292064328889896,0.42941993576503695
4,4878bfa143bd6a1c,2026-08-01,0,insufficient_recent_games,0.3741252654383299,0.4495040778491783
4,490741697a376311,2026-08-01,1,mixed_or_other,0.037027134236774284,0.09349808591149372
4,491222e5ae5a810b,2026-08-01,0,insufficient_recent_games,0.1484004168917024,0.45717832825978544
4,492390e819a7f52c,2026-08-01,0,mixed_or_other,0.2454516657901116,0.3983079935631291
4,49421909e3bca389,2026-08-01,0,ranked_solo_focused,0.07584917696696708,0.1840715999180658
4,494c5352e5c936d6,2026-08-01,0,ranked_solo_focused,0.07344481101467575,0.30483902322500456
4,4ae4b371576bc3aa,2026-08-01,1,ranked_solo_focused,0.1624383722458237,0.29910650961126356
4,4b65095d8d9f4976,2026-08-01,1,ranked_solo_focused,0.08086860339524943,0.19009391325397934
4,4bb37cc638dfdc07,2026-08-01,1,ranked_solo_focused,0.2958988613654509,0.5875242168228213
4,4c0faa7c5e0edbbd,2026-08-01,0,ranked_solo_focused,0.04112254379992059,0.14068622916191872
4,4c1a86c0daa244b7,2026-08-01,0,mixed_or_other,0.01676331002566521,0.019542233629589238
4,4c6618c5b2addcf5,2026-08-01,1,mixed_or_other,0.4330326838540091,0.7338798218693827
4,4c6eaf624b580349,2026-08-01,0,casual_focused,0.06334239554800698,0.22831058494754736
4,4c94fdffd05355a4,2026-08-01,1,ranked_solo_focused,0.048924558566787575,0.21152661177122986
4,4d69281d1307c779,2026-08-01,0,casual_focused,0.18007981495974804,0.09429524411071676
4,4d8710dde6c54072,2026-08-01,0,mixed_or_other,0.06865187772907756,0.08445531833457613
4,4df31172e7448ec3,2026-08-01,0,ranked_solo_focused,0.029332183752499307,0.03769715818981007
4,4e7fd8bc9e814963,2026-08-01,0,ranked_solo_focused,0.042813648138598615,0.13460099787665264
4,4f6f8dc16440a307,2026-08-01,0,ranked_solo_focused,0.2725968953232947,0.5608733137180859
4,4fd5264af66dc45a,2026-08-01,0,ranked_solo_focused,0.07571517958277954,0.260169586488141
4,501dc497c76b6355,2026-08-01,0,ranked_solo_focused,0.5629719909228563,0.809060494354969
4,504e2e8fc7305425,2026-08-01,0,casual_focused,0.09244352551023641,0.27594563145669937
4,5121be72b086a0ec,2026-08-01,0,insufficient_recent_games,0.2966595682752863,0.5429691995611038
4,512aad533af22a10,2026-08-01,0,ranked_solo_focused,0.03580401774532929,0.11418907361159387
4,516703c4aef481ab,2026-08-01,0,ranked_solo_focused,0.03218432331053788,0.08723871630983779
4,51a13f8830050b04,2026-08-01,0,mixed_or_other,0.07775950913182365,0.32950984569095365
4,522b40618cf5e6ba,2026-08-01,0,mixed_or_other,0.03941795997979263,0.13688179774939985
4,529b274fceceeb0b,2026-08-01,0,casual_focused,0.01404529116524286,0.03193628156463302
4,5350abe23e5b6d5c,2026-08-01,0,mixed_or_other,0.025639567360443965,0.03245419277819915
4,53f0d80a1b1ded3a,2026-08-01,0,ranked_solo_focused,0.06676360605279709,0.18369577702502285
4,5482ffad4190179b,2026-08-01,0,ranked_solo_focused,0.060403857239595356,0.1443698239997017
4,553bb4ca0bdec86c,2026-08-01,0,ranked_solo_focused,0.04818164034661082,0.1740715997478632
4,555eff73941df0c2,2026-08-01,0,ranked_solo_focused,0.12595103293299822,0.3143434278095231
4,558d75ae4b37b312,2026-08-01,0,ranked_solo_focused,0.034739382894965455,0.07472357844519907
4,568747aa6b01a4d5,2026-08-01,0,ranked_solo_focused,0.043531674058580674,0.19546335887975774
4,56d4f2e61b5af6aa,2026-08-01,0,mixed_or_other,0.00687993803822189,0.00743497923208157
4,5796610e0b2023cf,2026-08-01,0,casual_focused,0.01317277090162288,0.0185326198983394
4,57b4ad449f4243df,2026-08-01,0,insufficient_recent_games,0.17797214244759682,0.25609365630435726
4,57efce2151d57cb6,2026-08-01,0,casual_focused,0.039017696027486955,0.051617395625117767
4,582d38a0da97095d,2026-08-01,1,insufficient_recent_games,0.40892548529796413,0.6514308914378678
4,58df3dc88789b9f4,2026-08-01,0,mixed_or_other,0.17852466781741055,0.28318867741021814
4,593f6b659b72c938,2026-08-01,0,mixed_or_other,0.06236080316830071,0.031536297345994
4,595de99cdd79435d,2026-08-01,0,mixed_or_other,0.1384479503087999,0.1760239931219942
4,5979e5a582892307,2026-08-01,0,ranked_solo_focused,0.05780725050586684,0.1741589569899686
4,59bc08d7baaa7758,2026-08-01,1,mixed_or_other,0.12662748605381982,0.2638007845555508
4,59fe602c96bf0b43,2026-08-01,0,casual_focused,0.04475626188039258,0.054625375756939695
4,5a01770e73816c01,2026-08-01,0,ranked_solo_focused,0.24610928691203507,0.5073258977052757
4,5b961a3a69a32bdb,2026-08-01,0,mixed_or_other,0.0304884206423668,0.04229482869640019
4,5d42f970043953f5,2026-08-01,1,insufficient_recent_games,0.8702777426740137,0.8803007340200093
4,5d871ec898a96be9,2026-08-01,0,mixed_or_other,0.03142702473491876,0.09886657848198699
4,5dcc4c599a3f6c33,2026-08-01,0,mixed_or_other,0.025701246220137766,0.036451851313402665
4,5e0776fb04dfb714,2026-08-01,0,ranked_solo_focused,0.14413959247860297,0.3000845937204851
4,5e5ef45624a9213d,2026-08-01,0,insufficient_recent_games,0.18483392152704203,0.45657453257005337
4,5e929b6d874e9289,2026-08-01,0,mixed_or_other,0.029554581164970516,0.0653418279516963
4,5f1ec9a55e63103c,2026-08-01,0,insufficient_recent_games,0.29771527829423333,0.6891300059273642
4,5f7fee907b63c350,2026-08-01,0,mixed_or_other,0.02600935384117581,0.1440194180172751
4,5fc2c17467b3cc9a,2026-08-01,0,mixed_or_other,0.00991801951376107,0.011815063245016614
4,6043f4b7a6b2e797,2026-08-01,0,ranked_solo_focused,0.047395320275477694,0.12455545359782157
4,60c784bd050c0363,2026-08-01,0,ranked_solo_focused,0.17575813011699545,0.3280471337951752
4,60f4ed77ed78ef87,2026-08-01,0,mixed_or_other,0.015228932574687859,0.02173262593490513
4,6121b1d3358511b7,2026-08-01,0,mixed_or_other,0.01809145213929599,0.04247426817878634
4,612a2493a68c2786,2026-08-01,0,ranked_solo_focused,0.026227644436953784,0.04427969676767167
4,619418dc4c21dac6,2026-08-01,0,mixed_or_other,0.006235284853239925,0.020702806949113257
4,6197efab8faa9f42,2026-08-01,0,mixed_or_other,0.08557808650601344,0.27839380540282815
4,61b67d3d4684d5c8,2026-08-01,0,mixed_or_other,0.028639877549705393,0.10621398251414038
4,630552c82c21b666,2026-08-01,0,ranked_solo_focused,0.02214205820252999,0.017486156597738604
4,63457c6f9255b10e,2026-08-01,1,ranked_solo_focused,0.25474295160813887,0.6820624274216268
4,63713a18725ecb65,2026-08-01,0,ranked_solo_focused,0.1508411049394461,0.409821561677677
4,6375e50285534cd3,2026-08-01,0,mixed_or_other,0.02228524182896228,0.042096072543604666
4,639819d42a212454,2026-08-01,0,mixed_or_other,0.28544852065914544,0.5840402934017989
4,63a8ca345e9d9aba,2026-08-01,0,ranked_solo_focused,0.19236776768280953,0.4156971751816917
4,63cd7e8bac36643c,2026-08-01,0,casual_focused,0.024870821882503738,0.03698602605420931
4,646be24488f724c9,2026-08-01,0,ranked_solo_focused,0.23256883488850752,0.30380562760685653
4,64e5883c13cdedae,2026-08-01,0,mixed_or_other,0.1262102072376745,0.3159388943168118
4,6592941866fb9a8b,2026-08-01,0,mixed_or_other,0.01378911721553302,0.026780903844399965
4,65fa7e14d7b26f10,2026-08-01,0,mixed_or_other,0.1699238376817476,0.36498225867666645
4,66400e25ea9143f0,2026-08-01,0,casual_focused,0.05331224151926568,0.15564847727557865
4,66b1542542b54ffa,2026-08-01,0,ranked_solo_focused,0.10105512758719828,0.03964137097001865
4,678a310c716ff9f4,2026-08-01,1,insufficient_recent_games,0.21541177890834473,0.3940244386814063
4,67a8eda8eff4dd93,2026-08-01,0,ranked_solo_focused,0.36728469312843753,0.36567165730447676
4,689739a7b6151763,2026-08-01,0,ranked_solo_focused,0.30085837474207067,0.5955165211400169
4,68abad538f103ae7,2026-08-01,0,mixed_or_other,0.011276603836319404,0.04713675163182012
4,6a7140a991124a8a,2026-08-01,1,insufficient_recent_games,0.3482024671028054,0.6662846000727619
4,6a84dd19b55fe235,2026-08-01,0,ranked_solo_focused,0.07277958761255031,0.1551498448819131
4,6ab9b8aa6d365f89,2026-08-01,1,ranked_solo_focused,0.2210203303357,0.5829795699714007
4,6ac08a1f2df62054,2026-08-01,1,insufficient_recent_games,0.415312207416418,0.8388118331721384
4,6b75bf556a7ae109,2026-08-01,0,mixed_or_other,0.05878064721817162,0.16186416413838872
4,6be2aaa3e7701251,2026-08-01,0,mixed_or_other,0.011364998832470233,0.0648629903449893
4,6c10d2764bd32bd5,2026-08-01,0,casual_focused,0.04615738326793484,0.1502847156350021
4,6da5e977896183ff,2026-08-01,1,ranked_solo_focused,0.16894246237725372,0.5944965343265272
4,6e30360546f38548,2026-08-01,0,mixed_or_other,0.026884407576714935,0.05667868452690971
4,6e61d4dd3c4b64e4,2026-08-01,0,insufficient_recent_games,0.10172944271197705,0.1368540466949383
4,6ffd8c90763370e6,2026-08-01,0,ranked_solo_focused,0.10797763112470313,0.17103161885631216
4,7088980fed27f1fd,2026-08-01,0,ranked_solo_focused,0.03323921573899628,0.04141858951513028
4,712ef4969f0ec8a2,2026-08-01,0,casual_focused,0.029016924584712465,0.12035223582721277
4,7167047194ca9e81,2026-08-01,0,mixed_or_other,0.1639930289362188,0.4796063465419869
4,7172a09032966e8b,2026-08-01,0,insufficient_recent_games,0.6663814336686362,0.6082717987057253
4,717f9b258847ff7f,2026-08-01,0,ranked_solo_focused,0.036038354654640906,0.07439659109154612
4,71d1654f082f3379,2026-08-01,0,mixed_or_other,0.07125674891735279,0.1674480963715431
4,71fe671fbcc7deb4,2026-08-01,0,insufficient_recent_games,0.4283328503182468,0.7166570537074819
4,7209a01bb39fc1b9,2026-08-01,1,mixed_or_other,0.35189963730313834,0.6927922476730715
4,72b7fd7949442c41,2026-08-01,0,ranked_solo_focused,0.518619381855028,0.5643108281118626
4,72e945036dbf7efc,2026-08-01,1,ranked_solo_focused,0.07604694101579326,0.22086542831650177
4,732c59a3bf5fa3ab,2026-08-01,0,ranked_solo_focused,0.08409612519991493,0.3471896640236093
4,734a8697072b3516,2026-08-01,1,mixed_or_other,0.508062740347475,0.6434608925186692
4,73dce9ec21c62f08,2026-08-01,0,ranked_solo_focused,0.05126243380956523,0.1358393870624475
4,744ef37ff3103836,2026-08-01,1,insufficient_recent_games,0.36415835649991657,0.6578698531689918
4,748293bf156a3325,2026-08-01,0,ranked_solo_focused,0.15546251937096886,0.6087503851261319
4,754982c4f6b42dcb,2026-08-01,0,ranked_solo_focused,0.027844479252687883,0.0437533552363411
4,7553e4106a7f18ab,2026-08-01,1,ranked_solo_focused,0.07621831892192521,0.15652279356873633
4,7560ead0fbf92fea,2026-08-01,1,insufficient_recent_games,0.2311646163221896,0.4876644776881238
4,766e25848489b186,2026-08-01,0,mixed_or_other,0.00945190590074273,0.03665259767502772
4,768104980c4f277a,2026-08-01,0,insufficient_recent_games,0.08433189874409286,0.5283670692393119
4,77856ec74ccb347a,2026-08-01,0,mixed_or_other,0.19515853579619957,0.17874968138866076
4,782399c1491edbe1,2026-08-01,0,mixed_or_other,0.11161535162595929,0.1983321725507372
4,78be0e66fc8267be,2026-08-01,0,mixed_or_other,0.10991228567749682,0.45163940886965986
4,78c481ba73b2c2d1,2026-08-01,1,ranked_solo_focused,0.1603954107789595,0.47954654338061603
4,78c6d5da2aaaf87a,2026-08-01,0,casual_focused,0.03052983945895282,0.03443423777895566
4,7947d52ade2c4691,2026-08-01,0,ranked_solo_focused,0.11946980248030446,0.3760682983191247
4,7a828bed8ca4e808,2026-08-01,0,ranked_solo_focused,0.14963174826003606,0.5205486374491952
4,7ad7c997fb8bb525,2026-08-01,0,ranked_solo_focused,0.16799794477777624,0.43048613385010387
4,7adcbd5e0c1c7c26,2026-08-01,0,ranked_solo_focused,0.14250464461232792,0.4261602035709214
4,7b76059f37404fca,2026-08-01,0,mixed_or_other,0.12148646726057448,0.07716495852357118
4,7b853ac7025438b2,2026-08-01,0,casual_focused,0.332322335893795,0.25248411938254167
4,7be1361136e936f3,2026-08-01,0,ranked_solo_focused,0.3245376911426235,0.5437761726995628
4,7c4e4ca3775ec8bb,2026-08-01,0,mixed_or_other,0.03854474531378038,0.03186199227789452
4,7ca3bb37a12c9a35,2026-08-01,0,insufficient_recent_games,0.5390512401298618,0.8204012701925517
4,7d023a47b0890f8a,2026-08-01,0,mixed_or_other,0.038122354055742366,0.0505489569600957
4,7d3a78baea44db30,2026-08-01,0,ranked_solo_focused,0.34286576005143876,0.4285888152680612
4,7d8c20c75702263d,2026-08-01,0,ranked_solo_focused,0.1766104686446753,0.41640383152054894
4,7e74e0a32983950b,2026-08-01,0,ranked_solo_focused,0.05796531981773706,0.12152984961416174
4,7e77e3af565109ab,2026-08-01,0,ranked_solo_focused,0.1611060292858023,0.1493734061730648
4,7ef29d7f2f698196,2026-08-01,0,ranked_solo_focused,0.042868892617786564,0.05749914052215959
4,7f38a096eb6902b1,2026-08-01,0,casual_focused,0.009795926261123746,0.016216501431061778
4,802c32d889b1616d,2026-08-01,0,mixed_or_other,0.052005677331914114,0.22238402846437194
4,80a1ba479291dfc0,2026-08-01,0,ranked_solo_focused,0.041309867580503735,0.0628618299419144
4,80c299676803053d,2026-08-01,0,mixed_or_other,0.11629432364454555,0.32719592146312215
4,813f4a290d4f7ca0,2026-08-01,0,insufficient_recent_games,0.33846288224414905,0.6560705924013513
4,821509b68e904378,2026-08-01,0,ranked_solo_focused,0.0486679627167612,0.1110623859658423
4,824c11687ffd8d30,2026-08-01,0,mixed_or_other,0.045840060217826266,0.1638576748199365
4,82ff5a2e9ec6645b,2026-08-01,0,insufficient_recent_games,0.11292945536459172,0.2569213602339529
4,83741cfa5d9d93bb,2026-08-01,0,ranked_solo_focused,0.28954525416006904,0.5533596908051077
4,83b5f88f5dbc975d,2026-08-01,0,ranked_solo_focused,0.021617159817673166,0.017688962053984226
4,83b69101906824ee,2026-08-01,0,ranked_solo_focused,0.013109144292882602,0.04227925197699377
4,84924cb9d0bc8aee,2026-08-01,0,mixed_or_other,0.06620558058169182,0.02687363969342562
4,85272d4df3866f00,2026-08-01,0,mixed_or_other,0.015901760699639413,0.03904518861395252
4,8615400f2e358cfd,2026-08-01,0,casual_focused,0.13152167088344247,0.5090004944502073
4,863f4a3bbacc1692,2026-08-01,0,ranked_solo_focused,0.02021424315231411,0.006788020953371875
4,86df1b21b1b74be7,2026-08-01,0,ranked_solo_focused,0.14907310649201105,0.632833543466724
4,879651e0639bbf26,2026-08-01,0,mixed_or_other,0.022022027104268854,0.052805479658354464
4,87b53ae4fccc9e3e,2026-08-01,0,mixed_or_other,0.031561617793810746,0.07394132115051619
4,8878139d82c81f5b,2026-08-01,0,mixed_or_other,0.06238452516415805,0.20615354737864075
4,88ce8ff5ef57afac,2026-08-01,1,ranked_solo_focused,0.1148836814153821,0.31582001812848737
4,89dc7eb34695a882,2026-08-01,0,mixed_or_other,0.13284058555022016,0.2031456663357224
4,8a17c46efd0c9073,2026-08-01,0,ranked_solo_focused,0.10899199554025696,0.3032475045676483
4,8a450b3451834d47,2026-08-01,0,ranked_solo_focused,0.09855380276022874,0.12734384498551332
4,8aa295b010434c48,2026-08-01,0,mixed_or_other,0.0627775239537721,0.10605835556320417
4,8ae46465baae863a,2026-08-01,0,ranked_solo_focused,0.08073259449584923,0.3183259225899423
4,8b1543c7d28a0d97,2026-08-01,0,ranked_solo_focused,0.10002133923499228,0.5192780586981797
4,8b223d5acfa10b00,2026-08-01,0,ranked_solo_focused,0.020336209426518443,0.037432409277791935
4,8be03eebed9bff2a,2026-08-01,0,ranked_solo_focused,0.12329437206888459,0.24453327977204226
4,8c1a94fc6aa44fbc,2026-08-01,0,casual_focused,0.019459354026199943,0.03990750951621863
4,8c5d1d4e7f3aeaa2,2026-08-01,0,ranked_solo_focused,0.059032583480506086,0.2362730122105405
4,8c72ec5ca6f58244,2026-08-01,0,insufficient_recent_games,0.49021074314541924,0.6952294816481042
4,8cf81cc9cc1751ae,2026-08-01,0,ranked_solo_focused,0.07571806022949928,0.20859969263158107
4,8d8e69cca84826e3,2026-08-01,0,mixed_or_other,0.047164683569993045,0.19015960962904663
4,8e03ec4421a38f18,2026-08-01,0,mixed_or_other,0.009769633760943768,0.01561660677015216
4,8e120722b18f9a4f,2026-08-01,0,casual_focused,0.05107265439490131,0.040292433654787504
4,8f3c360bc6da8b20,2026-08-01,0,ranked_solo_focused,0.022656674423135185,0.02017138116542779
4,8fe9dfb23d49daac,2026-08-01,0,ranked_solo_focused,0.02280376951344554,0.017912583741287555
4,8fec834372344ce3,2026-08-01,1,ranked_solo_focused,0.2656921425704574,0.617877817182451
4,906a1baf33557482,2026-08-01,0,mixed_or_other,0.006656401058631865,0.014805392504481544
4,907cd68bbb73ce35,2026-08-01,1,ranked_solo_focused,0.21981124221943527,0.3065382629640439
4,90b2fc3a2f01e6e6,2026-08-01,0,ranked_solo_focused,0.031913535081868755,0.05897002828881542
4,90b55e4026a9c198,2026-08-01,0,ranked_solo_focused,0.10435429718168457,0.4299543097159097
4,9253cd68c309dab8,2026-08-01,0,ranked_solo_focused,0.028600906143102837,0.13348631871888303
4,92c84d0294e1ecc6,2026-08-01,0,mixed_or_other,0.038041210626081914,0.12047355327313182
4,9383ec009bc10aeb,2026-08-01,1,insufficient_recent_games,0.25680384837775405,0.4919440692167605
4,93c249c09a7896cf,2026-08-01,0,ranked_solo_focused,0.17424546523142065,0.48326980768411876
4,93f9a4ae92017ea2,2026-08-01,0,ranked_solo_focused,0.306839356959265,0.6406511369833322
4,943bb4e6ed3b936a,2026-08-01,0,ranked_solo_focused,0.013629780273251171,0.02079807488964044
4,94ed3381566d370d,2026-08-01,0,ranked_solo_focused,0.07727992094786659,0.2625656144351866
4,953c10dcb7a67a8c,2026-08-01,0,ranked_solo_focused,0.11236784811684401,0.18585709838196068
4,956e59be6fa7f49c,2026-08-01,0,casual_focused,0.24498177339149307,0.5462001175696486
4,95932b3db2a689d2,2026-08-01,0,mixed_or_other,0.04104474279426881,0.15804060175078818
4,968e58bb88ff566f,2026-08-01,0,casual_focused,0.04943616641089504,0.11133099217959407
4,978fa93a83cea01d,2026-08-01,0,insufficient_recent_games,0.35883472840656805,0.6330732823414136
4,981166601623cc37,2026-08-01,1,mixed_or_other,0.03614144385491908,0.11549217180911774
4,98b8ca23b73c72a9,2026-08-01,0,mixed_or_other,0.14140964641353912,0.37609430938727295
4,990453d743d2ed28,2026-08-01,0,ranked_solo_focused,0.19497313719875467,0.5438744920442563
4,9a63b9d62cb91eb7,2026-08-01,0,mixed_or_other,0.08037511091605802,0.11607911948338324
4,9b0c3fe2788bce95,2026-08-01,0,mixed_or_other,0.22287010973473995,0.6220145770302097
4,9b65cd9aa203a898,2026-08-01,0,mixed_or_other,0.0582755731740077,0.21850675004712014
4,9bc1e2da0d28a059,2026-08-01,0,ranked_solo_focused,0.050303489451569816,0.06971217836462797
4,9c31b46d9d2d214a,2026-08-01,0,ranked_solo_focused,0.04724773846407409,0.17864229291598957
4,9c6dd133222b3b38,2026-08-01,0,ranked_solo_focused,0.28421240031623557,0.5575669839201675
4,9c72763e7aa91216,2026-08-01,0,ranked_solo_focused,0.09045834417576101,0.27535163491112336
4,9cf3e6bd7fe69f55,2026-08-01,1,ranked_solo_focused,0.1968612751533664,0.2765087875685399
4,9de41d47198fec3e,2026-08-01,0,insufficient_recent_games,0.2547751913599444,0.6182378046672908
4,9e29e218c44c16ea,2026-08-01,1,insufficient_recent_games,0.40529098081399384,0.6273738404157163
4,9f2d9fe440f4b138,2026-08-01,0,casual_focused,0.11895730447499066,0.5310151443218274
4,9f4eaea6fa546273,2026-08-01,0,ranked_solo_focused,0.01217998879062854,0.0469350930050965
4,a01218af02658ae4,2026-08-01,0,ranked_solo_focused,0.08575896787525007,0.22479407240840532
4,a01effa35c5e96af,2026-08-01,0,insufficient_recent_games,0.1742792757084114,0.15064436836651687
4,a045bb22b2b4ab9c,2026-08-01,1,ranked_solo_focused,0.060069332698173515,0.13546757704178722
4,a0a31ea3717839ac,2026-08-01,0,mixed_or_other,0.07130389707143117,0.2139294422955876
4,a107349218c8f157,2026-08-01,0,insufficient_recent_games,0.32718624492234605,0.05999512456208347
4,a149305d8d092873,2026-08-01,0,mixed_or_other,0.4169755656479317,0.7300083082978936
4,a19f8b5d6883aed8,2026-08-01,0,mixed_or_other,0.04920869284060491,0.08573309882692495
4,a1abd6b053382c4f,2026-08-01,0,ranked_solo_focused,0.24479229241875083,0.20206195972479968
4,a1aeebc6fcf421e3,2026-08-01,1,insufficient_recent_games,0.5438813254019983,0.6999352635992273
4,a3a54074b22b32b8,2026-08-01,0,mixed_or_other,0.07179571598347692,0.22513744000799438
4,a40f4c52191b3b4c,2026-08-01,1,ranked_solo_focused,0.44458953457373385,0.5873756958484884
4,a443b48021de9cd7,2026-08-01,0,ranked_solo_focused,0.009683199611016019,0.03932045927790707
4,a47e6d0778841d2c,2026-08-01,0,mixed_or_other,0.1579130290634464,0.45688814556798996
4,a5b6d77905227331,2026-08-01,0,ranked_solo_focused,0.019720806293597015,0.02584837792240565
4,a5deab790fe36b7b,2026-08-01,0,ranked_solo_focused,0.07630353579212432,0.26961098014960333
4,a65f0fa4c504ac30,2026-08-01,0,ranked_solo_focused,0.14306261008778345,0.08334177690031394
4,a6b7fc6f155ff21b,2026-08-01,0,ranked_solo_focused,0.12495909846785454,0.31698334601515077
4,a6c78a93fa571942,2026-08-01,0,insufficient_recent_games,0.4737560749943689,0.711948883352399
4,a6f0e7267d6a0202,2026-08-01,1,ranked_solo_focused,0.24932105844057506,0.5272707497085364
4,a70ededb57b80d31,2026-08-01,0,ranked_solo_focused,0.028394301216524753,0.10399324463008898
4,a7259705931cbc32,2026-08-01,1,insufficient_recent_games,0.46059045207368593,0.7270427814591066
4,a76d72bb319bff8e,2026-08-01,1,ranked_solo_focused,0.3472175200626989,0.6874861057706155
4,a82d02910822ec45,2026-08-01,0,mixed_or_other,0.03116380665458015,0.09130775400368525
4,a8471410b68777f9,2026-08-01,0,insufficient_recent_games,0.5283020012189225,0.5715564213565396
4,a8634870630fd1e8,2026-08-01,1,insufficient_recent_games,0.40345725313097996,0.7427008827047257
4,a8b4920be38b35f0,2026-08-01,0,mixed_or_other,0.024572161131249513,0.054680971186385055
4,a8c0162bd035d7d9,2026-08-01,1,insufficient_recent_games,0.16655636103633106,0.6210256044095693
4,a8fbdc207572ccd8,2026-08-01,0,ranked_solo_focused,0.011499915687801145,0.031121084963187644
4,a8fdaa45fe427962,2026-08-01,0,casual_focused,0.4964299961102703,0.6735248799533116
4,a953f6a94675d6ea,2026-08-01,0,ranked_solo_focused,0.09595198268320713,0.31369921104493487
4,a9fd9c7c96769b2d,2026-08-01,1,ranked_solo_focused,0.1311722083568953,0.26044809761590687
4,aa714ee7bfe2f145,2026-08-01,0,insufficient_recent_games,0.2613446908799888,0.35667713539022
4,aa7ff3ab7c8d7ae2,2026-08-01,0,casual_focused,0.6076352992336312,0.6277729744376525
4,ab0b5e1a12f4a39f,2026-08-01,0,casual_focused,0.02836517702672241,0.06170924693059247
4,ab42e5ee286d6960,2026-08-01,0,mixed_or_other,0.05218518799468942,0.16475476580878018
4,abcb6dd914d434d9,2026-08-01,0,mixed_or_other,0.08937589012641303,0.20358727522863349
4,abfa75c8e3169490,2026-08-01,0,mixed_or_other,0.04931399917812629,0.20436738060112974
4,ac34100d7c556a66,2026-08-01,0,ranked_solo_focused,0.25809094886431216,0.6820700771201215
4,ac65efd990e917dc,2026-08-01,0,ranked_solo_focused,0.05734328631353986,0.12372599713943899
4,acd8b5b07fe57dc6,2026-08-01,0,ranked_solo_focused,0.0596127630749265,0.17639316556373283
4,adcadfc87646985f,2026-08-01,1,insufficient_recent_games,0.19598144197134157,0.6120311954912893
4,aeb845976b7605b6,2026-08-01,0,casual_focused,0.02642070214507093,0.08203464431612932
4,aee83b2c2e34c3f5,2026-08-01,0,casual_focused,0.16354657577809983,0.34434679036714466
4,af301b05f28b9e22,2026-08-01,0,mixed_or_other,0.12440342531163923,0.17691667643124065
4,af45d16cab179382,2026-08-01,0,mixed_or_other,0.08808542833469699,0.14012200481515621
4,af62c8811ae95a69,2026-08-01,0,insufficient_recent_games,0.3859809096083107,0.6676180060300558
4,b086128a410e88e2,2026-08-01,0,ranked_solo_focused,0.026175521830333236,0.05284722095234513
4,b165cba4a33c7d88,2026-08-01,0,mixed_or_other,0.18351957371103225,0.31097572017299846
4,b282a9e3baf70b58,2026-08-01,0,mixed_or_other,0.027966161567143093,0.02403998580294773
4,b2ae5c6caf7d1102,2026-08-01,0,ranked_solo_focused,0.09607421931437649,0.25291702651509945
4,b2faae47f4a89dbd,2026-08-01,1,casual_focused,0.08438817844185378,0.20010486800680355
4,b3c3ca453d650c27,2026-08-01,1,insufficient_recent_games,0.35229022623746525,0.6242984529959089
4,b45281366e799c1f,2026-08-01,0,mixed_or_other,0.05337893585361269,0.13177934187574156
4,b49193590a28d465,2026-08-01,0,mixed_or_other,0.27282097552987317,0.3873277941857969
4,b49309930b858fff,2026-08-01,1,ranked_solo_focused,0.16880299732137313,0.576147188309974
4,b535b1bbb88f52a8,2026-08-01,0,mixed_or_other,0.1335091777871852,0.3226108348200198
4,b5627e5b4ec119a0,2026-08-01,0,ranked_solo_focused,0.19344878731679085,0.6388683083334529
4,b67a59157235c3b4,2026-08-01,0,ranked_solo_focused,0.2794529530360252,0.5872467854339326
4,b6e02b699dd99222,2026-08-01,0,mixed_or_other,0.20897367319300292,0.35512248347683456
4,b815887a35ecda58,2026-08-01,0,mixed_or_other,0.011821009394072617,0.015002098302274933
4,b82b86219e0533f6,2026-08-01,0,mixed_or_other,0.01711866299640807,0.05836217410325186
4,b8f1496ffa236892,2026-08-01,0,mixed_or_other,0.12841917298180514,0.30960753436751287
4,b96928c8ce213676,2026-08-01,0,mixed_or_other,0.0289112394682975,0.07399584717404731
4,b984a1401d698b91,2026-08-01,0,ranked_solo_focused,0.01536636643624339,0.0921895642264593
4,b99def919028b441,2026-08-01,0,ranked_solo_focused,0.18854835764013633,0.5669818213588433
4,b9c45d57a08166c7,2026-08-01,0,mixed_or_other,0.0054772106546549315,0.0038143053867585874
4,b9ef24b5896c16c7,2026-08-01,0,mixed_or_other,0.3561520403574388,0.5946260287234201
4,bb451f31f183bb4a,2026-08-01,0,mixed_or_other,0.05883619661228518,0.15605351929214017
4,bbb73ee27b294dba,2026-08-01,0,ranked_solo_focused,0.05221936918348973,0.13815028259808518
4,bce1fab7f0a68595,2026-08-01,0,ranked_solo_focused,0.06636071775730576,0.2552414317171653
4,bd06b08f6506e426,2026-08-01,0,ranked_solo_focused,0.14690017211668116,0.20215639899227225
4,bd7bc48eda406aec,2026-08-01,0,mixed_or_other,0.06700499942397169,0.21449898693041444
4,bdeda4f6ebbb6742,2026-08-01,0,insufficient_recent_games,0.33184094825855737,0.3428946198407236
4,be982b7e591bf144,2026-08-01,0,ranked_solo_focused,0.08057248137334568,0.30968521475729294
4,be9d548515429f16,2026-08-01,0,mixed_or_other,0.22762514830813071,0.44038646240847645
4,bf237ddef34f9fcf,2026-08-01,0,ranked_solo_focused,0.02629486767882003,0.025638741986287107
4,bf3007eafdd62930,2026-08-01,0,ranked_solo_focused,0.39611721093756436,0.48514729453940125
4,bf97126326c6ee4e,2026-08-01,0,mixed_or_other,0.13945720176043605,0.15265843528203518
4,c0115dbb71e47552,2026-08-01,0,ranked_solo_focused,0.49122112466399825,0.6621465392472837
4,c027447c53888f90,2026-08-01,0,casual_focused,0.08554474263002454,0.25392079715306065
4,c0619d05b47270a8,2026-08-01,1,ranked_solo_focused,0.0528923541132877,0.11839454790565102
4,c099ca0086a8ebd4,2026-08-01,0,mixed_or_other,0.04234282365285996,0.1332133227578062
4,c0c4dfb458dfbaf2,2026-08-01,0,mixed_or_other,0.27352284824267514,0.651794200371189
4,c0e901ee0a8d47ef,2026-08-01,0,mixed_or_other,0.05728608291050968,0.22176526201679014
4,c1068f6b0e4efbed,2026-08-01,0,mixed_or_other,0.03066440617482875,0.054712194914503666
4,c1a5ff1926639e81,2026-08-01,0,mixed_or_other,0.07584337174361244,0.18744507483284997
4,c31cb4f6772836ac,2026-08-01,0,ranked_solo_focused,0.02151648158721699,0.03504489153284602
4,c42113738092c042,2026-08-01,1,insufficient_recent_games,0.4111391591353903,0.5640708979060048
4,c48dc3ed01f8eee1,2026-08-01,0,ranked_solo_focused,0.060611660726654734,0.17231632401833374
4,c4b43f9e754cecfe,2026-08-01,0,mixed_or_other,0.2801700585439984,0.46804724545281184
4,c4e6ec4b2cd30782,2026-08-01,0,casual_focused,0.026375750688510956,0.06903169331849832
4,c560e7676b660767,2026-08-01,0,ranked_solo_focused,0.0238603288090769,0.06413227790119366
4,c56913660bc2b848,2026-08-01,0,ranked_solo_focused,0.038465603054345265,0.15758692253526607
4,c5b567928596e916,2026-08-01,0,mixed_or_other,0.08204506515127857,0.39261719802834405
4,c6382759d4d5d261,2026-08-01,0,mixed_or_other,0.10520861098056927,0.18487044591628585
4,c64b9a4e5190981c,2026-08-01,0,casual_focused,0.043168260598295226,0.0892213092006809
4,c65957c9f79c970c,2026-08-01,1,insufficient_recent_games,0.4798665209820991,0.846813028268331
4,c65f1faaff859241,2026-08-01,1,mixed_or_other,0.0673727259721111,0.2116911783565633
4,c74dd95783542c4c,2026-08-01,0,ranked_solo_focused,0.0197009915372833,0.058629017021336195
4,c763ede5038c3df1,2026-08-01,0,casual_focused,0.2766097998935405,0.679224385876413
4,c76c52c13f2c1b30,2026-08-01,1,insufficient_recent_games,0.31140362943126093,0.681302330704616
4,c948f726ff92f236,2026-08-01,0,ranked_solo_focused,0.1153221430751266,0.33748671707335115
4,c9dc050c697542e8,2026-08-01,0,mixed_or_other,0.014386285908514568,0.032487871343689335
4,cabeaa95431ee8cc,2026-08-01,1,insufficient_recent_games,0.5388357280162528,0.8612785980771439
4,cb80fb6216d8b72c,2026-08-01,0,casual_focused,0.08300232110427348,0.18745194374622245
4,cb9c83f17be9d48c,2026-08-01,1,ranked_solo_focused,0.2679760434204721,0.3992496128749412
4,cbcb208ca3a306d4,2026-08-01,0,mixed_or_other,0.15400804757983644,0.43163521814099653
4,cbe2a07cd4433418,2026-08-01,0,ranked_solo_focused,0.14268142286481464,0.3596960736845568
4,cc0c932ba11d19c2,2026-08-01,0,insufficient_recent_games,0.6324111389030765,0.7315870022926978
4,cc63f612737e93c4,2026-08-01,0,ranked_solo_focused,0.09299329728667016,0.3381680360997702
4,cdec627279ffc828,2026-08-01,0,casual_focused,0.010521559202152633,0.03310285635700221
4,ce6f63a2ecbc53a0,2026-08-01,0,mixed_or_other,0.024980612844578157,0.11329162850763458
4,cfa7a5e2d069b2f9,2026-08-01,0,ranked_solo_focused,0.48777249027041203,0.27748507243899345
4,cfceeff7e74b74b0,2026-08-01,0,mixed_or_other,0.013175942429266103,0.008383662924851362
4,d0430320ab5c8986,2026-08-01,0,ranked_solo_focused,0.34087641215695363,0.6090550059810423
4,d08ce8370a1c1747,2026-08-01,0,mixed_or_other,0.03844961987351048,0.05716425648259598
4,d1529d592806da7e,2026-08-01,1,insufficient_recent_games,0.288631062231811,0.4513292181101132
4,d21dc996424215a6,2026-08-01,0,ranked_solo_focused,0.11400078566556383,0.32356795405949934
4,d228ff53ec3e9c4d,2026-08-01,0,ranked_solo_focused,0.016716521522376106,0.06892605544552066
4,d3bb748a7504c008,2026-08-01,0,casual_focused,0.051216999362170605,0.2008324827196974
4,d4bd98cec9391fa5,2026-08-01,0,ranked_solo_focused,0.2904585671314809,0.593523031032293
4,d503174da5af7aeb,2026-08-01,0,ranked_solo_focused,0.1737403481184366,0.23754269104055226
4,d51a6bdb4fd1cd94,2026-08-01,1,insufficient_recent_games,0.6805110247624607,0.8057333498017779
4,d571303f843c4c98,2026-08-01,1,insufficient_recent_games,0.5223395643269083,0.7393667327383323
4,d591c052ffca95a9,2026-08-01,0,insufficient_recent_games,0.278012140065102,0.559176180774813
4,d6f05b420cf0f9ee,2026-08-01,0,ranked_solo_focused,0.06166476148480996,0.2524180407526846
4,d77aaa677cdc5ff7,2026-08-01,1,ranked_solo_focused,0.2940044329602723,0.677670247829701
4,d7d0b453ca3f0177,2026-08-01,0,casual_focused,0.04513200664412596,0.12449303228129864
4,d7da78394b1bcb61,2026-08-01,0,insufficient_recent_games,0.37393576810623375,0.6016949377956399
4,d839501a6c426ab1,2026-08-01,0,ranked_solo_focused,0.3255016372338794,0.5266555054829573
4,d8abb9ff7186ecf6,2026-08-01,0,mixed_or_other,0.01137598420231428,0.060291896810224246
4,d9c99fed8fa2c209,2026-08-01,0,insufficient_recent_games,0.3071417525606066,0.47598273215018394
4,dacf050fbed07f26,2026-08-01,0,mixed_or_other,0.026435405003314788,0.054871038901548284
4,daf02c928dffdc69,2026-08-01,0,mixed_or_other,0.1026646128102771,0.0896978556506325
4,db059d031269f03c,2026-08-01,0,mixed_or_other,0.013860302974110596,0.020174663947588135
4,db6f01791783b71f,2026-08-01,0,ranked_solo_focused,0.3402432385993877,0.2889454301574173
4,dc5a649218e41be2,2026-08-01,0,mixed_or_other,0.09458893120737814,0.3993919801224298
4,dc7b07bf303cd187,2026-08-01,0,mixed_or_other,0.03392089237609595,0.06484945958253631
4,dcfded541753956e,2026-08-01,0,mixed_or_other,0.09789607606362573,0.26735824434676836
4,dd20a9322dbf1d69,2026-08-01,0,mixed_or_other,0.04083468180119049,0.09731684038214135
4,dda9f6d767269a60,2026-08-01,0,mixed_or_other,0.01909411289930736,0.11764661104924505
4,ddb57afc90900771,2026-08-01,0,ranked_solo_focused,0.07311106099585657,0.06652396754361496
4,ddf081a4e72d242e,2026-08-01,0,ranked_solo_focused,0.2384409222912402,0.4273668021434052
4,df5cab1dac835f47,2026-08-01,0,mixed_or_other,0.07523887415911855,0.08199464088234858
4,e05c34fcd9b1c111,2026-08-01,1,ranked_solo_focused,0.3997993896776217,0.42862449254913115
4,e12c45d3f23460ed,2026-08-01,1,ranked_solo_focused,0.3430694593199576,0.3934657527055134
4,e12f733c4e3cf9e4,2026-08-01,0,insufficient_recent_games,0.36124344320997265,0.7575589275643313
4,e148a90eb8d3838b,2026-08-01,1,insufficient_recent_games,0.49235991924469485,0.6237053986906452
4,e15ec72a003c987b,2026-08-01,0,insufficient_recent_games,0.3097871971996363,0.7803110417906992
4,e209519929aa5a73,2026-08-01,0,casual_focused,0.06742860296464202,0.12782004197146205
4,e227196d301f8c8c,2026-08-01,0,mixed_or_other,0.1350999008081881,0.2789835753990583
4,e2b9da31a13a827e,2026-08-01,0,casual_focused,0.2314534667853492,0.32924564025855624
4,e30afb71f4ef8526,2026-08-01,0,ranked_solo_focused,0.018011043915304198,0.03800960844738802
4,e3b817cc9fbc5c20,2026-08-01,0,insufficient_recent_games,0.23739310635911062,0.5939749675209752
4,e42a985f3372fe6e,2026-08-01,0,mixed_or_other,0.034365982641113284,0.09675314714009561
4,e47284ea4d859c9e,2026-08-01,0,mixed_or_other,0.12076925147808534,0.40288186203209325
4,e50ea2b9e240a5a1,2026-08-01,1,ranked_solo_focused,0.7468310808873148,0.9079573546333473
4,e5ad3ecb52c0e909,2026-08-01,0,ranked_solo_focused,0.020887716099535956,0.03271569665602214
4,e5fa79919764d0b5,2026-08-01,0,ranked_solo_focused,0.035968727525899226,0.07038330814356933
4,e62040c8e08ec307,2026-08-01,0,ranked_solo_focused,0.29262989572118253,0.4898456416055195
4,e67e2aad8d357349,2026-08-01,0,mixed_or_other,0.010115017096472547,0.019545140156632
4,e68eb989b724950a,2026-08-01,0,mixed_or_other,0.011254712236570388,0.013575901369961847
4,e698020be7e19a13,2026-08-01,0,ranked_solo_focused,0.08974394890478182,0.19326596347605957
4,e6ebcb5bbb501884,2026-08-01,0,mixed_or_other,0.10088032001697096,0.2873659499932083
4,e6fa0b01c92fde94,2026-08-01,0,ranked_solo_focused,0.07489762803015745,0.3052383344931337
4,e7150c8e9664cb01,2026-08-01,0,ranked_solo_focused,0.012329588818854554,0.019935873772679587
4,e75a1f562869ef93,2026-08-01,0,mixed_or_other,0.040957462344317457,0.1669685960996957
4,e79626606f34bd34,2026-08-01,0,ranked_solo_focused,0.08004080498130389,0.14313870432212458
4,e7bd2e1bfac1af37,2026-08-01,0,ranked_solo_focused,0.015873030855341228,0.05796574176138507
4,e7c81055f4c33b7b,2026-08-01,0,ranked_solo_focused,0.04320486071578299,0.11978787964428071
4,e886b7bb5ede34be,2026-08-01,0,mixed_or_other,0.02473241091471711,0.10549284420626784
4,e88ee1903893029d,2026-08-01,1,ranked_solo_focused,0.5771359618851446,0.8702783269914162
4,e8ce249cde6d4259,2026-08-01,0,ranked_solo_focused,0.023292906190732484,0.01496305793851424
4,e940c0bd966249d7,2026-08-01,0,mixed_or_other,0.12437796836652307,0.14947626412773068
4,e99b13f9e0f8dc54,2026-08-01,0,ranked_solo_focused,0.17143822689015079,0.5355318487929404
4,e9a04d781fac844a,2026-08-01,0,ranked_solo_focused,0.05677561712080927,0.17020454467306453
4,ea2ea8a2a79d5bcb,2026-08-01,0,mixed_or_other,0.1547594617980853,0.36449099178822864
4,eac5455bddd48541,2026-08-01,0,casual_focused,0.4169544955830299,0.5811026812358272
4,eb45c3e8b99492cf,2026-08-01,0,mixed_or_other,0.20063379860968325,0.3046411540312225
4,eb570e702413cb24,2026-08-01,0,mixed_or_other,0.043149180721243914,0.11937614561832285
4,ec2bd8d42581a7ba,2026-08-01,0,ranked_solo_focused,0.19268739604090487,0.5274318365154107
4,ec67edabbfa61c1f,2026-08-01,0,ranked_solo_focused,0.02490151802652365,0.1404801660319597
4,ec7c463c082f6658,2026-08-01,0,ranked_solo_focused,0.13510278763283518,0.24448595819330518
4,ecbb3af6db7d6d97,2026-08-01,0,ranked_solo_focused,0.3289021809609928,0.6104028375886411
4,ee07c54fef82f8ed,2026-08-01,0,mixed_or_other,0.07014903569043067,0.1790477916959913
4,ee1d6543d3167874,2026-08-01,0,insufficient_recent_games,0.11913221383119724,0.47220008182356266
4,ee850b53b2bba132,2026-08-01,1,ranked_solo_focused,0.4847177845534142,0.6765783087371328
4,eefb3b54f80771c5,2026-08-01,0,ranked_solo_focused,0.058006784113721385,0.08941115466897089
4,ef00fefbb0835a75,2026-08-01,0,insufficient_recent_games,0.27270366333721124,0.25888671711204503
4,f05df960572a4a49,2026-08-01,0,mixed_or_other,0.1731084105713315,0.2740796288051334
4,f0a1a1585e905aad,2026-08-01,0,ranked_solo_focused,0.32096968360494577,0.36555711455414025
4,f11c7195afa6c721,2026-08-01,1,ranked_solo_focused,0.10253490138755586,0.24003119910115947
4,f195e7eab7f7003a,2026-08-01,0,insufficient_recent_games,0.2681251932773803,0.6210508198184963
4,f34c3c02e554f93a,2026-08-01,0,ranked_solo_focused,0.02043786246798654,0.04633757049950616
4,f35c1d7e955c9f9d,2026-08-01,0,mixed_or_other,0.05000480769949686,0.18715002537724826
4,f37fed1992705733,2026-08-01,0,ranked_solo_focused,0.14566562110499776,0.2096512526336293
4,f3efd432026c7758,2026-08-01,0,mixed_or_other,0.12099727806468852,0.4203048583776263
4,f41aeed8edc96f06,2026-08-01,0,mixed_or_other,0.11041910073139853,0.1634473167022083
4,f4ddc7e630b7edb6,2026-08-01,1,ranked_solo_focused,0.057701703148178025,0.1175250364359434
4,f504c935575048e1,2026-08-01,0,insufficient_recent_games,0.1777679074002421,0.5088173985763901
4,f5df5cdf395abca7,2026-08-01,0,ranked_solo_focused,0.7280393094057985,0.667126909909826
4,f5f78cecfbdaf4c9,2026-08-01,0,insufficient_recent_games,0.434272470346861,0.8363366961772327
4,f608acd8d9153360,2026-08-01,0,casual_focused,0.06395734092494848,0.17367122021168355
4,f6333bbf482ef375,2026-08-01,0,casual_focused,0.07866340381516175,0.37622040500746484
4,f6a447f4d7e471d6,2026-08-01,1,insufficient_recent_games,0.8295264055281079,0.8956759342283084
4,f6d0758e34086c8e,2026-08-01,0,mixed_or_other,0.05625868325516779,0.047282833025007596
4,f7def9272924ff36,2026-08-01,0,casual_focused,0.16164261917072772,0.23832996128768807
4,f7e52e477c814985,2026-08-01,0,mixed_or_other,0.2547685202030245,0.4344910655667431
4,f7ee6a52f11f432e,2026-08-01,0,ranked_solo_focused,0.348117882147631,0.6021856814976634
4,f8ab84b3e13c0292,2026-08-01,0,casual_focused,0.0780692629236547,0.11984867831548397
4,f8e1b32cee10ed32,2026-08-01,0,casual_focused,0.10306451641338585,0.25662334732047964
4,f8e62e8d811b5258,2026-08-01,0,ranked_solo_focused,0.14076005519233634,0.34637353539086757
4,f9b35157eacf08cf,2026-08-01,1,insufficient_recent_games,0.6729489192097456,0.6638480070983486
4,f9da901dab9ec557,2026-08-01,0,casual_focused,0.10278906998170234,0.34182358257822915
4,fb125522e82e5320,2026-08-01,0,mixed_or_other,0.3439575828697853,0.7173898575041677
4,fbac4e530dff9854,2026-08-01,1,insufficient_recent_games,0.33461960349101055,0.7618917210100355
4,fc18828b02f608a1,2026-08-01,0,ranked_solo_focused,0.026824641504273133,0.06464626133849607
4,fcb24d40eb9e43fa,2026-08-01,0,mixed_or_other,0.051533654398049744,0.19596486639006966
4,fcb82fec22a99796,2026-08-01,1,ranked_solo_focused,0.12413561029444475,0.28608146731138523
4,fe6a9e258794c80f,2026-08-01,0,ranked_solo_focused,0.0340642887496728,0.05706330992831271
4,fe8e6601ef1aaa0f,2026-08-01,1,ranked_solo_focused,0.17105633917889757,0.24603805477942273
4,feff50280066758e,2026-08-01,0,mixed_or_other,0.12499221159439618,0.14363404635787858
4,ff38db1fd0a249b4,2026-08-01,0,ranked_solo_focused,0.06368129143275232,0.174829950324912
4,ff7d851c34280a16,2026-08-01,0,ranked_solo_focused,0.031524758255325545,0.0348520503188671
4,ffc8756ab4545e95,2026-08-01,1,casual_focused,0.215361922448274,0.45873776622507134
4,ffd2eeff2ddb1e07,2026-08-01,1,mixed_or_other,0.029786930818979068,0.06349053890261981
4,ffdf8a95c968efc7,2026-08-01,0,mixed_or_other,0.01519728270901414,0.09072684271415374
