team_id,player_id,cutoff_date,churn,catboost_oof_score,xgboost_oof_score,lightgbm_oof_score
1,00851b6d3a490dc8,2026-08-01,0,0.6707112160840129,0.6728979349136353,0.7034724763772381
1,01497e6106b3fe05,2026-08-01,0,0.4180293376434175,0.20701146125793457,0.16315479737599783
1,01bbf176242629b2,2026-08-01,0,0.18910332808784283,0.08280903846025467,0.05454609909172034
1,01e4e1b0bfbdfd79,2026-08-01,0,0.6898267309844939,0.7156231999397278,0.7253270815435164
1,0249ef177473a31f,2026-08-01,0,0.012789852293087097,0.014114177785813808,0.007701214818082804
1,029e973742c53199,2026-08-01,1,0.7131065538747812,0.9002400636672974,0.9035977092640831
1,02c971e5120ef439,2026-08-01,0,0.07410862331844871,0.07945329695940018,0.07685724468068314
1,02fd01e022d47cd6,2026-08-01,0,0.5101438209857374,0.2887709140777588,0.2818958759037401
1,0301e9e2c22bb9ba,2026-08-01,0,0.09159937737863236,0.08361196517944336,0.1452190646740598
1,03856613b21f55db,2026-08-01,0,0.03211651260047278,0.019522912800312042,0.008150565579735852
1,038ec3223546ddc2,2026-08-01,0,0.16875955326917325,0.13250337541103363,0.10689197944730411
1,0396a3f7c70b1d42,2026-08-01,0,0.22464508244973852,0.39130109548568726,0.3824724522994054
1,03ebce59fa795614,2026-08-01,0,0.14824243493867778,0.056390389800071716,0.04788538727494533
1,04ba1c48d7b1d38c,2026-08-01,1,0.3050225345475427,0.18246908485889435,0.19801663313637055
1,054e935b31cfc31c,2026-08-01,0,0.3284659279069834,0.3842076361179352,0.37654787283218216
1,05a345d69630eb32,2026-08-01,0,0.5040594859816464,0.3154990077018738,0.33010554530374
1,06211849f92ce895,2026-08-01,0,0.7668958307020622,0.78532475233078,0.7791573750859982
1,071321399f23fdd3,2026-08-01,0,0.2041379080131182,0.11961866170167923,0.12820067511427738
1,077ea3660ab5f1a0,2026-08-01,0,0.04697901784163656,0.020434480160474777,0.01226641361632389
1,07dbff0d983b2564,2026-08-01,0,0.30035906161321213,0.09544278681278229,0.19831106220616224
1,080923d8fa693625,2026-08-01,0,0.47471249083081624,0.7468769550323486,0.542429542021951
1,084ce3b4d285ba11,2026-08-01,0,0.07731886874447365,0.02612358331680298,0.022977617037392015
1,087d3f28916bddfa,2026-08-01,0,0.5962112259372192,0.7082667350769043,0.7252177143086872
1,088033bc615104c3,2026-08-01,1,0.6646370139329669,0.5418890714645386,0.434346201673921
1,08a34c1e68024966,2026-08-01,0,0.06523369535688964,0.019613666459918022,0.020802236012157086
1,08b5a3e0f832b4cd,2026-08-01,0,0.48595045236155293,0.47898632287979126,0.42574228967394234
1,08ccb9eaf13ad173,2026-08-01,0,0.14609588718351516,0.11929488182067871,0.09229661230329388
1,08d0869205b88e6d,2026-08-01,0,0.19683574948259827,0.08071599155664444,0.09699229999145394
1,09a0aeb9a31b9be4,2026-08-01,1,0.5444790078859639,0.454736590385437,0.3587925926858212
1,0a09a55a758bd607,2026-08-01,0,0.35630175586547114,0.37108108401298523,0.3685275401433924
1,0a11a072cb2e1820,2026-08-01,0,0.33892158338218975,0.2497541904449463,0.170419701837086
1,0aa8b2abdeadae7a,2026-08-01,1,0.7721237869876997,0.7450441122055054,0.6329933804688478
1,0bb6a3f97ee5bd3c,2026-08-01,0,0.6705668484264785,0.6133058667182922,0.7066262556564057
1,0bd750c221845f6a,2026-08-01,1,0.7548291768404208,0.9001373052597046,0.9055656164461904
1,0c28e67238afdb04,2026-08-01,1,0.8604928372018991,0.8194655179977417,0.7554305140400215
1,0c54f43312f49305,2026-08-01,1,0.7682304330616311,0.5257959961891174,0.5637254130730696
1,0c79a818826e19a5,2026-08-01,0,0.38654621287085145,0.4363221228122711,0.5196606569896334
1,0c8287b48cdfdd57,2026-08-01,0,0.3611260543718305,0.14646847546100616,0.13269672897936813
1,0ce102af49a24332,2026-08-01,1,0.3874276435338756,0.3988257944583893,0.58934879321982
1,0d050eee98793af7,2026-08-01,0,0.7092966475508267,0.7347441911697388,0.7901226466516263
1,0d130046f6b67845,2026-08-01,0,0.5381167539211054,0.5423216819763184,0.6889808418767279
1,0dac8af5d3cd1c75,2026-08-01,0,0.6695335407546135,0.6582093834877014,0.5631026819777486
1,0e5472b8e8232a95,2026-08-01,0,0.15192285376871126,0.044553205370903015,0.043908070021169775
1,0ecf1aa61afc9932,2026-08-01,0,0.6350505827339392,0.4046110212802887,0.48377778996039356
1,0f21d544651ea212,2026-08-01,0,0.011640534104635742,0.002024106914177537,0.004240752555255666
1,0f5dd6f0f2214be9,2026-08-01,0,0.3279479266433384,0.12906870245933533,0.1385865526023798
1,0f8e1344d807e4e7,2026-08-01,0,0.7817578602914605,0.7440232634544373,0.6677717916932315
1,101d3fb7bc5aaa81,2026-08-01,0,0.4778971711963819,0.4533863067626953,0.44623651461374914
1,111bae525cc1efa3,2026-08-01,0,0.3711279625980634,0.4934845566749573,0.4379623027121156
1,116bab7bea03c3ed,2026-08-01,0,0.2392569330374865,0.09932393580675125,0.13575733645752955
1,123b2e333d343d6f,2026-08-01,0,0.10093092193469949,0.045750975608825684,0.05772425922567988
1,1249ec2cea0e36c9,2026-08-01,0,0.1743031204683173,0.0871272012591362,0.07091626818898535
1,127e73d579ab83f8,2026-08-01,0,0.1511616630613127,0.04264526441693306,0.06419855449264762
1,13858b53c464fb38,2026-08-01,0,0.13375871859923472,0.03869658708572388,0.05443229170506744
1,13e6bfa8f5e0651e,2026-08-01,0,0.26261402279649937,0.17108578979969025,0.1718148503728624
1,140c56e45b34e78c,2026-08-01,0,0.7282624929081287,0.5542421936988831,0.5007678331935944
1,155c0ac273f53d74,2026-08-01,0,0.4050994718834934,0.4427795708179474,0.40821190377492966
1,155ea6286de67afc,2026-08-01,0,0.007575561508097975,0.0043069287203252316,0.002241740516115296
1,158c759e65262806,2026-08-01,0,0.33951985992058353,0.3371850848197937,0.24100356866009004
1,158e719afb98b854,2026-08-01,0,0.2220188071361336,0.2244993895292282,0.21306774327211592
1,17bae10d255baa62,2026-08-01,0,0.6534041888560704,0.4038904309272766,0.4921281499493092
1,17edac413c761a2a,2026-08-01,0,0.2538190940214389,0.19746004045009613,0.26344593409645317
1,1809141471f54353,2026-08-01,1,0.5241191650485186,0.6643677949905396,0.6164313185383539
1,1851b38bff04bcc5,2026-08-01,0,0.17610758160813264,0.0632433220744133,0.06803421160436754
1,18de719d72ff8d47,2026-08-01,0,0.40552683467912237,0.4588472247123718,0.4662441539789686
1,191467b84deb1bb1,2026-08-01,0,0.08505691364181302,0.018795467913150787,0.013681436694558789
1,1946ff53dd92cd3b,2026-08-01,0,0.07499926234806101,0.055310387164354324,0.06649123900761617
1,195b84a0f00902fd,2026-08-01,0,0.39362008538276794,0.32947614789009094,0.24496874373175723
1,195e230ceb88e198,2026-08-01,1,0.504186198977775,0.42538994550704956,0.4227334080032745
1,19edc1757d065db7,2026-08-01,0,0.21365740266260905,0.10940057784318924,0.07524820993672705
1,19f450b69ecece4c,2026-08-01,0,0.341383165232943,0.2517269253730774,0.1738635083683735
1,1a29d0aa8d36b80d,2026-08-01,1,0.6556982422158497,0.6153174638748169,0.7447020722732555
1,1a67b7c53f4f2c5c,2026-08-01,0,0.050022043529628406,0.1295313984155655,0.08974288124389539
1,1b177e7b978e1446,2026-08-01,0,0.3002437561262865,0.1546662300825119,0.19392908456135727
1,1b3943e2b3b0dc7a,2026-08-01,0,0.4251348371078459,0.5624960064888,0.47507724598513607
1,1b50a5e6fdb5c9a0,2026-08-01,0,0.2853914453239045,0.2913581430912018,0.2820879590151915
1,1b6ecda3e3eba11d,2026-08-01,0,0.797610337644827,0.7711870670318604,0.7761727115002269
1,1bc0ec9e7ae7450b,2026-08-01,0,0.11654749712196666,0.11082358658313751,0.2523232388805078
1,1bca15841a89c72b,2026-08-01,0,0.22972856533618977,0.13023243844509125,0.09426566262662615
1,1c4b0fbf9811692a,2026-08-01,1,0.28496757794714445,0.22212114930152893,0.24148037722453936
1,1c5ea1b9218c9bef,2026-08-01,0,0.37032613295684297,0.3183513879776001,0.3350455203448652
1,1cb04773abf6f66b,2026-08-01,1,0.33846733847047006,0.3723652958869934,0.300629615079957
1,1d329fdf10e48a5c,2026-08-01,0,0.016361458307301333,0.008883748203516006,0.00804605061733005
1,1dd5e3ccfcfd4f13,2026-08-01,0,0.469119598682585,0.4193764626979828,0.36798622583014007
1,1e05d389da5d3ae6,2026-08-01,0,0.5759851327389353,0.3510381281375885,0.3512664365176813
1,1e2777404fe73374,2026-08-01,0,0.09760195879683274,0.05672464892268181,0.0958855604492393
1,1eed41da3608734c,2026-08-01,0,0.48606305514535414,0.42780691385269165,0.284013164876014
1,1ef10c3a424645a8,2026-08-01,1,0.6251508172949447,0.7815402746200562,0.8191580518084516
1,1fa9d53a5b976a9a,2026-08-01,0,0.3390943844418963,0.09439364075660706,0.12281959754255575
1,1fafcbbe6fd94d1e,2026-08-01,0,0.44141386573969243,0.3764101266860962,0.46004032621799823
1,1fd4017a0f8f2259,2026-08-01,0,0.014940448325590078,0.00977808516472578,0.0038312839366246706
1,20207058393d4568,2026-08-01,0,0.3577493235111249,0.15075460076332092,0.14307509861662163
1,20714a3e3c312714,2026-08-01,0,0.602162300676636,0.5809212327003479,0.6600954935306678
1,20912a673e03a0a5,2026-08-01,0,0.3284533602782115,0.17875316739082336,0.1741906529216646
1,209c11231d5a9627,2026-08-01,0,0.34924024389762964,0.38867759704589844,0.3822325703305845
1,2164aa85f01196ed,2026-08-01,1,0.4714192879359186,0.2842365801334381,0.3580944817017422
1,2170d6cea7f97d4f,2026-08-01,1,0.07122889820667924,0.04061948135495186,0.04896786424810607
1,21f376e0aee99245,2026-08-01,1,0.6012673821812407,0.5765967965126038,0.6145503778053965
1,225287476127dc4a,2026-08-01,0,0.2380583577746428,0.24069376289844513,0.17274068525976552
1,23414271596039a4,2026-08-01,0,0.7026338053362777,0.6103907823562622,0.5875555708716532
1,23da015ac23f8e0e,2026-08-01,1,0.34641418012493386,0.09966450929641724,0.06705091412157804
1,2400203a991b085d,2026-08-01,0,0.2185014852003321,0.27316218614578247,0.2634338104684571
1,242602cd906236d1,2026-08-01,0,0.3826454707338479,0.18022604286670685,0.2145450082815567
1,2469d03059652ee7,2026-08-01,0,0.17117208309528645,0.2673468291759491,0.3527233727355197
1,24ed93caf9a8dbe7,2026-08-01,0,0.2290958563984588,0.2326803356409073,0.1970871306955679
1,264f7ad2026247ff,2026-08-01,0,0.17349770662669517,0.171664759516716,0.17699042953728447
1,26a1df1f2abb2e3f,2026-08-01,0,0.5793677993987186,0.2952602505683899,0.40573351106591776
1,270cbb1d6dc5ca45,2026-08-01,0,0.2577735596642403,0.0857929065823555,0.08486021255462924
1,275864d3db2ab8e6,2026-08-01,0,0.6243643890624831,0.5426942706108093,0.5799516392306554
1,27a145b6a294e832,2026-08-01,0,0.39999275508623255,0.4720781743526459,0.4457862791757764
1,28382a6978ec5a83,2026-08-01,0,0.6504586145332343,0.5646277666091919,0.5234064561370707
1,2851285eeddbbc50,2026-08-01,0,0.07605445952091644,0.010061107575893402,0.008107280958913927
1,287acce57c898f6e,2026-08-01,1,0.602410894565298,0.664078414440155,0.7595080111215864
1,29842502192f406a,2026-08-01,0,0.10155883812890082,0.10544243454933167,0.07642378314615833
1,29fca0759a3740d4,2026-08-01,0,0.20925738100201718,0.12022293359041214,0.13212045122184624
1,2a4fa069c9341825,2026-08-01,0,0.5746780789959136,0.5629479289054871,0.5945763024384653
1,2ae0cf5544b1788a,2026-08-01,0,0.23455890083660802,0.14165690541267395,0.1559461975930875
1,2b0ee00dec636852,2026-08-01,0,0.5812779817269644,0.24829739332199097,0.2625571924119205
1,2b65b49aafd7db02,2026-08-01,0,0.17974170135587625,0.06724964082241058,0.0629985078233607
1,2ba026e982fdade0,2026-08-01,0,0.050412398123804936,0.035632479935884476,0.04008401073497893
1,2bc2d48960c5d734,2026-08-01,0,0.42560576506610953,0.30034807324409485,0.2798590504632183
1,2c4c36c985630e8e,2026-08-01,0,0.22494442889822114,0.07395971566438675,0.060412273855660066
1,2c526106267fb14f,2026-08-01,1,0.2954238092966852,0.06571488827466965,0.09756616386125026
1,2ce46a1c987aabc0,2026-08-01,0,0.1495913948842498,0.04323463886976242,0.049692875261384745
1,2f52c0703014f69f,2026-08-01,0,0.6481940849987586,0.3515428602695465,0.3675696240053238
1,2f7f212896e5979b,2026-08-01,0,0.4321173463722871,0.39174020290374756,0.5441709103717791
1,2f89597045c7303a,2026-08-01,1,0.13536653495351383,0.0410909466445446,0.04668027745345794
1,2fe1ccbddc0f732a,2026-08-01,1,0.37551627884836175,0.41729244589805603,0.4835978997537773
1,2ffe67d366606b62,2026-08-01,1,0.5773764816450867,0.37424248456954956,0.46056663380692187
1,303e526901c3c26e,2026-08-01,0,0.37218791775115373,0.14142215251922607,0.11805151571921338
1,30a02df4fe6456c4,2026-08-01,0,0.31050750815428424,0.16809986531734467,0.1632017615803947
1,30abed0bb22a75fd,2026-08-01,0,0.22498746900299962,0.10176636278629303,0.06481086296360404
1,30ae0f5a5220af70,2026-08-01,0,0.5747244703103095,0.3598282039165497,0.4246665736880378
1,30da12d64468b031,2026-08-01,0,0.20175824099464384,0.1115269809961319,0.15853436787571065
1,30de435c0e9990d9,2026-08-01,1,0.5380517569197443,0.41654089093208313,0.43427067945854503
1,317127f4637f01f5,2026-08-01,0,0.3386479636123108,0.3133712410926819,0.20717299728388822
1,3175002ed5c8f601,2026-08-01,0,0.21211111486867104,0.15315642952919006,0.15711539197686
1,31b99ead0161aa08,2026-08-01,0,0.2717363442908292,0.27543213963508606,0.2316987324569258
1,324d95bb398e4bc4,2026-08-01,0,0.35609430715926366,0.23973967134952545,0.42178722593599766
1,33056cb959c1068e,2026-08-01,0,0.031009898953579036,0.009196174331009388,0.008332911238313557
1,33aba5fef1698d0e,2026-08-01,0,0.5213491835525184,0.4467054307460785,0.46157132693641606
1,33add6dc7939aded,2026-08-01,0,0.15175914466126242,0.0713830515742302,0.044959745213496716
1,33c028c2e3e484ac,2026-08-01,0,0.18338471092562103,0.2269842028617859,0.17141476806302233
1,33cffacee35098b8,2026-08-01,0,0.5956326072656241,0.6317539215087891,0.6207505731021912
1,33d95e1edef4a8d5,2026-08-01,1,0.5418842139544853,0.544741690158844,0.6058016878390965
1,33deb42f46ecab86,2026-08-01,1,0.027745282347856604,0.009879902005195618,0.008713074720731274
1,34239c5557faa0fe,2026-08-01,0,0.6058041013702326,0.593865692615509,0.6408530842324484
1,342bce2d90d1d325,2026-08-01,0,0.29873563279233206,0.0846533253788948,0.1075227495556405
1,34bd8a15a30622ef,2026-08-01,1,0.14122279171378896,0.06926112622022629,0.08878404418063705
1,34e3d9830ca3bac2,2026-08-01,0,0.3166009134900476,0.21295557916164398,0.26366669652700514
1,34f357338e62f79c,2026-08-01,1,0.7770001418732035,0.8350648283958435,0.8857080520617775
1,34f637e55d7bb038,2026-08-01,0,0.1570388160773423,0.2501087486743927,0.17692582696175221
1,358c77e60ac98153,2026-08-01,0,0.31736857301665816,0.3817916810512543,0.35815859790640264
1,36057a59ab2db1da,2026-08-01,1,0.4798077126751043,0.7403225302696228,0.6542491424950525
1,3671719ef747dedd,2026-08-01,0,0.38842993038363277,0.4177321791648865,0.43469697986382894
1,36a8b5bd6f4bae31,2026-08-01,1,0.5775074604707914,0.44183114171028137,0.3658155302147223
1,3729bf07367b06b7,2026-08-01,1,0.5739348242739717,0.727168619632721,0.7727401565897918
1,372c7b3abfe38a50,2026-08-01,0,0.5010187948208381,0.4861278235912323,0.5444089699790263
1,373a71f856c4031a,2026-08-01,1,0.418470416632555,0.34324491024017334,0.2594976697547467
1,379a2f52027dba3c,2026-08-01,0,0.0946052313000433,0.13963434100151062,0.06342399456278176
1,37c386df11499e5c,2026-08-01,1,0.5323800002242147,0.24174484610557556,0.19102121873816497
1,384202e6f1d865cc,2026-08-01,0,0.38578062819751713,0.2965778708457947,0.24461892720162678
1,3851988c12a99512,2026-08-01,0,0.33092483721536176,0.16514551639556885,0.1267120876790938
1,3874806e45ab1fdb,2026-08-01,1,0.0734279631884291,0.033957596868276596,0.03884507843784803
1,38cdeae05f0a5d61,2026-08-01,1,0.802122597882488,0.6929839253425598,0.6060175703718466
1,38e3a4c082ebdb91,2026-08-01,0,0.34923669275010105,0.13584402203559875,0.17438845725846225
1,3933873490c3cc54,2026-08-01,0,0.5241848289651074,0.29226475954055786,0.40613766884439645
1,39c38dd81682fa18,2026-08-01,0,0.26760676904493275,0.11793617904186249,0.11517112610097364
1,39fe1fb1652a954c,2026-08-01,0,0.07703973753508737,0.05957701802253723,0.044649516291666885
1,3a2e95151f2fd1d5,2026-08-01,0,0.10490734550561469,0.0136136244982481,0.009880150247933315
1,3a921f3dc5cfc474,2026-08-01,1,0.12846357894237612,0.1242443099617958,0.06610934234795326
1,3afeddf92b155ac0,2026-08-01,0,0.536581319836383,0.5344109535217285,0.5601582704334762
1,3b0f39cc347cc124,2026-08-01,0,0.1953645338025719,0.17368891835212708,0.1420109551877266
1,3b5a64fb6c932d90,2026-08-01,0,0.36655807040481775,0.4197481572628021,0.38501374238369945
1,3b732595fddb8e7d,2026-08-01,0,0.3405591632292207,0.3406778573989868,0.3185147855271831
1,3baed5278ea47bb6,2026-08-01,0,0.5624006362964021,0.6138511896133423,0.5896298633349731
1,3bedc4b223dd7fba,2026-08-01,0,0.11493774802377632,0.2521810233592987,0.21792544197591876
1,3c08bef185428078,2026-08-01,0,0.04519161579997837,0.013024908490478992,0.017959266455989966
1,3c54cd1e52892641,2026-08-01,0,0.28998819997241276,0.3381040096282959,0.2779282017487003
1,3de9ab97144a2a7b,2026-08-01,0,0.05222590535207999,0.02550758793950081,0.016836810346660992
1,3decd8472fc68b26,2026-08-01,0,0.5971192198795561,0.28715577721595764,0.3997747188983863
1,3e3df959553cf06c,2026-08-01,1,0.3810764974896753,0.2063504308462143,0.24741556746324958
1,3e925d48749c3ae1,2026-08-01,0,0.07644000756494218,0.05098631978034973,0.05134748919132895
1,3ec1c0bed3f83447,2026-08-01,0,0.9201993779064365,0.9223504066467285,0.9167115424166511
1,3ec50ec316d90513,2026-08-01,0,0.27150181743845564,0.09560214728116989,0.07631730735922408
1,3fd938a6d81d3d02,2026-08-01,1,0.3397727999072472,0.17807936668395996,0.28975332402372433
1,4040985a60ffacf4,2026-08-01,1,0.7654161973549467,0.7007785439491272,0.6574884188918473
1,40978ba4b28c5903,2026-08-01,0,0.3316818632535465,0.19359230995178223,0.21953648103036874
1,419ed81996dc359e,2026-08-01,0,0.043520836727540174,0.021829402074217796,0.018190092882671233
1,422031b9eaeea449,2026-08-01,1,0.3648175880635139,0.549014687538147,0.5771608120380457
1,42287037b9d4329e,2026-08-01,0,0.24116017662911543,0.09023068100214005,0.0911732826191864
1,427cf635471a9f59,2026-08-01,0,0.3678322105867028,0.24542276561260223,0.2042597639154064
1,42cc294cf5d9ad38,2026-08-01,0,0.6696718204643088,0.6968644261360168,0.5882276968211265
1,44a5b54734e8299f,2026-08-01,0,0.2066325198773907,0.20898829400539398,0.2860399244429254
1,4654d9d8efa51d36,2026-08-01,0,0.14708958065175262,0.04958934709429741,0.03930380041739822
1,46792c80592e1651,2026-08-01,0,0.4741964692050074,0.3668082356452942,0.36890485152014657
1,474405e1f7a17214,2026-08-01,0,0.2864422064059347,0.1551213264465332,0.11026002632778102
1,47468dcfa01964de,2026-08-01,0,0.30655788899967246,0.12337790429592133,0.11620518320709836
1,476116bd97f2a939,2026-08-01,0,0.22760510329882147,0.3025170564651489,0.3030368475494806
1,4794483baaa555c9,2026-08-01,0,0.17005027546117257,0.16058948636054993,0.14313637999959783
1,4869dffe7cb12c73,2026-08-01,0,0.6492973505242075,0.6040576696395874,0.49082400952341954
1,4957ce182d048afb,2026-08-01,0,0.19680209481448047,0.07036271691322327,0.053267612206387274
1,4968a7e6a52d9274,2026-08-01,0,0.5107097990091818,0.6793801188468933,0.7600979184199755
1,4a7a12936577b58d,2026-08-01,0,0.05268350642479115,0.049560919404029846,0.04651296135068529
1,4a7aacd6258caf92,2026-08-01,0,0.10394024755462915,0.06611662358045578,0.042394676901557085
1,4b1f64bdbd0593e9,2026-08-01,1,0.7232364628982175,0.558111310005188,0.6387699040800157
1,4b2033d24144d63c,2026-08-01,0,0.12544783208894716,0.21100464463233948,0.150189481968118
1,4b818dee8134c3a1,2026-08-01,0,0.21586226275433015,0.18406039476394653,0.17666394335949487
1,4c8d130952e3da7a,2026-08-01,0,0.06410467212610083,0.051210276782512665,0.03162492702244012
1,4ca8ecf123278841,2026-08-01,0,0.4284230241316201,0.11481881141662598,0.12094329294484034
1,4ce92515c1a39a22,2026-08-01,0,0.6636472848621257,0.8157953023910522,0.8343496843414191
1,4d49fadfcdbfee17,2026-08-01,0,0.1938034358989794,0.1402798444032669,0.0912887714896214
1,4de692541cfc3ed3,2026-08-01,0,0.08806504969777793,0.15232060849666595,0.16956512627388792
1,4fd44c95e100038a,2026-08-01,0,0.22572056472966334,0.3249858021736145,0.37542106099666944
1,5016ccd8933c2886,2026-08-01,0,0.7164801715783684,0.7855345010757446,0.7419364875913089
1,5092fc2ddc797a60,2026-08-01,0,0.5135690577212323,0.5643243193626404,0.5820214602882793
1,50f1139eacf60d38,2026-08-01,0,0.7522118648453077,0.817521870136261,0.8450055774160291
1,51b89c2585bf088b,2026-08-01,0,0.1434416619446474,0.12258289009332657,0.06277903947004194
1,5320d66f288b6f2f,2026-08-01,0,0.12066102969223873,0.07967806607484818,0.06510139664685213
1,5519558981ddc7e8,2026-08-01,0,0.41567871072624646,0.4142369329929352,0.41028129102887817
1,5623efb38d8769bd,2026-08-01,0,0.04961201879846712,0.006615458521991968,0.006084423942297407
1,56f6a81252e10f1c,2026-08-01,0,0.4062322366501948,0.24765178561210632,0.35705797728826655
1,5702510a325ebde9,2026-08-01,0,0.05675034443589555,0.08584827184677124,0.0976698216252626
1,57dc0baacb18af9e,2026-08-01,0,0.07527182230824989,0.030006464570760727,0.019080005433716442
1,586b37ae69ed9199,2026-08-01,0,0.7354631657579513,0.7846096158027649,0.6777867815584782
1,58e8552f7c9d5175,2026-08-01,0,0.6140857433567496,0.323752224445343,0.3181479210523021
1,5927adb922bc2752,2026-08-01,0,0.09105014892637,0.0736134797334671,0.06623164862907317
1,59a22eef272fc5c4,2026-08-01,0,0.02697868358580417,0.09296556562185287,0.0701856374973767
1,59b71285046f2e07,2026-08-01,0,0.2482142825007358,0.30745622515678406,0.2857290654554906
1,5a53ae168aed8e22,2026-08-01,1,0.8393491423120679,0.909970760345459,0.8770533546871723
1,5a566c407610149a,2026-08-01,0,0.06951771782733428,0.05745138227939606,0.07272939327082396
1,5a6804fad79ed6eb,2026-08-01,0,0.04394214657642715,0.03926379606127739,0.055100730857427574
1,5aaddb57248e4ab3,2026-08-01,0,0.4244349506899521,0.2142304927110672,0.29917417943495656
1,5add797a6af10ab5,2026-08-01,0,0.02279925472032149,0.0037106499075889587,0.003005807591623381
1,5b41b2eda5a8a28e,2026-08-01,0,0.4628682516125495,0.35631224513053894,0.38776235090978983
1,5c13509757aa3db6,2026-08-01,1,0.1539471014665964,0.16959351301193237,0.16036103977283228
1,5c29e5f0749d76e6,2026-08-01,0,0.22602841919645938,0.17705047130584717,0.21782875666288876
1,5c4c5f9bc6e19b71,2026-08-01,0,0.023306917886188265,0.027654167264699936,0.010914266232487549
1,5cde06a169cc7df1,2026-08-01,0,0.43056711339530035,0.3652143180370331,0.29456659941613583
1,5d70a3bcc5ab34ff,2026-08-01,0,0.16018121143725397,0.17665301263332367,0.18030834348233518
1,5d8a83031efb3393,2026-08-01,0,0.4691044624593455,0.27713775634765625,0.3087315500182264
1,5db6d072a507fe88,2026-08-01,0,0.0825670470630381,0.06928490847349167,0.09816612170890994
1,5df4f6f9500c4fe4,2026-08-01,1,0.48084564589445344,0.3430768549442291,0.3825722914556964
1,5ec4a3f89e04f364,2026-08-01,1,0.3518149440408337,0.2795754671096802,0.41435979312054716
1,5ecc3e2eb18bdd6f,2026-08-01,0,0.08735912282657965,0.02665000781416893,0.024496253052828678
1,5f071dbaa9a42889,2026-08-01,0,0.5845326722634231,0.5174860954284668,0.571843278026471
1,5f5b6c53b75ea66b,2026-08-01,0,0.3376228480510378,0.29273444414138794,0.29687908148323416
1,5f724d04db4b5481,2026-08-01,0,0.19135586436739346,0.07795842736959457,0.07318548397173046
1,604b0e95fee2edd4,2026-08-01,0,0.639391930317405,0.5159307718276978,0.5809760962740209
1,606828c6041a9929,2026-08-01,0,0.03563765830524661,0.008916042745113373,0.010348365043987463
1,60a52d4dbcf186d3,2026-08-01,0,0.2516213626133214,0.410629540681839,0.3783124880459559
1,61a98c149c7180bb,2026-08-01,0,0.3299245905738237,0.419211745262146,0.5309688461526927
1,61aade8c2bc9bd0e,2026-08-01,0,0.6101942257856029,0.7838008403778076,0.790238620983194
1,61d0a997ccfab689,2026-08-01,0,0.38147254862000357,0.41393131017684937,0.5320865668996833
1,61d6de7e4650cbda,2026-08-01,0,0.2874972977933082,0.2027847021818161,0.2631543899162287
1,6362357b019ef84e,2026-08-01,0,0.27735784709052014,0.20304599404335022,0.27816253687058384
1,641fb76b4969bea8,2026-08-01,0,0.09301485857275638,0.10823573172092438,0.1239230025774375
1,64bbbbf4977a84e4,2026-08-01,0,0.9593508566910544,0.9420222043991089,0.8991871367573169
1,6552f1128cdb5c70,2026-08-01,0,0.14361111504851687,0.03888944908976555,0.03455327121528286
1,65975264abf8ab2b,2026-08-01,0,0.6232148246095983,0.31835639476776123,0.3451139640343921
1,65f5913ff8ceec93,2026-08-01,0,0.47825827184604996,0.4049488604068756,0.32322550323903276
1,669e7b0792e8d0ed,2026-08-01,0,0.4253945092330393,0.17108425498008728,0.12618221950217853
1,66b5dbb0680abeb6,2026-08-01,1,0.2708656358172622,0.25959742069244385,0.23891665088512312
1,6721676e71b359e6,2026-08-01,0,0.25507485623997644,0.15606260299682617,0.11939565449936806
1,6738742764c7ea60,2026-08-01,1,0.4551645685252326,0.46302714943885803,0.5647953486173445
1,6798552789984aba,2026-08-01,0,0.49276281201737043,0.5760291218757629,0.6725501977193319
1,67e7715584349de3,2026-08-01,0,0.04742196353054752,0.0218287855386734,0.020577528553357483
1,6843c75f87f505ec,2026-08-01,0,0.7893642177098811,0.7875614762306213,0.761454172414319
1,6848e1e6d97fd94a,2026-08-01,0,0.22141886897747018,0.10868021100759506,0.18580347004243222
1,687338043bdda42a,2026-08-01,1,0.9312568521203765,0.9602923393249512,0.9724585363533217
1,688347c64dfa432f,2026-08-01,0,0.3639995289665006,0.24474158883094788,0.3138558337137112
1,69fd72289adcd566,2026-08-01,0,0.15474928458611936,0.26411792635917664,0.16239179802999523
1,6a7b141c6cd0e624,2026-08-01,1,0.6516621137450286,0.6590988636016846,0.7525382510370383
1,6b2d7312c431b085,2026-08-01,0,0.08986424418090497,0.03884022310376167,0.03937793327564686
1,6c03a0dac392e238,2026-08-01,0,0.15014158520093665,0.08481652289628983,0.1063936793597517
1,6cb222185e2c92ba,2026-08-01,0,0.4509942735043806,0.09502562135457993,0.1323679274440531
1,6cfa78e4e6af644b,2026-08-01,0,0.11065197598620405,0.11359519511461258,0.17897407779598662
1,6d42f14d56818889,2026-08-01,0,0.03456025119929302,0.01610647886991501,0.0070184688953620665
1,6d926e4a0be6a388,2026-08-01,0,0.21482264694032138,0.12290333956480026,0.10104872762694597
1,6d9fe268d6c9a65a,2026-08-01,0,0.35099279567017116,0.270095556974411,0.27809128682693013
1,6dca2bef02df2780,2026-08-01,0,0.584339456378749,0.7338021993637085,0.7500804582206982
1,6df54d089271e36c,2026-08-01,0,0.7735978550146998,0.7572534084320068,0.7707374854831995
1,6e1a380cb148b00a,2026-08-01,1,0.42862449254913115,0.23423516750335693,0.16508629882332876
1,6e8bac7fcd58df75,2026-08-01,0,0.6736929494624014,0.5717220902442932,0.7240496450447802
1,6ec98ca15d43d1e0,2026-08-01,1,0.4597273300448144,0.29447394609451294,0.23286805482043094
1,6f05eca420d4d258,2026-08-01,1,0.7212589071032195,0.7942937612533569,0.771754947200094
1,6f1984c88a9317fb,2026-08-01,0,0.026511607017741877,0.0035678413696587086,0.002989386051134772
1,6f4d8ed0ea15e5d9,2026-08-01,0,0.1739086147206817,0.3724939823150635,0.4986093613105082
1,6fa987906b7fb7ff,2026-08-01,1,0.7480783814758164,0.5584824681282043,0.5749244198736057
1,6fc1095b181d6829,2026-08-01,0,0.04050627164692359,0.0972614511847496,0.11893510243565537
1,700ae1bf41eaa37b,2026-08-01,1,0.20889677440115628,0.3737926483154297,0.339508266412501
1,70632f98cccca6c2,2026-08-01,0,0.2218520653759014,0.10294727981090546,0.17223858854390348
1,70c0d890f8906074,2026-08-01,0,0.845695436343892,0.9206788539886475,0.9303639717214728
1,70f7edf7972b0f6e,2026-08-01,0,0.272437436551998,0.2831101417541504,0.2403945948793748
1,71738222ca8ba0d2,2026-08-01,0,0.06961897704128076,0.039910051971673965,0.0569154312012699
1,7259e6b0d3cd6a58,2026-08-01,0,0.009669339324526438,0.010569456964731216,0.006704311842576056
1,726c4f30ec344953,2026-08-01,0,0.09465036689054905,0.03474397212266922,0.028124092269327747
1,7295f03fa4bcc66d,2026-08-01,0,0.8093405203162712,0.8032762408256531,0.8015465436354756
1,729dd97e3a0aea51,2026-08-01,0,0.3801241987157001,0.1973603367805481,0.2995612301746499
1,72aecf1a60468579,2026-08-01,0,0.7682659078110369,0.8624463081359863,0.8317608998080095
1,72cf219c06f4f37e,2026-08-01,0,0.5606156121771709,0.4774472117424011,0.5336288542138791
1,72f9aaffa391428c,2026-08-01,0,0.3760969990018522,0.28534191846847534,0.3912070758413592
1,73c7e258aa008a6d,2026-08-01,0,0.020542291149125896,0.028669215738773346,0.04052239862017226
1,749de0f3d14315d2,2026-08-01,0,0.06765973577810432,0.017410608008503914,0.02805547512492512
1,7524e51265bfb4ec,2026-08-01,1,0.40965035476505335,0.3229448199272156,0.32723926179379853
1,75454d760d4b5756,2026-08-01,0,0.16846742918101842,0.05285881087183952,0.024916262908751506
1,75f9041e86c3a99f,2026-08-01,1,0.5309321145329148,0.5241205096244812,0.5650251374832053
1,761c678164ef8535,2026-08-01,0,0.4232581717103726,0.3283904492855072,0.43190086977769304
1,76db8878379e7637,2026-08-01,0,0.41053081171310385,0.2025190144777298,0.15597796819916468
1,76e7f57fb5ff7ecd,2026-08-01,0,0.11564617635465299,0.10443815588951111,0.09415208882131461
1,7771af818bc3c097,2026-08-01,0,0.07723626043304507,0.030252506956458092,0.033458034131312486
1,77b094bb42804efb,2026-08-01,0,0.11678709838754435,0.026798870414495468,0.032223588603520384
1,78606c7b010e78db,2026-08-01,0,0.11353102218435798,0.08384590595960617,0.11767788609954899
1,787ccfd9bb7acd2b,2026-08-01,0,0.06736180462941155,0.036617740988731384,0.05546848847904762
1,78f35c2d7c655eaa,2026-08-01,0,0.057410956394493895,0.04932548105716705,0.04558586603520026
1,792e23ad41ab5669,2026-08-01,0,0.3515106889411058,0.42710697650909424,0.46166127520584493
1,79d8bb92e6a05456,2026-08-01,0,0.9003031708022403,0.9377871155738831,0.9127389746721016
1,79ee45f2cabc4162,2026-08-01,0,0.6486029152384679,0.6531201004981995,0.6615638686912853
1,7a0cc8c5eee871d4,2026-08-01,1,0.7012397601338339,0.6237730979919434,0.4016606470557152
1,7a776f6dc0c7c3ee,2026-08-01,0,0.2287704030243371,0.16109170019626617,0.18893003290980187
1,7b0877b6b9127f2f,2026-08-01,0,0.7069149297339989,0.6131733655929565,0.7174125615789234
1,7b2d3d071a8c343d,2026-08-01,0,0.15038099391693266,0.1314471960067749,0.16268800739033407
1,7bc67f7a0682c5e2,2026-08-01,1,0.8438249678925591,0.8170238137245178,0.8165950917785675
1,7c36de9331f66a97,2026-08-01,0,0.3064407726252303,0.408639132976532,0.13669364637289233
1,7d4c767fa3bd7b3b,2026-08-01,0,0.43537887257404045,0.32032015919685364,0.37007913717626634
1,7d837433db2d4b18,2026-08-01,0,0.1730419304088106,0.054919108748435974,0.03918910412987453
1,7d992c6b93b84f0a,2026-08-01,0,0.24420139821216433,0.4037303328514099,0.3827889379373082
1,7dd5f0a3bbb12a45,2026-08-01,0,0.4980660661042187,0.3794971704483032,0.45291693669414756
1,7e490bc64c2d55fb,2026-08-01,0,0.7886012387974608,0.8342854380607605,0.835487184796904
1,7e55e2507da41096,2026-08-01,0,0.6672262498209021,0.710712194442749,0.7269966979389643
1,7f16e23d7758de97,2026-08-01,0,0.16449145795645265,0.06768105179071426,0.09535715564393646
1,7f6073aef2d80793,2026-08-01,0,0.2943442865609736,0.23849259316921234,0.33210143700574807
1,80503aad8a618d7a,2026-08-01,0,0.06340137019889455,0.09676448255777359,0.05316404577048205
1,80ba2ff93f15065f,2026-08-01,0,0.09621176836813894,0.03234713897109032,0.031494939073820984
1,8108dd8e5237c993,2026-08-01,0,0.05649413619283353,0.12093748152256012,0.1285598497114616
1,82e7d81b72b4e10f,2026-08-01,0,0.26012669098389535,0.17518512904644012,0.13497335965529067
1,83135cef180677f8,2026-08-01,0,0.6924242373173604,0.6134695410728455,0.5938421141984414
1,8357c1d7f99025d0,2026-08-01,1,0.5074472831151824,0.23231074213981628,0.2826628920529748
1,83e8a75513daa73d,2026-08-01,0,0.055713333456614764,0.05570591241121292,0.04279855301635309
1,8459941622958d25,2026-08-01,0,0.11143487434925975,0.08663193881511688,0.07969479705579231
1,85928afec42ecc6d,2026-08-01,0,0.8515092901776168,0.7934718132019043,0.7682248981427909
1,85fe74875c024eaa,2026-08-01,0,0.19904939709444555,0.1731553077697754,0.1663143052453682
1,865738170bd07a1b,2026-08-01,0,0.4581663071102871,0.37877336144447327,0.3375958035211326
1,87f8e3e389b913be,2026-08-01,0,0.008411525925786773,0.0022759083658456802,0.0023300116247529875
1,8832fe5c8a3c0e05,2026-08-01,1,0.6227445391704798,0.649554431438446,0.572865977764138
1,88f32004fd3e431a,2026-08-01,0,0.8596529652491448,0.8093979954719543,0.8791823641696466
1,89b7b507a1730a33,2026-08-01,0,0.11709662787073001,0.051604073494672775,0.11262695313102612
1,8abd7939c21373e2,2026-08-01,0,0.5901902970215079,0.5560339689254761,0.4805238504576082
1,8b047bc6ffd1e51d,2026-08-01,1,0.4322204832784428,0.22588863968849182,0.3433963586345579
1,8b6dfd1bf11c9195,2026-08-01,0,0.06321369349923629,0.05586228519678116,0.0321496897039805
1,8caff611cc65054f,2026-08-01,1,0.7697025533537231,0.6262245774269104,0.5606138468286869
1,8d114115c44e4341,2026-08-01,0,0.16427665692853483,0.032544463872909546,0.040496185760025324
1,8df20cd434eabc6b,2026-08-01,0,0.32956631896479294,0.13083359599113464,0.20556269874596286
1,8e79144dacac779a,2026-08-01,0,0.2862264473393128,0.2396060824394226,0.19262272399504043
1,8f2eaa19556d0f63,2026-08-01,0,0.476694914326524,0.37075623869895935,0.398072790772928
1,8f997d7dfaf545bb,2026-08-01,0,0.09924558116353802,0.030102752149105072,0.01715200365800552
1,8fc15af7855f35b1,2026-08-01,0,0.3413663718032019,0.13300901651382446,0.12868494801661481
1,8fe92a114aa8db1a,2026-08-01,0,0.7067823318823296,0.7478256225585938,0.7270958205715178
1,902d08ec945e4e34,2026-08-01,0,0.20772840923733554,0.13791590929031372,0.105538366815443
1,90916c7e102df5cd,2026-08-01,1,0.6964892954295703,0.8841031193733215,0.8266067328691881
1,90a7886117b144c3,2026-08-01,0,0.051493906866418346,0.02648146264255047,0.015643160217014018
1,90cdd3a724faeca3,2026-08-01,1,0.19962415943232212,0.20151600241661072,0.0816741695539597
1,90e15bd0debf2ca4,2026-08-01,0,0.018605280690975827,0.021834101527929306,0.03337227350501526
1,92da3cfffb14e5ac,2026-08-01,0,0.032617952310134785,0.005583908408880234,0.009683163114753006
1,92e8d13ed560031c,2026-08-01,0,0.35621464995109064,0.2271098643541336,0.31796617880839995
1,940a2889a0a02a63,2026-08-01,0,0.24623127537241285,0.45852887630462646,0.4572428534890502
1,94b4163982e2be2a,2026-08-01,0,0.37824296765773097,0.29539263248443604,0.2807620410636088
1,95138601a9a8ee46,2026-08-01,0,0.412332420885143,0.4247828423976898,0.5758356406657827
1,956bd2d88db46a7e,2026-08-01,0,0.4202817484136266,0.24328424036502838,0.3232741156469519
1,957c1db9a68a53e3,2026-08-01,0,0.0917660834067086,0.029920028522610664,0.030852811291504738
1,958484c8eb4f1dea,2026-08-01,0,0.13427548000634676,0.09763153642416,0.07434128525154088
1,958be5a9a55a81e8,2026-08-01,0,0.25075847089090847,0.2006002962589264,0.1774127800798708
1,96b6712ea6066b91,2026-08-01,0,0.020696305849677025,0.011920496821403503,0.006919330813476742
1,96f45c518539a896,2026-08-01,0,0.18116034961930153,0.07566524296998978,0.07745549486729407
1,9769e9d5f06480d8,2026-08-01,0,0.688636605095536,0.6403738260269165,0.7308066237473447
1,97c0b584ef244c7e,2026-08-01,1,0.6643370388719323,0.6888020038604736,0.7187108066633529
1,97f4be0f8c332f59,2026-08-01,0,0.3363942403450537,0.1496255099773407,0.18463281336966086
1,99243ebbbb0529d0,2026-08-01,0,0.1561935649885741,0.0860791876912117,0.13550580391277542
1,9a139f459b490137,2026-08-01,0,0.32207605307372533,0.36061906814575195,0.3094319484913125
1,9a603b2ecdff6bf1,2026-08-01,0,0.05977049216480564,0.07297954708337784,0.06612058924744041
1,9a7d1c980913ec5a,2026-08-01,0,0.14945044542358352,0.14032211899757385,0.10987872635022596
1,9a9ff338291df581,2026-08-01,1,0.7472184160414839,0.6678506731987,0.7497199202983381
1,9ae331b95f5a663f,2026-08-01,0,0.03271715352448601,0.0053038266487419605,0.0022584305675891485
1,9b6f7ceeebdc1e17,2026-08-01,0,0.547182100295207,0.3770407736301422,0.3497987272659414
1,9b96904d5db73ad4,2026-08-01,1,0.24786938070189704,0.3494962751865387,0.3367271662669041
1,9ba545dae87c2943,2026-08-01,0,0.04618982703503208,0.014574454165995121,0.010985406947689624
1,9c4dde7a4b773406,2026-08-01,0,0.20513224175665234,0.1079489141702652,0.170982203499847
1,9ca9153107803d8a,2026-08-01,0,0.05672063278258322,0.018685592338442802,0.012481223251257853
1,9caf475f9f1df940,2026-08-01,0,0.019316491297229683,0.006744596641510725,0.004675980758172428
1,9dbc7178b94e66d6,2026-08-01,0,0.6162125517203718,0.43411755561828613,0.46743958066097374
1,9e65c808b00ba5b8,2026-08-01,0,0.14649940465406514,0.1649038940668106,0.22120821748030528
1,9ea74fded6cce539,2026-08-01,0,0.8313986880399077,0.8205258250236511,0.8512541167572355
1,9f15f4a1e22d20c7,2026-08-01,0,0.5481607516918447,0.399509459733963,0.49875561884861946
1,9fc795ef7f140cc0,2026-08-01,0,0.11096180994113168,0.0627950057387352,0.08741315215060191
1,9fd35c7f7083885d,2026-08-01,0,0.10031987758033256,0.03717430680990219,0.050042055736301994
1,a1261402afba0f75,2026-08-01,0,0.0049033404712083275,0.003321502823382616,0.0014420270454927689
1,a1a895f6d716502f,2026-08-01,0,0.1146398459221426,0.055479008704423904,0.04103401890779128
1,a241a169a73d62d3,2026-08-01,0,0.3084978906525333,0.24361857771873474,0.3093749444217008
1,a24684e3fa5faa23,2026-08-01,1,0.7589465252111514,0.748664379119873,0.8100127724506849
1,a26bd11208448b82,2026-08-01,0,0.4066270878433906,0.41504034399986267,0.2789397123333519
1,a29d66af62844dfd,2026-08-01,0,0.12458275353299528,0.1109052374958992,0.14031615187162702
1,a3dd767529053b0a,2026-08-01,0,0.10893457575887883,0.18226848542690277,0.2792955630339811
1,a3fd80de9dc7cd70,2026-08-01,0,0.8257384840649673,0.792282223701477,0.9011362285763416
1,a47d173b8743ed77,2026-08-01,0,0.23490732970037617,0.12704840302467346,0.10727664343535527
1,a5fd38156c71ca40,2026-08-01,0,0.6110315151019082,0.4990461766719818,0.49258825295864156
1,a6361f7eb3fc5845,2026-08-01,1,0.12110883616724287,0.06014441326260567,0.035883337048608896
1,a6e88b2afed41bdf,2026-08-01,1,0.6783180042754093,0.6954516172409058,0.7243951745067699
1,a774007644646681,2026-08-01,0,0.4987997355388459,0.3597516715526581,0.4143388638073222
1,a8049313b3b93147,2026-08-01,0,0.2547811382094474,0.4350074529647827,0.3180204145339619
1,a80bbabbabffbc40,2026-08-01,0,0.2633827043780484,0.25978636741638184,0.29941740960837715
1,a81ae34c82079b98,2026-08-01,0,0.3058771356360733,0.39474138617515564,0.2979274877606853
1,aa24c36aa9a2e0a3,2026-08-01,0,0.06639544985807981,0.02030227519571781,0.008205680768688581
1,aa380779241472bd,2026-08-01,1,0.5462270394938524,0.5374878644943237,0.5092934775775473
1,aa9687ce4d75d8dc,2026-08-01,0,0.30787235475963165,0.30716070532798767,0.2781353039352926
1,aafae660f1c64458,2026-08-01,0,0.06844881023862054,0.04799354821443558,0.06831244635302333
1,aba387f93b5e04e9,2026-08-01,0,0.7314445229065102,0.40121498703956604,0.6037948654414343
1,ac25374abc578832,2026-08-01,0,0.25594814824055123,0.25686413049697876,0.24939235324885276
1,ac8fae57837a95a4,2026-08-01,0,0.24394599289671332,0.13630270957946777,0.1818461450876745
1,acc13af307e10a4e,2026-08-01,0,0.30304956519465315,0.42644885182380676,0.3407204158991748
1,ad647aa9c116be22,2026-08-01,0,0.139406430539957,0.0696941614151001,0.039849434538355495
1,ad79b8a9d6874712,2026-08-01,0,0.14383864814484768,0.03836160525679588,0.01150663076680454
1,adbf206f412e6c8a,2026-08-01,1,0.2088168408776912,0.3171195089817047,0.2442123376185045
1,ae0d3312e1df8c4a,2026-08-01,0,0.2104218373050298,0.15365572273731232,0.12234194760091306
1,ae2a7a7f10b9028d,2026-08-01,0,0.22327412984571154,0.2599428594112396,0.188189433874547
1,ae6a818bf9124092,2026-08-01,0,0.08638517814052714,0.03630312532186508,0.04344902917610207
1,aecd6b74944828c2,2026-08-01,0,0.5666298310705555,0.4071930944919586,0.4481194856654791
1,af221dac20b5cf79,2026-08-01,1,0.3836185702989449,0.32367444038391113,0.2453790730072582
1,af3f3cd2da013481,2026-08-01,0,0.8601724010746997,0.7479842305183411,0.733100472047271
1,af70026f0d8683fd,2026-08-01,0,0.5374336165706207,0.589900016784668,0.5571246172895243
1,b0195308fdefef45,2026-08-01,0,0.463397452221943,0.3845100998878479,0.34970670498233
1,b06d4751fac4bdb0,2026-08-01,0,0.23597668982038408,0.14732836186885834,0.11713670915186178
1,b15eb8b84b46ea69,2026-08-01,0,0.6340916249711023,0.5234197974205017,0.5310398814697942
1,b16280f6c3715aae,2026-08-01,0,0.3632028671876245,0.39673829078674316,0.36329162866998405
1,b243a840f10df627,2026-08-01,0,0.3500577760374153,0.23650246858596802,0.213929348893532
1,b27a0e6ef8ce17f5,2026-08-01,0,0.1636259798449313,0.05303487554192543,0.02186641727673851
1,b28d5595cb5255b5,2026-08-01,0,0.3983158572435986,0.20123490691184998,0.27294445058877853
1,b2e491562a2cf34b,2026-08-01,0,0.47502484782069937,0.3659055233001709,0.30554237389589
1,b3638b644e58807f,2026-08-01,0,0.17943713691639937,0.1125599667429924,0.08763562917061625
1,b3a2018fa3742a56,2026-08-01,0,0.4140219045734831,0.30082619190216064,0.19506816291365459
1,b46a5d12e771e496,2026-08-01,0,0.008471910704610196,0.005995781160891056,0.0061314176557455856
1,b4c4ce65c8375639,2026-08-01,0,0.24708673119202812,0.15265817940235138,0.17719596837230792
1,b522e9c818d5a4a8,2026-08-01,0,0.05121174326454419,0.04593300074338913,0.055511769613665024
1,b5e1ebc1a8493a30,2026-08-01,0,0.6768885149561936,0.6264092922210693,0.7088944307460208
1,b5ea02740f3cb594,2026-08-01,0,0.7086503416579517,0.7915660738945007,0.7010597779256016
1,b74c70067f035992,2026-08-01,0,0.1911150272860198,0.14003513753414154,0.10044860435609226
1,b764a026727da601,2026-08-01,0,0.050345957039248684,0.024583283811807632,0.018965243463863635
1,b8f14d108ed0b4a5,2026-08-01,0,0.46140834736296066,0.4139132797718048,0.4150666500143195
1,b95552bdbd56b264,2026-08-01,0,0.4141191538845955,0.17070764303207397,0.1408676341514195
1,b9d04710867a0a26,2026-08-01,0,0.30261123450161126,0.48558539152145386,0.3378850942101368
1,ba2aafa60fe269de,2026-08-01,0,0.13244843622835673,0.03163234889507294,0.07004122394661394
1,bb3b3e4da86d9ce9,2026-08-01,1,0.4952732474494834,0.3556779623031616,0.3165206388637685
1,bb582ef0734a240e,2026-08-01,0,0.07488036177222959,0.028304314240813255,0.019776044765788526
1,bc05071c7d551c88,2026-08-01,0,0.09477063117235755,0.10231843590736389,0.1299898178921062
1,bc123b47a9812521,2026-08-01,0,0.12004554716597972,0.07316939532756805,0.05789787654996134
1,bd5df7b0046cc5ec,2026-08-01,1,0.2546866488902252,0.16643039882183075,0.1392245355218766
1,bdb9b20a25c45de9,2026-08-01,0,0.32436850137354106,0.22674737870693207,0.18585600033562716
1,bdfbf63836c78a7d,2026-08-01,0,0.04345970301393465,0.025266824290156364,0.020987837860483652
1,beb00016835379b0,2026-08-01,0,0.020438649405073676,0.009024013765156269,0.013143436129656518
1,bef82a503520fe50,2026-08-01,0,0.11784109862151308,0.02385322004556656,0.027224454504805738
1,bfdada2f9f6aeb00,2026-08-01,1,0.7676292964076927,0.5258033275604248,0.5807537613261953
1,bfdcdc2960ad08e4,2026-08-01,0,0.7051505117841268,0.4455319941043854,0.6533184414536983
1,c00a44d7b8453316,2026-08-01,0,0.06204322432788339,0.08112658560276031,0.12642284971829323
1,c0b3417b3e8c7486,2026-08-01,1,0.4024290025354881,0.4184156656265259,0.4402860014551752
1,c1c9bd4ccfe723db,2026-08-01,0,0.5910811663697805,0.6608308553695679,0.7278051915829488
1,c2ef48d9542b8ed8,2026-08-01,0,0.2647521280870893,0.12136363983154297,0.09934149865695426
1,c3a50ed5d7a7edd2,2026-08-01,0,0.13496569626751842,0.04882219061255455,0.05259665424616583
1,c48ced7f90c17af1,2026-08-01,0,0.36984564548854226,0.15922334790229797,0.14090446275298088
1,c51e07de6fc6688b,2026-08-01,0,0.4339697357949671,0.45679131150245667,0.5033528164568124
1,c5323a14ff0b83fb,2026-08-01,0,0.4244368906345393,0.2225232571363449,0.19295050040294748
1,c55d2f9962f1a374,2026-08-01,1,0.8357756589837165,0.8831274509429932,0.8832825152403371
1,c5a49bc7c2a751f0,2026-08-01,0,0.08918216146532361,0.05224542319774628,0.06729723054040584
1,c5bd619a6d6deffd,2026-08-01,0,0.34443487918861704,0.21326559782028198,0.24856307427525165
1,c608006b6a20f757,2026-08-01,0,0.0945858226228997,0.04118410497903824,0.06487488365638627
1,c66101bb73460d6a,2026-08-01,0,0.48822323087376857,0.47427794337272644,0.5070458823909098
1,c6c399a03d66147d,2026-08-01,0,0.0794298334310035,0.022494768723845482,0.012200572005539327
1,c6d5f0bab0a66049,2026-08-01,0,0.1735750938395082,0.20593449473381042,0.13680092438488464
1,c717626607e3881d,2026-08-01,0,0.37706307250035465,0.23229795694351196,0.17959818888540563
1,c73927d61fe3201e,2026-08-01,0,0.5706278063118815,0.4904038608074188,0.37695998623015003
1,c759fcc0c42cf19d,2026-08-01,0,0.17958476917484134,0.11958219856023788,0.2038940035949689
1,c890fe83da509848,2026-08-01,0,0.5486542109974741,0.5178278684616089,0.6826097734817977
1,c8bfb56cb52f09c9,2026-08-01,0,0.522976469388906,0.3488421142101288,0.4355066808240399
1,c8d54305e368f615,2026-08-01,0,0.42422370647692376,0.6524090766906738,0.6803963585424472
1,c90fde2b9e8c8d9c,2026-08-01,0,0.06042730407758571,0.043004997074604034,0.04486474279579682
1,ca114f61884f99b0,2026-08-01,0,0.36006678417715215,0.2600131928920746,0.3281167004988814
1,ca46d65763103bfd,2026-08-01,0,0.4403103293629238,0.3586077392101288,0.3701415594618494
1,ca92287c9fbcbbca,2026-08-01,0,0.07833704600968192,0.02519116923213005,0.03312542278290533
1,ce17abb3f933607e,2026-08-01,0,0.14927356407592993,0.1620200276374817,0.17342664042476028
1,ce45fdb857219890,2026-08-01,0,0.037351243945111745,0.014678716659545898,0.009843239277710194
1,cefe75b9b49cd6e4,2026-08-01,0,0.44972800951910613,0.4670926332473755,0.327837592617893
1,d0d2df123e6865e5,2026-08-01,0,0.12994236549189836,0.03463585674762726,0.0390707900354158
1,d284fec797ae50fa,2026-08-01,1,0.296995425368534,0.1151324212551117,0.1285818307185851
1,d2dd18c3bc9879e7,2026-08-01,0,0.007600880266238506,0.0012501797173172235,0.0019753388948931193
1,d486842865d88aca,2026-08-01,0,0.5611577002827144,0.5923548936843872,0.4026379679562262
1,d48cc081d9165a17,2026-08-01,1,0.6252253008066814,0.6647231578826904,0.6920239228294144
1,d501f1912a693e3c,2026-08-01,0,0.5331641795544015,0.6444828510284424,0.6441481747025226
1,d5d6211e2f8ccb27,2026-08-01,1,0.40403483883764724,0.4070776402950287,0.35360570268064667
1,d5df08fd24f53b40,2026-08-01,0,0.12933782336663963,0.024195712059736252,0.01670546913177043
1,d618bc2e4152a6de,2026-08-01,0,0.27972334135512317,0.3111017346382141,0.29689214798624347
1,d6745b4f5c3d41d9,2026-08-01,0,0.05080492759800934,0.01259725634008646,0.016299742842459573
1,d6f2e451fb77ccca,2026-08-01,0,0.7846630342481695,0.807638943195343,0.7162583848671181
1,d760caf6147f307f,2026-08-01,0,0.12855323677036223,0.05030795559287071,0.08212681005356791
1,d7a4be7953276a46,2026-08-01,0,0.14020227735893168,0.09600505977869034,0.12685352746937276
1,d8308a2fb2d9155d,2026-08-01,0,0.0789424153847577,0.08967913687229156,0.11223416308554887
1,d87d4ec86044f014,2026-08-01,0,0.2263458382107407,0.10237332433462143,0.11349505189787584
1,d8fb875ad9e2860e,2026-08-01,0,0.09591575829660222,0.03001600131392479,0.04209582877926429
1,d8fe81b7b0ff7676,2026-08-01,0,0.23802249118353308,0.12375254929065704,0.11270637737381904
1,d97a5bee8f144024,2026-08-01,0,0.6071937296280533,0.5467513203620911,0.5843798701819493
1,d9e5061bdc4705ff,2026-08-01,0,0.6497454060928708,0.6526617407798767,0.6709186087377375
1,da9bf918aac4920a,2026-08-01,0,0.3618801668337085,0.36306390166282654,0.356291084284379
1,dbe9130968332ed7,2026-08-01,0,0.18696286897247835,0.14284028112888336,0.16008287007730015
1,dc05e698c65977ab,2026-08-01,0,0.3175197497559292,0.17418518662452698,0.21742602886465118
1,dc5c27cc00046246,2026-08-01,0,0.563255793166293,0.5403255224227905,0.4486576836718994
1,dc6c97c77992dab7,2026-08-01,1,0.22827243952391787,0.37864798307418823,0.3662856547960695
1,ddc290fd4f8fbbbf,2026-08-01,1,0.04120925068390529,0.02778037078678608,0.01613651034594634
1,de1d77615f65d492,2026-08-01,0,0.005601896559208571,0.0012045938055962324,0.00098666586365367
1,df31ef4cac9779d2,2026-08-01,0,0.3161226063029306,0.20696669816970825,0.23910633072533571
1,df65daccb946ead4,2026-08-01,0,0.24263990997159762,0.2893802225589752,0.36186843538624913
1,e051e198573fb288,2026-08-01,1,0.8880972101336186,0.6587850451469421,0.8619935493129622
1,e08a5c1a115619df,2026-08-01,0,0.1804674166445741,0.05752929672598839,0.0706362146906191
1,e0a61d56f21f288e,2026-08-01,0,0.09210259032787947,0.1801307648420334,0.1459098465090327
1,e0db39778751839b,2026-08-01,0,0.05738441587000182,0.009672819636762142,0.01405715312333734
1,e1503acfa140750e,2026-08-01,1,0.7686878144630525,0.8852579593658447,0.81805726231966
1,e2a899dba1ddb40e,2026-08-01,0,0.016187662131692915,0.008639337494969368,0.007906146666425315
1,e322f6fb39627a50,2026-08-01,0,0.5202426709399967,0.2681804299354553,0.20328638077350572
1,e3d1c81443563acc,2026-08-01,1,0.6916009153549029,0.7003949880599976,0.7571919649544107
1,e49129e21c77fd46,2026-08-01,0,0.039271777841002595,0.015655579045414925,0.020750934564991077
1,e558403e6d92d041,2026-08-01,0,0.015177745750456021,0.019597792997956276,0.021120027590283807
1,e56d5a354874645a,2026-08-01,0,0.024072395984489327,0.007239354308694601,0.00800198816645309
1,e58081104654e5b2,2026-08-01,0,0.644446063156353,0.6730303168296814,0.5530808070503769
1,e7040f2379570d2f,2026-08-01,0,0.07394132115051619,0.016511868685483932,0.018969980129423247
1,e73f5e63e6f82cf6,2026-08-01,0,0.06372264430929797,0.02789958566427231,0.036112372230032955
1,e768c2d17b54f989,2026-08-01,0,0.1373471965967324,0.08659771829843521,0.06290474598677986
1,e77d2078eddc324a,2026-08-01,0,0.6092003299529285,0.2728343904018402,0.26677923629642153
1,e7b157a06d48e0fe,2026-08-01,1,0.5075953217219579,0.3887317180633545,0.33374011767896694
1,e7f74f6a765e276d,2026-08-01,0,0.36278232566340607,0.27893370389938354,0.26313200460232006
1,e80edefa4af3e020,2026-08-01,1,0.14461966575213456,0.04479643702507019,0.09966413050976891
1,e860df3f39c07213,2026-08-01,0,0.35575942899594376,0.3526013493537903,0.38816569825983416
1,e8661cae5e38dc25,2026-08-01,0,0.4174525411327839,0.403948575258255,0.41229176259660627
1,e88b25ab79960bd1,2026-08-01,0,0.08538288946162707,0.08923234045505524,0.07198022720458881
1,e89b390c17624769,2026-08-01,0,0.015914659758173577,0.009215428493916988,0.011438923042977377
1,e8b6998e7d04f7a2,2026-08-01,0,0.10162106773749811,0.02464720793068409,0.038419641176680654
1,e92224e3ace151fd,2026-08-01,0,0.011092860115912704,0.006343043874949217,0.013544987732430114
1,e9268950f9edd1d2,2026-08-01,0,0.009132174997254178,0.007313034497201443,0.005073463416153126
1,e9c7fd554f9f252e,2026-08-01,1,0.9266915355262819,0.9323567152023315,0.9282164046615833
1,ea6d656c84ecfb7f,2026-08-01,0,0.2483971686059102,0.39591899514198303,0.21082885127349132
1,eb728394302ba694,2026-08-01,1,0.15043206308107315,0.14427366852760315,0.12752431303892797
1,eb9cdce8c0c56985,2026-08-01,1,0.7108123258615116,0.8734251260757446,0.871881445557817
1,ec4c68d2b327f607,2026-08-01,0,0.3130754309759288,0.4223976731300354,0.24841403036565055
1,ec884a6cf71305af,2026-08-01,0,0.06918625840484179,0.04240601509809494,0.08497792352513098
1,ec8ed34481ba844d,2026-08-01,0,0.19922469393530914,0.16071708500385284,0.1664985745490723
1,ecaebfc63c89d1a0,2026-08-01,0,0.07649225280453431,0.02740141935646534,0.04335084329257537
1,eccf637814b32715,2026-08-01,0,0.5756432032769787,0.7024045586585999,0.7444353979847177
1,ecf89f7eab55c0c6,2026-08-01,1,0.4275450718494705,0.45769912004470825,0.5221323519010994
1,ed843e1f9f09803d,2026-08-01,0,0.49550895392787697,0.35880324244499207,0.34498095325594474
1,ed992e6c7511faab,2026-08-01,0,0.34924532698190086,0.23254866898059845,0.21826171058475882
1,eda45c524449cdcc,2026-08-01,0,0.22840936564550676,0.44220465421676636,0.3379682951606931
1,edf0f57d95466d86,2026-08-01,1,0.6668759491561316,0.6145427227020264,0.7649848315280822
1,edfa1cb9a2eb0b3c,2026-08-01,0,0.25318258169018665,0.2370317280292511,0.2555333478814014
1,eecb7004b9e6fc61,2026-08-01,1,0.7509247124734336,0.8358685374259949,0.8551202139935213
1,eef6214f5223c906,2026-08-01,0,0.08152677275371839,0.08712543547153473,0.0782613682848734
1,eef62725be6aab1c,2026-08-01,0,0.14736388151842986,0.10730049014091492,0.08108725198749339
1,ef21c67723f0b102,2026-08-01,0,0.789901027815944,0.7496581077575684,0.6610042799245609
1,ef94d05a457ff649,2026-08-01,0,0.12246684172994282,0.03767874464392662,0.04654927756031206
1,efd0bf3088e9f130,2026-08-01,0,0.44670733371657007,0.3263195753097534,0.29208218521633234
1,efe2e08b8f63c01a,2026-08-01,0,0.23335535653676526,0.16196396946907043,0.19264829499743436
1,f0819231a9718e2e,2026-08-01,0,0.06747582882604751,0.04732939228415489,0.05258459916018036
1,f091e14ef1aea014,2026-08-01,0,0.45476857102750035,0.30879658460617065,0.22528339715786352
1,f114ee248330c5ff,2026-08-01,0,0.657892254386057,0.4511597454547882,0.49589483187408545
1,f1dce9bd42f8dfef,2026-08-01,1,0.8321306235856739,0.8041185140609741,0.7782043624004178
1,f2299202d5ce31fc,2026-08-01,0,0.06618294278595706,0.03225879371166229,0.0340304092706041
1,f3895b59c5537971,2026-08-01,0,0.2611419912169937,0.15245695412158966,0.20648877437534122
1,f38bbf1f7bade669,2026-08-01,0,0.42379417836961514,0.3235643804073334,0.3098374792039596
1,f39aec30f987bbd8,2026-08-01,0,0.14889696819945225,0.1612119972705841,0.12443729153545895
1,f468b545e11fbe17,2026-08-01,0,0.47664907765093417,0.6693286299705505,0.527952334512
1,f4973aba0d111619,2026-08-01,0,0.5311264234233867,0.39574095606803894,0.33568675371702345
1,f4e498b4cd3cc5aa,2026-08-01,0,0.5469991813930554,0.7002548575401306,0.7727645295646638
1,f532fa5618cfff04,2026-08-01,0,0.36656530955763417,0.4196687638759613,0.3705629784049466
1,f550f6243310af59,2026-08-01,0,0.12537151587239573,0.046796947717666626,0.12622909479751365
1,f65698e450cb4ca0,2026-08-01,0,0.3101490056454579,0.20840106904506683,0.21180568819310666
1,f781530f00b3fc08,2026-08-01,0,0.08855777478221474,0.015447779558598995,0.010413469604202898
1,f788de6da2b3c6ac,2026-08-01,1,0.3710984281634957,0.18373824656009674,0.22511659419859115
1,f7cc7434f047173b,2026-08-01,1,0.4106869583185789,0.27884310483932495,0.3243605949062431
1,f830d5d66f5877db,2026-08-01,0,0.20931843738760222,0.22464756667613983,0.1657822903031516
1,f8805881a2dcce84,2026-08-01,0,0.29161341708765603,0.17397819459438324,0.1571998068020927
1,f948dc37255e210a,2026-08-01,1,0.8969275198918522,0.9018796682357788,0.9285484368921241
1,fa021bc74bc3e61a,2026-08-01,0,0.573608743562039,0.3957982361316681,0.3942325710426767
1,fa27d7ab20683ffd,2026-08-01,0,0.10364234937005458,0.05734607204794884,0.05270689215493812
1,fae43a976bbc62b1,2026-08-01,1,0.6804542033080868,0.6399702429771423,0.6797862457991978
1,fb986f5d2eee4b1d,2026-08-01,0,0.8925313048770306,0.8217395544052124,0.7941443216771118
1,fbe9e0862e9d9a51,2026-08-01,1,0.07501306333680406,0.021965758875012398,0.03217511793488252
1,fc8fb72d30197032,2026-08-01,0,0.16881689608133676,0.05895697697997093,0.0644629334710993
1,fd0b988857b15810,2026-08-01,0,0.03892036105226372,0.008547566831111908,0.007417044144700688
1,fd22ac79c4d9c067,2026-08-01,0,0.11866367573394723,0.11808299273252487,0.054054163429223374
1,fe0d3a9f745e719e,2026-08-01,1,0.7912273468157718,0.6239450573921204,0.6225776060781251
1,fe94c020cd95e281,2026-08-01,0,0.11850712555623064,0.08307640254497528,0.10560238462104116
1,fe9ef6d91f4c7239,2026-08-01,0,0.06606221510776292,0.023319097235798836,0.022191503018607884
1,fed7181527fd1083,2026-08-01,0,0.23265580542883074,0.20217056572437286,0.12727322433642776
1,ff2872c2806ec4c1,2026-08-01,0,0.03936581446635663,0.027180291712284088,0.024934729582209197
1,ff61c2990bf611f3,2026-08-01,0,0.6462820343327303,0.6556195020675659,0.7159686137326179
1,ffc6469c77a9add9,2026-08-01,0,0.1598706790819792,0.09697228670120239,0.11468760142541475
2,0002a4b30678c86c,2026-08-01,0,0.6031744815318005,0.5714082717895508,0.3662766965604366
2,005e5c3646307964,2026-08-01,0,0.35223124055041216,0.2961669862270355,0.37063202667629774
2,014a4dec48ece478,2026-08-01,0,0.06307295729273042,0.02366248331964016,0.02304068429604525
2,0154f214ec1e0234,2026-08-01,0,0.04862948305587081,0.02373911812901497,0.03610399678575564
2,017a01726ff661de,2026-08-01,0,0.5795531431982177,0.6932497620582581,0.710796963944131
2,01fc5059633603e3,2026-08-01,0,0.804141209125558,0.8220626711845398,0.7818523737849384
2,0231b1c875f38928,2026-08-01,0,0.1839209389827298,0.11553510278463364,0.14092415709907302
2,02ea077990ea05bc,2026-08-01,0,0.10997425601363513,0.09924894571304321,0.08738189205686725
2,032ed824f14a1f42,2026-08-01,0,0.03034547690064925,0.01156537514179945,0.030863841226104874
2,043f88fed5e3de70,2026-08-01,0,0.7673531950027374,0.836031436920166,0.848743534970021
2,04ca774af3b973a1,2026-08-01,0,0.5313556857508573,0.35171082615852356,0.36040003973685186
2,05329912e4b78e2f,2026-08-01,0,0.7143948700731828,0.7059457302093506,0.6445713997906979
2,05a8cc580e66c1b0,2026-08-01,1,0.33363585679183416,0.2920491099357605,0.3214587645127676
2,05a99b03e737960e,2026-08-01,1,0.3595664932144466,0.23960846662521362,0.2396803513702785
2,06aa497c6c4d557d,2026-08-01,0,0.544979016230045,0.5869277119636536,0.45695355519355196
2,06cfc518ea4b0a6a,2026-08-01,0,0.6655543058453326,0.3337000012397766,0.37487600720411435
2,07d491101e716df7,2026-08-01,0,0.7398429554501564,0.907198429107666,0.7649439250652799
2,080b89ed5f5bf22c,2026-08-01,0,0.20215639899227225,0.1582317054271698,0.14755845083767266
2,084d0f777a1f785c,2026-08-01,0,0.4041016390808941,0.3351917266845703,0.2652137979661643
2,0877e71ed4007265,2026-08-01,0,0.13063085121881152,0.18222573399543762,0.34464166763355525
2,0ab5ff8461a29d34,2026-08-01,1,0.274006462409192,0.11626305431127548,0.20404454557667237
2,0b0ead7f1c8fdc03,2026-08-01,0,0.07504982923667249,0.06536125391721725,0.044899782395141384
2,0b406822514e7765,2026-08-01,1,0.7146980610241921,0.6006259918212891,0.6521564784127242
2,0b70b988a28ed100,2026-08-01,0,0.48930896241830707,0.24193713068962097,0.28756787886121565
2,0bd7d4bfb6926ccc,2026-08-01,0,0.24037397095666913,0.3850179612636566,0.42236308022413616
2,0bfe18f4534403d9,2026-08-01,1,0.43984171436444874,0.443502277135849,0.29059855182663985
2,0c49c3f98fa31b28,2026-08-01,0,0.0649916893854954,0.03499161824584007,0.0282194627929736
2,0c5669ac32865189,2026-08-01,0,0.3317967304249058,0.27409401535987854,0.1498859068917724
2,0ca0e590d1f60c5e,2026-08-01,0,0.012558359143814011,0.0031923798378556967,0.0015940813759065368
2,0ca62b7a96e42a23,2026-08-01,0,0.35983023864088487,0.3929694890975952,0.5463292260655639
2,0cd9cac24b1a17cf,2026-08-01,0,0.10665513768194941,0.053056780248880386,0.06643212578771988
2,0d1cc77b8e0bc886,2026-08-01,0,0.23098389484828855,0.22362220287322998,0.18958633642984712
2,0da18d7a4f8f9b86,2026-08-01,0,0.348256220401279,0.5227362513542175,0.49450887609988914
2,0db562277469861d,2026-08-01,0,0.5289947932447465,0.49785855412483215,0.6622793304955499
2,0dbab59467679d8a,2026-08-01,0,0.011732092595048782,0.004067036788910627,0.002053762434457872
2,0f19a41df5dd06b4,2026-08-01,0,0.078282474811213,0.04494345188140869,0.04280241497069098
2,0f2ac6a8b7c68217,2026-08-01,1,0.3984369933011867,0.5346761345863342,0.5784743185888829
2,0f74615f3b8f66bd,2026-08-01,1,0.761097913166516,0.5570107698440552,0.49629795306208246
2,0fb1d377c69365c6,2026-08-01,0,0.5900490904446334,0.29188016057014465,0.27702685063791116
2,0fe067243f9eea71,2026-08-01,0,0.21714695637376116,0.39121463894844055,0.3448893993654377
2,0fefd2ecf8a42402,2026-08-01,0,0.7818796647576104,0.5926756858825684,0.6590278784061381
2,10a06bf73f6bc148,2026-08-01,0,0.026468844187202776,0.008745384402573109,0.01014634480975878
2,114357692cf4d405,2026-08-01,0,0.2626021850465232,0.2822593152523041,0.36916221843562824
2,1175ca19bed3865f,2026-08-01,0,0.042846905903207215,0.018838342279195786,0.03246927541725321
2,11a296bccba76cb2,2026-08-01,0,0.42735893011172393,0.440263956785202,0.43045767016479247
2,125027c777192160,2026-08-01,0,0.46165442662129835,0.39016157388687134,0.3044097181448975
2,12b39276ef97a6b5,2026-08-01,0,0.01707213369439213,0.02143445611000061,0.01624939537289869
2,12d30588b166d0cc,2026-08-01,0,0.62396930198519,0.5418606996536255,0.4622986093779704
2,12e90148e17e96eb,2026-08-01,0,0.5800000400313601,0.3250751197338104,0.4691800592159242
2,13c0fddbd7227b7c,2026-08-01,0,0.07372236178720941,0.026132453233003616,0.026688073723225587
2,13d2cbed862c4178,2026-08-01,0,0.2831207331373642,0.21708841621875763,0.22195777749178433
2,13e21ea7511d9fed,2026-08-01,0,0.1330107111056172,0.07763022184371948,0.07048052874990245
2,14332f41518b2a40,2026-08-01,0,0.22260838037768643,0.17640697956085205,0.18965735370263706
2,146fe75018d92270,2026-08-01,0,0.5771186529702147,0.5442138910293579,0.6207432797470683
2,14b6c45a574e8d90,2026-08-01,0,0.5687528718461565,0.5779004693031311,0.5713296293714442
2,14d14de87874cd3e,2026-08-01,0,0.19259847264639732,0.12789411842823029,0.10233194253184415
2,14ee3ee125c66a82,2026-08-01,0,0.037140578831090454,0.01287917885929346,0.010246876936728468
2,157ac6af440e2615,2026-08-01,0,0.04222088017456736,0.024796221405267715,0.026028501576241484
2,15c14313ab27bcf8,2026-08-01,0,0.7809652231586216,0.6791056394577026,0.6493177235952345
2,15cfde4961709699,2026-08-01,0,0.30769324938902975,0.15429599583148956,0.16048284439302773
2,15f0df7a03a2cf21,2026-08-01,0,0.37350519459650894,0.29494309425354004,0.3021253074112015
2,16e7217742f1d62b,2026-08-01,0,0.0878506498890762,0.017765648663043976,0.02163238134130012
2,171b014ea5564c00,2026-08-01,0,0.1878714171394836,0.11267845332622528,0.13012836243703632
2,1733cb98da500f19,2026-08-01,0,0.26635369421115435,0.1609373837709427,0.215555090952085
2,1884a997e6bdff2a,2026-08-01,0,0.04504768577328339,0.017262384295463562,0.018409100629191905
2,199824b169a4f886,2026-08-01,0,0.5490719008838499,0.4053783714771271,0.378321497183148
2,1ab078ca72d24705,2026-08-01,0,0.5938034935077138,0.7440876364707947,0.6778592773347167
2,1b4bb246f0f92421,2026-08-01,1,0.6553486289361605,0.3597443997859955,0.3573583214191942
2,1b97204d3bc042c5,2026-08-01,0,0.6043423835091579,0.3553237318992615,0.3369659345168264
2,1ba2b0a7add5dc36,2026-08-01,0,0.05026998004478291,0.012575323693454266,0.015573600811683325
2,1bbd3ad7533a80fa,2026-08-01,0,0.39569560432067746,0.36566460132598877,0.4108740561655112
2,1bd62e037c599a0f,2026-08-01,0,0.025156948482697488,0.011676076799631119,0.014655641176255698
2,1ca624327684daf8,2026-08-01,0,0.07920451315061235,0.04019000008702278,0.06275905356881839
2,1d7f109c3015618e,2026-08-01,0,0.03995074397322786,0.059312865138053894,0.07634262644118255
2,1df5013189b88fe9,2026-08-01,0,0.03553922096704672,0.03568873181939125,0.024516227102000042
2,1f0fcc206c13e329,2026-08-01,1,0.5399726867151259,0.7244129776954651,0.6366452423608415
2,1f8335adfdb9621a,2026-08-01,0,0.2517390265673324,0.26999351382255554,0.34081909701635493
2,1fea87d76272a95e,2026-08-01,0,0.20155014496851223,0.08338001370429993,0.11160758181896475
2,203fcb6cf256dda2,2026-08-01,0,0.09572801902168775,0.06091532111167908,0.06710611685685965
2,2090fd43a3ec8e27,2026-08-01,1,0.7202075765327508,0.8376341462135315,0.8471223834370175
2,210b865f35bcd68c,2026-08-01,0,0.6478420248884011,0.8270117044448853,0.7934181756343417
2,221b547b5a568c36,2026-08-01,0,0.4050150869828156,0.563389778137207,0.6942846665659467
2,2225a14b3583badf,2026-08-01,0,0.25893519976096363,0.13503916561603546,0.1682558320224208
2,23d4e9aece56c473,2026-08-01,0,0.24036694394903504,0.2562788426876068,0.2754006244710783
2,23d4f88574e2f7bc,2026-08-01,0,0.08728594635205525,0.13329069316387177,0.09377299680217197
2,247e7475638befff,2026-08-01,0,0.4759883030582629,0.5683382153511047,0.3968110987872244
2,248f30ec2d491b76,2026-08-01,0,0.03207574002159983,0.013601021841168404,0.010429391288194412
2,24a9b465f9152ce4,2026-08-01,0,0.4621938830309873,0.3623695969581604,0.44484597114311525
2,24ab1530685f6489,2026-08-01,0,0.5241591517169214,0.3303065598011017,0.3215860094283519
2,24c8abb05318ffad,2026-08-01,0,0.37853834348501175,0.32446548342704773,0.36422157728626514
2,24e074b2c4d805de,2026-08-01,1,0.862678138690448,0.849439799785614,0.8276733177618518
2,25ca007debf92212,2026-08-01,0,0.5229156923870029,0.3861510455608368,0.4427796497279194
2,2663dd266af61bdd,2026-08-01,0,0.1377327985993019,0.076137974858284,0.05590112034461849
2,2685a4212a61ec25,2026-08-01,0,0.20687441879493718,0.26144617795944214,0.17328451715239301
2,26938111f794c059,2026-08-01,0,0.10800144976651391,0.07060129195451736,0.06236003943342802
2,2697a618af3916fb,2026-08-01,0,0.09961136521528186,0.06242799013853073,0.08159045974621387
2,271863777db80338,2026-08-01,0,0.05054656921087674,0.02689429000020027,0.029880830332212067
2,278ad97f85b849a2,2026-08-01,1,0.7109797835813594,0.6602491736412048,0.6230497928172005
2,283db194c3531376,2026-08-01,0,0.11637199569544297,0.05270862951874733,0.05915250924359105
2,28a4e244aee6373a,2026-08-01,0,0.03266794807312737,0.006471839267760515,0.007314450063601764
2,28a7cabe848b071a,2026-08-01,0,0.24434083311639238,0.10600613057613373,0.14488523034082101
2,28f3e5effbb24a55,2026-08-01,1,0.9161752217480104,0.7850635647773743,0.8222833484280765
2,28f79e50faaa80d7,2026-08-01,0,0.05185522537486007,0.0276970062404871,0.02127032808000412
2,2a4e3ae8d37fe9da,2026-08-01,0,0.44204784237788364,0.44104671478271484,0.6299478448438437
2,2aab294695298104,2026-08-01,1,0.8314970833216658,0.7560077905654907,0.8342147183569995
2,2b3115209667df2c,2026-08-01,0,0.5045715391898581,0.3829818069934845,0.4889099679619201
2,2bf5fd0b35cd50ab,2026-08-01,0,0.6326715076551258,0.5163426995277405,0.481387193250275
2,2c07547186211575,2026-08-01,0,0.09438022556079273,0.0544702485203743,0.059424751137232446
2,2c575b577a43e020,2026-08-01,0,0.1271951431036453,0.0680733248591423,0.07652949368665439
2,2cd31b8d7905d872,2026-08-01,1,0.49279373573058394,0.3388326168060303,0.5157378153649048
2,2d4bf7dbf80cbc23,2026-08-01,1,0.8585719478646573,0.8705958724021912,0.8877736081746123
2,2d9f5ffa31488632,2026-08-01,0,0.7225357863782065,0.5744203925132751,0.5150568664047636
2,2e09794fe8e6f725,2026-08-01,1,0.36406039888029623,0.2948403060436249,0.2978162068476568
2,2e45d5e78b6b24e8,2026-08-01,0,0.31080137884585185,0.44699326157569885,0.287617616588232
2,2e79b3b9f5e6262d,2026-08-01,0,0.33884939803658254,0.21336063742637634,0.35236560123238486
2,2ea2896545f929df,2026-08-01,0,0.34915464040117306,0.2310040295124054,0.30046068321501795
2,2f1e027174d6d2f3,2026-08-01,1,0.8073993254120745,0.8151196837425232,0.7612195882373128
2,2f6d483cd27c5f88,2026-08-01,0,0.5184725865948056,0.5155029892921448,0.4725023118946364
2,3068a9a70c63364a,2026-08-01,0,0.6049851437927551,0.2235664427280426,0.35077784126362693
2,3146a14e715c7390,2026-08-01,0,0.16180050511235497,0.1570245325565338,0.13212653452643724
2,31e0fdac46d0b984,2026-08-01,0,0.26859575968909954,0.2249373197555542,0.19249550964035264
2,32de86f4e66dd13d,2026-08-01,0,0.06786180360663743,0.015887122601270676,0.029077099741685746
2,335080d2426dbc81,2026-08-01,0,0.043222915374027615,0.027389822527766228,0.011835074204787282
2,3379e954c4fa7fda,2026-08-01,0,0.3532962857316602,0.362667053937912,0.5290950680322324
2,33f930ab56b47aea,2026-08-01,0,0.0763727256335491,0.03657141700387001,0.04354478700921384
2,340208c9e3ba3250,2026-08-01,0,0.0600937109760851,0.025943705812096596,0.03366964937158391
2,35356ec1cb10981c,2026-08-01,0,0.4170967886551723,0.2116509974002838,0.18925127342299183
2,355e91db853c2b48,2026-08-01,0,0.3347666506818115,0.5473636984825134,0.6336152562391691
2,36a0b0c0c77d9778,2026-08-01,0,0.11223189735424627,0.06801991164684296,0.05583033090316505
2,38aadcd39bce292e,2026-08-01,0,0.11734631289825372,0.0912085548043251,0.08576398188332697
2,38e655f0177de315,2026-08-01,0,0.2882286183545,0.426227331161499,0.42221093124184933
2,39a6e9ba2c5d42bc,2026-08-01,0,0.4263214539233874,0.11596032232046127,0.08557562576306002
2,39ec2b2d77ed09c5,2026-08-01,0,0.07976161774088678,0.13857939839363098,0.1320552890000315
2,3a1fb817043dd1e1,2026-08-01,0,0.3397864719948347,0.5890675187110901,0.5284158850809231
2,3abc03bd4ebaa505,2026-08-01,0,0.2658917984223829,0.13607726991176605,0.13807493264596135
2,3b68ed7b710b1263,2026-08-01,0,0.4985592178081259,0.4354570508003235,0.4387890218331291
2,3bf8b9b80f40ee27,2026-08-01,1,0.911547513800007,0.7831615209579468,0.8901700731175957
2,3c02cfdb48c403ce,2026-08-01,0,0.3630157584742863,0.3951592445373535,0.5039022295749708
2,3c94e710463e9273,2026-08-01,0,0.3202768511605085,0.47971010208129883,0.41798677627109626
2,3cf7311dfbe8e5e0,2026-08-01,0,0.30385498476768913,0.3182763457298279,0.2544221614645853
2,3d2de6a9ea1c2702,2026-08-01,0,0.3222666460045225,0.10702141374349594,0.1667984156580706
2,3d938bac070c4574,2026-08-01,0,0.05985476597760979,0.015111584216356277,0.00966453660599502
2,3dc2e473a2527175,2026-08-01,0,0.017808423907112486,0.025914881378412247,0.0356480111694031
2,3de1af3021d97647,2026-08-01,0,0.4004663123369713,0.2989136278629303,0.34641451116403843
2,3f21e1ae5848af49,2026-08-01,0,0.27756914630598717,0.25811830163002014,0.3110407061080241
2,3f65099b7f3ba3ac,2026-08-01,0,0.1012955809657261,0.09980086982250214,0.06054160914261591
2,3f82655fb36ddcf1,2026-08-01,0,0.1947530039285529,0.07414579391479492,0.07314127245591567
2,3fe5344b0676d5fe,2026-08-01,0,0.8763731899599775,0.8358091711997986,0.9022833198626233
2,40622451c37778a4,2026-08-01,0,0.10664406930225058,0.060251325368881226,0.05596985283371805
2,40b56cdd7c637ecd,2026-08-01,0,0.14278695662801633,0.13414940237998962,0.10421531749032313
2,41068fd58b468c98,2026-08-01,1,0.8294039964595834,0.8424416184425354,0.7812538724999446
2,41f19c90a3f4543f,2026-08-01,1,0.7930790060158616,0.800592303276062,0.7779166436002158
2,423af9a1c71d6896,2026-08-01,0,0.15403606455775362,0.047589145600795746,0.08230580447589313
2,4253547bc0894781,2026-08-01,1,0.061844264023316546,0.02385496348142624,0.01458903663638802
2,42bd8d09ea972c52,2026-08-01,0,0.02228869366884508,0.010721225291490555,0.006494568505278877
2,4370a12d3baeeb02,2026-08-01,0,0.0254485327774439,0.015695013105869293,0.0081550084092943
2,444093fcda7abddf,2026-08-01,0,0.11835384082395882,0.050977740436792374,0.06976986413721628
2,44f84b6f05cd7292,2026-08-01,0,0.23522671609780843,0.09623982757329941,0.09778200469871434
2,45a41c4327c272d4,2026-08-01,0,0.48119520178639497,0.566455602645874,0.5975458938780136
2,45e82019ec3fb8e5,2026-08-01,1,0.7548006338499791,0.5278308391571045,0.698114511224911
2,45f0018bee284ebd,2026-08-01,0,0.3433631665712691,0.13977371156215668,0.13178454364242026
2,467b21d889321df4,2026-08-01,0,0.08561579707335303,0.03614486753940582,0.014643743462079667
2,4694d452d0f7c948,2026-08-01,0,0.6780652113534985,0.5544501543045044,0.4565042509092703
2,46d51953777beff4,2026-08-01,0,0.07575618279701324,0.02144712582230568,0.017990014782814638
2,4705179b74c96d51,2026-08-01,0,0.24113736260839383,0.10001583397388458,0.11352661920974286
2,473d518477ed29e2,2026-08-01,0,0.49942995082576863,0.3445650339126587,0.3410555586153728
2,4745ca2950e2a27e,2026-08-01,1,0.5000556192928186,0.5186461210250854,0.3978785549979402
2,47ab6db99c5885e0,2026-08-01,0,0.15916924641765817,0.146693155169487,0.08242093757945226
2,484d29713711c497,2026-08-01,0,0.16241500021914496,0.1709245890378952,0.08788620739056478
2,4893383dc18691b7,2026-08-01,0,0.6745588737041194,0.5957118272781372,0.6732541314779691
2,48b3776b67992886,2026-08-01,1,0.7199190523462601,0.6187995076179504,0.6150075075081486
2,48f67b5056eb739e,2026-08-01,0,0.6810439832768223,0.7267739772796631,0.742294610271376
2,48f779a7a610858d,2026-08-01,0,0.4970894757928942,0.255974680185318,0.21266918143260186
2,4906d7d7f742425a,2026-08-01,0,0.19387461799731057,0.05716950073838234,0.05751609888095976
2,491bb4c9c813b20c,2026-08-01,1,0.04331084382665445,0.029854724183678627,0.015902805388578252
2,49bb8af8a7a48b2b,2026-08-01,0,0.019414780287622536,0.005395831074565649,0.0037380501783906067
2,49cd102b98832bdb,2026-08-01,0,0.8491183513032993,0.8185577988624573,0.8851946323111598
2,4a6d31c66020f7ec,2026-08-01,0,0.050345957039248684,0.024583283811807632,0.018965243463863635
2,4abb14ede39d1efc,2026-08-01,0,0.699858263722166,0.7905547618865967,0.6953656407824407
2,4b6532568bfbcefa,2026-08-01,0,0.6604932373222232,0.5936765670776367,0.46733808619051315
2,4b766a7828a88c79,2026-08-01,0,0.09956492240190687,0.07191517949104309,0.09443721305497048
2,4b778cf05edd93c8,2026-08-01,0,0.37730124275523225,0.24232138693332672,0.24447741597395992
2,4bafbcafec368426,2026-08-01,0,0.03858210976131869,0.018918447196483612,0.022522673813297606
2,4c1440923fcc9393,2026-08-01,0,0.4197453094013791,0.2414463758468628,0.3421691487128511
2,4c4b9d6acb8650c9,2026-08-01,0,0.0199798640167754,0.005124776624143124,0.00250002157205797
2,4dd68eb21224875b,2026-08-01,0,0.23137744187683248,0.274801105260849,0.13560922444564624
2,4dfdcef39508ef08,2026-08-01,0,0.07572853695047431,0.02240791730582714,0.024173386698967056
2,4e0e5877707448d5,2026-08-01,0,0.14778028679618038,0.09180045872926712,0.126062130073478
2,4e80b7e5397ed28b,2026-08-01,1,0.45015601492381824,0.2716139853000641,0.21869529224903173
2,4ed6825b5d444d4c,2026-08-01,1,0.6370489610114654,0.6356661319732666,0.6785347182952522
2,4ed99218d8cb68f3,2026-08-01,0,0.8247087987575542,0.760378897190094,0.7846437128145943
2,4efa4623975067f6,2026-08-01,0,0.019619077815202453,0.005210991483181715,0.014370101238378154
2,4f10eb7972be4ec0,2026-08-01,0,0.5897071410929897,0.4317629337310791,0.36185288246372027
2,4f2bc0d7721efd76,2026-08-01,1,0.19840214005739623,0.10429559648036957,0.1929305859314407
2,4fbcffdfa4b4d0bc,2026-08-01,0,0.3997120291149005,0.42890530824661255,0.45493680029115297
2,50004927d91d695f,2026-08-01,0,0.1453665309809965,0.0429672934114933,0.09153677491041046
2,505dabb2a7459650,2026-08-01,1,0.7808342652257753,0.7103927731513977,0.8372530241211062
2,508e9f2595b06550,2026-08-01,0,0.39577394217420614,0.3388083875179291,0.3409285134531517
2,50ba9f01cd371747,2026-08-01,0,0.353969421294331,0.32423579692840576,0.38654276415181293
2,5176ac8750767d32,2026-08-01,0,0.2085585590924336,0.17427031695842743,0.19578322013225744
2,51fe0dbbc2380ea7,2026-08-01,0,0.3615503411736261,0.580376386642456,0.551516373596159
2,52559640c5b28744,2026-08-01,0,0.04775650040224475,0.020980004221200943,0.018314108953165407
2,53c6754ae37daf83,2026-08-01,0,0.0699568417623519,0.02839546650648117,0.03228239871570367
2,53f40bfdbdfcaddb,2026-08-01,0,0.18043136864402576,0.16027751564979553,0.20802916531920593
2,543db342e4831a56,2026-08-01,0,0.25953522985781385,0.27028852701187134,0.20517913805335214
2,54485081eef1b62d,2026-08-01,0,0.1401142134180551,0.06296541541814804,0.0661260563701787
2,55ba9d9aa6e7c68a,2026-08-01,0,0.4101760215615002,0.2978476285934448,0.39024114443137103
2,55e70e0ec4883a2f,2026-08-01,1,0.4388802587478872,0.3391804099082947,0.41191524683127545
2,566be8e909cc66a3,2026-08-01,0,0.18113000748903932,0.13837827742099762,0.13118458491046733
2,56f60c1065421093,2026-08-01,0,0.019532161463037524,0.008118036203086376,0.007287519936445205
2,579777e5714082c0,2026-08-01,0,0.05659444482943404,0.038241613656282425,0.04791484012823822
2,57e02d0c58eb325f,2026-08-01,0,0.3103013196950603,0.33856531977653503,0.24409426926820077
2,58f4ca3b34ed7413,2026-08-01,0,0.7700531531732935,0.7649988532066345,0.7674571171098343
2,59053b8afeec9751,2026-08-01,0,0.02926369766763761,0.03268326073884964,0.03713465276024856
2,5975be5b934f432e,2026-08-01,0,0.07940002306938405,0.02276989072561264,0.02380482924268772
2,59f26f5c303aa592,2026-08-01,0,0.4147416040511931,0.13726884126663208,0.13016346239661622
2,5a98f818b1b278fc,2026-08-01,0,0.13192163604680562,0.039091356098651886,0.05146664959214657
2,5b6560d90e3251bc,2026-08-01,1,0.6706679156570707,0.6269927620887756,0.6115908249381085
2,5c9e9e414c636137,2026-08-01,0,0.6375009357490532,0.5317419171333313,0.5696621066712989
2,5cbbbe0d125b31f1,2026-08-01,0,0.2107618080294981,0.23772813379764557,0.23991580439063218
2,5d94ebd8658e126c,2026-08-01,0,0.10607179919335821,0.046439606696367264,0.03976724036710439
2,5e0e1a8c14dfa278,2026-08-01,0,0.07438700544206701,0.03703312203288078,0.03614328122570461
2,5e91f4986d64cfc5,2026-08-01,0,0.051173992888040636,0.017428182065486908,0.033971492491526104
2,5ebd93e81a7eef4a,2026-08-01,0,0.5446471777631303,0.5653641223907471,0.6160915923947257
2,5f1e5f63f9423856,2026-08-01,1,0.6487006055623022,0.6928516626358032,0.6790194866578134
2,602c1d1c98392ba2,2026-08-01,0,0.3899724813532444,0.3492664694786072,0.3546616106620178
2,608a2bbc2ca83e21,2026-08-01,0,0.01084456157260675,0.004398926626890898,0.00306980233582441
2,6169129fc82c6430,2026-08-01,0,0.7440669349993089,0.8090649843215942,0.814406334947033
2,61b478be4131c88d,2026-08-01,0,0.544873064119476,0.3952092230319977,0.39518705753493316
2,61d82fa6e0910ec5,2026-08-01,0,0.7841690691908817,0.5240536332130432,0.4873762607623385
2,620dfc2ad6ad3f3f,2026-08-01,1,0.6576999257147299,0.7470972537994385,0.7505969857761389
2,623042bde23a8d52,2026-08-01,0,0.15168275293853434,0.2031257599592209,0.19655476317994885
2,6263d59aa7ecd311,2026-08-01,0,0.08899673837041179,0.04558126628398895,0.0808767032563093
2,6289932c97c782e9,2026-08-01,0,0.06807556560461499,0.01254214532673359,0.01442192299445452
2,633d6ce1af1275da,2026-08-01,0,0.8277581217262292,0.36608630418777466,0.39997315671048184
2,6358f0fc58cc7339,2026-08-01,0,0.4494689422997853,0.19962447881698608,0.14134814843938381
2,63bd5cb0d0672682,2026-08-01,1,0.7012850503203463,0.6688192486763,0.6443472650869836
2,63bdd698166d4220,2026-08-01,0,0.2151102630620004,0.15090930461883545,0.08400401342533337
2,6403bff7c405a640,2026-08-01,0,0.3822829873327165,0.340648889541626,0.435347229660176
2,64895a19d007f378,2026-08-01,0,0.2538448235693306,0.09171703457832336,0.09869244275359645
2,648e10ad78aa1e46,2026-08-01,0,0.06999616432971159,0.09366399049758911,0.10431497819142937
2,64de4f7add6b7659,2026-08-01,1,0.5432100126522634,0.45057886838912964,0.44340896285560266
2,653df39d82ae215f,2026-08-01,0,0.48684668309618573,0.2975069284439087,0.20215329330597587
2,65670184484fc894,2026-08-01,0,0.07525404274909983,0.06426770240068436,0.04359720860447268
2,657d914643a4e9b9,2026-08-01,0,0.03157457979436349,0.012028270401060581,0.009835589495466429
2,6593eaa101bd7dea,2026-08-01,0,0.6493694333764779,0.808837890625,0.7934163954665313
2,65947883d0d6fecb,2026-08-01,0,0.4560672589901978,0.3890814185142517,0.4140233338296428
2,65a05e5ccb7aed3d,2026-08-01,0,0.32603241218825224,0.15912865102291107,0.19696117682466846
2,65bcff79b874a870,2026-08-01,0,0.6509804176976932,0.5721315145492554,0.7548283403873823
2,66018f0cd8b9ac83,2026-08-01,0,0.07833569496889217,0.010818678885698318,0.028720387756817106
2,6663e61c641114a7,2026-08-01,0,0.14400539563557058,0.0679015964269638,0.055873541124591794
2,66cbb6b1cfe5634d,2026-08-01,0,0.2696381956868165,0.2787610590457916,0.1925269108502728
2,66e6215b80fba83a,2026-08-01,0,0.756377878326495,0.7552794814109802,0.6708009076114569
2,67952366f80ab369,2026-08-01,1,0.4307350275174033,0.44804131984710693,0.4565140937808487
2,67d2147a51b99118,2026-08-01,1,0.7765264694969498,0.629688024520874,0.6936920774995291
2,69dd25b6c346c915,2026-08-01,0,0.3019155668594458,0.1608690470457077,0.2504661484785743
2,6b9f1aa19824985c,2026-08-01,0,0.4887635735427229,0.34703943133354187,0.3643174395533652
2,6bdb99579cec658a,2026-08-01,0,0.4838761042178664,0.4785442054271698,0.6064726570766636
2,6c16a7eb636f6850,2026-08-01,0,0.034175934507386145,0.008965494111180305,0.006717744008501324
2,6e16aec4140a6a36,2026-08-01,0,0.026233141769780796,0.01162675116211176,0.01697660243039609
2,6e87c3f15e2662d7,2026-08-01,0,0.022658316676996967,0.006919132079929113,0.005362096666911853
2,6ef0f0e15192f7a6,2026-08-01,0,0.07600303725945735,0.06878524273633957,0.048842695254476536
2,6f51ee15f8d6d178,2026-08-01,1,0.8376374130407062,0.8780022263526917,0.8455436202782772
2,6fb99d25be8be518,2026-08-01,0,0.10321625232900414,0.12743985652923584,0.07106414029162819
2,6fc21445e1378a34,2026-08-01,0,0.1701478683137234,0.3322969079017639,0.24925837428911396
2,6fcf339ba36a8019,2026-08-01,0,0.024369508029937793,0.02323974296450615,0.018212228003120865
2,6fdcfb24bae1c337,2026-08-01,0,0.5213247854404268,0.46381253004074097,0.44551448164286583
2,7047f54f6392b685,2026-08-01,0,0.05054004944199744,0.011321090161800385,0.012288267678000927
2,706d6360b7f44331,2026-08-01,1,0.700192007753438,0.6381847262382507,0.7853412453371514
2,70fec80b341630af,2026-08-01,0,0.03417661373338565,0.019274607300758362,0.02511934911498952
2,71aad5e0843f41a0,2026-08-01,0,0.39779919600905606,0.17231008410453796,0.20082000139230663
2,71e82c35102e4167,2026-08-01,0,0.29032882904198254,0.0730695053935051,0.07640541746131894
2,7346e31a95f6c6c3,2026-08-01,1,0.37908926904409856,0.23900394141674042,0.21207732143730235
2,73ce78c8559443d1,2026-08-01,1,0.8144258687470843,0.8732183575630188,0.8383989423963094
2,73d3521d678e2448,2026-08-01,0,0.6461216129170008,0.8177453875541687,0.8832870084954595
2,74490dabe5c00a8e,2026-08-01,0,0.44876364307371697,0.24827457964420319,0.31064797973043945
2,75d1a4a3eab66f5a,2026-08-01,0,0.44443296401086146,0.19134660065174103,0.2611834822744491
2,76de68f843bcf88e,2026-08-01,0,0.5894525752715665,0.5790614485740662,0.6247547798489849
2,773fb1e662323c6f,2026-08-01,0,0.0233072409174646,0.01328445877879858,0.005482689810115377
2,776d215954b7e1cc,2026-08-01,0,0.38241816636323356,0.21770207583904266,0.31329243137255236
2,77cdf319aaf9cffc,2026-08-01,0,0.1754083472482774,0.05564018338918686,0.06665028146965547
2,77fc0a276680ca39,2026-08-01,0,0.38572768002793184,0.3150762617588043,0.3677875603429408
2,781077f1637a5740,2026-08-01,0,0.12810657921282273,0.04372696578502655,0.08234444669840787
2,784bd8b9dcff433d,2026-08-01,1,0.8272607800943413,0.8589010834693909,0.8937137664377978
2,79618d7d6d994386,2026-08-01,1,0.8361694304849335,0.8451911807060242,0.8295542238470477
2,7963d389e9b7d876,2026-08-01,0,0.26244419502126926,0.18552997708320618,0.12476339400441189
2,798e7ad1d8b9a389,2026-08-01,0,0.10582352935174097,0.08352846652269363,0.08515233606646418
2,799254a983202990,2026-08-01,0,0.1486362322213229,0.0684739276766777,0.11342354297537287
2,79d0896c075969e5,2026-08-01,0,0.4910235133115565,0.41428887844085693,0.38690697630502957
2,7a2fbe838482ca99,2026-08-01,0,0.4680051864347353,0.3029957115650177,0.22738783361300535
2,7a2fe21c6a2577c1,2026-08-01,0,0.02839283097285605,0.0054085287265479565,0.007185487186723006
2,7a34539c8392957a,2026-08-01,0,0.6684425822669934,0.6061797142028809,0.5118531619982948
2,7addea16633f23d4,2026-08-01,1,0.36592370042733413,0.22188284993171692,0.28174825327694736
2,7b15ff83fc652e74,2026-08-01,0,0.006090108529847699,0.0022749840281903744,0.0014128984899425619
2,7b324a32c0a9e58e,2026-08-01,1,0.6498645237521614,0.8195716738700867,0.8161141381857325
2,7b6ee7302ef45c0a,2026-08-01,0,0.22759785058829413,0.17117442190647125,0.1695289860940276
2,7b79cc67d17302eb,2026-08-01,0,0.020452475222574887,0.006702231243252754,0.019355538544044485
2,7ba3dd9ecd3bd65a,2026-08-01,1,0.6265508937254776,0.49694833159446716,0.5367531161999597
2,7c002a5c9a6321d5,2026-08-01,0,0.38194831885216146,0.36266374588012695,0.39083575193273334
2,7c985f930cb0012d,2026-08-01,0,0.1463325491775935,0.06689563393592834,0.0529229510018481
2,7d1fb63087b2486e,2026-08-01,0,0.6794505362118897,0.5023351907730103,0.4037917209467543
2,7d5590a2df32d96a,2026-08-01,0,0.004957912121565477,0.004199921619147062,0.003663661272536102
2,7e3e06a11976e5a9,2026-08-01,0,0.5114802340093106,0.46307677030563354,0.5088437314149948
2,7f301d5f863ca73d,2026-08-01,0,0.44974250319142045,0.30630993843078613,0.35852637624685596
2,7f4efdcbb3cdaa6a,2026-08-01,0,0.6480292612547291,0.5565063953399658,0.542904485367708
2,7fa0af531179680b,2026-08-01,0,0.11922593858610908,0.036428406834602356,0.032132864493992996
2,7fcfda8d270bb332,2026-08-01,0,0.0227840400265409,0.005038104485720396,0.007256108621425056
2,7fd80728dc44093d,2026-08-01,0,0.2699670856455178,0.25713014602661133,0.10882750632645763
2,80048051c58e38c2,2026-08-01,0,0.11781983668966464,0.08487655222415924,0.05206850149048795
2,802201740e6d00f9,2026-08-01,0,0.22167572992791812,0.22717732191085815,0.1971698402903899
2,8067f1c947bf228d,2026-08-01,0,0.03174210267821196,0.01324761938303709,0.024010197900326807
2,8084c031e1cd0618,2026-08-01,0,0.24265620188632972,0.3942052125930786,0.36768135665715285
2,81c7cf0b0c4e9653,2026-08-01,0,0.7788583346277039,0.7548385262489319,0.7211427044947974
2,81f74b5b62dd9e44,2026-08-01,0,0.04363373652856277,0.024126801639795303,0.020323373791453124
2,82035e2d07e6717e,2026-08-01,1,0.5692049940834574,0.648653507232666,0.5915570363053914
2,8296f91c979238cd,2026-08-01,0,0.031780945950729424,0.03645973652601242,0.02433473331420532
2,82e1c50a6c88d9cc,2026-08-01,1,0.6691768146447515,0.7111849784851074,0.6901904344713815
2,836c920836dca7aa,2026-08-01,0,0.5451037950246307,0.37599316239356995,0.36962106769373804
2,83e81b0991e57715,2026-08-01,0,0.6982574978649194,0.6449699401855469,0.5132331337742512
2,8453ccc349f843a6,2026-08-01,0,0.42461104555469353,0.40491658449172974,0.32593270083278925
2,84927d5278e976fd,2026-08-01,0,0.16089195348780214,0.057309508323669434,0.03650158732740402
2,851780071d1faa1a,2026-08-01,0,0.23945047712495712,0.2742035686969757,0.22348333106416618
2,8610ac51fea63c8f,2026-08-01,1,0.6144147821016771,0.5517194867134094,0.5725928671392972
2,8687359667a6b24d,2026-08-01,0,0.5973197739966133,0.7348898649215698,0.7249646864732058
2,86b1cfb68113759d,2026-08-01,0,0.16060981424362952,0.07525321841239929,0.0790266556748973
2,871422e76ea72bca,2026-08-01,1,0.38059009257264415,0.30298593640327454,0.43253644030624
2,873382c4b6554d8e,2026-08-01,0,0.8640164257559905,0.8622317910194397,0.8825233681573461
2,8788245188d850b3,2026-08-01,0,0.014291624507150548,0.006127907894551754,0.009522810931139837
2,87d620d890291908,2026-08-01,0,0.6385115343414102,0.5823723673820496,0.5835186431957083
2,883aa21c519bf6a3,2026-08-01,0,0.21251068090479286,0.04932152479887009,0.06080637267227555
2,884ba1a0b130e1e8,2026-08-01,1,0.3695085727854725,0.6542161703109741,0.5811477845743881
2,89103928e8e4b52d,2026-08-01,0,0.14013880035658635,0.07365141063928604,0.06747104828939139
2,894ad321785ecdaa,2026-08-01,0,0.05801243672009354,0.06301900744438171,0.06530495630117415
2,8a3b32d1252f1c1c,2026-08-01,0,0.3395584632667213,0.19912119209766388,0.22384128417370833
2,8a7d8db7a098c54e,2026-08-01,0,0.2794202846106852,0.12030864506959915,0.13373309792373655
2,8ac69bfc921edead,2026-08-01,0,0.29188660646823883,0.3117934465408325,0.19987785464817642
2,8bc9ec6a950c82ee,2026-08-01,0,0.4053801334206628,0.3142049312591553,0.24634835097803048
2,8bd1fb76f5d0df8b,2026-08-01,0,0.45770853967724184,0.29898422956466675,0.4499635175737054
2,8c27dd0363373870,2026-08-01,0,0.5425708056745185,0.2856592833995819,0.35500430435409386
2,8cdef75f1fe34077,2026-08-01,0,0.363896388239032,0.18617340922355652,0.3021629791169387
2,8ced09b8ddea57cd,2026-08-01,0,0.6073541151428633,0.6020495891571045,0.642246678249574
2,8d0cd61e28b8209b,2026-08-01,0,0.021455818832503696,0.005243781488388777,0.00301245192571142
2,8d58a56d3fee9da0,2026-08-01,0,0.04860337675807582,0.026356171816587448,0.03449037443297946
2,8e018e1cf59e297b,2026-08-01,0,0.10997144061070258,0.07737930119037628,0.09221756578390232
2,8ee9c751fa1d27bf,2026-08-01,1,0.12120259128800383,0.10284718126058578,0.0869360260911218
2,8f4c9076bc78d03e,2026-08-01,0,0.32386579469433857,0.14225849509239197,0.16154572905629602
2,8f6fb5b3588fbe6b,2026-08-01,0,0.036567025182182536,0.009751057252287865,0.009671016065331548
2,8fab20cf9a53b064,2026-08-01,0,0.7774877167472124,0.8011292815208435,0.7521495559733519
2,8fef916b1cad18fc,2026-08-01,0,0.2161779786281366,0.06579515337944031,0.1298931768239176
2,90dae62d8b76ea31,2026-08-01,0,0.04968906954869425,0.032032210379838943,0.028649885356398203
2,91c114c18ceb8323,2026-08-01,0,0.0897353889326243,0.024656685069203377,0.03274698336521131
2,91c6ddc159ca4f56,2026-08-01,0,0.25214287964662074,0.07014245539903641,0.07166677250314257
2,91d4ab501e1b1f7f,2026-08-01,0,0.14540707049119295,0.1393788605928421,0.20861889374026388
2,9323e43c015b9bdc,2026-08-01,0,0.3598803290593007,0.26159560680389404,0.35470767676518317
2,9324409800f96072,2026-08-01,0,0.017824460185741527,0.002398374257609248,0.0016902358366433603
2,942bee04f3886607,2026-08-01,0,0.03603610123514185,0.01518486998975277,0.022007755159985397
2,94429b51fff73601,2026-08-01,0,0.04978149190347088,0.026574013754725456,0.015138775975787897
2,950168ea2fe30257,2026-08-01,0,0.17058963298017765,0.1391087919473648,0.14066753706401666
2,962da81cce17765a,2026-08-01,0,0.35441984775015967,0.08751748502254486,0.09400360802138598
2,96b06d048cab233b,2026-08-01,0,0.43376591079054583,0.34817662835121155,0.38430576974432745
2,973767a628003964,2026-08-01,0,0.6203450409583865,0.5691466927528381,0.3841975242793305
2,97c6bc5468ba1099,2026-08-01,0,0.2613785047838878,0.3586716055870056,0.4022034905146321
2,98426929aaded136,2026-08-01,0,0.3603594054530746,0.3232651948928833,0.3091399392632591
2,98790ea50a402a9a,2026-08-01,0,0.26470158535476956,0.2676120698451996,0.26388082925517214
2,98f60ce5feb70786,2026-08-01,0,0.11144780613969216,0.04237740859389305,0.04570639859713135
2,99fb559b1bb4b897,2026-08-01,0,0.37036948325305097,0.2711440920829773,0.12796627422904736
2,9a57a4c79f9ba1a2,2026-08-01,0,0.674430841237135,0.6541541218757629,0.6104661599013671
2,9a5881cbb4cfd2cb,2026-08-01,0,0.3239309031288471,0.17580939829349518,0.23488816666441767
2,9af7905abd1bc36a,2026-08-01,0,0.2077549895289119,0.09267321974039078,0.12477457407530317
2,9c33f16a86a4982e,2026-08-01,0,0.05907664015895385,0.07106486707925797,0.07372865014511806
2,9da9f0fb1fa8b8c8,2026-08-01,0,0.14805716999994384,0.10916183143854141,0.08393866512803716
2,9e5763b89f7e6df1,2026-08-01,0,0.6105577516360096,0.3344174027442932,0.43904558457138954
2,9ebe7ce56bce9f2a,2026-08-01,0,0.5086230547942975,0.26121288537979126,0.3572895277848465
2,9ef2f1fb9453dd9e,2026-08-01,0,0.44688941978235786,0.45819348096847534,0.5157541760875369
2,9f28aa48c3cb7cbf,2026-08-01,0,0.6573578978058886,0.6362175345420837,0.7234747164089336
2,9f59d72388e4752f,2026-08-01,0,0.10847290533605185,0.03218327835202217,0.031130872717690956
2,9f7acfe87eb3f068,2026-08-01,0,0.06203118846520413,0.01738487370312214,0.010678134360630373
2,9f8e93b9b39832b0,2026-08-01,0,0.09523736660134925,0.06000291928648949,0.04532658664811896
2,9f96af1f260930d9,2026-08-01,0,0.4831899547208586,0.4747616946697235,0.4441902825347396
2,9f9e8a7b80d4a7fb,2026-08-01,0,0.055557976699363965,0.009715603664517403,0.008088333342864492
2,a01e86b6afe669b6,2026-08-01,1,0.5711491550706331,0.5148587226867676,0.5439608422499631
2,a05c42e088e78df1,2026-08-01,0,0.06451742478085526,0.021883971989154816,0.016825493071778927
2,a0a01969b20e5640,2026-08-01,0,0.7274829164918641,0.7424594759941101,0.7056075984594864
2,a0bc044a15fbe757,2026-08-01,0,0.11970058226160327,0.2556512951850891,0.20915960983868467
2,a106421db5895643,2026-08-01,0,0.1421725539703214,0.023882247507572174,0.016966978020892923
2,a10e0d6af1592b17,2026-08-01,0,0.036137002480692175,0.015017181634902954,0.013457515538157196
2,a128a329a175ed28,2026-08-01,0,0.6925965238666751,0.54354327917099,0.7534036605998286
2,a1dbebb92f69153d,2026-08-01,0,0.14860256631276153,0.06403365731239319,0.07739024948037036
2,a2143082683ea347,2026-08-01,0,0.17017056245420795,0.1951666921377182,0.13108171947822622
2,a2cf53b50cb980ae,2026-08-01,1,0.5063739182907345,0.19539666175842285,0.21393756313530038
2,a2f42493fbbb8571,2026-08-01,0,0.28172013517327826,0.32408955693244934,0.24342307325987286
2,a420f67f72b6f8bf,2026-08-01,0,0.14747289935668167,0.14390714466571808,0.13868087489370462
2,a4ec9e6224825e63,2026-08-01,0,0.22346187893841463,0.1354895979166031,0.18929383746764503
2,a50deda2245e6b98,2026-08-01,0,0.7267034283424144,0.7144191265106201,0.823005958296535
2,a527d04cc7185d1a,2026-08-01,1,0.39544574077688066,0.2659030854701996,0.4732313875723644
2,a5b59789f419ca29,2026-08-01,0,0.13031147190334902,0.1276257336139679,0.26200553423042766
2,a5e9ac8c894ea24d,2026-08-01,0,0.34864249880077547,0.3839181363582611,0.26050774828899875
2,a5ecf0a392194af2,2026-08-01,0,0.07693831299261619,0.01973617821931839,0.020128125706413133
2,a65ded60242d1fb7,2026-08-01,0,0.7482219333894135,0.5244226455688477,0.6908948674660935
2,a6c00b2d91564a32,2026-08-01,0,0.6053181843982615,0.557736337184906,0.4034402931501443
2,a6e155e17b879c8d,2026-08-01,0,0.14986938345905199,0.06652649492025375,0.07150872332063922
2,a70a5c79ac6602f4,2026-08-01,0,0.2557834599969645,0.12576651573181152,0.12785109570013528
2,a78beb5a4101dd7c,2026-08-01,0,0.24760974827603427,0.13610367476940155,0.1370813352530135
2,a7cc5158acc697cb,2026-08-01,0,0.21539842720229765,0.10607412457466125,0.06742202473790113
2,a8ec6d9131404507,2026-08-01,1,0.8376504972981591,0.8550655841827393,0.9374804539766429
2,a9853773d97be2e9,2026-08-01,0,0.15968775289457868,0.025387194007635117,0.022400564472639682
2,a993c3f829a18225,2026-08-01,0,0.17519429600508662,0.16946718096733093,0.17400727528374266
2,aa2b7237ea0c164e,2026-08-01,0,0.03337429295882321,0.12145853787660599,0.14961723940676264
2,aa5dd31b583c2bb2,2026-08-01,0,0.013880495913378735,0.00599687872454524,0.0036306194594782617
2,aac7f68d84e822e6,2026-08-01,0,0.3690801691191708,0.34915584325790405,0.35091462755518416
2,ab54f33cd1aedc2c,2026-08-01,0,0.2863501838977228,0.2827410101890564,0.3261708878962935
2,ab6d577dc0367aa3,2026-08-01,0,0.32459718100800494,0.43864700198173523,0.37135486488996566
2,abaaa5500f004974,2026-08-01,0,0.009181370185933941,0.006713859736919403,0.010071488461922606
2,abefbeacf8d837a6,2026-08-01,0,0.8899443963334955,0.721132755279541,0.8304291747499483
2,abfb637f85e686aa,2026-08-01,0,0.22582660358146284,0.08831353485584259,0.06663465754373654
2,acd9ea1593ffa8a2,2026-08-01,0,0.2181093287688746,0.21250952780246735,0.21490676380068707
2,aceb9166e6ea9e3c,2026-08-01,0,0.7147137286090862,0.7993987202644348,0.7432351140935396
2,ad294aaf9163f411,2026-08-01,0,0.04056212752026122,0.008414170704782009,0.006819934748438928
2,adeb3ec0c5c83bf0,2026-08-01,0,0.8085746868535252,0.8209670782089233,0.8449327465649275
2,ae0c422aff17b6e6,2026-08-01,0,0.06464314240010961,0.1567733883857727,0.19781341663765648
2,ae513f4774ee4bea,2026-08-01,0,0.01631550407892752,0.0034464967902749777,0.004175806911957195
2,ae74c65a1d980abe,2026-08-01,1,0.5690674779094463,0.2811078727245331,0.45996611411875554
2,ae88dc33b2033f34,2026-08-01,0,0.272191095065201,0.25314921140670776,0.20378005560104273
2,aee65690bae5c744,2026-08-01,0,0.28815991324329043,0.16913984715938568,0.122135272212425
2,af34bbf275360e12,2026-08-01,0,0.4030428334622371,0.3619096279144287,0.4012438200186353
2,afbcaa167f760f41,2026-08-01,0,0.0760324083535668,0.050944507122039795,0.051710108646043376
2,afdd5a32b08fe4ed,2026-08-01,0,0.16438453869917283,0.02856483682990074,0.059302552312228
2,aff862107be61687,2026-08-01,0,0.18318431766855947,0.09810244292020798,0.2013431712340086
2,b00593d46073b080,2026-08-01,1,0.8714965718661505,0.8774511218070984,0.9257241653553111
2,b04d8293e23014ac,2026-08-01,0,0.8896465662009818,0.8979423642158508,0.9172928961494325
2,b08f396d0d912b19,2026-08-01,1,0.3345544414188275,0.39438432455062866,0.42423810360985886
2,b106d220b5d0c3d0,2026-08-01,0,0.08439152631802353,0.057597044855356216,0.08020438104256059
2,b18b1ed814b96a6f,2026-08-01,0,0.12639256818780478,0.09401598572731018,0.07810066838916091
2,b1fb2ca89e3dae46,2026-08-01,1,0.8187035239308522,0.7607109546661377,0.8322334827731344
2,b268b655f053d44e,2026-08-01,1,0.6717143120189509,0.6024854183197021,0.5054843996129467
2,b2bc58c5faba8549,2026-08-01,0,0.3222255416253059,0.24783863127231598,0.38263235428332265
2,b2c55a3016c9cfae,2026-08-01,0,0.0234955013473019,0.003416196210309863,0.006593181062602118
2,b2e8545e3ba42f5b,2026-08-01,0,0.7367125198306154,0.5092846751213074,0.41881249913787866
2,b33a3f9f6ecbf7ae,2026-08-01,0,0.07882547286358986,0.0323258601129055,0.026969493616476135
2,b3cb4260c1897c9f,2026-08-01,0,0.3686611819163688,0.330536425113678,0.3532790335041905
2,b4b766d3f6f07b19,2026-08-01,1,0.06927062743340091,0.04230877384543419,0.042922748231001465
2,b543ed956b53fb21,2026-08-01,0,0.05951666860822436,0.013533364050090313,0.01970919053132494
2,b5d50f170b7d2dda,2026-08-01,0,0.29135863932242156,0.17126287519931793,0.18594825345144234
2,b685e41c8bab731f,2026-08-01,1,0.9138167496224581,0.9256895780563354,0.8932421445882509
2,b6a2c6ae226605c4,2026-08-01,0,0.016700757216940698,0.017089378088712692,0.01485640693858682
2,b6db7c0d3d750039,2026-08-01,0,0.013639608763344704,0.0032372032292187214,0.0038152889026803883
2,b6e52720aa621b7b,2026-08-01,0,0.38075831115314523,0.20133650302886963,0.15095502996198554
2,b72539c4f784d677,2026-08-01,0,0.4714851530463385,0.22925825417041779,0.204948088798854
2,b7bb0cf86bf0f2a5,2026-08-01,0,0.6097505006766473,0.7049767374992371,0.6266025925243642
2,b7ca88c8ee1db257,2026-08-01,0,0.26100630325536245,0.1723763793706894,0.1607646079425441
2,b866c4c79541dd80,2026-08-01,0,0.012216993199173149,0.0032183988951146603,0.0031460608237735953
2,b97bc685924b2b14,2026-08-01,1,0.22978988320341848,0.1245487853884697,0.2015744137743096
2,bb73707694903ca1,2026-08-01,1,0.4344585216473349,0.4289395213127136,0.3965817692198668
2,bb808329b557e7a4,2026-08-01,0,0.2866236694832927,0.09573130309581757,0.09336422071600514
2,bbe5f6df6e65ebcf,2026-08-01,0,0.027358514522696536,0.01640261709690094,0.015482359267702866
2,bc0516377fd0c789,2026-08-01,1,0.6391712717954718,0.5972607731819153,0.5739495687654105
2,bc52f54016f9754f,2026-08-01,1,0.3503485612000972,0.29697486758232117,0.21375247477188541
2,bc9daa107d015da2,2026-08-01,0,0.4657303112326741,0.28660857677459717,0.3470664657213167
2,bd196adbbbe6d272,2026-08-01,0,0.016204853301841782,0.007513894699513912,0.005705280438760977
2,bd786391f3063121,2026-08-01,0,0.0637741377286685,0.0410146489739418,0.0421179601120821
2,bd90ae4251c39e0d,2026-08-01,0,0.7193044303562376,0.5632877945899963,0.5528135575477268
2,bee383b051728700,2026-08-01,0,0.12879997784562544,0.2187427133321762,0.1874984342564697
2,bf80315c6b93b0bd,2026-08-01,0,0.48751430146810154,0.3557896018028259,0.40602725562958303
2,bf96aae12dab5cea,2026-08-01,0,0.054094463727996,0.015219714492559433,0.017804532280917773
2,c03f0ccfc4b1e691,2026-08-01,0,0.5393852648148078,0.5159501433372498,0.49737410009954397
2,c0fb3a6ebaf7471b,2026-08-01,0,0.02276424478770419,0.0035250107757747173,0.0018288369032258725
2,c22285f25c000941,2026-08-01,0,0.08220056900721662,0.037324875593185425,0.047971418007948644
2,c2acb7c8ab554229,2026-08-01,0,0.3894469392389163,0.1473565697669983,0.16766241003437082
2,c2b872c39e93e5e8,2026-08-01,0,0.3101417832252228,0.256996750831604,0.23509860855598455
2,c341811d0f584892,2026-08-01,0,0.8276830052881955,0.7722126841545105,0.6756470360605314
2,c34cdf43a9bf0e3f,2026-08-01,1,0.692926219421791,0.9164765477180481,0.866254389012332
2,c3566876df20aacd,2026-08-01,0,0.03435091582877827,0.03590807691216469,0.03153487112980846
2,c3eedfeabc3c1e29,2026-08-01,0,0.2266671128332729,0.09327654540538788,0.12380159943706594
2,c45860f5efb1208c,2026-08-01,0,0.009064986224483334,0.014295795001089573,0.01716998334314409
2,c4a6d01b6c05600a,2026-08-01,1,0.7766374805600751,0.7878040671348572,0.8468395384813772
2,c506c90dc3fa6cf7,2026-08-01,0,0.08804137629872154,0.07679329812526703,0.04223313394892783
2,c550a292113459af,2026-08-01,0,0.6744369808592543,0.7461749911308289,0.7188405845664846
2,c61673cec8bcafea,2026-08-01,0,0.04278658760272123,0.0066875494085252285,0.006794494678612673
2,c6886c535378c0c6,2026-08-01,0,0.1018489859788149,0.05876144394278526,0.08567306597941858
2,c6bec32ee55c3d1a,2026-08-01,1,0.5277081374405376,0.5102995038032532,0.5197581732841364
2,c78fc8d3bec6f090,2026-08-01,1,0.1697603973571367,0.1285005807876587,0.09184724857159977
2,c7c36392d8399090,2026-08-01,0,0.15176019625245246,0.08218809217214584,0.05426527172667888
2,c846f3b00f33a7f4,2026-08-01,0,0.21736808313905862,0.3062211275100708,0.321864688208796
2,c848bfb279ad17ab,2026-08-01,0,0.6156085579992281,0.3573495149612427,0.45243695010665963
2,c8d7a5464390564e,2026-08-01,0,0.759192704072248,0.8078843951225281,0.7776309041867077
2,c8f3261b0643ede7,2026-08-01,0,0.17223581885485997,0.0869327038526535,0.09587068083422119
2,c98c1097d6fccede,2026-08-01,0,0.04290734374775327,0.014895184896886349,0.017573951234309902
2,cb05e2d1aba9337b,2026-08-01,1,0.6814568867625731,0.6982954740524292,0.7187269540080574
2,cb30441a77e12c15,2026-08-01,1,0.6957357534823201,0.7204315066337585,0.6691182773739223
2,cb42d0af969afda4,2026-08-01,0,0.43417112955792125,0.25217297673225403,0.31535294245135853
2,cb57c13fcc674c89,2026-08-01,0,0.2538665486716572,0.16325697302818298,0.184192369730502
2,cb687740f8a06c21,2026-08-01,0,0.4069843814763115,0.43243759870529175,0.35741770037035014
2,cc18d23dd71df0ef,2026-08-01,0,0.11273546502162843,0.02974019944667816,0.051049331221037435
2,ccc9d461554c2fed,2026-08-01,1,0.8496984087730108,0.5699379444122314,0.7231161224050336
2,cd15c6340c591e78,2026-08-01,0,0.3481982748592943,0.2725870907306671,0.2954338185448484
2,cd70488cd98f16c5,2026-08-01,0,0.1605608905333383,0.05347805470228195,0.06227119867602589
2,cdc99d6b72de5a2f,2026-08-01,0,0.1070519907340711,0.057095717638731,0.03612784034864273
2,cdefb8abac5b1ad8,2026-08-01,1,0.1959443513975147,0.14057856798171997,0.13730594216043107
2,ce073daec7af1f64,2026-08-01,0,0.11481345944354708,0.052344903349876404,0.05781367167983331
2,ce447328571488a2,2026-08-01,1,0.9280610325618878,0.9000101089477539,0.9198984001646477
2,ce4b26eb1f4d3720,2026-08-01,0,0.33446440466673066,0.28180399537086487,0.2903045269206005
2,ce98e63e08d79aa8,2026-08-01,0,0.4756287304065901,0.4636955261230469,0.3475181189812435
2,cf7b8472dd7c5265,2026-08-01,0,0.29310552113684674,0.12952758371829987,0.15845953745937885
2,d00e7b5be819521b,2026-08-01,1,0.0205205936645941,0.008767307735979557,0.011804377578092438
2,d0469a65b7e371ac,2026-08-01,0,0.8549514478715764,0.6821692585945129,0.8180787277329384
2,d197dbad181ab2d7,2026-08-01,0,0.007032011320746941,0.0022000703029334545,0.0020093747762591554
2,d22c7db255e9718c,2026-08-01,0,0.030286575387144132,0.024707190692424774,0.029724227209790198
2,d2d51497be442a8a,2026-08-01,0,0.15866834772983948,0.1257571429014206,0.10935645818048634
2,d2fbc09280c79dc8,2026-08-01,0,0.16848120744356682,0.08354814350605011,0.08228063803833313
2,d3c58b03b50e535c,2026-08-01,0,0.27879479433698334,0.319900244474411,0.3513201301299182
2,d42a3f6bb3d3836d,2026-08-01,0,0.11244927956475977,0.26677411794662476,0.23787903120137133
2,d455df5d8c4c6219,2026-08-01,0,0.08217483963464571,0.08126726746559143,0.0798533440525706
2,d47a2df939b02844,2026-08-01,0,0.2703777018067678,0.27475282549858093,0.2789819342611943
2,d64959903d661250,2026-08-01,1,0.521943607498676,0.1318340301513672,0.14940610671985563
2,d65d402c3dc5ba33,2026-08-01,0,0.14996562075792194,0.09497050195932388,0.07341466013446643
2,d704592d8764a35a,2026-08-01,1,0.216380971302496,0.12253491580486298,0.08270009456780023
2,d752907de1be901b,2026-08-01,0,0.3712008497871131,0.1463969349861145,0.12401236230593489
2,d762cfc1876c21a2,2026-08-01,0,0.013920905743133921,0.006780147086828947,0.006406208098330284
2,d7a0ff718ed919d4,2026-08-01,0,0.5946509471127908,0.28688037395477295,0.21361007602738202
2,d7c098d45cba134f,2026-08-01,0,0.07346230277806756,0.0701136440038681,0.1011786663241918
2,d8d0b9e3569f2d8c,2026-08-01,0,0.1142794183500119,0.020947139710187912,0.023114827572626232
2,d8e05853a5a086f2,2026-08-01,0,0.010858263404826273,0.008341069333255291,0.006685679563075446
2,d95d60d6ba88f1db,2026-08-01,0,0.10448423876427593,0.06663137674331665,0.07113198160082548
2,d96f714a500b4e14,2026-08-01,0,0.13676700014271456,0.08683497458696365,0.07381425181189827
2,d982a9eea53bf26d,2026-08-01,0,0.0534971474901064,0.01265820860862732,0.009702297199498956
2,dc50e0ad7d76cbcb,2026-08-01,0,0.4635981204697876,0.2972480356693268,0.18429377428151242
2,dc9314285851258f,2026-08-01,0,0.5208902908794008,0.40106844902038574,0.3095382695852446
2,dc96c4b19288c67e,2026-08-01,0,0.5431120715511937,0.3493501543998718,0.40610976774060453
2,dd45127b81a41d2c,2026-08-01,0,0.14054445358729742,0.10339797288179398,0.05469870242717684
2,ddbe875e48fd4603,2026-08-01,0,0.14043017681311992,0.07123672962188721,0.14182061895135964
2,ddc58b3cba274960,2026-08-01,0,0.05637002736369027,0.013565301895141602,0.024379305543832525
2,de7a0850d3c1a8d2,2026-08-01,0,0.546572087509539,0.6005192399024963,0.6076387221055704
2,df02099efa532a09,2026-08-01,0,0.4767475138261341,0.33427301049232483,0.4285891827287089
2,df2c1073b48b5e0f,2026-08-01,0,0.19875299560249224,0.31258338689804077,0.20591234446445023
2,df720996ec180d46,2026-08-01,0,0.11129346283650503,0.012509181164205074,0.009300273100030934
2,df816c7ff77a1d0f,2026-08-01,1,0.6103095582337892,0.7754008769989014,0.7931855165153607
2,dffa05a13d6658a7,2026-08-01,0,0.2054840332042504,0.10409920662641525,0.07585394631847205
2,e0036651db570a49,2026-08-01,0,0.3760505272009178,0.19042623043060303,0.2715006609206024
2,e08b2928ba8557f8,2026-08-01,0,0.1641306683423173,0.13220636546611786,0.14967823097997002
2,e0de95821fcd6427,2026-08-01,0,0.40880084705075853,0.08621858805418015,0.08147225029561357
2,e104db5bae289536,2026-08-01,0,0.3784647437868175,0.25986024737358093,0.2914547571073916
2,e18062ddc29aff75,2026-08-01,0,0.04820832473605838,0.020026514306664467,0.0324624174782958
2,e209698ebde51d8f,2026-08-01,0,0.3100237765654899,0.11955450475215912,0.0797733244604221
2,e2d911ec09621d3e,2026-08-01,0,0.17158064871619033,0.056545235216617584,0.06575118162186508
2,e2e54325b0b8531e,2026-08-01,0,0.488087404055918,0.35993897914886475,0.5759615845908143
2,e483230cb05e02c4,2026-08-01,0,0.37493059786050104,0.4454045295715332,0.4649473682772381
2,e4a7110c5d85898a,2026-08-01,0,0.1382539444942509,0.058745063841342926,0.07937047598853089
2,e53fb1e10036abf4,2026-08-01,0,0.13749497823714418,0.03372008726000786,0.032640007232350346
2,e544bca75e1f8213,2026-08-01,1,0.8300459010738853,0.788004994392395,0.8386258696312949
2,e5e5565784c41afd,2026-08-01,0,0.48666079316119193,0.34420451521873474,0.31907286567102533
2,e64d1b068d9c84dc,2026-08-01,0,0.4161125850419716,0.3075968623161316,0.33637602296135016
2,e664956ca808a4fc,2026-08-01,1,0.8629011360306681,0.9133759140968323,0.9258336493251884
2,e6e93c9f7312a5f0,2026-08-01,0,0.2862585015632643,0.11864876002073288,0.13929583798164066
2,e7240bca7e27b98e,2026-08-01,1,0.6923971321516269,0.6931924819946289,0.7226842831307733
2,e79df005a5d196bb,2026-08-01,0,0.5563962392542207,0.38424280285835266,0.4218309607641949
2,e7bfe06d611bb47e,2026-08-01,0,0.6917788365063035,0.6606165170669556,0.5523725076039118
2,e994343174492450,2026-08-01,0,0.03937565456198059,0.03228606656193733,0.02616315986564004
2,e9c374cf26088b52,2026-08-01,0,0.2849526834304601,0.11914293467998505,0.09650000559382198
2,ea208e41f6132ea0,2026-08-01,0,0.13102730820286665,0.04126252606511116,0.04285471611976192
2,ea7bb723d54d7194,2026-08-01,0,0.32815469489010357,0.13757579028606415,0.14139445765379635
2,eb0a2a7e48c134f0,2026-08-01,0,0.055567233214498905,0.010849365033209324,0.006273082956880017
2,eb453ca9d6935d8d,2026-08-01,1,0.5558018023317549,0.6164063811302185,0.5729111430504419
2,ebeb4aa720ca0b3e,2026-08-01,0,0.48894349756012884,0.6719776391983032,0.6299017500994425
2,ebfdb71fc07e0fcb,2026-08-01,0,0.7023448211437586,0.8040550947189331,0.7134643987463125
2,ec317ae50e0f0e22,2026-08-01,0,0.04042831708184967,0.013662906363606453,0.02511705110824574
2,ec50fe70891c2c4a,2026-08-01,0,0.029843650321167883,0.027151046320796013,0.018016543021395975
2,ec99e61eb25f8a8f,2026-08-01,0,0.01574099462619334,0.017278244718909264,0.01765412468591226
2,ee1b287db7178a8f,2026-08-01,1,0.4527513295322124,0.6358521580696106,0.6731096183036239
2,ee1f1b478eba7038,2026-08-01,1,0.33040532460384003,0.1904417872428894,0.22123821797382837
2,eed0471c3c376379,2026-08-01,0,0.5556240301038968,0.29036572575569153,0.25507591453068607
2,ef6123652670cfdb,2026-08-01,0,0.009482930110604535,0.0030110192019492388,0.004649418527372897
2,efd156127d074d61,2026-08-01,1,0.8568199672768039,0.8880335092544556,0.9181074905097923
2,f08e478d4894dad5,2026-08-01,0,0.5765755253520812,0.46947407722473145,0.478002177200541
2,f0960757a26e4636,2026-08-01,0,0.241686571421641,0.22534997761249542,0.28478472034536206
2,f0ef712c3572aa09,2026-08-01,0,0.46457441702518887,0.38545486330986023,0.47564965597276004
2,f14e5b1df48bff4e,2026-08-01,0,0.12860204329497832,0.09563836455345154,0.10100476005555535
2,f24ae8de0fc3cdaf,2026-08-01,0,0.06583027025648633,0.021453753113746643,0.008797394706163619
2,f2c39cddd05b29f1,2026-08-01,0,0.24387508771643004,0.1027565598487854,0.08476816662536804
2,f312c0ca275c1a98,2026-08-01,0,0.2079208341392337,0.1636619120836258,0.2072942618133203
2,f32612d758a07a45,2026-08-01,0,0.14528042646448158,0.04956839606165886,0.06390037340370959
2,f3342644297985e7,2026-08-01,0,0.47382548439974687,0.4287633001804352,0.3021542157401296
2,f3aafd31c4c5250c,2026-08-01,0,0.3753159230833983,0.36326083540916443,0.550518400496731
2,f4aac3c943c8437a,2026-08-01,0,0.5889628957515798,0.6118298172950745,0.7183248173332233
2,f4cdc2d7ca957111,2026-08-01,0,0.08492118079153545,0.07480809092521667,0.03703620033496591
2,f503a105e6af961d,2026-08-01,0,0.4809521911844124,0.45332208275794983,0.42769077119605564
2,f53b0762c6ad000b,2026-08-01,0,0.1403770532622205,0.23150460422039032,0.2520536640048005
2,f53fffbe28bc6353,2026-08-01,0,0.07861617099467648,0.04246406629681587,0.028925238580609868
2,f691cd3a8bbcf06b,2026-08-01,1,0.7068734837711177,0.6961615085601807,0.7205147474770174
2,f7474a760799a28d,2026-08-01,0,0.6494991262851216,0.5479957461357117,0.5230337170210145
2,f7b256f8a3dfb961,2026-08-01,0,0.39346906350166094,0.3939569890499115,0.4023730695898547
2,f8e4b3bd7a4f4249,2026-08-01,0,0.30933668782518176,0.17956089973449707,0.2178155374435709
2,f8f6bc396c856e6c,2026-08-01,0,0.05531760949494387,0.03486526384949684,0.03244876375542069
2,f968178da99482d6,2026-08-01,0,0.37169408170087753,0.41182950139045715,0.4079443310194539
2,f9b09850b08a1a09,2026-08-01,0,0.013232508925485133,0.002629608381539583,0.0016324242196127296
2,fb4789afae979d69,2026-08-01,0,0.08072884027875528,0.08346331864595413,0.08245533710504124
2,fbfec11256103ec2,2026-08-01,0,0.26871976763711075,0.15260156989097595,0.14825416002381803
2,fc1338e87e0bfd41,2026-08-01,0,0.27976183410817757,0.14873792231082916,0.16357443378869865
2,fcd974f757f5393c,2026-08-01,0,0.009995380812536517,0.00414632074534893,0.003658706759713395
2,fd4003ce77985cec,2026-08-01,0,0.5482875994994225,0.2309563010931015,0.25920939243391156
2,fd58a020ca82dba9,2026-08-01,0,0.729116718874954,0.7905595302581787,0.7864392914201718
2,fddd3b61d250b726,2026-08-01,0,0.5803207699573375,0.5376268029212952,0.6164882411642575
2,fe15279b0160812c,2026-08-01,0,0.3454054271064688,0.42746034264564514,0.45302091206324896
2,fe36bb1bc56b3957,2026-08-01,0,0.16615101134395083,0.12285798788070679,0.17132717289253852
2,fe3da5d11c28a32c,2026-08-01,0,0.007269102830321106,0.006475136149674654,0.004814274091156328
2,fe5b1a1f9f6dbd1a,2026-08-01,0,0.035481779532905475,0.021045450121164322,0.013481900222922021
2,fea52414f6f2c191,2026-08-01,0,0.04930634109767434,0.03420240804553032,0.024394982859387
2,ff134a73518a556c,2026-08-01,0,0.25899136597721395,0.15472328662872314,0.16010180713500224
2,ff75413420fe9f77,2026-08-01,0,0.30109942999357187,0.12409425526857376,0.1771349086119747
2,ff938bd209c11109,2026-08-01,0,0.005572962308145184,0.0017657476710155606,0.002828009278752626
3,000998b044e34765,2026-08-01,0,0.7107640646938549,0.6467024683952332,0.6185516324231329
3,00109e082ad4b1c3,2026-08-01,0,0.018559332329064517,0.006239990703761578,0.004546129689137398
3,00546da6f5f418dd,2026-08-01,0,0.27804267501392255,0.19171442091464996,0.10032508525194667
3,005e8258e7c9ac7b,2026-08-01,1,0.8997403786673637,0.8838953375816345,0.9236816039028071
3,00e3a2213dfd8b32,2026-08-01,0,0.09344581674726343,0.012009109370410442,0.009313997510290287
3,0182d85d717ad467,2026-08-01,1,0.8864812136124179,0.8968148827552795,0.8482106594745225
3,01a6a68c2be44d47,2026-08-01,0,0.5434266361012396,0.35773640871047974,0.5010138515487879
3,02bdc8b6d11cd161,2026-08-01,0,0.03504861681439213,0.023297207430005074,0.02737818166761054
3,03455db41c062e31,2026-08-01,0,0.2184140843620091,0.10437148064374924,0.1417720363954223
3,0409946a8d1aee83,2026-08-01,0,0.06988199847835928,0.04253104701638222,0.022437227948437447
3,04d43b36d10bcbe0,2026-08-01,0,0.2068411223137932,0.13429252803325653,0.14932786687055238
3,05224b7ff78912bb,2026-08-01,1,0.17239806932760493,0.09596945345401764,0.08345559460537962
3,0526640e5c66a7b4,2026-08-01,0,0.1226703560627434,0.09754534810781479,0.08439833476290669
3,05f21e8bb8680bf2,2026-08-01,0,0.25336985916497945,0.18917982280254364,0.3450690663644487
3,06149af9c732896c,2026-08-01,0,0.3589140346234562,0.40022343397140503,0.2777576271992661
3,06f1602df4ad7121,2026-08-01,1,0.7013509466057768,0.7225736975669861,0.6948020008367426
3,07c4e3534a7f9996,2026-08-01,0,0.3202536516732471,0.38954585790634155,0.366275926575051
3,0852ac25394a9bbe,2026-08-01,0,0.26899865543760354,0.07613237202167511,0.13794990784197272
3,089ea1250504b855,2026-08-01,0,0.32167860240356055,0.3737754225730896,0.37098257979276167
3,08f2ae28aab152c1,2026-08-01,0,0.027572611789663973,0.0171747375279665,0.012642006108128104
3,09cfa28f468dd3fa,2026-08-01,0,0.40480001883931355,0.268323689699173,0.30839299227700895
3,0a2195b1dc338d3f,2026-08-01,1,0.7384841491025547,0.7693541049957275,0.8025891708427185
3,0a8b3f513b39e521,2026-08-01,0,0.033368496757963176,0.015067688189446926,0.020218909737674696
3,0ab9f23d4cf15c9b,2026-08-01,0,0.10752985996949974,0.1327401101589203,0.13957334189306886
3,0b4efcfd33121b44,2026-08-01,1,0.3673018672327586,0.4581819176673889,0.5712529384941977
3,0bd07d158a5050bc,2026-08-01,0,0.692043660883916,0.7413246035575867,0.6801556415381306
3,0c981ec81f5cfcc2,2026-08-01,0,0.1636491192572292,0.16771182417869568,0.10430037308329028
3,0cb52cddd97b9214,2026-08-01,0,0.06506900156339422,0.032859474420547485,0.04699003099092785
3,0e16069ca1fcf41b,2026-08-01,1,0.8140333976522359,0.7390004992485046,0.7134846025825162
3,0f1d73b9f8059747,2026-08-01,0,0.7489965032068675,0.6230260133743286,0.6951945174939476
3,0fabbe4d38b8c187,2026-08-01,0,0.27552919378493584,0.4716351330280304,0.36845192122420767
3,0ffc63cf079ceb01,2026-08-01,0,0.3596451625751257,0.3051217794418335,0.4520239320281731
3,10c0f2871fe56918,2026-08-01,0,0.013449463190460174,0.002354405354708433,0.002721918558191156
3,10cbfe59da7766be,2026-08-01,0,0.23071524943841457,0.11911456286907196,0.1722250248624993
3,118a9fa10c23da3a,2026-08-01,0,0.3405216950427391,0.22246053814888,0.24537739735580386
3,123324da5cd7db74,2026-08-01,1,0.3647634413461471,0.24217355251312256,0.24919699199454254
3,128f4ba38ab0bbd8,2026-08-01,0,0.7074562906257414,0.41123953461647034,0.5499622743151631
3,12a67cddf5d6f0b2,2026-08-01,1,0.6472730290815508,0.4819071590900421,0.5868829204234729
3,132820fe45333f01,2026-08-01,0,0.10230849722681609,0.11881866306066513,0.1432241255444382
3,1354102b5ef93db8,2026-08-01,0,0.05761971283220747,0.05260085687041283,0.06253071905817947
3,13b606a8b6f331a0,2026-08-01,0,0.060727363311078655,0.051651936024427414,0.052088704724986126
3,13b8bdc160dc15c9,2026-08-01,0,0.03644490728734356,0.006504864431917667,0.0058270278825129996
3,14140a36ad4a52b1,2026-08-01,0,0.7336484240351983,0.7288917303085327,0.6076066802516578
3,1418298ca1fa2e6b,2026-08-01,0,0.32270799195867317,0.16516222059726715,0.1925247589540114
3,14475dadfc55c9d7,2026-08-01,0,0.12597460945459138,0.0876624658703804,0.06827705930909933
3,14935fc793fc4001,2026-08-01,1,0.880873264635137,0.8852686882019043,0.8577472661644822
3,14f98f1241a934c7,2026-08-01,0,0.012923790541421442,0.005253421142697334,0.0037885349146989642
3,1600ec1425bc48ef,2026-08-01,0,0.038178270437715614,0.011529904790222645,0.015165125652834621
3,16d900daf788b04f,2026-08-01,0,0.156038236966841,0.023101339116692543,0.042647477302188395
3,16e47655b7a36da0,2026-08-01,0,0.008208389279311189,0.003884498728439212,0.0024008269894618666
3,177a02b14a0960b8,2026-08-01,0,0.07051522379365928,0.08723185211420059,0.09879740477457158
3,18e08f6b0f820d1b,2026-08-01,1,0.2777332782930163,0.13306467235088348,0.10313855510133894
3,1960f7de5b4f29b7,2026-08-01,0,0.029789316107634786,0.013016758486628532,0.011345862324531938
3,1a249d2be37b4b0c,2026-08-01,0,0.03344646626498335,0.05974595248699188,0.024242230366084555
3,1a41e6fb399a86cd,2026-08-01,0,0.03732822961122216,0.005633971653878689,0.006402958989325064
3,1aafc576b158a36d,2026-08-01,0,0.6304581259336149,0.3461233973503113,0.3336677002332538
3,1ae0520afd8f0a62,2026-08-01,1,0.3689340469537632,0.30602458119392395,0.3638933611085561
3,1b959349f9c1c96c,2026-08-01,0,0.5288983509791586,0.45827147364616394,0.4260773574615822
3,1c76d01e1d05bfa6,2026-08-01,1,0.30389963056210356,0.1934443563222885,0.17941378917063217
3,1ca61506c75a7954,2026-08-01,0,0.02406375160448098,0.009586204774677753,0.008342857713806311
3,1d027c1a78e3c15c,2026-08-01,0,0.0501126908497872,0.0650506541132927,0.08384391872149603
3,1d7cc60edf77e92c,2026-08-01,1,0.25499313150803904,0.16232575476169586,0.23469185050205732
3,1e05fccb80775c20,2026-08-01,0,0.14664831473287,0.08482719957828522,0.11033462472971357
3,1e0f7c096046e73f,2026-08-01,0,0.02888949338021355,0.009426867589354515,0.012308974369353656
3,1e1c38a8a08c2fc3,2026-08-01,0,0.017320278924591908,0.016458315774798393,0.008737020345716566
3,1e6a86c99b8daab2,2026-08-01,0,0.4758771837699185,0.3002682328224182,0.42869843181087824
3,1e7c0e06f8ff7762,2026-08-01,0,0.3856776930611657,0.32922521233558655,0.319260151822446
3,1f6d1b3718fc041f,2026-08-01,0,0.10289810143480839,0.03627495840191841,0.05605592405074194
3,1fa357185a1a4d62,2026-08-01,0,0.03231160892097294,0.016675099730491638,0.012851863951955027
3,1fb0dea450db36f9,2026-08-01,0,0.4359116909148782,0.2981523275375366,0.3930123064148952
3,1fbd513f04d514b6,2026-08-01,0,0.39796351341842895,0.32198208570480347,0.2975100552525829
3,202740edb3c60c0e,2026-08-01,0,0.09094915643709829,0.03593745827674866,0.04051677154267939
3,21df84122884a6cd,2026-08-01,0,0.20921711198306062,0.3048872947692871,0.14336722553186845
3,21f93301ec0c560b,2026-08-01,0,0.4390373315112728,0.3280412554740906,0.28277925642399665
3,21fa64b3c61b7783,2026-08-01,0,0.13165705889160864,0.034412384033203125,0.015326963909132534
3,21fc573bb23cff8d,2026-08-01,0,0.12168866783108195,0.11215201020240784,0.1280547560528121
3,229394f4e3fc5078,2026-08-01,0,0.05976118576036249,0.02978014014661312,0.03207240543026505
3,22cebc06d06deb0d,2026-08-01,0,0.01596689785259089,0.007469953503459692,0.01160979968352527
3,2344970018bfbd3e,2026-08-01,0,0.3318124575775464,0.3308303654193878,0.33578229281486105
3,2392ceb9a13f1ac2,2026-08-01,0,0.016826644793403202,0.004787531681358814,0.008383278238643018
3,24e1cd51cffecbeb,2026-08-01,0,0.05170313253777477,0.022736767306923866,0.023755677375203926
3,24f6067ffc8b0eb5,2026-08-01,0,0.007573833920868662,0.0033457183744758368,0.002212530085520746
3,257d0fee192f061e,2026-08-01,0,0.025190164337610375,0.015967480838298798,0.010933929743848103
3,261a136ed370afae,2026-08-01,0,0.17837807174127412,0.10485606640577316,0.13034354050625907
3,263f4e0fa404d1ac,2026-08-01,0,0.7158119071972828,0.710472822189331,0.6362620730401549
3,265932d2d3d5a969,2026-08-01,0,0.8530768695208931,0.9209577441215515,0.8987834425762184
3,266af0ffd58dbaab,2026-08-01,0,0.034251867220969276,0.027431780472397804,0.029428400236627555
3,266d9727b5135de2,2026-08-01,0,0.0967452612734828,0.09405594319105148,0.09519442003964695
3,279898f47f01e1ce,2026-08-01,0,0.5238907186794491,0.6049145460128784,0.5101736267364132
3,28280a2f2364e812,2026-08-01,0,0.6221437118205586,0.8129671216011047,0.7188272827878307
3,297a75b80ab346c4,2026-08-01,0,0.8235425731022623,0.7596004009246826,0.7528169223008586
3,2a191c9f48e96d58,2026-08-01,0,0.06266752876256342,0.04021443426609039,0.02705032334874713
3,2b1080000087328f,2026-08-01,0,0.1183776405381965,0.08296000957489014,0.09632475225199
3,2c689da8939c4021,2026-08-01,0,0.1657267289266956,0.025363264605402946,0.037580520952993794
3,2d21a30daf1ee747,2026-08-01,0,0.15480604650715607,0.16244326531887054,0.16542421122266082
3,2d35f42718d60432,2026-08-01,0,0.1861463415407353,0.12787111103534698,0.10570639083272082
3,2db5e3ae0d9640a4,2026-08-01,0,0.034812752407706524,0.023777272552251816,0.033287914066956525
3,2e504f6878387695,2026-08-01,0,0.04001277167310897,0.033394865691661835,0.01705258689799045
3,2ea59cc760760b49,2026-08-01,0,0.322685649406854,0.31031084060668945,0.251779487988951
3,2f05c90e1be551d3,2026-08-01,0,0.46718799671736616,0.4461230933666229,0.3824244207711767
3,2f88352227fddbfc,2026-08-01,1,0.47985836927244946,0.26659420132637024,0.26329970908399025
3,2fc4944006e6b3a9,2026-08-01,0,0.01941892587872683,0.025900475680828094,0.02068641101966827
3,2ffd09370eec20b9,2026-08-01,0,0.5094552982931376,0.34432467818260193,0.3551554480626474
3,300e25f5df0d3324,2026-08-01,0,0.12605276802965046,0.059985771775245667,0.03877443180312544
3,302a1d103cfda506,2026-08-01,0,0.015069439312803967,0.006469246000051498,0.006356893457323819
3,312deb51eca56a9e,2026-08-01,0,0.1624078251438942,0.2128031700849533,0.13799960509298687
3,3159ee2cbfe5f888,2026-08-01,1,0.8137166618435392,0.7189581394195557,0.7344072128078516
3,3170c0625de6eb0b,2026-08-01,0,0.24514161864677247,0.4817662239074707,0.38698825393617625
3,31f99064e58b7161,2026-08-01,0,0.06225470476519525,0.02606208808720112,0.041438024057320666
3,32787db450f56afe,2026-08-01,0,0.4679029073003643,0.6344016790390015,0.5985517598841616
3,33d7cca947f341af,2026-08-01,0,0.4351920868342804,0.47522032260894775,0.434708750576371
3,341dce90be393c28,2026-08-01,0,0.11979440076756148,0.07345058768987656,0.06160057319448762
3,3437b467460612b9,2026-08-01,0,0.04242690157259025,0.019331268966197968,0.02605173441014397
3,34614059140da0c2,2026-08-01,1,0.6519019052251526,0.727847695350647,0.7371174049485445
3,34def2d93a7da9cc,2026-08-01,0,0.10956415496505327,0.04106586053967476,0.05733591636506756
3,352c458ff5d9d235,2026-08-01,0,0.06003575710327862,0.011567942798137665,0.01914302152466951
3,362853abd36ddd02,2026-08-01,0,0.057179344428675075,0.015089939348399639,0.018424435213732708
3,36a26c2e42ad4012,2026-08-01,0,0.5506013665340473,0.7354846596717834,0.6534462158999155
3,372772d7453bbb9b,2026-08-01,0,0.056423661199411244,0.013775358907878399,0.014917821940812077
3,393e65484d96a9d9,2026-08-01,1,0.6522643996175902,0.506028950214386,0.5906848668335282
3,393ebb629c08de6d,2026-08-01,0,0.2080900173935043,0.09980764240026474,0.07751796117255431
3,396a5c34afa9f8b3,2026-08-01,0,0.0460696219248621,0.01852191798388958,0.015182841934022116
3,3a45833df2a6a662,2026-08-01,0,0.14242316077197378,0.44690051674842834,0.5410272015787714
3,3a7b20de812e67bd,2026-08-01,0,0.5519723528354092,0.49409613013267517,0.4177695768266763
3,3a7d9aab7865a0d8,2026-08-01,0,0.07327776337297062,0.017113061621785164,0.018354485618466858
3,3a8c2ea00aa8e298,2026-08-01,1,0.3576038133020718,0.3070361018180847,0.2132501201704181
3,3aca12b7d3269690,2026-08-01,0,0.10453103004165677,0.07651974260807037,0.04412999267647699
3,3ce814b74a0d2feb,2026-08-01,0,0.5382861708877987,0.5243330597877502,0.49454560146076376
3,3d290213df0015b5,2026-08-01,0,0.6823414819529842,0.7211983799934387,0.7281958447937914
3,3dedf628881fd1e9,2026-08-01,0,0.8836297932334805,0.8954495191574097,0.8398383565082511
3,3e021e7358375391,2026-08-01,0,0.09957830268556526,0.12249644845724106,0.13416898416881373
3,3e53f02deba0a50f,2026-08-01,0,0.19266140518874145,0.13597464561462402,0.16658536359371912
3,3e58bc60ffd70959,2026-08-01,0,0.47616361919793754,0.4689631164073944,0.4262003013000229
3,3ef85db76da7c91b,2026-08-01,0,0.07038758693150156,0.025041773915290833,0.03833231083213981
3,3f24fc8ab688c745,2026-08-01,0,0.5565100730913095,0.4955507516860962,0.3854921903997043
3,4099253c0972db5c,2026-08-01,0,0.02448334983359453,0.017191534861922264,0.02134493148016363
3,40d2edb6c05693f2,2026-08-01,1,0.6854475407445714,0.5754536986351013,0.5613972700868606
3,4155c614086b000c,2026-08-01,0,0.13134169527117703,0.11271343380212784,0.08723682244018816
3,416f7af494439ed5,2026-08-01,0,0.3923053056599641,0.37198129296302795,0.4090784965991515
3,42129b4048016115,2026-08-01,0,0.02205660443636811,0.008562814444303513,0.005331238880638227
3,422334fefa6ca4cc,2026-08-01,0,0.5068461592234017,0.24255309998989105,0.3330396030632502
3,42414f8234182a6e,2026-08-01,0,0.057279882282609,0.010890635661780834,0.014432399322018966
3,445992b16b2f4c15,2026-08-01,0,0.06577195337507849,0.0214596688747406,0.023417998726758277
3,44bf84c61fa17513,2026-08-01,0,0.21504545229482003,0.15604600310325623,0.15847755935252755
3,44cd2612bdb2c9ea,2026-08-01,0,0.3775698646480843,0.20783968269824982,0.21354561182240744
3,45864395db5190a8,2026-08-01,0,0.30483902322500456,0.3650897741317749,0.39440821174358337
3,468e096fc731dc12,2026-08-01,0,0.5550549821120188,0.8423110842704773,0.8239571490346806
3,46b13ce756419283,2026-08-01,0,0.14428684507114722,0.041209589689970016,0.030641002615826193
3,46c72e5c641eee03,2026-08-01,0,0.013763273745573831,0.01246458850800991,0.01159734608384573
3,46de47519977dda3,2026-08-01,0,0.059512302941283374,0.015387317165732384,0.015874057522719146
3,46e89cf0dc254ef0,2026-08-01,1,0.46405558651012224,0.6559349298477173,0.61973609504619
3,4717c439b62876f7,2026-08-01,0,0.21668912344568744,0.16296878457069397,0.14809515860686295
3,477681c04f803e51,2026-08-01,0,0.2574114864275474,0.17442640662193298,0.25566298197043646
3,4810f9a151eae8da,2026-08-01,0,0.1532594066759013,0.13027945160865784,0.22503765312034682
3,487f2e6378a4ab54,2026-08-01,0,0.7576303528367344,0.8050811886787415,0.7497068498624598
3,4a7771c7da3d1fdd,2026-08-01,0,0.5420291559598008,0.4894438087940216,0.3248025856913381
3,4abb94a7b612d072,2026-08-01,0,0.7922319415072069,0.6430675387382507,0.7124932661214189
3,4ac39df9aafd1cd0,2026-08-01,0,0.6252605338112142,0.6714373826980591,0.6475839528997365
3,4af2c430dc4ad56f,2026-08-01,0,0.5418298621359825,0.7390676140785217,0.7147549323573849
3,4b43d7fe4ea73751,2026-08-01,0,0.2867204793564598,0.30155888199806213,0.31278384832336853
3,4b5bf7c6012f3502,2026-08-01,0,0.029122834669759894,0.008621647022664547,0.007108029123419845
3,4b85e617d6dbe380,2026-08-01,0,0.784846063450686,0.873431384563446,0.8438749914735854
3,4b9203c040cac93a,2026-08-01,0,0.01003588525644277,0.004875730257481337,0.0021136815915838523
3,4ba30d1e6fac0ec7,2026-08-01,0,0.27645090791971655,0.2620645761489868,0.18866875920113807
3,4bb201b4d18baaac,2026-08-01,0,0.40520743205923926,0.33253106474876404,0.2960650812455408
3,4ca582e2a1c199b4,2026-08-01,0,0.20645706680693002,0.11472706496715546,0.13923468966430264
3,4d1f770529b1eaa2,2026-08-01,0,0.2088661637004855,0.2100726217031479,0.19339551367338345
3,4da31aef782691f4,2026-08-01,0,0.414849678671758,0.2632324695587158,0.36181246888538743
3,4da43460e9b7d1d1,2026-08-01,0,0.14272178660110305,0.028547709807753563,0.03415055721013853
3,4df14413b551fab7,2026-08-01,0,0.012961763776674006,0.0022673069033771753,0.0013656654260171654
3,4e48d0ae9a8b28b4,2026-08-01,0,0.9333684391210584,0.9661848545074463,0.9838035007732183
3,4eb6d19c42d194c5,2026-08-01,0,0.1918754675257223,0.23132316768169403,0.20575600375789282
3,4f3f0906a7bed000,2026-08-01,0,0.01460109400080442,0.005004297476261854,0.002665630783409866
3,4f5d24729622d0e2,2026-08-01,0,0.09317311666400734,0.06574791669845581,0.08774189631635924
3,51bbec83fb68550a,2026-08-01,0,0.16295089311700278,0.0831783264875412,0.14186091501875198
3,51e01124438f150e,2026-08-01,0,0.22925205754415684,0.3089677095413208,0.30336884288338267
3,525de3e2323179e1,2026-08-01,0,0.04959270980915415,0.012864491902291775,0.009002803946619198
3,53e4d1a222d070a5,2026-08-01,1,0.7992189021420444,0.8556245565414429,0.7054655362367493
3,5422f09ac5145f62,2026-08-01,0,0.19312711964631601,0.12390593439340591,0.143774844976568
3,5466a81ec27fa22b,2026-08-01,0,0.5255358878877568,0.5273088812828064,0.4848792355884044
3,54a791a82a5b40f0,2026-08-01,1,0.8318817718288515,0.8799120187759399,0.9064860723862397
3,560063648e706b19,2026-08-01,1,0.28858457778194274,0.24144509434700012,0.25157636563039915
3,5661bd727e59887f,2026-08-01,0,0.2276112023554919,0.14465457201004028,0.12496934375298313
3,578a287788101b59,2026-08-01,0,0.2691278097088529,0.5259142518043518,0.5427478303341622
3,57924900120516eb,2026-08-01,0,0.12234563575282607,0.13909395039081573,0.12407355189309177
3,581aee4fe8db385e,2026-08-01,0,0.1267342811969274,0.1284807026386261,0.10684643949704016
3,58516adc65369d10,2026-08-01,0,0.20937556159138318,0.41188913583755493,0.39277451768096366
3,599f48295cb41d37,2026-08-01,0,0.017978491887600177,0.009622931480407715,0.009247973543480536
3,59ebabe7ec08e5ca,2026-08-01,0,0.2561676624837261,0.22965826094150543,0.23316211426031994
3,5b289c04ee6c336a,2026-08-01,0,0.07727483898635625,0.027531631290912628,0.02906942837637562
3,5b4c638a58a798b8,2026-08-01,0,0.02320264651583485,0.003665672615170479,0.005072324322826043
3,5b80f3953b40ff93,2026-08-01,0,0.23811899716264662,0.16601605713367462,0.1207682048937842
3,5baadf07644f2d51,2026-08-01,0,0.6627368863865876,0.776019811630249,0.7487931094559869
3,5bb2801a77e2fd57,2026-08-01,0,0.22850010049380298,0.08690216392278671,0.06681710725009722
3,5bc1c7684de7f9cb,2026-08-01,1,0.7963060223275685,0.7896247506141663,0.6494970046941753
3,5d07219f0cb653e3,2026-08-01,1,0.15959576086902322,0.07761505991220474,0.09099963973192857
3,5d27647521aa8de8,2026-08-01,0,0.08396558482247661,0.050257883965969086,0.040222372605916344
3,5d3905daab645d12,2026-08-01,0,0.47184455607467846,0.3062583804130554,0.33787210404618306
3,5dc78c68a93074b8,2026-08-01,0,0.009626503728498917,0.004858863074332476,0.003789248476670628
3,5ecbb3903c2ce8fd,2026-08-01,0,0.05750156776216678,0.018820058554410934,0.01609322989994137
3,5ece8981bf4352bf,2026-08-01,0,0.26519492899936664,0.40975895524024963,0.49125711616310785
3,5ede8205150e53a1,2026-08-01,0,0.17670100243227854,0.15388554334640503,0.2250060909606137
3,5ee8f21b84787106,2026-08-01,1,0.8581596245158253,0.9264172315597534,0.951284424995043
3,5f7a2d6de69d7ede,2026-08-01,0,0.26234186079597255,0.10190889984369278,0.08876414644189629
3,6002048381910721,2026-08-01,0,0.20330613271957657,0.12123975902795792,0.08814045947467447
3,60251b089a43d7d4,2026-08-01,0,0.26578037134618715,0.11836747080087662,0.14022773047562861
3,60a7f9f82b7b44aa,2026-08-01,0,0.2142665590730681,0.1314861923456192,0.10184974230478876
3,6145b7935a2a8fd9,2026-08-01,0,0.43827904354152925,0.5150536894798279,0.4936265762669034
3,63aae24330d6243a,2026-08-01,0,0.21170747205633345,0.23240849375724792,0.35031046295081547
3,63c08e6bcfe357cd,2026-08-01,0,0.08223976039181043,0.06490747630596161,0.0395476420090717
3,64347532b9b13da8,2026-08-01,0,0.005584113470847197,0.0020736961159855127,0.004668908672175123
3,645469bfe408c529,2026-08-01,0,0.16536622912714852,0.08687543869018555,0.09466240511969516
3,64961fb7036391ca,2026-08-01,0,0.010557799274334643,0.026540908962488174,0.011498418866343289
3,649b0a70e63eaee9,2026-08-01,0,0.02092113992399126,0.003067911136895418,0.0028960592830833028
3,650633b7d415a7f7,2026-08-01,0,0.5542026016215085,0.1916906088590622,0.4000362950473672
3,660dc136de6699be,2026-08-01,0,0.4148319099508146,0.20378807187080383,0.20453813424840211
3,6680d0791b52e25a,2026-08-01,0,0.05368261917179543,0.03696287050843239,0.04049695434252347
3,668fd6e7b340c9a3,2026-08-01,0,0.5750339134436844,0.30508318543434143,0.47618152106645917
3,66ef83d39f9dac4e,2026-08-01,0,0.5253169666370503,0.3768102824687958,0.41982435647457694
3,676a5d0e467210f9,2026-08-01,0,0.29480273928669337,0.2113448828458786,0.16822245100194
3,683bb032740e3e77,2026-08-01,0,0.754893309010909,0.7748562693595886,0.6879103976320552
3,68cc7c318b7b158e,2026-08-01,0,0.20792004847897289,0.16983117163181305,0.16765174029496302
3,68cd24af09ef8486,2026-08-01,0,0.1630247218950423,0.07966580986976624,0.08984093715365962
3,696bc6c78487ca87,2026-08-01,0,0.2455817712514646,0.24395306408405304,0.2186127709046632
3,6a2a566aed5547f2,2026-08-01,0,0.800305169924549,0.8209615349769592,0.8132414060551565
3,6a88affe41a66ee0,2026-08-01,0,0.793060106201127,0.8683484196662903,0.839621780239129
3,6ab988cd24199c3e,2026-08-01,0,0.06752000678543975,0.057221800088882446,0.0836071809600617
3,6bb407bfb69cc238,2026-08-01,0,0.8178083804447225,0.849071741104126,0.9031256581692376
3,6bc3c71bfbace810,2026-08-01,1,0.7050619878394216,0.8256834745407104,0.8583245926195907
3,6c4998dbdc47ac5b,2026-08-01,0,0.4627091180636611,0.5015883445739746,0.5651990424966946
3,6d8912b48efe14a7,2026-08-01,1,0.7670440347774068,0.6503927111625671,0.57508887817082
3,6e8ea08210e8da3f,2026-08-01,0,0.5708234243146453,0.30855581164360046,0.42588523187939187
3,6ef045018206cb55,2026-08-01,0,0.023991542296936647,0.005087380763143301,0.006702789628807627
3,6f4eca54c3aa2bc1,2026-08-01,0,0.5674112099021051,0.36201128363609314,0.3455502385198494
3,6f6792f3a97dfb88,2026-08-01,0,0.022981141472700778,0.002844845876097679,0.0058961245016843225
3,6f759192629d8ffe,2026-08-01,0,0.11257871294162844,0.08075336366891861,0.09745901003397962
3,6fe3c44dd9cbfaae,2026-08-01,0,0.3090519378418181,0.20622912049293518,0.18185314082136636
3,70d8f56bb47fa695,2026-08-01,0,0.11876930391875096,0.04652858152985573,0.029940858358577984
3,7135bf0f61d1ff45,2026-08-01,0,0.03188027273324032,0.012328439392149448,0.016237802399313696
3,71a3beeadba4a14a,2026-08-01,0,0.170049525519115,0.10774145275354385,0.08098904170522211
3,71e919dc2fa877e9,2026-08-01,0,0.00616866565443965,0.003267037682235241,0.002306380196557755
3,7256b09caa899831,2026-08-01,0,0.06408489673844635,0.039581771939992905,0.05153678619233307
3,72a3bc4213e3cb58,2026-08-01,0,0.18746684812128478,0.07342454046010971,0.11050017628918063
3,732b3a0cded95339,2026-08-01,0,0.24632358096338192,0.3272540271282196,0.3588438097622137
3,739a8078e2c0c28a,2026-08-01,0,0.4303685905669175,0.43892812728881836,0.3261419969028415
3,73a854d1911e1c4d,2026-08-01,0,0.01572504323174919,0.0027946955524384975,0.0013378097709764731
3,748f832ff17635e3,2026-08-01,0,0.47315082480904685,0.2964573800563812,0.44688642786935046
3,74a08a598a032a1d,2026-08-01,1,0.5670678343014822,0.6578673720359802,0.6585326047998336
3,74d47a9d4a58942e,2026-08-01,0,0.048872959444582365,0.022653907537460327,0.021031956325982558
3,7528e5d9aa2facb1,2026-08-01,0,0.020195661170638292,0.015283302403986454,0.023774720657221613
3,755745df95ff0a69,2026-08-01,0,0.3606893652040525,0.30157262086868286,0.34930842778244375
3,75703715f50699db,2026-08-01,0,0.1093187567919898,0.1033591777086258,0.10806750586573165
3,75e80b55e66c2732,2026-08-01,0,0.022960110735462978,0.009844407439231873,0.012592309385925805
3,76d79330dc07537e,2026-08-01,0,0.02017799178174227,0.0044529857113957405,0.0024377785718598653
3,776384347af07be1,2026-08-01,0,0.3396187714048683,0.41355809569358826,0.25808609750114414
3,77ad16d00dd7763f,2026-08-01,0,0.06977697081469085,0.16439604759216309,0.18777194352693813
3,77ba0a399e463009,2026-08-01,0,0.22876951483117391,0.15689517557621002,0.17590124448499422
3,7801f3daf2795469,2026-08-01,0,0.0950097141836368,0.04751530662178993,0.05983250088167977
3,7822f667387b29c7,2026-08-01,0,0.10618872906170976,0.04537642002105713,0.04119043014837805
3,783f1435d067b6da,2026-08-01,0,0.15215826150735764,0.06718941032886505,0.06211226735012639
3,786148badc8885a8,2026-08-01,0,0.44027125246562315,0.646382749080658,0.6004549430753031
3,794117e30646a384,2026-08-01,1,0.6533469360898957,0.5226989984512329,0.49602447320433635
3,7993b9d06cc9138f,2026-08-01,0,0.01666977434124392,0.013363953679800034,0.006260368260518516
3,79bef50ddebf7136,2026-08-01,0,0.029197102527971523,0.005962763912975788,0.009657669542000685
3,7a13a0eea6307278,2026-08-01,0,0.6932136557103389,0.6781395077705383,0.6926820190772535
3,7a931f36e2766186,2026-08-01,0,0.3360729936115875,0.3898530900478363,0.36100925815240226
3,7b22593523b7444c,2026-08-01,0,0.4949056330180568,0.5565345287322998,0.6321543362351775
3,7b404a403b4f0e5c,2026-08-01,0,0.10226159168586904,0.11509791016578674,0.08718571023312957
3,7b6c1d974eb1a170,2026-08-01,0,0.45739199757849175,0.5021806359291077,0.5563324243684825
3,7bb45507640e3943,2026-08-01,0,0.6957501386446869,0.57515949010849,0.5805993185590309
3,7cc77d4f9904a8e1,2026-08-01,0,0.518457082170975,0.4384520351886749,0.5221817880537103
3,7d33acd56b024065,2026-08-01,0,0.1677119258890968,0.1727495789527893,0.1103884761888986
3,7e3aec65e0159b21,2026-08-01,1,0.7400036136894947,0.7501042485237122,0.7486643649374969
3,7e5e11ddc426f774,2026-08-01,0,0.3152100323149255,0.21704846620559692,0.15384150746426567
3,7e641fe4afaf0d70,2026-08-01,0,0.20180513280495072,0.05255655571818352,0.05549507256475268
3,7f1d9a9904632eb6,2026-08-01,0,0.4343407642586507,0.12047044932842255,0.24247032674998556
3,7f722281a4db3b1d,2026-08-01,0,0.36702821025667964,0.5950840711593628,0.44173911584324826
3,7f7d5b9a789b4387,2026-08-01,0,0.09397265764099529,0.11131135374307632,0.08055697444812822
3,7faf5dfae7e7e597,2026-08-01,0,0.03493075660551091,0.01038572657853365,0.009525078048823415
3,804a36bdcb7df426,2026-08-01,0,0.3180346070423162,0.24944257736206055,0.3537273159397855
3,808c916fdd731cf6,2026-08-01,0,0.2876813462326471,0.048355791717767715,0.04698350195507208
3,80aa9adc593a379c,2026-08-01,0,0.6601165425646529,0.8375311493873596,0.8236081374671184
3,80ef2265eeefbe6c,2026-08-01,0,0.03555941396967531,0.010099759325385094,0.007220534334141019
3,81290a2881ebbb13,2026-08-01,1,0.43285073655609396,0.24619083106517792,0.31186598634679713
3,817fc433b6ecaefc,2026-08-01,0,0.06229271258304173,0.03532576933503151,0.039049201599633494
3,818a79bdaba6a37a,2026-08-01,0,0.17876260288645016,0.06751358509063721,0.0818268376053204
3,81fc9d3d51ce5366,2026-08-01,0,0.14315895503193427,0.04004295915365219,0.050233600582101405
3,8295da3b3202abdf,2026-08-01,0,0.20134790086058815,0.25097543001174927,0.17842019495411554
3,835463c5f6c8c9a1,2026-08-01,0,0.0907978402988381,0.03732479736208916,0.04456922947552958
3,83d7eb220d24b40f,2026-08-01,0,0.513505485765541,0.5897375345230103,0.5482693845472887
3,84324e772d11375c,2026-08-01,0,0.6392633718098814,0.556010901927948,0.4731105206539711
3,84559f8bdecfee77,2026-08-01,0,0.4369473582951212,0.16345052421092987,0.22251519880345708
3,868893702fd7c74b,2026-08-01,1,0.35292214195668253,0.33176279067993164,0.3544863158054633
3,869db2f65dec820b,2026-08-01,0,0.4171077656501387,0.14842566847801208,0.14575315357904894
3,86d2c6ecab138e80,2026-08-01,0,0.2785047975155775,0.14320144057273865,0.13455204188567965
3,8736980842862ad0,2026-08-01,0,0.06509107431121099,0.03187970817089081,0.028411328297154034
3,873a6bc5e7810e42,2026-08-01,0,0.5712406571736807,0.6369861960411072,0.5147249827695473
3,87981be00758ff81,2026-08-01,0,0.589697643179738,0.3505310118198395,0.29238697418709453
3,87b8024da9dde6d3,2026-08-01,0,0.060296580710297414,0.04155617207288742,0.06963048580940213
3,87c30bc09bcbe6cd,2026-08-01,1,0.8400980782703399,0.9093036651611328,0.8877585230518925
3,888d5ebb6dcd54fd,2026-08-01,1,0.3319471951995737,0.21549898386001587,0.2516285739061911
3,89611552d0174ff6,2026-08-01,0,0.3666462403819162,0.24760845303535461,0.24859762308625746
3,8a22101fe12eb2c5,2026-08-01,1,0.8151629212190985,0.9209502339363098,0.8835498309232223
3,8b0c143fd843722e,2026-08-01,0,0.08811323041327536,0.030761200934648514,0.027828884507628396
3,8b315dc1730da0c8,2026-08-01,0,0.0641294220518092,0.049239631742239,0.04200363866402069
3,8b918fcf6bc96422,2026-08-01,0,0.29087291342002763,0.08795216679573059,0.07960551500795368
3,8c18a30e67e714ab,2026-08-01,0,0.3322969413886434,0.13174086809158325,0.1432783749429605
3,8cacac70e0c8a431,2026-08-01,0,0.2397889872156905,0.35133129358291626,0.22159110710651594
3,8dd83465d46be50c,2026-08-01,0,0.09336019605815069,0.05245867371559143,0.052723699490236677
3,8e9bea1fb1797f80,2026-08-01,1,0.19395394808175878,0.3064899146556854,0.418440525269508
3,8ec0b262a25f0213,2026-08-01,0,0.10839154430373227,0.07181631028652191,0.05013302830620302
3,8edd639cca478113,2026-08-01,1,0.8558548839315975,0.8750008940696716,0.855707948442317
3,8f174cfed26bfe06,2026-08-01,0,0.4764235031523241,0.5288349986076355,0.5330177319923883
3,8f426d36ea65a623,2026-08-01,0,0.5402017231109305,0.37662819027900696,0.5122186836668934
3,8f57a674f2493401,2026-08-01,0,0.34435230531971006,0.10121795535087585,0.08625021100076827
3,8f58eb42e4bcff39,2026-08-01,1,0.882817319240669,0.9274781942367554,0.9108180737680389
3,908929396ab4c953,2026-08-01,0,0.004881758958341243,0.0013799045700579882,0.0019530572919517959
3,91266c03880b12d6,2026-08-01,1,0.329919339540887,0.32360607385635376,0.21421668217374298
3,924b34d606674713,2026-08-01,0,0.522059558835278,0.42869308590888977,0.5471298189697125
3,92530b14bcd89ab8,2026-08-01,0,0.13172866483602338,0.05737841874361038,0.06317359425157917
3,92c5baa111e9f633,2026-08-01,0,0.16662618289203202,0.09872240573167801,0.11477128511066638
3,94510d88d6e7c1ae,2026-08-01,0,0.6069954786235989,0.6387065649032593,0.6746835712928743
3,947bfb88e3f67301,2026-08-01,0,0.8887497990461521,0.9609270691871643,0.9563662813687621
3,9556185d4a18924b,2026-08-01,0,0.18379232479393123,0.10558919608592987,0.05057022664323729
3,9632063f88d1b734,2026-08-01,1,0.6821830793484318,0.6700335144996643,0.6654202527256492
3,966686038b842717,2026-08-01,0,0.5094366972917586,0.5071188807487488,0.4896290361885985
3,969760fcba2e6fbe,2026-08-01,0,0.020969645801494494,0.00402934430167079,0.010505514551897714
3,96c0cbad3cc5e46b,2026-08-01,0,0.056381484352590834,0.027270499616861343,0.02118979462411393
3,96d3524f7227cf9c,2026-08-01,0,0.03308129030431821,0.017682887613773346,0.018713754532678442
3,9722c1d065130712,2026-08-01,0,0.3292788839842108,0.27071598172187805,0.20684012888969475
3,9745ae02e62b0106,2026-08-01,0,0.104287011980123,0.061498139053583145,0.08150549145849986
3,9809ca7837e35ebf,2026-08-01,0,0.07764132985685764,0.06380384415388107,0.04796672909934105
3,987b8c526fb64ca1,2026-08-01,1,0.3136889778508543,0.16953256726264954,0.1895021464993508
3,98c29edc6d96f11c,2026-08-01,1,0.3928342389772066,0.3784387409687042,0.36864720906355863
3,999fe38a8576f561,2026-08-01,0,0.11888048320680632,0.08435932546854019,0.12227426691528606
3,99ee6f601f914330,2026-08-01,0,0.7117546929005474,0.5422937870025635,0.38464671447971566
3,9ab0134baa1960ab,2026-08-01,0,0.38931338988867503,0.3770260810852051,0.3136534973260094
3,9ad3d93d4eadfa97,2026-08-01,0,0.0119587042179475,0.002900998340919614,0.0016726350371969584
3,9db146f013d7d60a,2026-08-01,1,0.5772615681648522,0.7295013070106506,0.7854511496437906
3,9e0438deaf9d2e3f,2026-08-01,0,0.2898087487306388,0.06044435501098633,0.06193863324627011
3,9e7542a6acb94bc0,2026-08-01,0,0.1673691881017034,0.17195925116539001,0.0693961158589545
3,9efb040fb451034b,2026-08-01,0,0.04561714790396033,0.017264671623706818,0.012619191156650604
3,9efba54b736b34b8,2026-08-01,0,0.013359772276356806,0.00615854375064373,0.005618308187338809
3,a0c462f731b98a5c,2026-08-01,1,0.46128983161568526,0.3836703300476074,0.34642076844651853
3,a0f93a44d8792479,2026-08-01,0,0.1770140188608242,0.28452152013778687,0.16147537612554458
3,a25d9c30008629ce,2026-08-01,0,0.4494660875140637,0.41895949840545654,0.31972923681360943
3,a2d0b3f9212aa1ab,2026-08-01,0,0.03849983753600737,0.02462155558168888,0.03126565916426025
3,a2d1ac3f3c933304,2026-08-01,0,0.7035044860127098,0.3870418071746826,0.3793955820820949
3,a30fd7b395ee1986,2026-08-01,0,0.17192460006279045,0.014549772255122662,0.035465583509119165
3,a325f646da7b1417,2026-08-01,0,0.3188025648542613,0.25102901458740234,0.12129732222658617
3,a34175ec1f03a8e4,2026-08-01,0,0.1404111268113812,0.09116989374160767,0.08566443758369989
3,a34c251f8d9d84cb,2026-08-01,0,0.004995373821112601,0.0030804791022092104,0.003782730039914648
3,a385c8dcff65b440,2026-08-01,0,0.1665701214783755,0.15683507919311523,0.17487507192394383
3,a3d2511aa13a37ca,2026-08-01,0,0.41822744889445024,0.5678311586380005,0.596829657772162
3,a45d21bd449a09df,2026-08-01,1,0.3741640351720674,0.3925454318523407,0.2205930109750115
3,a55d9ee9673125c5,2026-08-01,0,0.5371592006930063,0.3677282929420471,0.4559633753126671
3,a595e2e70cfe7a47,2026-08-01,0,0.0089508992976821,0.0023512409534305334,0.001798648083475079
3,a5f1adf27a124663,2026-08-01,0,0.2045014037354618,0.23060759902000427,0.15964682144854442
3,a6c4257d648a354d,2026-08-01,0,0.575321185388477,0.28865373134613037,0.4170173094373085
3,a70b8e3c08cd20e4,2026-08-01,0,0.25638197114842703,0.19140984117984772,0.1169228000703003
3,a862892d62c72766,2026-08-01,0,0.08578564377994588,0.01307887677103281,0.016712396157888415
3,a8925e8f6d5494e9,2026-08-01,0,0.23333263109208727,0.154066801071167,0.17125832802268645
3,a8d309f5e65bc8ea,2026-08-01,0,0.19419045621839642,0.07769366353750229,0.12254647302415081
3,a8e4b4d6bbd879c6,2026-08-01,0,0.4638088318222873,0.5379534959793091,0.6248972425972673
3,a9466801d0e1b6d1,2026-08-01,0,0.3382168228371824,0.2947757840156555,0.37650114795732564
3,a977e1422ddb24e4,2026-08-01,0,0.6832731207949,0.4524354636669159,0.58034032047188
3,aaa60e0692a61d69,2026-08-01,0,0.5902146601419443,0.7370102405548096,0.57257396074386
3,aaeb5b9a9c7290ea,2026-08-01,0,0.0956496630196852,0.1545739471912384,0.10153207740646024
3,ab018adf1fda41d2,2026-08-01,0,0.4613777524914176,0.49068090319633484,0.5244176233983286
3,ab473cdfdea50b90,2026-08-01,0,0.2752514053901941,0.06582484394311905,0.07301932483300662
3,ab6109b126687f81,2026-08-01,0,0.2783565149100471,0.3367445468902588,0.31652219815126786
3,ab883e4c89cb2d8f,2026-08-01,1,0.7701462651481613,0.6901703476905823,0.6554876221353413
3,ac1f9d1eddbf7c1a,2026-08-01,0,0.3563913699616057,0.3153890073299408,0.2839417724065703
3,ad481422e1f30881,2026-08-01,0,0.15853370990069357,0.12615405023097992,0.12648118000305414
3,ad54974d4e94e913,2026-08-01,0,0.7221752029628137,0.787350594997406,0.8024352780297628
3,adcd4a27330439d4,2026-08-01,0,0.08172716678554497,0.13681089878082275,0.17775798282328284
3,ade3b4ed35b4855f,2026-08-01,0,0.25329447804277705,0.1910478174686432,0.1973791408663501
3,ae0a5928a980ed2a,2026-08-01,0,0.010966681648043168,0.00884204637259245,0.0046649638550958945
3,ae1a0fc5f40071cd,2026-08-01,1,0.8551944788646731,0.8809391856193542,0.9003773384504113
3,ae7bfc32807e2254,2026-08-01,0,0.6379053250014955,0.596251368522644,0.5721183830329536
3,aed1ae5e1caa31c7,2026-08-01,1,0.8916649542765089,0.9351624250411987,0.8043048189772274
3,aed6c6ae972e65b1,2026-08-01,1,0.8184194540108113,0.8396573066711426,0.8567886088645018
3,af5c2643d67b2f1d,2026-08-01,0,0.078066307181242,0.03968000039458275,0.027564051533402342
3,af833e343dd62a40,2026-08-01,0,0.6667683620899851,0.6103582978248596,0.7053375216167735
3,afa145b02ae2dc97,2026-08-01,0,0.0896978556506325,0.15112018585205078,0.21032219104457045
3,b102526594e3c520,2026-08-01,0,0.45028546467823133,0.44571614265441895,0.41345841116525195
3,b156f7256ee43dd6,2026-08-01,0,0.009328820867885374,0.00776477437466383,0.01654540634905683
3,b161e909a16233c8,2026-08-01,0,0.0606092113011739,0.025080855935811996,0.032231444223742654
3,b27026991080cfd1,2026-08-01,0,0.7524797604591849,0.826724648475647,0.820292613034173
3,b62b9e0b26b4d0a2,2026-08-01,0,0.02400706744463536,0.008234434761106968,0.007528381038684266
3,b67f06ace8153b39,2026-08-01,0,0.0259496490204754,0.008642066270112991,0.01203240098447332
3,b69967c862efc158,2026-08-01,0,0.23040532085417087,0.07927404344081879,0.16814710068071795
3,b6e83a2890b9c55c,2026-08-01,0,0.49360851374802445,0.32943782210350037,0.3482419665587566
3,b780349f05c95fd5,2026-08-01,0,0.07494886142576812,0.059237219393253326,0.05491165221362177
3,b784a39375205451,2026-08-01,0,0.059730618585487436,0.015739968046545982,0.016900886395979073
3,b79ab15d99180066,2026-08-01,0,0.8034506278496221,0.8614701628684998,0.8215718075329652
3,b7ce0c81a047219e,2026-08-01,0,0.4917175764032953,0.44952404499053955,0.5932015261025121
3,b7d21663ad7adaa6,2026-08-01,0,0.5816275386509742,0.4773375689983368,0.42047202487302227
3,b8062c17895b3973,2026-08-01,0,0.28662854078030336,0.16848087310791016,0.16604676336545987
3,b833774146e4eecc,2026-08-01,0,0.026211232950395565,0.007095689419656992,0.004871257706970576
3,b876064a134488e1,2026-08-01,0,0.2363093549884481,0.10765516757965088,0.0999890484169611
3,b8bd73ca0600bc95,2026-08-01,0,0.24377178240502637,0.2701510488986969,0.4047834007336092
3,b8f81daab4517c6a,2026-08-01,0,0.08613827379152822,0.037043247371912,0.04078458206946899
3,b93bcc0e93df0491,2026-08-01,0,0.09917718361728382,0.02495112270116806,0.019671000604165937
3,b96c62b5ab7c881a,2026-08-01,1,0.09414198059947282,0.058214712888002396,0.04362100179997651
3,b96e22539b2e628c,2026-08-01,0,0.10233339705847902,0.03909723833203316,0.022776670831851746
3,baad00b3be7ccdec,2026-08-01,0,0.31938890417858784,0.1665751188993454,0.21634789333797946
3,bb0b04c697710928,2026-08-01,0,0.013095268539395329,0.048241663724184036,0.03204727885233106
3,bb310da94bfa795b,2026-08-01,0,0.08723793536387052,0.015711737796664238,0.02263813792202882
3,bb61b84beabcbddb,2026-08-01,0,0.6682575818896419,0.4756874740123749,0.49980042849794204
3,bbdcea5ce68f30ab,2026-08-01,0,0.09555835219774328,0.06608255207538605,0.03802818203392751
3,bbe7ed9adf77c9bc,2026-08-01,0,0.35435198838034904,0.4515942633152008,0.46412944997324024
3,bbe94781cdf34a80,2026-08-01,0,0.7006599424227145,0.7489079236984253,0.7030510117059646
3,bc2c28c3baaedf99,2026-08-01,0,0.1105535672234759,0.1082964539527893,0.10163978104426116
3,bc93a0b6d6245418,2026-08-01,0,0.02060402711556994,0.00744087528437376,0.003935158911505905
3,bca4d84c6f4d8555,2026-08-01,0,0.03391652426380734,0.018329625949263573,0.025943472712967357
3,bcc74d1d1ad3cfd3,2026-08-01,0,0.5802597218592054,0.25068938732147217,0.29820396082297246
3,bcff67cbdc7e19e7,2026-08-01,0,0.07203819462020297,0.014338089153170586,0.02187034097212649
3,be0fd32339648de2,2026-08-01,0,0.15489909330745752,0.033052489161491394,0.020126086690637292
3,be42ea36e2fd2029,2026-08-01,0,0.0697504245294465,0.07533945888280869,0.06623513695044041
3,be72dd69d434cbe2,2026-08-01,0,0.16486851116207352,0.24246644973754883,0.2603160633047211
3,be819dc4ef83e4b9,2026-08-01,0,0.3685811652919826,0.3687796890735626,0.3965449510465601
3,be8dca1d779bff9a,2026-08-01,0,0.32903619097918746,0.23485328257083893,0.1666124690277543
3,beee47cf00066631,2026-08-01,0,0.003712770242496434,0.0027090851217508316,0.002900107734817707
3,bf9acf9a427220d0,2026-08-01,0,0.20497473907319863,0.135481059551239,0.13361265548466156
3,c0335d3e15be8c68,2026-08-01,1,0.06778420059566986,0.06772848218679428,0.09061745003885942
3,c0dea58d2574cb48,2026-08-01,0,0.011595024553863692,0.006851661019027233,0.014052029261564509
3,c0e4d063e6ed5264,2026-08-01,0,0.7794639943176248,0.6899229884147644,0.7595540395515353
3,c11636afc804eaea,2026-08-01,0,0.05754823350521506,0.02183712087571621,0.01899562708739539
3,c12ee61fa354ad9f,2026-08-01,0,0.16531055291101865,0.036090146750211716,0.04453794969987266
3,c185b69cfdbed08a,2026-08-01,1,0.8900514524904,0.8537220358848572,0.8611803725895982
3,c21d27c04b83632e,2026-08-01,0,0.3643736949534883,0.43508559465408325,0.3773531985241804
3,c26823dd6c125109,2026-08-01,0,0.21549280408135593,0.21766044199466705,0.15974326902710193
3,c2b74433a5c4ba78,2026-08-01,0,0.5366673661715949,0.59080570936203,0.49385066551931384
3,c2ec0e3cfbad6880,2026-08-01,1,0.6384944803701554,0.527370810508728,0.5580772928696671
3,c2f856d6bd816347,2026-08-01,0,0.4324293643078285,0.18371382355690002,0.3085468561776018
3,c3153148bf14ddbd,2026-08-01,0,0.22524750691457682,0.09580346196889877,0.13669527413629984
3,c360105bd98adec2,2026-08-01,0,0.043838312504035123,0.008313643746078014,0.006606190363900611
3,c37637e579c8001b,2026-08-01,0,0.09083491561640537,0.079840287566185,0.05950642828423822
3,c41330925d5be8f2,2026-08-01,0,0.01571266848823847,0.010875395499169827,0.004529235302021464
3,c45fd949cea80243,2026-08-01,0,0.459378703889038,0.8482645153999329,0.7559345622691275
3,c46ba2edd5e0bc8a,2026-08-01,0,0.6481476951163921,0.48003631830215454,0.45099228830012106
3,c4adadead364033e,2026-08-01,1,0.8456195795902669,0.6919228434562683,0.7897738045004412
3,c4bbda1b9c7fb014,2026-08-01,1,0.5430765975706981,0.30275946855545044,0.33491759400473525
3,c59723bf8f7e3dd0,2026-08-01,0,0.2312163413932267,0.43584302067756653,0.5480047821980363
3,c5aac25ed6d555cd,2026-08-01,0,0.8604662460619983,0.8853896260261536,0.8862382331857567
3,c6e8bd22f69cdd3c,2026-08-01,0,0.04298037597194617,0.016096822917461395,0.013878901287175057
3,c778f637b5e5cc94,2026-08-01,1,0.4819815800400795,0.3358795642852783,0.42087538028553
3,c7cc94995053ffae,2026-08-01,0,0.351249901545062,0.18569163978099823,0.16738820322748568
3,c7fe76530a3f12d1,2026-08-01,0,0.21224693619566778,0.2056332230567932,0.14702233902699502
3,c9857f5257291cce,2026-08-01,0,0.37051564698007894,0.5651075839996338,0.5857287176038863
3,c9cde92dc888c743,2026-08-01,0,0.5337563962998719,0.5986642837524414,0.6843908516322659
3,cb0e4b12df6742d4,2026-08-01,1,0.7081469302625024,0.7497715353965759,0.8220301584236126
3,cb1d0d50a97e2f09,2026-08-01,0,0.39397676032684237,0.25399142503738403,0.1566771000748007
3,cbef5db1ab91129c,2026-08-01,0,0.05966037159134893,0.02376183681190014,0.019198855377587438
3,cbf78c1d76f71599,2026-08-01,0,0.04294339850685864,0.03400701284408569,0.030981856333795264
3,cbffefa0793c0cf6,2026-08-01,0,0.03698981476428412,0.019379906356334686,0.0190844059674642
3,cc67012a8db11b6e,2026-08-01,1,0.7720726832771873,0.5806799530982971,0.697066698768232
3,ccad056b59132e76,2026-08-01,0,0.4019633750293647,0.40978825092315674,0.30284572151357547
3,ccc7894ee8fef83e,2026-08-01,0,0.5331629106589402,0.273421049118042,0.32084993358961483
3,cdc1dae41c300e8b,2026-08-01,0,0.18783248736682245,0.15360133349895477,0.12176126004761655
3,ce223577f555e770,2026-08-01,1,0.09035109368011311,0.046500835567712784,0.05173999082190194
3,ce8513ae6ca01431,2026-08-01,0,0.44662478108189324,0.48137155175209045,0.3382599803002354
3,ce8b6f896b3991b4,2026-08-01,0,0.7095953488042147,0.5551740527153015,0.7505653303608867
3,cea156dfb7bd4b09,2026-08-01,0,0.023095596342767023,0.016758393496274948,0.006885197161927246
3,ceff994caf8a348e,2026-08-01,1,0.6897995535582908,0.6039817929267883,0.5740108129810281
3,cfa4d9aabe461095,2026-08-01,0,0.09755070924540567,0.04045747593045235,0.01777331341990507
3,d1730a85ab24bc60,2026-08-01,0,0.14403935758732905,0.04060683771967888,0.06732637624544267
3,d18f9cc38378d4a4,2026-08-01,0,0.1938567980103371,0.131315678358078,0.16871460144954645
3,d1df9fcc70f265b6,2026-08-01,0,0.24291819394308667,0.20668548345565796,0.18385129451801918
3,d2c84b3021b9b7e1,2026-08-01,0,0.3781086493328402,0.5260370969772339,0.5276230571816686
3,d2d47b41db34b331,2026-08-01,0,0.11636964522778695,0.14166259765625,0.12421883137107438
3,d2dc47eb8b4f1d19,2026-08-01,0,0.15963851955843966,0.06346723437309265,0.08501382053247365
3,d314ff3760261bb7,2026-08-01,0,0.045499570716636295,0.011687715537846088,0.011567451787574382
3,d35fca40cbd12ab1,2026-08-01,0,0.6874248962408069,0.7132503986358643,0.7153757682855347
3,d396a8d07ece7916,2026-08-01,0,0.1838358301677209,0.10859411954879761,0.07424030894748204
3,d44b1eb158d4c168,2026-08-01,1,0.14676557766184106,0.03466242551803589,0.049528789112835606
3,d44f8c54b4a5b0e1,2026-08-01,0,0.6316646308633628,0.5599151849746704,0.5519604857810643
3,d4a9ae08542688c7,2026-08-01,0,0.32393307929721654,0.3757818341255188,0.39695610770546846
3,d4ffcb29c70c1c2a,2026-08-01,0,0.18351077174869135,0.18551655113697052,0.1577600588602016
3,d52fb3aab5d5ad6a,2026-08-01,0,0.17220568141477155,0.23485465347766876,0.1803813721350598
3,d5655b8ac2d26aac,2026-08-01,0,0.09353255206984395,0.04007802903652191,0.0299500640209346
3,d61d7d49b0911399,2026-08-01,0,0.02404762932700205,0.007810891140252352,0.005168147288572079
3,d6c97733b0d8afde,2026-08-01,0,0.016090966950447996,0.007125081494450569,0.009675556090674912
3,d7d87785535e17b6,2026-08-01,0,0.44693372581940405,0.5199679732322693,0.5015850206066316
3,d8289618d25b5479,2026-08-01,0,0.54099272735271,0.4132486581802368,0.4687423332954524
3,d87186aa0fe44a34,2026-08-01,1,0.6637530067526568,0.5573515295982361,0.5740083076402873
3,d95b49000de70581,2026-08-01,0,0.8604737591314974,0.9471226930618286,0.9154944013791371
3,d99cd594585c75bc,2026-08-01,0,0.23175464018312775,0.16965723037719727,0.2324914699859712
3,d9d393d15a0bb7ae,2026-08-01,0,0.5959172280713365,0.520306408405304,0.6166887250288171
3,d9f334ed35470c91,2026-08-01,0,0.005160454061927144,0.0012170270783826709,0.0020416128538941554
3,dae222b9451444ab,2026-08-01,0,0.22577865065314087,0.17796428501605988,0.1717807985034764
3,dae8ca4802f0d292,2026-08-01,0,0.019696317784115392,0.008266041055321693,0.015391720372316384
3,daf8b6b8fb1bbc61,2026-08-01,0,0.003925019916821889,0.005356277339160442,0.005232616936815326
3,db2d657710c523fe,2026-08-01,1,0.6880428366970022,0.3728506863117218,0.4535801304572977
3,dc3d25e8d08b00c3,2026-08-01,0,0.026612486093418073,0.005834451410919428,0.004678518839070648
3,dcdd35b762eebd94,2026-08-01,0,0.5876340954812154,0.85403972864151,0.8763620394403607
3,dd673266333a80e8,2026-08-01,0,0.13281251616626485,0.07933606952428818,0.12670280074075532
3,dd78744d874a9086,2026-08-01,0,0.32459718100800494,0.43864700198173523,0.37135486488996566
3,de2195a9e406e922,2026-08-01,0,0.035156928558807934,0.024684960022568703,0.016891134711623935
3,de323d7597616091,2026-08-01,1,0.5849190072072112,0.4489869475364685,0.5319860556032939
3,dee0c348249c23a2,2026-08-01,0,0.2407338173410105,0.20645636320114136,0.16896764571864886
3,defb67d4009862c0,2026-08-01,0,0.5423590910190577,0.3729827105998993,0.3486491984754459
3,df13ffc2f9a278df,2026-08-01,0,0.3952828957322357,0.47777462005615234,0.5420272087560917
3,df218b8d1adb2e13,2026-08-01,1,0.23670234709873664,0.19083483517169952,0.277191681058959
3,df8a1f6223cf5956,2026-08-01,0,0.08384236172657086,0.029850535094738007,0.06220518650903921
3,df94bbf6630be87e,2026-08-01,1,0.09876648692982587,0.0418429933488369,0.03928259754297636
3,dfca3f056b55afae,2026-08-01,0,0.17355404718206108,0.4707477390766144,0.43727426111458634
3,e0aba061dfb9eb97,2026-08-01,0,0.18792829025032312,0.18732604384422302,0.2438304925019309
3,e0e132fa6048fbde,2026-08-01,0,0.44988535814168595,0.3215668201446533,0.2928330757599288
3,e1035c4923fafcdf,2026-08-01,0,0.24171075659618124,0.08438961952924728,0.1077192182164152
3,e1132d4fa2288a1e,2026-08-01,0,0.1114258544415914,0.09574790298938751,0.09747342474887193
3,e16e25ac48f5cff5,2026-08-01,0,0.08973826822010775,0.08335217833518982,0.060736071043753774
3,e35cc64cee64b3fd,2026-08-01,0,0.05435756383707272,0.021039487794041634,0.06963982214927962
3,e40dbdd31317dfaf,2026-08-01,0,0.18147979782485393,0.07369773089885712,0.12429806606090502
3,e4347d583e05c9b3,2026-08-01,0,0.27828986458188304,0.19131086766719818,0.16069287394336132
3,e45eac0e69bf908e,2026-08-01,0,0.25608476136837527,0.24192439019680023,0.2460689572936522
3,e462e65c212b8f84,2026-08-01,0,0.8340966529338267,0.9318124651908875,0.9146398347726443
3,e4b889aa5bf75a71,2026-08-01,0,0.22504212521655256,0.16863200068473816,0.20001074497271434
3,e4e059354164c6a5,2026-08-01,0,0.12164272083674206,0.04937099292874336,0.06915429279065202
3,e593372da32c82fd,2026-08-01,0,0.04846277570916257,0.007874892093241215,0.0035942061056002637
3,e606ffaf154fb548,2026-08-01,0,0.36319834670541384,0.18728706240653992,0.31527871535280405
3,e6c50a69bd21771d,2026-08-01,0,0.9204277404237406,0.9034788012504578,0.9288343411770205
3,e715b3a335dcb05d,2026-08-01,0,0.07950271035390398,0.051893703639507294,0.052689263246352765
3,e71ef14acaf89607,2026-08-01,0,0.0602930363584123,0.04884614422917366,0.056971491916355525
3,e7c84f806edcf380,2026-08-01,0,0.11139975147518356,0.076758973300457,0.09096178020002044
3,e7fab300b3d9be7a,2026-08-01,0,0.0907742485154135,0.038524895906448364,0.04749457278720517
3,e846048aca7000e7,2026-08-01,0,0.02280684561237555,0.006812298204749823,0.006361455824231669
3,e8c7001061a757e6,2026-08-01,1,0.10979904530569323,0.08080082386732101,0.10424182430371778
3,e9c4100932721d54,2026-08-01,1,0.0248596584143884,0.01993528939783573,0.01822178060790049
3,ea793deba5623ccd,2026-08-01,0,0.2414113412179608,0.1882646083831787,0.16193320372454595
3,ea7dbba03c36ff30,2026-08-01,0,0.1434244445757968,0.15099500119686127,0.19746761496874982
3,ebdd07791f2d2e8e,2026-08-01,1,0.7604074358372473,0.7647184133529663,0.8030297511370378
3,ec519ea42d0d027b,2026-08-01,0,0.2657854795952521,0.08026812970638275,0.08747424539912729
3,ec6ef9a51ee00145,2026-08-01,0,0.07587046700937637,0.013702392578125,0.009561048977509156
3,ec916ea8504b9efc,2026-08-01,0,0.06056640700120291,0.012622863054275513,0.012816903212463948
3,ed4aa2538a7dbf62,2026-08-01,0,0.41291491546463366,0.31492605805397034,0.510484601916986
3,ed5b7cd4aeaae690,2026-08-01,0,0.09514588646215189,0.03439510986208916,0.02707369675097154
3,ed7ad77c96ca3142,2026-08-01,0,0.07859902954875729,0.06260594725608826,0.03699566547378028
3,edaef082727da6cb,2026-08-01,0,0.39559228087395937,0.3606700599193573,0.3186342897355835
3,edc7db8fc2669381,2026-08-01,1,0.8464287361440566,0.7239891290664673,0.7413006443795248
3,ee2fe0668b4d7621,2026-08-01,0,0.2445381117588263,0.1447347104549408,0.16155421968137698
3,eeb42e625ddb66d4,2026-08-01,0,0.8690499962475648,0.9220459461212158,0.9454723880045065
3,f18eba8787886103,2026-08-01,0,0.011169592816458367,0.0021014371886849403,0.004887017634772654
3,f1c63cc651047664,2026-08-01,0,0.01463268990604576,0.013232101686298847,0.007418468102166075
3,f221a38ea7173a13,2026-08-01,0,0.6583933410674796,0.32697370648384094,0.5176913588023667
3,f33a69bc978b1d41,2026-08-01,1,0.379751560647328,0.47262680530548096,0.42451608760819526
3,f39e8825a4df2f1a,2026-08-01,0,0.13065618493237524,0.0906837061047554,0.1210919505116215
3,f3e6817ff4ef2981,2026-08-01,1,0.17916914331531616,0.2365933358669281,0.1755796455044978
3,f3ebcc131ad9ca79,2026-08-01,0,0.045682492201969606,0.015740618109703064,0.01284290640672223
3,f40f5844be3626a3,2026-08-01,0,0.04810472123395464,0.015976939350366592,0.02752475545741784
3,f432c1ce96556a66,2026-08-01,0,0.23845875073749148,0.10990073531866074,0.0853266086302273
3,f44d227300881edd,2026-08-01,0,0.4186877938484016,0.30048128962516785,0.3006917733211594
3,f45746c65185bbef,2026-08-01,0,0.48551802385084386,0.3842175602912903,0.4683427933125096
3,f48c2e37f0b902d9,2026-08-01,1,0.7230110703867862,0.6141899824142456,0.764949553826074
3,f50a475522b1a695,2026-08-01,0,0.6015541113565093,0.6792796850204468,0.6087077182555746
3,f50bd67a138f7094,2026-08-01,1,0.41613326618661634,0.24380062520503998,0.27078997726412396
3,f67ecebfacb45c3b,2026-08-01,0,0.5764537462062033,0.49464601278305054,0.4066348498369467
3,f6e9cbe434a580f9,2026-08-01,1,0.6421209688265229,0.6375877261161804,0.552497950511671
3,f70967fa94af9404,2026-08-01,0,0.34456965832419134,0.471469521522522,0.7266715998164437
3,f73f0aad5afce152,2026-08-01,0,0.642127503086868,0.5484094023704529,0.5378027997628428
3,f77741bcb5b14788,2026-08-01,0,0.40960441733501746,0.31467628479003906,0.2690799271159617
3,f7eea07d7aff2d0d,2026-08-01,1,0.9022797764283271,0.854845404624939,0.7901535393846216
3,f880fba46709cd90,2026-08-01,0,0.14107989660998832,0.0670178160071373,0.09580277600939315
3,f8af60474a4cd023,2026-08-01,0,0.4302502483380692,0.30345064401626587,0.23348407991037962
3,f8b89e7cbb1cf588,2026-08-01,1,0.1283153425926018,0.03952019661664963,0.03000792414839266
3,f8f61eaee8ebbdc8,2026-08-01,0,0.28702567587803807,0.18144449591636658,0.1416758016932894
3,f973fe9cc07d10c2,2026-08-01,0,0.17062394358459035,0.06394827365875244,0.11058398333775755
3,f99cb33f5b71541c,2026-08-01,0,0.16494357259169476,0.16383707523345947,0.13849141766055512
3,f9b8106f4cd92395,2026-08-01,0,0.07726257624651532,0.06184849143028259,0.10119088791419317
3,f9bb716aa202b9e7,2026-08-01,0,0.24069317061655043,0.2158038467168808,0.3517315738381287
3,fb1a3d1aa4d34b80,2026-08-01,0,0.11944220879556557,0.0671381726861,0.03886252585811398
3,fb5afe9bcb1c1bb3,2026-08-01,0,0.046948881233336855,0.03208542242646217,0.019534711655240854
3,fbcca9ebc83c62ed,2026-08-01,0,0.02186390706519268,0.0061451769433915615,0.0033882493817309384
3,fc2058d4d98dcc8a,2026-08-01,0,0.7123397050913041,0.42527005076408386,0.6767273721865118
3,fca14a2f1d78c98a,2026-08-01,0,0.25566864305800807,0.4101003408432007,0.29531273905242206
3,fcd6fd5e159014ad,2026-08-01,0,0.028965052111301976,0.012369906529784203,0.009639271173093976
3,fd74d7de71c9d49e,2026-08-01,0,0.3478918445352341,0.14062687754631042,0.1523698401416565
3,fe7c9afb81ed1701,2026-08-01,0,0.1757942863963876,0.22031323611736298,0.1374387308315645
3,fe87abc960767736,2026-08-01,0,0.11722238058829731,0.08362990617752075,0.10063589168317795
3,ff09b03a5e8b51da,2026-08-01,1,0.5684766613827062,0.5934988856315613,0.546116235267634
3,ff3940ba72b8d3c4,2026-08-01,0,0.03541110860294312,0.017063213512301445,0.027548715427004333
3,ff975ff15a86a1ea,2026-08-01,0,0.34201575849934324,0.2161085307598114,0.30475200912990064
3,ffe15a30480d6291,2026-08-01,0,0.1340910618278554,0.10054494440555573,0.05946505680795958
3,fffc21d1686bad3a,2026-08-01,0,0.14722269202560856,0.09907355904579163,0.10881700729007672
4,02da04f9dddbf43e,2026-08-01,1,0.9017030232507813,0.9228833317756653,0.9450565109585297
4,02e61cd5ee2ac311,2026-08-01,1,0.7045321867092668,0.7507358193397522,0.8280964024400336
4,02e80a2290e428ea,2026-08-01,0,0.4427127459693873,0.591124951839447,0.7311505674591487
4,02f263fb134b213c,2026-08-01,0,0.7929350857178816,0.8114053010940552,0.8663823753392079
4,03bd9424504d8f82,2026-08-01,1,0.19438391541583105,0.10301636904478073,0.08238740451152016
4,04eadda387a64c19,2026-08-01,0,0.7183752631337227,0.49265673756599426,0.5016258421469196
4,061d5038aa8112db,2026-08-01,0,0.18867241715714145,0.17808464169502258,0.17524143070381562
4,071200be1b958442,2026-08-01,0,0.07092355431361155,0.03882364556193352,0.04019266960027633
4,082a4ceb329f8d16,2026-08-01,1,0.45343850588153056,0.4541563391685486,0.41847142770245055
4,085ad10ca17eea09,2026-08-01,0,0.07805429490594373,0.018434004858136177,0.01330233334216732
4,096a087971a43c60,2026-08-01,0,0.15005432009257189,0.06513631343841553,0.08553354902955562
4,0999320f94723842,2026-08-01,1,0.5017844763403954,0.41842299699783325,0.5410231676590141
4,099a8184ef18ddc9,2026-08-01,0,0.46033529667458645,0.445081502199173,0.4002905275423644
4,09e1262e84fd3841,2026-08-01,0,0.14485442492834522,0.02892771176993847,0.06300183627053539
4,0a44ad88738b0311,2026-08-01,0,0.21072919336473458,0.06345060467720032,0.05537095428114737
4,0ab7b254b5782ae2,2026-08-01,0,0.07915015967298325,0.048755913972854614,0.050954489300854916
4,0ac921e312a84339,2026-08-01,0,0.008849857826319876,0.0025552341248840094,0.0019221622343792758
4,0b0b1c3778183488,2026-08-01,0,0.40403990286942537,0.5566427111625671,0.476048424697187
4,0bb4750ad23b07ad,2026-08-01,1,0.9086779921307291,0.9419527053833008,0.906114848864665
4,0bebf56c66d1d55e,2026-08-01,0,0.017360676218253213,0.0023371719289571047,0.005182320494595018
4,0bf9ce729e3b2639,2026-08-01,0,0.5262179501975914,0.3783726096153259,0.3758629740234472
4,0c79f93836c235ef,2026-08-01,0,0.318180876618888,0.3153686225414276,0.31079157293099463
4,0cc996363c0a24ab,2026-08-01,0,0.1287764950508774,0.1005261018872261,0.1494962837395934
4,0d4b1a562cfa772f,2026-08-01,0,0.11189883230464186,0.054660066962242126,0.04896280656203651
4,0d50812e49656790,2026-08-01,1,0.3596382830606338,0.36720895767211914,0.35311443083713767
4,0d6e53b82e5292c5,2026-08-01,0,0.12826331991192272,0.04889042675495148,0.0556507037414832
4,0d8397975d8b06c0,2026-08-01,0,0.22783063242466553,0.18217840790748596,0.21736991491699612
4,0e64bae2a42679ee,2026-08-01,0,0.8316896506914944,0.8845036625862122,0.8132813326253295
4,0ee7c3103d027bc9,2026-08-01,0,0.10935306132513968,0.03838028758764267,0.04640445997884805
4,0f34cd5358ede917,2026-08-01,0,0.2701342687021144,0.12770824134349823,0.13225545313711487
4,0f845552e88f9a1f,2026-08-01,0,0.11356050352093615,0.04099400341510773,0.02429500234174405
4,0fa054a7f9eee0f7,2026-08-01,0,0.3180346070423162,0.24944257736206055,0.3537273159397855
4,114d421b09d5eccb,2026-08-01,0,0.27028212560377246,0.321197509765625,0.49042512110938785
4,11b7334c529b0456,2026-08-01,1,0.31972896883562774,0.143693745136261,0.18113877360666109
4,12d4d2441731262f,2026-08-01,0,0.06386887870628968,0.020679445937275887,0.046643861380971374
4,135649f37cd26743,2026-08-01,0,0.5570964473920479,0.6537529826164246,0.661563160986652
4,139d67cdfc6eea43,2026-08-01,1,0.6092012074609979,0.5651279091835022,0.614765940833855
4,1482e137d927715a,2026-08-01,0,0.09545286421581729,0.064414843916893,0.03136714547312365
4,14c01c20f834728f,2026-08-01,0,0.17153214221948218,0.04972561448812485,0.056269531248928105
4,14cf9a9abcda47b9,2026-08-01,0,0.020443806118037273,0.014253632165491581,0.01747582045778201
4,15196236628f9eca,2026-08-01,0,0.15793568350309908,0.10687459260225296,0.10043228373147993
4,15bba3601bca4303,2026-08-01,0,0.012388626937037666,0.009100164286792278,0.009617157855820553
4,1610ed49b82b4a4b,2026-08-01,1,0.10822157888058902,0.024338794872164726,0.03464826363542882
4,16ae9748ba12296c,2026-08-01,0,0.13978932074247502,0.10692629963159561,0.0792785497309643
4,16eddc6398337938,2026-08-01,1,0.9172831057976143,0.9344276189804077,0.9424492596133318
4,170b1887461b2ad8,2026-08-01,0,0.12939281888443013,0.07734919339418411,0.06063313089391826
4,17b499b2d1852006,2026-08-01,0,0.4859039905665461,0.26097458600997925,0.30020233426186665
4,17c9d1d44245214a,2026-08-01,0,0.5137921216632483,0.31500524282455444,0.3715481051648029
4,181caf7cc65080a8,2026-08-01,0,0.7814019190724214,0.6730483174324036,0.6631975659309327
4,1862356eb33bc027,2026-08-01,0,0.01983716800645247,0.031014934182167053,0.029521269987482043
4,1880dc74296d0cfa,2026-08-01,0,0.9042617131957205,0.8945668935775757,0.9029031525754557
4,189c52f4b9d6060a,2026-08-01,0,0.10458754395224991,0.01975802704691887,0.018202539318958676
4,1975a30103f50d14,2026-08-01,0,0.8358687179385254,0.7406098246574402,0.7558289003897569
4,19a8fa7f8d5b8bc2,2026-08-01,1,0.6965500023335924,0.6330220103263855,0.6901242909496407
4,1a104ce41b51d391,2026-08-01,0,0.20015515318416008,0.16761551797389984,0.2597325602042417
4,1b5e51df1972e7a5,2026-08-01,1,0.6063131046464483,0.532677173614502,0.570508213969581
4,1b7d597d86c22fcc,2026-08-01,1,0.16743113941904178,0.08842504769563675,0.15168862059893015
4,1cd16568a0702722,2026-08-01,0,0.29959193020270714,0.062353894114494324,0.08654184762772026
4,1d9f58f4c64318f2,2026-08-01,0,0.3434158644253672,0.6935200691223145,0.5596066106690097
4,1e64dc128cb958a9,2026-08-01,0,0.09775993542756226,0.05232708156108856,0.04978776520119465
4,1e8e64614cda21df,2026-08-01,0,0.20674420913055644,0.2259470373392105,0.27347571286278793
4,1f2384023017844e,2026-08-01,0,0.22070548004613919,0.0771343931555748,0.1043654623911464
4,1f578da493b40ef8,2026-08-01,0,0.21856664015153973,0.13329219818115234,0.10170858480789861
4,1f9c741b849a078b,2026-08-01,0,0.3273091179938936,0.3245945870876312,0.31133433524909393
4,1fef13d5b3936f28,2026-08-01,1,0.36488480705692267,0.24955590069293976,0.19807737815161938
4,20741e43cc7e0c54,2026-08-01,0,0.5967430192881925,0.8674520254135132,0.8470822125661885
4,209c5c52c7d8a613,2026-08-01,0,0.04817722094318069,0.04916869476437569,0.04561541750847329
4,21114003b1a79644,2026-08-01,0,0.4264466152760457,0.3083784282207489,0.27200260998475995
4,211b22349d581e5d,2026-08-01,0,0.33932796880867133,0.3489544987678528,0.34697144234031024
4,2145327dd856767f,2026-08-01,1,0.33947776448532774,0.1741630584001541,0.10585861230411672
4,233ea11270a56d7f,2026-08-01,0,0.03820704414021583,0.004745373036712408,0.004742213755688988
4,23a42f256cd6a909,2026-08-01,0,0.061349762830518184,0.04851390793919563,0.03234616364581375
4,23eaa9b15cf4ba72,2026-08-01,0,0.056250809561909934,0.08417119085788727,0.07266990575199313
4,23ed4bec9154f57b,2026-08-01,0,0.023279595400046673,0.012731851078569889,0.02055424976836456
4,24bd41b9ac35e6eb,2026-08-01,0,0.027186050556701237,0.047306470572948456,0.035667497998785366
4,259ea14d9ab3cebf,2026-08-01,0,0.014532219868860245,0.010302887298166752,0.0025530012709315524
4,2692cf1e54a6ed8f,2026-08-01,0,0.3068390340215864,0.3972485065460205,0.3797769852556043
4,27b4605cb70f5783,2026-08-01,0,0.32730618100073544,0.07080940902233124,0.07949072974980284
4,28e42064ffc5b6f9,2026-08-01,0,0.20085576070690875,0.1548709124326706,0.2222242412930009
4,297af7ef6a739bf9,2026-08-01,0,0.13447492775120268,0.06920529156923294,0.06141744931804913
4,29b335b2f1d9edeb,2026-08-01,0,0.02120049944565504,0.007439888548105955,0.0047650466733970154
4,29fefcfbfa904c44,2026-08-01,0,0.05156440531208821,0.00564588513225317,0.005929450600966954
4,2a6e995d1d710f1e,2026-08-01,0,0.11299128260970472,0.020367706194519997,0.018808121201470396
4,2acca47d7c7617ea,2026-08-01,0,0.4464312853323606,0.3410811722278595,0.4578862488468964
4,2b4f532883f382e9,2026-08-01,1,0.8302210733612864,0.8104560971260071,0.7652350985100046
4,2b8b7f0d6dc93d31,2026-08-01,0,0.1409719015037176,0.10957500338554382,0.13821615600018283
4,2ba57d45b7741094,2026-08-01,0,0.01491409013642206,0.008438259363174438,0.008706743902729077
4,2c3a2191840cfd85,2026-08-01,0,0.3711795063060471,0.3147682249546051,0.27179730091872417
4,2c46854282faac91,2026-08-01,0,0.3367435170701325,0.21414819359779358,0.233043303190256
4,2d2fa49f500286e7,2026-08-01,0,0.10787594710931427,0.13634833693504333,0.15945950747195117
4,2d5ce71632421963,2026-08-01,0,0.1419936575228668,0.09148392826318741,0.08293779503871525
4,2d8cb43f88514c9c,2026-08-01,0,0.03101265960114678,0.02011203020811081,0.017272362311884285
4,2dab3886775615af,2026-08-01,0,0.04729636213477996,0.04133155941963196,0.015867343598018606
4,2dbae3ab66c6c9ee,2026-08-01,0,0.8819975842827881,0.8541432023048401,0.8448201265334419
4,2dbe1d7dd28e8ab0,2026-08-01,0,0.183555107401701,0.15942572057247162,0.14924849831040735
4,2fd2b15a0dbec90a,2026-08-01,0,0.07742514465562396,0.14888140559196472,0.10468390935475831
4,3075ff35a1d922a1,2026-08-01,0,0.035875244436633605,0.018238991498947144,0.012853510287670775
4,30c342a4260531be,2026-08-01,0,0.11642724735895871,0.15981031954288483,0.21290640748004694
4,30cc94d467535dc4,2026-08-01,0,0.127087840548341,0.08882508426904678,0.08505527431371171
4,31bf95434a40a22b,2026-08-01,0,0.02787683444158906,0.020359592512249947,0.01773654448480073
4,326f4a8b4e941238,2026-08-01,0,0.5251729956074093,0.44964584708213806,0.4105898192054323
4,329f180b5a0e9620,2026-08-01,0,0.07577058135184642,0.05571868270635605,0.05865067816200283
4,32cf371554065451,2026-08-01,1,0.8879963476470512,0.8905084133148193,0.8913778437330406
4,33085e4ed06338ac,2026-08-01,0,0.3707248912157066,0.18474052846431732,0.1816874773173336
4,33297a3d66f423c1,2026-08-01,1,0.21440649445808913,0.11234813183546066,0.1694806496681919
4,333cca11d8b161b2,2026-08-01,0,0.02847118968973137,0.010142401792109013,0.008344967893464348
4,337efba1d28f5e7b,2026-08-01,0,0.059691381385211593,0.025175657123327255,0.016766170818372287
4,345e5eeac21fedf5,2026-08-01,0,0.1476207501824781,0.20345312356948853,0.17682238972377737
4,346b9f0ca10bc627,2026-08-01,0,0.8819544288317079,0.8185489773750305,0.8436261556221167
4,34e037e3c19a2df4,2026-08-01,0,0.5830661489988064,0.5176527500152588,0.5973622582439161
4,35223998731f7380,2026-08-01,0,0.13661373988757228,0.03933964669704437,0.032047352549676646
4,3555213bd2f8ddef,2026-08-01,0,0.4479933008613202,0.3017966151237488,0.32198502677740326
4,355de9d9d74d4642,2026-08-01,0,0.09379663554157822,0.062011945992708206,0.06689824621012591
4,36a3cf77bd4b77a5,2026-08-01,0,0.5687219473626224,0.4877989888191223,0.559009064709119
4,379cfe648f827b90,2026-08-01,0,0.7604235803217316,0.7884665727615356,0.7694237289467546
4,388fec8ebdaefb1a,2026-08-01,0,0.6226614585470195,0.29359740018844604,0.34866221653706886
4,38d1abc514acbb66,2026-08-01,0,0.05041694938661856,0.020309997722506523,0.02434463239058742
4,394ee054ef5645cf,2026-08-01,0,0.31084044669902,0.2734740972518921,0.2913573044736794
4,3954728de86e7367,2026-08-01,0,0.16007291483181843,0.09035764634609222,0.11197024532870826
4,39d1cc4131b01576,2026-08-01,1,0.6048312012239425,0.34980839490890503,0.5184623892038898
4,3a24efff1f5c063e,2026-08-01,0,0.3138107805207881,0.5174676775932312,0.3493540566343733
4,3a52ae5eb572abc5,2026-08-01,0,0.1965706384050756,0.09143481403589249,0.1344114447348211
4,3b086a0254f42591,2026-08-01,0,0.37447391613831477,0.19493724405765533,0.19924344234857982
4,3b1f6e880e01bc49,2026-08-01,0,0.38095588467026287,0.2073923647403717,0.26200549041476817
4,3b3303d566130021,2026-08-01,0,0.1162785832132365,0.07698028534650803,0.05977854043804746
4,3b99b630eb7b4423,2026-08-01,0,0.08679414965049605,0.04491538926959038,0.05668282388201284
4,3c1663b2498adcca,2026-08-01,0,0.15690953687145143,0.11434826254844666,0.16543425356029554
4,3c37431cbb42ca2d,2026-08-01,0,0.06332516538493464,0.07040272653102875,0.03022094988319816
4,3c45fb247fd44f51,2026-08-01,0,0.2987075650965951,0.3014102280139923,0.2972786640901025
4,3cc43b650df782c6,2026-08-01,0,0.22446036374353723,0.2148580700159073,0.2482032270346422
4,3cc4bccbb27a99ab,2026-08-01,0,0.07898659797285061,0.042776498943567276,0.041931497521797555
4,3d25f4e81b8d1b11,2026-08-01,0,0.46177467161594704,0.37966445088386536,0.325190781007029
4,3d75b01859b4f4a4,2026-08-01,0,0.624884064943991,0.7737594842910767,0.7283443490815282
4,3e0ad4bd45e505a1,2026-08-01,0,0.3832385465207432,0.18824715912342072,0.16340259801883134
4,3e5f6a79c26527dd,2026-08-01,0,0.08978342195653316,0.031415291130542755,0.0499097792263121
4,3e9fa9d0f5f0d001,2026-08-01,0,0.5160455062274769,0.2355930209159851,0.2908303568081352
4,3ed25a489cdc2408,2026-08-01,0,0.02404216316358257,0.003128351643681526,0.0030245374876621926
4,3f45e9fa77af0f16,2026-08-01,0,0.01367622267886393,0.004720969591289759,0.0028482278760655973
4,3ff23cac429f5fe7,2026-08-01,0,0.32562181912052246,0.33835965394973755,0.3035406444659923
4,4058f6192f8c37b8,2026-08-01,0,0.17035011152035798,0.1387268751859665,0.07379325873750289
4,4074c590f8494ed9,2026-08-01,0,0.043130755247863285,0.0063751740381121635,0.014379458534819442
4,40fb1ac57da3dc3d,2026-08-01,0,0.06864040588201953,0.034765709191560745,0.02670488680643289
4,42466bf4f178c91c,2026-08-01,0,0.5259703076400843,0.501246988773346,0.5870359672829394
4,42a3e323759a2ac6,2026-08-01,1,0.15213115443393527,0.07167743891477585,0.06863768878462306
4,431b1b088bcb458e,2026-08-01,0,0.2988948080690501,0.13028888404369354,0.11025172740107511
4,4379b979bf41d2af,2026-08-01,0,0.18892993490063337,0.31285327672958374,0.18586336344312807
4,43ecff422a6dbfba,2026-08-01,0,0.4697636247931243,0.5004284977912903,0.6929380400688548
4,44485f1c60dc18a7,2026-08-01,0,0.06621259091700565,0.04640255868434906,0.08373378797037506
4,4480aaf216343083,2026-08-01,0,0.15346226655450446,0.12158603966236115,0.08254943337008278
4,4495172f2cc3c904,2026-08-01,0,0.5095616866825308,0.4293114244937897,0.3327345970405453
4,44ee8d014cbddad4,2026-08-01,0,0.35909089129040356,0.32358047366142273,0.4413005372955501
4,44ff8803a059a565,2026-08-01,0,0.14144996194618983,0.13348396122455597,0.11066082546929343
4,45010dbfbc37df1c,2026-08-01,1,0.40796667945704673,0.25292956829071045,0.24305592234227474
4,45d257ec5ed578f6,2026-08-01,0,0.04044807545373531,0.007774575147777796,0.00665283056293845
4,45ddc834293ef7e0,2026-08-01,1,0.745590788365561,0.6814801692962646,0.8434703861128453
4,477fd48f71ea9869,2026-08-01,0,0.12468464408053352,0.06885536760091782,0.050762428506471224
4,48473e247240c19e,2026-08-01,1,0.18956425208237884,0.12454506009817123,0.10153871387787548
4,48508451cb54a710,2026-08-01,0,0.42941993576503695,0.1927139163017273,0.13867424354127383
4,4878bfa143bd6a1c,2026-08-01,0,0.4495040778491783,0.5259988307952881,0.5273370109423066
4,490741697a376311,2026-08-01,1,0.09349808591149372,0.07255176454782486,0.055435555505628266
4,491222e5ae5a810b,2026-08-01,0,0.45717832825978544,0.4282630681991577,0.40271674776034166
4,492390e819a7f52c,2026-08-01,0,0.3983079935631291,0.6092602014541626,0.5627563062620503
4,49421909e3bca389,2026-08-01,0,0.1840715999180658,0.15842311084270477,0.1434459152291277
4,494c5352e5c936d6,2026-08-01,0,0.30483902322500456,0.3650897741317749,0.39440821174358337
4,4ae4b371576bc3aa,2026-08-01,1,0.29910650961126356,0.13782823085784912,0.15599468332667307
4,4b65095d8d9f4976,2026-08-01,1,0.19009391325397934,0.07381676882505417,0.0536084816027124
4,4bb37cc638dfdc07,2026-08-01,1,0.5875242168228213,0.3948603570461273,0.4711233306856985
4,4c0faa7c5e0edbbd,2026-08-01,0,0.14068622916191872,0.036879025399684906,0.029759681398411324
4,4c1a86c0daa244b7,2026-08-01,0,0.019542233629589238,0.006843123119324446,0.0032463176343050246
4,4c6618c5b2addcf5,2026-08-01,1,0.7338798218693827,0.6154755353927612,0.7030400522363063
4,4c6eaf624b580349,2026-08-01,0,0.22831058494754736,0.1232704296708107,0.12679098798097577
4,4c94fdffd05355a4,2026-08-01,1,0.21152661177122986,0.3590661585330963,0.2172392345204528
4,4d69281d1307c779,2026-08-01,0,0.09429524411071676,0.10050056129693985,0.044409311194831796
4,4d8710dde6c54072,2026-08-01,0,0.08445531833457613,0.09426940977573395,0.08542517786875184
4,4df31172e7448ec3,2026-08-01,0,0.03769715818981007,0.028775328770279884,0.026498416286623666
4,4e7fd8bc9e814963,2026-08-01,0,0.13460099787665264,0.13956402242183685,0.18747380543628955
4,4f6f8dc16440a307,2026-08-01,0,0.5608733137180859,0.7159923315048218,0.6869771938678446
4,4fd5264af66dc45a,2026-08-01,0,0.260169586488141,0.12457282096147537,0.15764032772388495
4,501dc497c76b6355,2026-08-01,0,0.809060494354969,0.6776871085166931,0.7291221182714227
4,504e2e8fc7305425,2026-08-01,0,0.27594563145669937,0.3263690173625946,0.3743202639014938
4,5121be72b086a0ec,2026-08-01,0,0.5429691995611038,0.6045514345169067,0.6395059764924976
4,512aad533af22a10,2026-08-01,0,0.11418907361159387,0.1693093329668045,0.17218614652071976
4,516703c4aef481ab,2026-08-01,0,0.08723871630983779,0.041147630661726,0.04406825812005774
4,51a13f8830050b04,2026-08-01,0,0.32950984569095365,0.1835591346025467,0.16562360565694748
4,522b40618cf5e6ba,2026-08-01,0,0.13688179774939985,0.12190541625022888,0.12344247571418482
4,529b274fceceeb0b,2026-08-01,0,0.03193628156463302,0.012513222172856331,0.012489957516630847
4,5350abe23e5b6d5c,2026-08-01,0,0.03245419277819915,0.005859841126948595,0.0054115327222000855
4,53f0d80a1b1ded3a,2026-08-01,0,0.18369577702502285,0.20120024681091309,0.28464680322370756
4,5482ffad4190179b,2026-08-01,0,0.1443698239997017,0.07935378700494766,0.12231419292953068
4,553bb4ca0bdec86c,2026-08-01,0,0.1740715997478632,0.18581166863441467,0.17285709766139207
4,555eff73941df0c2,2026-08-01,0,0.3143434278095231,0.41430166363716125,0.352460130494088
4,558d75ae4b37b312,2026-08-01,0,0.07472357844519907,0.029281198978424072,0.01602748403573648
4,568747aa6b01a4d5,2026-08-01,0,0.19546335887975774,0.1813649982213974,0.13996503527131252
4,56d4f2e61b5af6aa,2026-08-01,0,0.00743497923208157,0.004287055693566799,0.004774263400202169
4,5796610e0b2023cf,2026-08-01,0,0.0185326198983394,0.009875932708382607,0.0068140943376376285
4,57b4ad449f4243df,2026-08-01,0,0.25609365630435726,0.15535809099674225,0.18773352873601207
4,57efce2151d57cb6,2026-08-01,0,0.051617395625117767,0.05933958292007446,0.0414182839474599
4,582d38a0da97095d,2026-08-01,1,0.6514308914378678,0.43695318698883057,0.6394709984459325
4,58df3dc88789b9f4,2026-08-01,0,0.28318867741021814,0.10035428404808044,0.10412257575505127
4,593f6b659b72c938,2026-08-01,0,0.031536297345994,0.04413831606507301,0.02274622433069585
4,595de99cdd79435d,2026-08-01,0,0.1760239931219942,0.20083072781562805,0.1746380265550334
4,5979e5a582892307,2026-08-01,0,0.1741589569899686,0.08995034545660019,0.14082317834694608
4,59bc08d7baaa7758,2026-08-01,1,0.2638007845555508,0.15995535254478455,0.1400901900350569
4,59fe602c96bf0b43,2026-08-01,0,0.054625375756939695,0.1434946060180664,0.14820638678418796
4,5a01770e73816c01,2026-08-01,0,0.5073258977052757,0.5852717757225037,0.5849320382202831
4,5b961a3a69a32bdb,2026-08-01,0,0.04229482869640019,0.020563868805766106,0.016642951306579768
4,5d42f970043953f5,2026-08-01,1,0.8803007340200093,0.9414060115814209,0.933934801620472
4,5d871ec898a96be9,2026-08-01,0,0.09886657848198699,0.0689324364066124,0.06367271083551632
4,5dcc4c599a3f6c33,2026-08-01,0,0.036451851313402665,0.00645934185013175,0.014643492080507275
4,5e0776fb04dfb714,2026-08-01,0,0.3000845937204851,0.20150339603424072,0.2975935874236693
4,5e5ef45624a9213d,2026-08-01,0,0.45657453257005337,0.25609803199768066,0.3030374835083075
4,5e929b6d874e9289,2026-08-01,0,0.0653418279516963,0.07990306615829468,0.09438208367888636
4,5f1ec9a55e63103c,2026-08-01,0,0.6891300059273642,0.5653986930847168,0.6493448254123083
4,5f7fee907b63c350,2026-08-01,0,0.1440194180172751,0.08696065843105316,0.07627942979217742
4,5fc2c17467b3cc9a,2026-08-01,0,0.011815063245016614,0.007750606629997492,0.009807587375920588
4,6043f4b7a6b2e797,2026-08-01,0,0.12455545359782157,0.08430690318346024,0.10538959237561334
4,60c784bd050c0363,2026-08-01,0,0.3280471337951752,0.399459570646286,0.27727117536522905
4,60f4ed77ed78ef87,2026-08-01,0,0.02173262593490513,0.010874241590499878,0.00923548547605365
4,6121b1d3358511b7,2026-08-01,0,0.04247426817878634,0.058285076171159744,0.03506085063204273
4,612a2493a68c2786,2026-08-01,0,0.04427969676767167,0.016288718208670616,0.025763543976145668
4,619418dc4c21dac6,2026-08-01,0,0.020702806949113257,0.009802649728953838,0.01272902256528442
4,6197efab8faa9f42,2026-08-01,0,0.27839380540282815,0.21340757608413696,0.18418480957815997
4,61b67d3d4684d5c8,2026-08-01,0,0.10621398251414038,0.0535195991396904,0.05197099847887182
4,630552c82c21b666,2026-08-01,0,0.017486156597738604,0.003911106381565332,0.005906595249679038
4,63457c6f9255b10e,2026-08-01,1,0.6820624274216268,0.6860222816467285,0.6708113874826347
4,63713a18725ecb65,2026-08-01,0,0.409821561677677,0.3901025056838989,0.3989622954816478
4,6375e50285534cd3,2026-08-01,0,0.042096072543604666,0.012715809978544712,0.006643839246273097
4,639819d42a212454,2026-08-01,0,0.5840402934017989,0.5275407433509827,0.32826992550270545
4,63a8ca345e9d9aba,2026-08-01,0,0.4156971751816917,0.23487074673175812,0.14302919565356814
4,63cd7e8bac36643c,2026-08-01,0,0.03698602605420931,0.01519370824098587,0.015155131161289331
4,646be24488f724c9,2026-08-01,0,0.30380562760685653,0.23697634041309357,0.20489743188248025
4,64e5883c13cdedae,2026-08-01,0,0.3159388943168118,0.17229825258255005,0.13534541030507696
4,6592941866fb9a8b,2026-08-01,0,0.026780903844399965,0.013881214894354343,0.00902680621717323
4,65fa7e14d7b26f10,2026-08-01,0,0.36498225867666645,0.35768669843673706,0.33984311177190296
4,66400e25ea9143f0,2026-08-01,0,0.15564847727557865,0.27435147762298584,0.3191090762169918
4,66b1542542b54ffa,2026-08-01,0,0.03964137097001865,0.07024462521076202,0.06043837839881501
4,678a310c716ff9f4,2026-08-01,1,0.3940244386814063,0.23358741402626038,0.16566015252414223
4,67a8eda8eff4dd93,2026-08-01,0,0.36567165730447676,0.17616651952266693,0.28200740412051645
4,689739a7b6151763,2026-08-01,0,0.5955165211400169,0.732369601726532,0.8154101600755153
4,68abad538f103ae7,2026-08-01,0,0.04713675163182012,0.014167283661663532,0.01284362978308843
4,6a7140a991124a8a,2026-08-01,1,0.6662846000727619,0.39856934547424316,0.2817768778768684
4,6a84dd19b55fe235,2026-08-01,0,0.1551498448819131,0.20944924652576447,0.19640542230777655
4,6ab9b8aa6d365f89,2026-08-01,1,0.5829795699714007,0.35304269194602966,0.5255479044412319
4,6ac08a1f2df62054,2026-08-01,1,0.8388118331721384,0.856035590171814,0.8179855734180478
4,6b75bf556a7ae109,2026-08-01,0,0.16186416413838872,0.09745186567306519,0.1194890759010292
4,6be2aaa3e7701251,2026-08-01,0,0.0648629903449893,0.03314879164099693,0.04170326233082108
4,6c10d2764bd32bd5,2026-08-01,0,0.1502847156350021,0.04405542463064194,0.03918041772773988
4,6da5e977896183ff,2026-08-01,1,0.5944965343265272,0.6788249611854553,0.6240843257732279
4,6e30360546f38548,2026-08-01,0,0.05667868452690971,0.046556323766708374,0.026600012780220474
4,6e61d4dd3c4b64e4,2026-08-01,0,0.1368540466949383,0.06174468249082565,0.06123221355722262
4,6ffd8c90763370e6,2026-08-01,0,0.17103161885631216,0.17785191535949707,0.17839605119746788
4,7088980fed27f1fd,2026-08-01,0,0.04141858951513028,0.03146791085600853,0.01675085459073145
4,712ef4969f0ec8a2,2026-08-01,0,0.12035223582721277,0.15048010647296906,0.12213549889849415
4,7167047194ca9e81,2026-08-01,0,0.4796063465419869,0.320273756980896,0.3371716077638773
4,7172a09032966e8b,2026-08-01,0,0.6082717987057253,0.6914412379264832,0.7352626822336622
4,717f9b258847ff7f,2026-08-01,0,0.07439659109154612,0.023208731785416603,0.020070568319839333
4,71d1654f082f3379,2026-08-01,0,0.1674480963715431,0.11873364448547363,0.16694623676289042
4,71fe671fbcc7deb4,2026-08-01,0,0.7166570537074819,0.7334588170051575,0.778622315487963
4,7209a01bb39fc1b9,2026-08-01,1,0.6927922476730715,0.7993680238723755,0.753494024226615
4,72b7fd7949442c41,2026-08-01,0,0.5643108281118626,0.322055459022522,0.27056504070328125
4,72e945036dbf7efc,2026-08-01,1,0.22086542831650177,0.07915530353784561,0.08339684499533388
4,732c59a3bf5fa3ab,2026-08-01,0,0.3471896640236093,0.15026673674583435,0.19401174499082116
4,734a8697072b3516,2026-08-01,1,0.6434608925186692,0.7478492259979248,0.8049677147774106
4,73dce9ec21c62f08,2026-08-01,0,0.1358393870624475,0.1208847388625145,0.1257703563243183
4,744ef37ff3103836,2026-08-01,1,0.6578698531689918,0.7697189450263977,0.7941461392047964
4,748293bf156a3325,2026-08-01,0,0.6087503851261319,0.5408986806869507,0.5385300508841826
4,754982c4f6b42dcb,2026-08-01,0,0.0437533552363411,0.035505685955286026,0.023447801370132155
4,7553e4106a7f18ab,2026-08-01,1,0.15652279356873633,0.0949036180973053,0.1288958039257441
4,7560ead0fbf92fea,2026-08-01,1,0.4876644776881238,0.31396621465682983,0.17548334713916672
4,766e25848489b186,2026-08-01,0,0.03665259767502772,0.009367299266159534,0.017411843313764257
4,768104980c4f277a,2026-08-01,0,0.5283670692393119,0.31627556681632996,0.28689318852435713
4,77856ec74ccb347a,2026-08-01,0,0.17874968138866076,0.26782485842704773,0.17091717316032456
4,782399c1491edbe1,2026-08-01,0,0.1983321725507372,0.13770821690559387,0.1610738922935429
4,78be0e66fc8267be,2026-08-01,0,0.45163940886965986,0.5748376250267029,0.43126592158716626
4,78c481ba73b2c2d1,2026-08-01,1,0.47954654338061603,0.21513091027736664,0.1620988053590596
4,78c6d5da2aaaf87a,2026-08-01,0,0.03443423777895566,0.07349280267953873,0.07653702332463377
4,7947d52ade2c4691,2026-08-01,0,0.3760682983191247,0.25548237562179565,0.30600143349632114
4,7a828bed8ca4e808,2026-08-01,0,0.5205486374491952,0.444294273853302,0.3407861244833208
4,7ad7c997fb8bb525,2026-08-01,0,0.43048613385010387,0.42846956849098206,0.4410405463535083
4,7adcbd5e0c1c7c26,2026-08-01,0,0.4261602035709214,0.4214688837528229,0.3002152383330873
4,7b76059f37404fca,2026-08-01,0,0.07716495852357118,0.05102520436048508,0.063488076411573
4,7b853ac7025438b2,2026-08-01,0,0.25248411938254167,0.10852162539958954,0.18117724095004878
4,7be1361136e936f3,2026-08-01,0,0.5437761726995628,0.27801650762557983,0.28809248598962955
4,7c4e4ca3775ec8bb,2026-08-01,0,0.03186199227789452,0.002581649459898472,0.0025979502635852646
4,7ca3bb37a12c9a35,2026-08-01,0,0.8204012701925517,0.9232819080352783,0.900697970124481
4,7d023a47b0890f8a,2026-08-01,0,0.0505489569600957,0.05360129475593567,0.05708720648669527
4,7d3a78baea44db30,2026-08-01,0,0.4285888152680612,0.3969893157482147,0.4135358379526081
4,7d8c20c75702263d,2026-08-01,0,0.41640383152054894,0.2823922634124756,0.38619489863647166
4,7e74e0a32983950b,2026-08-01,0,0.12152984961416174,0.06994492560625076,0.08932029286719477
4,7e77e3af565109ab,2026-08-01,0,0.1493734061730648,0.08375147730112076,0.06395464545119404
4,7ef29d7f2f698196,2026-08-01,0,0.05749914052215959,0.02953498251736164,0.028083533911708942
4,7f38a096eb6902b1,2026-08-01,0,0.016216501431061778,0.02388658933341503,0.02454577066716214
4,802c32d889b1616d,2026-08-01,0,0.22238402846437194,0.17221231758594513,0.1740508421203301
4,80a1ba479291dfc0,2026-08-01,0,0.0628618299419144,0.03309013321995735,0.023171233330768915
4,80c299676803053d,2026-08-01,0,0.32719592146312215,0.13830135762691498,0.17492263814005812
4,813f4a290d4f7ca0,2026-08-01,0,0.6560705924013513,0.5979676842689514,0.6081206697238097
4,821509b68e904378,2026-08-01,0,0.1110623859658423,0.047432199120521545,0.04453225983512944
4,824c11687ffd8d30,2026-08-01,0,0.1638576748199365,0.18333251774311066,0.23615806768861775
4,82ff5a2e9ec6645b,2026-08-01,0,0.2569213602339529,0.167360320687294,0.1483706718995626
4,83741cfa5d9d93bb,2026-08-01,0,0.5533596908051077,0.43068283796310425,0.35104937621975457
4,83b5f88f5dbc975d,2026-08-01,0,0.017688962053984226,0.00466303713619709,0.004865445770714671
4,83b69101906824ee,2026-08-01,0,0.04227925197699377,0.011187859810888767,0.0031416643068666937
4,84924cb9d0bc8aee,2026-08-01,0,0.02687363969342562,0.02879810519516468,0.02587265902968002
4,85272d4df3866f00,2026-08-01,0,0.03904518861395252,0.005749908275902271,0.006491218260701215
4,8615400f2e358cfd,2026-08-01,0,0.5090004944502073,0.2034149169921875,0.24661018460485265
4,863f4a3bbacc1692,2026-08-01,0,0.006788020953371875,0.0010350444354116917,0.0005858750491832829
4,86df1b21b1b74be7,2026-08-01,0,0.632833543466724,0.7030732035636902,0.7220384598788111
4,879651e0639bbf26,2026-08-01,0,0.052805479658354464,0.028919938951730728,0.0326461759631242
4,87b53ae4fccc9e3e,2026-08-01,0,0.07394132115051619,0.016511868685483932,0.018969980129423247
4,8878139d82c81f5b,2026-08-01,0,0.20615354737864075,0.06624447554349899,0.1350661614749353
4,88ce8ff5ef57afac,2026-08-01,1,0.31582001812848737,0.3232875168323517,0.353598866300365
4,89dc7eb34695a882,2026-08-01,0,0.2031456663357224,0.11919353157281876,0.1429151524106281
4,8a17c46efd0c9073,2026-08-01,0,0.3032475045676483,0.17389750480651855,0.2676464641053829
4,8a450b3451834d47,2026-08-01,0,0.12734384498551332,0.042934171855449677,0.027660881901443276
4,8aa295b010434c48,2026-08-01,0,0.10605835556320417,0.05952136591076851,0.11063660858064817
4,8ae46465baae863a,2026-08-01,0,0.3183259225899423,0.2841213047504425,0.30534377425331405
4,8b1543c7d28a0d97,2026-08-01,0,0.5192780586981797,0.2168464958667755,0.2764458188712603
4,8b223d5acfa10b00,2026-08-01,0,0.037432409277791935,0.0066699800081551075,0.003433748077760455
4,8be03eebed9bff2a,2026-08-01,0,0.24453327977204226,0.059620171785354614,0.09547171432926238
4,8c1a94fc6aa44fbc,2026-08-01,0,0.03990750951621863,0.00839568767696619,0.009492648874363095
4,8c5d1d4e7f3aeaa2,2026-08-01,0,0.2362730122105405,0.383132666349411,0.2698686150106114
4,8c72ec5ca6f58244,2026-08-01,0,0.6952294816481042,0.6949639320373535,0.664247826249456
4,8cf81cc9cc1751ae,2026-08-01,0,0.20859969263158107,0.22035671770572662,0.16303972323235508
4,8d8e69cca84826e3,2026-08-01,0,0.19015960962904663,0.1360315978527069,0.14683200819258993
4,8e03ec4421a38f18,2026-08-01,0,0.01561660677015216,0.007223415654152632,0.006377452566769079
4,8e120722b18f9a4f,2026-08-01,0,0.040292433654787504,0.03294709324836731,0.04956274095382727
4,8f3c360bc6da8b20,2026-08-01,0,0.02017138116542779,0.02033361792564392,0.021154422791633966
4,8fe9dfb23d49daac,2026-08-01,0,0.017912583741287555,0.0034331767819821835,0.004156901638794733
4,8fec834372344ce3,2026-08-01,1,0.617877817182451,0.7059462070465088,0.677968217561032
4,906a1baf33557482,2026-08-01,0,0.014805392504481544,0.010866212658584118,0.010271470072433526
4,907cd68bbb73ce35,2026-08-01,1,0.3065382629640439,0.4324546754360199,0.3680797191106658
4,90b2fc3a2f01e6e6,2026-08-01,0,0.05897002828881542,0.01801816187798977,0.017294746073648597
4,90b55e4026a9c198,2026-08-01,0,0.4299543097159097,0.2534888982772827,0.2567194676228705
4,9253cd68c309dab8,2026-08-01,0,0.13348631871888303,0.16060294210910797,0.1357587760127051
4,92c84d0294e1ecc6,2026-08-01,0,0.12047355327313182,0.16783583164215088,0.20427069826748986
4,9383ec009bc10aeb,2026-08-01,1,0.4919440692167605,0.22826389968395233,0.17340884168861256
4,93c249c09a7896cf,2026-08-01,0,0.48326980768411876,0.6819501519203186,0.6489083017472232
4,93f9a4ae92017ea2,2026-08-01,0,0.6406511369833322,0.4675220549106598,0.53637950058145
4,943bb4e6ed3b936a,2026-08-01,0,0.02079807488964044,0.01636391319334507,0.00701529495966079
4,94ed3381566d370d,2026-08-01,0,0.2625656144351866,0.13480524718761444,0.1313347311767493
4,953c10dcb7a67a8c,2026-08-01,0,0.18585709838196068,0.3323589861392975,0.31879746975165774
4,956e59be6fa7f49c,2026-08-01,0,0.5462001175696486,0.4690864384174347,0.5681912003612157
4,95932b3db2a689d2,2026-08-01,0,0.15804060175078818,0.1094895526766777,0.10345360629501187
4,968e58bb88ff566f,2026-08-01,0,0.11133099217959407,0.10009975731372833,0.048292991794534126
4,978fa93a83cea01d,2026-08-01,0,0.6330732823414136,0.7603811025619507,0.7694195860149313
4,981166601623cc37,2026-08-01,1,0.11549217180911774,0.06286697089672089,0.05034179339274745
4,98b8ca23b73c72a9,2026-08-01,0,0.37609430938727295,0.2181495875120163,0.18411272614599392
4,990453d743d2ed28,2026-08-01,0,0.5438744920442563,0.4191669821739197,0.3313708246647184
4,9a63b9d62cb91eb7,2026-08-01,0,0.11607911948338324,0.11063247174024582,0.09988522178395913
4,9b0c3fe2788bce95,2026-08-01,0,0.6220145770302097,0.6626376509666443,0.7071603970211076
4,9b65cd9aa203a898,2026-08-01,0,0.21850675004712014,0.20144851505756378,0.26075787262468886
4,9bc1e2da0d28a059,2026-08-01,0,0.06971217836462797,0.0413440577685833,0.03221997408829949
4,9c31b46d9d2d214a,2026-08-01,0,0.17864229291598957,0.06829331815242767,0.07878544506252594
4,9c6dd133222b3b38,2026-08-01,0,0.5575669839201675,0.4455483555793762,0.535894445073398
4,9c72763e7aa91216,2026-08-01,0,0.27535163491112336,0.19531388580799103,0.28109404464430837
4,9cf3e6bd7fe69f55,2026-08-01,1,0.2765087875685399,0.06979110091924667,0.06203621707404971
4,9de41d47198fec3e,2026-08-01,0,0.6182378046672908,0.665864109992981,0.5735924016573931
4,9e29e218c44c16ea,2026-08-01,1,0.6273738404157163,0.5249982476234436,0.5946700403828864
4,9f2d9fe440f4b138,2026-08-01,0,0.5310151443218274,0.5133400559425354,0.4908782211991002
4,9f4eaea6fa546273,2026-08-01,0,0.0469350930050965,0.012740365229547024,0.008053467273820973
4,a01218af02658ae4,2026-08-01,0,0.22479407240840532,0.24258233606815338,0.176251170297677
4,a01effa35c5e96af,2026-08-01,0,0.15064436836651687,0.1532212346792221,0.14469400876626332
4,a045bb22b2b4ab9c,2026-08-01,1,0.13546757704178722,0.25823912024497986,0.31910250095080034
4,a0a31ea3717839ac,2026-08-01,0,0.2139294422955876,0.07841390371322632,0.09716644134545685
4,a107349218c8f157,2026-08-01,0,0.05999512456208347,0.09905727952718735,0.10628639920851292
4,a149305d8d092873,2026-08-01,0,0.7300083082978936,0.8143836855888367,0.8580518440032403
4,a19f8b5d6883aed8,2026-08-01,0,0.08573309882692495,0.09255793690681458,0.13414021229737752
4,a1abd6b053382c4f,2026-08-01,0,0.20206195972479968,0.08452245593070984,0.102291785284947
4,a1aeebc6fcf421e3,2026-08-01,1,0.6999352635992273,0.632689893245697,0.5969867813739375
4,a3a54074b22b32b8,2026-08-01,0,0.22513744000799438,0.40270769596099854,0.4021098817043414
4,a40f4c52191b3b4c,2026-08-01,1,0.5873756958484884,0.7631039023399353,0.6956456454965827
4,a443b48021de9cd7,2026-08-01,0,0.03932045927790707,0.011321335099637508,0.008570411843976652
4,a47e6d0778841d2c,2026-08-01,0,0.45688814556798996,0.4262845516204834,0.4006872853841819
4,a5b6d77905227331,2026-08-01,0,0.02584837792240565,0.01572297140955925,0.013587563010989566
4,a5deab790fe36b7b,2026-08-01,0,0.26961098014960333,0.23791854083538055,0.23543374519995547
4,a65f0fa4c504ac30,2026-08-01,0,0.08334177690031394,0.14461515843868256,0.11247598639733078
4,a6b7fc6f155ff21b,2026-08-01,0,0.31698334601515077,0.36134016513824463,0.3678125611231109
4,a6c78a93fa571942,2026-08-01,0,0.711948883352399,0.7801562547683716,0.7608914765075131
4,a6f0e7267d6a0202,2026-08-01,1,0.5272707497085364,0.3719727098941803,0.23260488080245634
4,a70ededb57b80d31,2026-08-01,0,0.10399324463008898,0.03245420381426811,0.04003633727015228
4,a7259705931cbc32,2026-08-01,1,0.7270427814591066,0.9311540126800537,0.8879860910155616
4,a76d72bb319bff8e,2026-08-01,1,0.6874861057706155,0.6346759796142578,0.6400667607150764
4,a82d02910822ec45,2026-08-01,0,0.09130775400368525,0.06739393621683121,0.0634400243334085
4,a8471410b68777f9,2026-08-01,0,0.5715564213565396,0.4233010709285736,0.4444766383722315
4,a8634870630fd1e8,2026-08-01,1,0.7427008827047257,0.8492141366004944,0.8175788541658421
4,a8b4920be38b35f0,2026-08-01,0,0.054680971186385055,0.04446926340460777,0.01960308392770801
4,a8c0162bd035d7d9,2026-08-01,1,0.6210256044095693,0.6073310375213623,0.5746438951662141
4,a8fbdc207572ccd8,2026-08-01,0,0.031121084963187644,0.010118761099874973,0.005436096861878058
4,a8fdaa45fe427962,2026-08-01,0,0.6735248799533116,0.5922088623046875,0.6462660266924121
4,a953f6a94675d6ea,2026-08-01,0,0.31369921104493487,0.2754579186439514,0.2847060646508377
4,a9fd9c7c96769b2d,2026-08-01,1,0.26044809761590687,0.1154940202832222,0.08653293665157305
4,aa714ee7bfe2f145,2026-08-01,0,0.35667713539022,0.2989692687988281,0.24899191690970301
4,aa7ff3ab7c8d7ae2,2026-08-01,0,0.6277729744376525,0.6360501050949097,0.6694957575522119
4,ab0b5e1a12f4a39f,2026-08-01,0,0.06170924693059247,0.08552715927362442,0.14151779622888566
4,ab42e5ee286d6960,2026-08-01,0,0.16475476580878018,0.07658431679010391,0.11758074240848054
4,abcb6dd914d434d9,2026-08-01,0,0.20358727522863349,0.15782038867473602,0.15554341734060353
4,abfa75c8e3169490,2026-08-01,0,0.20436738060112974,0.26207709312438965,0.22051473116018683
4,ac34100d7c556a66,2026-08-01,0,0.6820700771201215,0.48201557993888855,0.492953295884549
4,ac65efd990e917dc,2026-08-01,0,0.12372599713943899,0.14513568580150604,0.0929789455128946
4,acd8b5b07fe57dc6,2026-08-01,0,0.17639316556373283,0.2500171959400177,0.2385390415962318
4,adcadfc87646985f,2026-08-01,1,0.6120311954912893,0.4046480357646942,0.4109899459243888
4,aeb845976b7605b6,2026-08-01,0,0.08203464431612932,0.019777005538344383,0.015853563090314587
4,aee83b2c2e34c3f5,2026-08-01,0,0.34434679036714466,0.4412601590156555,0.37250938754651564
4,af301b05f28b9e22,2026-08-01,0,0.17691667643124065,0.08767806738615036,0.09861805555717859
4,af45d16cab179382,2026-08-01,0,0.14012200481515621,0.05306364223361015,0.04482275268472558
4,af62c8811ae95a69,2026-08-01,0,0.6676180060300558,0.6399019360542297,0.6345381631965814
4,b086128a410e88e2,2026-08-01,0,0.05284722095234513,0.011647564359009266,0.009002539608762829
4,b165cba4a33c7d88,2026-08-01,0,0.31097572017299846,0.17978599667549133,0.23580915224068305
4,b282a9e3baf70b58,2026-08-01,0,0.02403998580294773,0.02102244459092617,0.026030434615783325
4,b2ae5c6caf7d1102,2026-08-01,0,0.25291702651509945,0.15672354400157928,0.3329432478578237
4,b2faae47f4a89dbd,2026-08-01,1,0.20010486800680355,0.5046951770782471,0.33877159606978485
4,b3c3ca453d650c27,2026-08-01,1,0.6242984529959089,0.6049375534057617,0.701150740671919
4,b45281366e799c1f,2026-08-01,0,0.13177934187574156,0.10576390475034714,0.11310860084406535
4,b49193590a28d465,2026-08-01,0,0.3873277941857969,0.2831193804740906,0.3728947852856269
4,b49309930b858fff,2026-08-01,1,0.576147188309974,0.6713683009147644,0.632749118090078
4,b535b1bbb88f52a8,2026-08-01,0,0.3226108348200198,0.3100581467151642,0.30873499899154627
4,b5627e5b4ec119a0,2026-08-01,0,0.6388683083334529,0.6332560181617737,0.6788361000567308
4,b67a59157235c3b4,2026-08-01,0,0.5872467854339326,0.5466926693916321,0.8307125323542195
4,b6e02b699dd99222,2026-08-01,0,0.35512248347683456,0.5380973815917969,0.5898609918924578
4,b815887a35ecda58,2026-08-01,0,0.015002098302274933,0.009787419810891151,0.016476429783729523
4,b82b86219e0533f6,2026-08-01,0,0.05836217410325186,0.029710765928030014,0.03860015259376704
4,b8f1496ffa236892,2026-08-01,0,0.30960753436751287,0.2637714147567749,0.2602819183970759
4,b96928c8ce213676,2026-08-01,0,0.07399584717404731,0.05166812613606453,0.06821760085518633
4,b984a1401d698b91,2026-08-01,0,0.0921895642264593,0.02986859530210495,0.01320510960496664
4,b99def919028b441,2026-08-01,0,0.5669818213588433,0.5081944465637207,0.5228212006258893
4,b9c45d57a08166c7,2026-08-01,0,0.0038143053867585874,0.0013174564810469747,0.0003336316763177723
4,b9ef24b5896c16c7,2026-08-01,0,0.5946260287234201,0.46987384557724,0.4018040101005449
4,bb451f31f183bb4a,2026-08-01,0,0.15605351929214017,0.12327242642641068,0.14196585085216387
4,bbb73ee27b294dba,2026-08-01,0,0.13815028259808518,0.06814664602279663,0.08115088738982153
4,bce1fab7f0a68595,2026-08-01,0,0.2552414317171653,0.10008014738559723,0.13492755452277339
4,bd06b08f6506e426,2026-08-01,0,0.20215639899227225,0.1582317054271698,0.14755845083767266
4,bd7bc48eda406aec,2026-08-01,0,0.21449898693041444,0.10293179750442505,0.09494159621301887
4,bdeda4f6ebbb6742,2026-08-01,0,0.3428946198407236,0.41383394598960876,0.43438506425681767
4,be982b7e591bf144,2026-08-01,0,0.30968521475729294,0.12954917550086975,0.2203602607501966
4,be9d548515429f16,2026-08-01,0,0.44038646240847645,0.5324863791465759,0.5828911890110279
4,bf237ddef34f9fcf,2026-08-01,0,0.025638741986287107,0.03404195234179497,0.02189032047475326
4,bf3007eafdd62930,2026-08-01,0,0.48514729453940125,0.7348617911338806,0.541425535376391
4,bf97126326c6ee4e,2026-08-01,0,0.15265843528203518,0.11080434918403625,0.16215440222996194
4,c0115dbb71e47552,2026-08-01,0,0.6621465392472837,0.35636433959007263,0.5304532575656924
4,c027447c53888f90,2026-08-01,0,0.25392079715306065,0.0578414723277092,0.08853736157807891
4,c0619d05b47270a8,2026-08-01,1,0.11839454790565102,0.03203369677066803,0.03270635126460619
4,c099ca0086a8ebd4,2026-08-01,0,0.1332133227578062,0.1767885535955429,0.11413847846484879
4,c0c4dfb458dfbaf2,2026-08-01,0,0.651794200371189,0.6856534481048584,0.6643767066765162
4,c0e901ee0a8d47ef,2026-08-01,0,0.22176526201679014,0.2891441583633423,0.3162869732737545
4,c1068f6b0e4efbed,2026-08-01,0,0.054712194914503666,0.05907976254820824,0.025719347182549906
4,c1a5ff1926639e81,2026-08-01,0,0.18744507483284997,0.07936550676822662,0.07630705524914486
4,c31cb4f6772836ac,2026-08-01,0,0.03504489153284602,0.042980700731277466,0.029621098658377257
4,c42113738092c042,2026-08-01,1,0.5640708979060048,0.5427403450012207,0.508544939681655
4,c48dc3ed01f8eee1,2026-08-01,0,0.17231632401833374,0.06130139157176018,0.04042107008789451
4,c4b43f9e754cecfe,2026-08-01,0,0.46804724545281184,0.4829361140727997,0.5059511481109643
4,c4e6ec4b2cd30782,2026-08-01,0,0.06903169331849832,0.052015118300914764,0.06009052011020473
4,c560e7676b660767,2026-08-01,0,0.06413227790119366,0.03509359434247017,0.0301602863850527
4,c56913660bc2b848,2026-08-01,0,0.15758692253526607,0.060737114399671555,0.04093115808522456
4,c5b567928596e916,2026-08-01,0,0.39261719802834405,0.26651260256767273,0.26946535188341736
4,c6382759d4d5d261,2026-08-01,0,0.18487044591628585,0.1250493973493576,0.10211775110769401
4,c64b9a4e5190981c,2026-08-01,0,0.0892213092006809,0.11838527023792267,0.05138627816278815
4,c65957c9f79c970c,2026-08-01,1,0.846813028268331,0.8404366970062256,0.7990488656694479
4,c65f1faaff859241,2026-08-01,1,0.2116911783565633,0.180353045463562,0.2619816217611568
4,c74dd95783542c4c,2026-08-01,0,0.058629017021336195,0.00921568088233471,0.010638023694035244
4,c763ede5038c3df1,2026-08-01,0,0.679224385876413,0.800533652305603,0.7364188458433506
4,c76c52c13f2c1b30,2026-08-01,1,0.681302330704616,0.5429656505584717,0.5941482997118411
4,c948f726ff92f236,2026-08-01,0,0.33748671707335115,0.17164252698421478,0.09222499969792214
4,c9dc050c697542e8,2026-08-01,0,0.032487871343689335,0.01600937359035015,0.01962116355910676
4,cabeaa95431ee8cc,2026-08-01,1,0.8612785980771439,0.6968911290168762,0.7515597852528564
4,cb80fb6216d8b72c,2026-08-01,0,0.18745194374622245,0.2509891390800476,0.38334713210896965
4,cb9c83f17be9d48c,2026-08-01,1,0.3992496128749412,0.24631063640117645,0.18474882407061285
4,cbcb208ca3a306d4,2026-08-01,0,0.43163521814099653,0.31941506266593933,0.338960881446322
4,cbe2a07cd4433418,2026-08-01,0,0.3596960736845568,0.33648303151130676,0.3885028842648793
4,cc0c932ba11d19c2,2026-08-01,0,0.7315870022926978,0.64195716381073,0.5165334105531757
4,cc63f612737e93c4,2026-08-01,0,0.3381680360997702,0.046331074088811874,0.06383323254647696
4,cdec627279ffc828,2026-08-01,0,0.03310285635700221,0.022637875750660896,0.017745247835594904
4,ce6f63a2ecbc53a0,2026-08-01,0,0.11329162850763458,0.059847548604011536,0.0644361260822194
4,cfa7a5e2d069b2f9,2026-08-01,0,0.27748507243899345,0.19373023509979248,0.18236654027772217
4,cfceeff7e74b74b0,2026-08-01,0,0.008383662924851362,0.0051643201150000095,0.00848197290092872
4,d0430320ab5c8986,2026-08-01,0,0.6090550059810423,0.5413769483566284,0.4882002830906024
4,d08ce8370a1c1747,2026-08-01,0,0.05716425648259598,0.08783463388681412,0.08411962353288441
4,d1529d592806da7e,2026-08-01,1,0.4513292181101132,0.6093783974647522,0.5162931665244053
4,d21dc996424215a6,2026-08-01,0,0.32356795405949934,0.5058009624481201,0.39464714781448734
4,d228ff53ec3e9c4d,2026-08-01,0,0.06892605544552066,0.0252695195376873,0.015348784674946289
4,d3bb748a7504c008,2026-08-01,0,0.2008324827196974,0.15530842542648315,0.2138156360696823
4,d4bd98cec9391fa5,2026-08-01,0,0.593523031032293,0.49828264117240906,0.4359869794208008
4,d503174da5af7aeb,2026-08-01,0,0.23754269104055226,0.08336713910102844,0.09953123978856686
4,d51a6bdb4fd1cd94,2026-08-01,1,0.8057333498017779,0.9002249836921692,0.870489840796755
4,d571303f843c4c98,2026-08-01,1,0.7393667327383323,0.6160212159156799,0.6218090847993515
4,d591c052ffca95a9,2026-08-01,0,0.559176180774813,0.4455418586730957,0.40014152512730705
4,d6f05b420cf0f9ee,2026-08-01,0,0.2524180407526846,0.3332290053367615,0.15119127731680654
4,d77aaa677cdc5ff7,2026-08-01,1,0.677670247829701,0.6976683735847473,0.6625372184227644
4,d7d0b453ca3f0177,2026-08-01,0,0.12449303228129864,0.09332820028066635,0.14541948961516038
4,d7da78394b1bcb61,2026-08-01,0,0.6016949377956399,0.5347105860710144,0.4393561633215255
4,d839501a6c426ab1,2026-08-01,0,0.5266555054829573,0.46504658460617065,0.39330603196057956
4,d8abb9ff7186ecf6,2026-08-01,0,0.060291896810224246,0.03461248800158501,0.02394808733292974
4,d9c99fed8fa2c209,2026-08-01,0,0.47598273215018394,0.13510741293430328,0.10867021003597918
4,dacf050fbed07f26,2026-08-01,0,0.054871038901548284,0.03185814246535301,0.03320985185390212
4,daf02c928dffdc69,2026-08-01,0,0.0896978556506325,0.15112018585205078,0.21032219104457045
4,db059d031269f03c,2026-08-01,0,0.020174663947588135,0.004983362276107073,0.005645553497527583
4,db6f01791783b71f,2026-08-01,0,0.2889454301574173,0.2254267930984497,0.17321810466832796
4,dc5a649218e41be2,2026-08-01,0,0.3993919801224298,0.5955204963684082,0.42863334452821533
4,dc7b07bf303cd187,2026-08-01,0,0.06484945958253631,0.039589058607816696,0.02318985787648767
4,dcfded541753956e,2026-08-01,0,0.26735824434676836,0.07121022790670395,0.08948367748963822
4,dd20a9322dbf1d69,2026-08-01,0,0.09731684038214135,0.042351435869932175,0.04821028915783078
4,dda9f6d767269a60,2026-08-01,0,0.11764661104924505,0.028053654357790947,0.018893605465791358
4,ddb57afc90900771,2026-08-01,0,0.06652396754361496,0.048364538699388504,0.03054682300866828
4,ddf081a4e72d242e,2026-08-01,0,0.4273668021434052,0.5106692314147949,0.5784037048156095
4,df5cab1dac835f47,2026-08-01,0,0.08199464088234858,0.04254917800426483,0.056383760242850585
4,e05c34fcd9b1c111,2026-08-01,1,0.42862449254913115,0.23423516750335693,0.16508629882332876
4,e12c45d3f23460ed,2026-08-01,1,0.3934657527055134,0.2979885935783386,0.37453418059236787
4,e12f733c4e3cf9e4,2026-08-01,0,0.7575589275643313,0.7910447716712952,0.7044009250793725
4,e148a90eb8d3838b,2026-08-01,1,0.6237053986906452,0.5100863575935364,0.44420205985616484
4,e15ec72a003c987b,2026-08-01,0,0.7803110417906992,0.6713315844535828,0.760695153195069
4,e209519929aa5a73,2026-08-01,0,0.12782004197146205,0.060262635350227356,0.07364394691364541
4,e227196d301f8c8c,2026-08-01,0,0.2789835753990583,0.27817466855049133,0.25413831943374854
4,e2b9da31a13a827e,2026-08-01,0,0.32924564025855624,0.11088593304157257,0.08681519149556455
4,e30afb71f4ef8526,2026-08-01,0,0.03800960844738802,0.0034828183706849813,0.004038670927870753
4,e3b817cc9fbc5c20,2026-08-01,0,0.5939749675209752,0.6237199306488037,0.5984517204910242
4,e42a985f3372fe6e,2026-08-01,0,0.09675314714009561,0.11725585907697678,0.12129846544564088
4,e47284ea4d859c9e,2026-08-01,0,0.40288186203209325,0.2651529014110565,0.3039920081395248
4,e50ea2b9e240a5a1,2026-08-01,1,0.9079573546333473,0.9297530651092529,0.9158764973574812
4,e5ad3ecb52c0e909,2026-08-01,0,0.03271569665602214,0.008834673091769218,0.013379121009189365
4,e5fa79919764d0b5,2026-08-01,0,0.07038330814356933,0.011068609543144703,0.012569333394099241
4,e62040c8e08ec307,2026-08-01,0,0.4898456416055195,0.6007777452468872,0.5827748750719585
4,e67e2aad8d357349,2026-08-01,0,0.019545140156632,0.024242570623755455,0.024947431695340562
4,e68eb989b724950a,2026-08-01,0,0.013575901369961847,0.009442411363124847,0.004621469313900523
4,e698020be7e19a13,2026-08-01,0,0.19326596347605957,0.13527463376522064,0.12435622166914845
4,e6ebcb5bbb501884,2026-08-01,0,0.2873659499932083,0.32765498757362366,0.32777071578964684
4,e6fa0b01c92fde94,2026-08-01,0,0.3052383344931337,0.39590248465538025,0.38798671698415993
4,e7150c8e9664cb01,2026-08-01,0,0.019935873772679587,0.003122930182144046,0.003574950507432493
4,e75a1f562869ef93,2026-08-01,0,0.1669685960996957,0.14366364479064941,0.10166758977937951
4,e79626606f34bd34,2026-08-01,0,0.14313870432212458,0.05443991348147392,0.03479309788731245
4,e7bd2e1bfac1af37,2026-08-01,0,0.05796574176138507,0.04769059270620346,0.022602062784961734
4,e7c81055f4c33b7b,2026-08-01,0,0.11978787964428071,0.09037777036428452,0.09114143201664636
4,e886b7bb5ede34be,2026-08-01,0,0.10549284420626784,0.042910173535346985,0.024388035397528776
4,e88ee1903893029d,2026-08-01,1,0.8702783269914162,0.8869628310203552,0.9224392769214934
4,e8ce249cde6d4259,2026-08-01,0,0.01496305793851424,0.005765609443187714,0.004100152788700386
4,e940c0bd966249d7,2026-08-01,0,0.14947626412773068,0.19701439142227173,0.12648334703757097
4,e99b13f9e0f8dc54,2026-08-01,0,0.5355318487929404,0.36489513516426086,0.39814739799860044
4,e9a04d781fac844a,2026-08-01,0,0.17020454467306453,0.07127701491117477,0.08592769661135456
4,ea2ea8a2a79d5bcb,2026-08-01,0,0.36449099178822864,0.2942488193511963,0.2980367137704052
4,eac5455bddd48541,2026-08-01,0,0.5811026812358272,0.5848116874694824,0.5652128468522608
4,eb45c3e8b99492cf,2026-08-01,0,0.3046411540312225,0.36631739139556885,0.20309300707972006
4,eb570e702413cb24,2026-08-01,0,0.11937614561832285,0.050774943083524704,0.03303400701940081
4,ec2bd8d42581a7ba,2026-08-01,0,0.5274318365154107,0.34048670530319214,0.36986009737913345
4,ec67edabbfa61c1f,2026-08-01,0,0.1404801660319597,0.04939757660031319,0.04868065260957709
4,ec7c463c082f6658,2026-08-01,0,0.24448595819330518,0.16522565484046936,0.19103053104573914
4,ecbb3af6db7d6d97,2026-08-01,0,0.6104028375886411,0.5704929232597351,0.6016148161099266
4,ee07c54fef82f8ed,2026-08-01,0,0.1790477916959913,0.17170444130897522,0.09861540262059378
4,ee1d6543d3167874,2026-08-01,0,0.47220008182356266,0.3312346339225769,0.3510046177744343
4,ee850b53b2bba132,2026-08-01,1,0.6765783087371328,0.4519975483417511,0.4141455176554637
4,eefb3b54f80771c5,2026-08-01,0,0.08941115466897089,0.02107916958630085,0.030890262486070675
4,ef00fefbb0835a75,2026-08-01,0,0.25888671711204503,0.5340019464492798,0.7385327433958986
4,f05df960572a4a49,2026-08-01,0,0.2740796288051334,0.2148684710264206,0.19899838342089424
4,f0a1a1585e905aad,2026-08-01,0,0.36555711455414025,0.35453274846076965,0.23392416179815645
4,f11c7195afa6c721,2026-08-01,1,0.24003119910115947,0.142294242978096,0.16092114199537888
4,f195e7eab7f7003a,2026-08-01,0,0.6210508198184963,0.5250312685966492,0.5156225820724989
4,f34c3c02e554f93a,2026-08-01,0,0.04633757049950616,0.011844076216220856,0.014895162955914759
4,f35c1d7e955c9f9d,2026-08-01,0,0.18715002537724826,0.06359333544969559,0.06481749067010485
4,f37fed1992705733,2026-08-01,0,0.2096512526336293,0.08837692439556122,0.0926093046418831
4,f3efd432026c7758,2026-08-01,0,0.4203048583776263,0.3741879463195801,0.3643210332464732
4,f41aeed8edc96f06,2026-08-01,0,0.1634473167022083,0.2783621549606323,0.2814096535774338
4,f4ddc7e630b7edb6,2026-08-01,1,0.1175250364359434,0.08803663402795792,0.08949674765952986
4,f504c935575048e1,2026-08-01,0,0.5088173985763901,0.40359067916870117,0.4563470425699627
4,f5df5cdf395abca7,2026-08-01,0,0.667126909909826,0.8119978904724121,0.7422948727206603
4,f5f78cecfbdaf4c9,2026-08-01,0,0.8363366961772327,0.857409656047821,0.7882944748516836
4,f608acd8d9153360,2026-08-01,0,0.17367122021168355,0.2514660656452179,0.22095357258621806
4,f6333bbf482ef375,2026-08-01,0,0.37622040500746484,0.11640727519989014,0.06644256788792903
4,f6a447f4d7e471d6,2026-08-01,1,0.8956759342283084,0.9155991673469543,0.9306286021041315
4,f6d0758e34086c8e,2026-08-01,0,0.047282833025007596,0.012564464472234249,0.005950769626392355
4,f7def9272924ff36,2026-08-01,0,0.23832996128768807,0.17082029581069946,0.21646174913736055
4,f7e52e477c814985,2026-08-01,0,0.4344910655667431,0.3881852924823761,0.49180003376508363
4,f7ee6a52f11f432e,2026-08-01,0,0.6021856814976634,0.31191810965538025,0.47614449747720744
4,f8ab84b3e13c0292,2026-08-01,0,0.11984867831548397,0.03267225995659828,0.037604214019546625
4,f8e1b32cee10ed32,2026-08-01,0,0.25662334732047964,0.17963586747646332,0.16092023784221224
4,f8e62e8d811b5258,2026-08-01,0,0.34637353539086757,0.2350749671459198,0.33606690729461075
4,f9b35157eacf08cf,2026-08-01,1,0.6638480070983486,0.8285901546478271,0.7767756491062483
4,f9da901dab9ec557,2026-08-01,0,0.34182358257822915,0.3361789584159851,0.31672619190734497
4,fb125522e82e5320,2026-08-01,0,0.7173898575041677,0.7843378782272339,0.8104307735563219
4,fbac4e530dff9854,2026-08-01,1,0.7618917210100355,0.6082228422164917,0.4680675038962001
4,fc18828b02f608a1,2026-08-01,0,0.06464626133849607,0.056123036891222,0.030466255544932846
4,fcb24d40eb9e43fa,2026-08-01,0,0.19596486639006966,0.28760746121406555,0.3691876329802801
4,fcb82fec22a99796,2026-08-01,1,0.28608146731138523,0.15004463493824005,0.13008623306712774
4,fe6a9e258794c80f,2026-08-01,0,0.05706330992831271,0.05754059553146362,0.033964163227857246
4,fe8e6601ef1aaa0f,2026-08-01,1,0.24603805477942273,0.21862591803073883,0.17355045157258667
4,feff50280066758e,2026-08-01,0,0.14363404635787858,0.07489047199487686,0.08391929567719282
4,ff38db1fd0a249b4,2026-08-01,0,0.174829950324912,0.06120184063911438,0.05660550573508238
4,ff7d851c34280a16,2026-08-01,0,0.0348520503188671,0.012408500537276268,0.01284686888062868
4,ffc8756ab4545e95,2026-08-01,1,0.45873776622507134,0.5344850420951843,0.4511568160065187
4,ffd2eeff2ddb1e07,2026-08-01,1,0.06349053890261981,0.05052769184112549,0.032432198144698846
4,ffdf8a95c968efc7,2026-08-01,0,0.09072684271415374,0.046503521502017975,0.021888071385200387
