team_id,player_id,cutoff_date,churn,fold,risk_score
1,00053f88ff693715,2026-08-01,0,1,0.0629245
1,0074280e071acda5,2026-08-01,0,4,0.48537186
1,0074ecebcddbd540,2026-08-01,1,4,0.3660375
1,007ca5b34f91f3be,2026-08-01,0,1,0.05615362
1,0083576eadd2e99c,2026-08-01,0,5,0.04813581
1,00851b6d3a490dc8,2026-08-01,0,3,0.17295599
1,00b379aac6b7c8fa,2026-08-01,0,5,0.06823699
1,00cfea20a6d44c0f,2026-08-01,0,3,0.06327984
1,01347303be942f21,2026-08-01,0,2,0.08914449
1,01497e6106b3fe05,2026-08-01,0,5,0.17488301
1,015cf439e75fc183,2026-08-01,0,1,0.37410846
1,0198d49491c124ce,2026-08-01,0,2,0.0697692
1,019d267e7a343618,2026-08-01,0,1,0.06206214
1,01b51c2aade33b4d,2026-08-01,0,1,0.028550195
1,01bbf176242629b2,2026-08-01,0,3,0.242678
1,01e4e1b0bfbdfd79,2026-08-01,0,3,0.36538818
1,0238d88dce13d327,2026-08-01,0,5,0.08907341
1,0249ef177473a31f,2026-08-01,0,4,0.0247825
1,026b9a670d5c3afc,2026-08-01,0,4,0.11418822
1,0284cc51c2365ff2,2026-08-01,0,2,0.04749804
1,029e973742c53199,2026-08-01,1,3,0.41610432
1,02c86856c228e90c,2026-08-01,0,5,0.053769536
1,02c971e5120ef439,2026-08-01,0,3,0.10006258
1,0301e9e2c22bb9ba,2026-08-01,0,4,0.19557986
1,030afb63554c2ffa,2026-08-01,0,3,0.07086482
1,03258645a3f0b144,2026-08-01,0,3,0.03543502
1,0350d99d576bd96a,2026-08-01,0,2,0.05018741
1,03856613b21f55db,2026-08-01,0,5,0.0362205
1,038b14de817b710b,2026-08-01,0,2,0.048048764
1,0396a3f7c70b1d42,2026-08-01,0,2,0.10172901
1,03975fc61882c352,2026-08-01,0,2,0.07559224
1,0399fa248e1f3223,2026-08-01,1,2,0.06350156
1,03a40d0821f8e5ed,2026-08-01,0,1,0.06504963
1,03b3166eb33baa40,2026-08-01,0,3,0.069759816
1,03bad2f9427df34f,2026-08-01,0,3,0.06691577
1,03bf42c34382f152,2026-08-01,0,3,0.029433353
1,03ebce59fa795614,2026-08-01,0,3,0.11109427
1,0402df64460a3036,2026-08-01,0,4,0.050963532
1,040b40119d94e976,2026-08-01,0,2,0.04908384
1,0442f410c3f1b0f4,2026-08-01,0,1,0.055323936
1,04465e6bd63c3a29,2026-08-01,0,1,0.06620956
1,048c7559a25ebacf,2026-08-01,0,3,0.070861615
1,04a7f98d85dffb90,2026-08-01,0,3,0.07587399
1,04af21e8e439198c,2026-08-01,0,2,0.16781472
1,04d657611b4213ed,2026-08-01,0,2,0.04653586
1,0514a112b853a018,2026-08-01,0,1,0.058627043
1,0540dabc9458ba67,2026-08-01,0,3,0.11768168
1,054e935b31cfc31c,2026-08-01,0,1,0.03840851
1,055708bd9d43313a,2026-08-01,0,2,0.040371325
1,056263c5a433bafb,2026-08-01,0,5,0.06032625
1,05757ca0d01312e4,2026-08-01,0,1,0.033747196
1,0576672b43d2baa6,2026-08-01,1,2,0.05067353
1,0599cacd8a3afe18,2026-08-01,0,2,0.04225251
1,05a1575b1c5c182b,2026-08-01,0,4,0.03856051
1,05a345d69630eb32,2026-08-01,0,2,0.1612785
1,05af39e5e7f1b7e5,2026-08-01,0,2,0.0664634
1,05ba8d78712d65d3,2026-08-01,0,5,0.08241353
1,05c3e64e6ba1abce,2026-08-01,1,2,0.20746027
1,05c6b1f3dc9e67f9,2026-08-01,0,4,0.121688336
1,060e8275726006b3,2026-08-01,0,4,0.031959925
1,06211849f92ce895,2026-08-01,0,4,0.29740623
1,067902c94672433e,2026-08-01,0,5,0.13682637
1,067a9a5290bf8996,2026-08-01,0,4,0.021522792
1,068a6ce83713d7f2,2026-08-01,0,1,0.040328234
1,06cfc1ff8fc5091b,2026-08-01,0,3,0.05767113
1,071321399f23fdd3,2026-08-01,0,5,0.060477663
1,0719b5a216f32698,2026-08-01,0,5,0.038914803
1,0734849aa329329a,2026-08-01,0,1,0.031206831
1,074ae41538679b07,2026-08-01,0,3,0.030282762
1,0752c6c33b705433,2026-08-01,0,2,0.14565377
1,077ea3660ab5f1a0,2026-08-01,0,4,0.04238694
1,0784aa490c45e6ea,2026-08-01,0,2,0.042921856
1,079342dd92016a6a,2026-08-01,0,5,0.04389568
1,07b9f043b995c0ea,2026-08-01,0,5,0.0918273
1,07c0e61bd2a3f5a2,2026-08-01,0,4,0.052180327
1,07dbff0d983b2564,2026-08-01,0,1,0.0541537
1,07e056474456dee7,2026-08-01,0,5,0.071196154
1,080e1a6fd8cfaaf1,2026-08-01,0,1,0.185354
1,082ddf4d742bc7e2,2026-08-01,0,5,0.03804524
1,084ce3b4d285ba11,2026-08-01,0,4,0.043931957
1,08590260c3893878,2026-08-01,0,2,0.099062726
1,087d3f28916bddfa,2026-08-01,0,3,0.21951684
1,089bdfce2c7ad1b6,2026-08-01,0,4,0.08101331
1,08a34c1e68024966,2026-08-01,0,2,0.07401426
1,08b5a3e0f832b4cd,2026-08-01,0,3,0.04389125
1,08ccb9eaf13ad173,2026-08-01,0,3,0.10737121
1,08d0869205b88e6d,2026-08-01,0,2,0.076864965
1,08e304051f18d970,2026-08-01,0,3,0.05826042
1,08ea0c7ec0b75074,2026-08-01,0,1,0.099166766
1,091006f4d2ef5a1e,2026-08-01,0,4,0.048865568
1,092f2aa545d665bd,2026-08-01,0,5,0.1663263
1,0930d83f4063db4e,2026-08-01,0,1,0.096766874
1,097120d110f969de,2026-08-01,0,3,0.03844058
1,09816711b86ffacf,2026-08-01,0,5,0.05748629
1,09a0aeb9a31b9be4,2026-08-01,1,1,0.09596102
1,09a3fc2348be0693,2026-08-01,1,4,0.084384724
1,09b16e0028b0c452,2026-08-01,0,5,0.038022805
1,09bfe4fee81be6e3,2026-08-01,0,2,0.44744188
1,09cca334ec2b292a,2026-08-01,0,4,0.04784731
1,09d81eed1a5f4d45,2026-08-01,0,3,0.043303825
1,0a09a55a758bd607,2026-08-01,0,4,0.10435501
1,0a11016fd4a25425,2026-08-01,0,1,0.07331138
1,0a114308327e2b1a,2026-08-01,0,1,0.04468082
1,0a11a072cb2e1820,2026-08-01,0,4,0.30724895
1,0a9d01278b4da0e6,2026-08-01,0,3,0.034812264
1,0aa6c5db3d37b971,2026-08-01,0,3,0.082898825
1,0aa8b2abdeadae7a,2026-08-01,1,5,0.14625351
1,0abedd141b929d48,2026-08-01,0,2,0.045793336
1,0ad7557f8ccc5e50,2026-08-01,0,3,0.049284324
1,0af9ae7d85cce469,2026-08-01,0,4,0.020463767
1,0afdd4606e1b7bbd,2026-08-01,0,1,0.048992544
1,0b0044d7c4695b19,2026-08-01,0,1,0.030185433
1,0b05cbe4ebc61c43,2026-08-01,1,3,0.039750062
1,0b1692f2cffb8589,2026-08-01,0,2,0.48912585
1,0b23a756dc6fbe00,2026-08-01,0,1,0.03355391
1,0b82e34d7201a25d,2026-08-01,0,1,0.07612161
1,0b9fa96349cb740e,2026-08-01,0,1,0.06159789
1,0bb6a3f97ee5bd3c,2026-08-01,0,3,0.3471023
1,0bcb3fbc0e931156,2026-08-01,0,1,0.04929125
1,0bd750c221845f6a,2026-08-01,1,4,0.24810264
1,0c17a52d89f2a200,2026-08-01,0,2,0.047012854
1,0c28e67238afdb04,2026-08-01,1,4,0.43957856
1,0c31ee84f4084bba,2026-08-01,0,5,0.20112923
1,0c54f43312f49305,2026-08-01,1,4,0.506539
1,0c79a818826e19a5,2026-08-01,0,2,0.14190945
1,0c8287b48cdfdd57,2026-08-01,0,1,0.097621776
1,0ce102af49a24332,2026-08-01,1,2,0.3234517
1,0cfbfb871ebb9037,2026-08-01,0,3,0.05381064
1,0d03a10abe765437,2026-08-01,0,2,0.055077568
1,0d050eee98793af7,2026-08-01,0,2,0.30529213
1,0d130046f6b67845,2026-08-01,0,3,0.08435183
1,0d4791203a476d50,2026-08-01,0,3,0.03898436
1,0d52624a6c830db2,2026-08-01,0,2,0.0665552
1,0dac8af5d3cd1c75,2026-08-01,0,4,0.3803265
1,0e5472b8e8232a95,2026-08-01,0,3,0.036963914
1,0e5632e5f29fe272,2026-08-01,0,5,0.032419134
1,0e681a9f90098c85,2026-08-01,1,5,0.06323051
1,0e6af17f32b0abb3,2026-08-01,0,4,0.06611706
1,0e7bcb11a03f6697,2026-08-01,0,2,0.07722283
1,0e825c2f16c3133d,2026-08-01,0,5,0.039158598
1,0eb769841c216339,2026-08-01,0,2,0.039477088
1,0efed7c6389c956c,2026-08-01,0,2,0.056916617
1,0f21756ee086c050,2026-08-01,0,5,0.04449015
1,0f21d544651ea212,2026-08-01,0,2,0.028847449
1,0f3f5f7a9e38e9a9,2026-08-01,0,1,0.031704303
1,0f45b3fe629b7b90,2026-08-01,0,4,0.058203604
1,0f5dd6f0f2214be9,2026-08-01,0,3,0.20472308
1,0f73e09cc25e94ea,2026-08-01,0,1,0.111629315
1,0f8cfc220de73f90,2026-08-01,0,4,0.17198505
1,0f8e1344d807e4e7,2026-08-01,0,4,0.3321322
1,0faac551d13c5765,2026-08-01,0,3,0.0393785
1,0fadf4d2fd07f311,2026-08-01,0,2,0.072223954
1,0fcd08ae5d500fef,2026-08-01,0,1,0.049666658
1,1001f7c134d8fd8c,2026-08-01,1,5,0.09596472
1,10168c076d67b2c1,2026-08-01,0,4,0.2711703
1,101d3fb7bc5aaa81,2026-08-01,0,2,0.2071513
1,104db6f0a0a77680,2026-08-01,0,1,0.06562153
1,104e47d2a546b9c4,2026-08-01,0,1,0.08117827
1,105b495289a00cb5,2026-08-01,0,3,0.03829435
1,1062f2e0989467a6,2026-08-01,0,4,0.058777835
1,10a8bc967692cb9e,2026-08-01,0,3,0.034909617
1,10be19f67b0391e5,2026-08-01,0,1,0.03171694
1,10ccb93ed28b5d97,2026-08-01,0,2,0.06387304
1,10f5cf6c0bdd1350,2026-08-01,0,3,0.045381326
1,111bae525cc1efa3,2026-08-01,0,5,0.12808833
1,112ebafaa833ff6e,2026-08-01,0,3,0.0542034
1,11361335a98108da,2026-08-01,0,3,0.0346208
1,116bab7bea03c3ed,2026-08-01,0,3,0.11680039
1,11e6c988b3828294,2026-08-01,0,2,0.06864997
1,120a25ad8032d042,2026-08-01,0,5,0.048682943
1,121bca027e31d085,2026-08-01,0,5,0.051208578
1,123b2e333d343d6f,2026-08-01,0,2,0.06470615
1,1249ec2cea0e36c9,2026-08-01,0,4,0.28937364
1,126679137f1d468c,2026-08-01,0,2,0.05474089
1,127e73d579ab83f8,2026-08-01,0,4,0.3397912
1,12999521eac1b02d,2026-08-01,0,2,0.056431085
1,12df8457bf18fa09,2026-08-01,0,1,0.36309105
1,12e21a3ab9295a0e,2026-08-01,1,3,0.100590184
1,12e5649c249cc114,2026-08-01,1,4,0.14455909
1,1339b8ebafa766e9,2026-08-01,0,5,0.10834232
1,13514c41538440bd,2026-08-01,1,5,0.13205357
1,13858b53c464fb38,2026-08-01,0,5,0.14649715
1,139e837bc2507c33,2026-08-01,0,2,0.048100855
1,13d0bbd0b546038d,2026-08-01,1,2,0.050719336
1,13e6bfa8f5e0651e,2026-08-01,0,4,0.10762663
1,13f7559a895de90d,2026-08-01,0,3,0.040919073
1,1402ad11aa1095f0,2026-08-01,0,2,0.064967126
1,142e41cf3e53ce73,2026-08-01,0,5,0.05394531
1,1430a24d6b9bd4d1,2026-08-01,0,5,0.04325795
1,14559b28d04eefc4,2026-08-01,0,5,0.052335463
1,14626f2387ac3a50,2026-08-01,0,1,0.06471688
1,1491f58e8b53fa86,2026-08-01,0,4,0.023933955
1,14e53ea0b407f418,2026-08-01,0,5,0.050467297
1,155c0ac273f53d74,2026-08-01,0,2,0.21340401
1,155ea6286de67afc,2026-08-01,0,3,0.031928048
1,155f3a9c23c72746,2026-08-01,0,1,0.05582534
1,158c759e65262806,2026-08-01,0,4,0.2624638
1,158e719afb98b854,2026-08-01,0,2,0.2527503
1,15bea69ebaf214c3,2026-08-01,0,3,0.038411625
1,15d5cef4b09b467c,2026-08-01,0,4,0.049147975
1,15e496c731e52426,2026-08-01,0,5,0.043612223
1,15f2ede01252472a,2026-08-01,0,3,0.040318143
1,160c9bb76ef4345a,2026-08-01,0,3,0.032294367
1,161dd309118db859,2026-08-01,0,3,0.41984692
1,1623360151a2cdae,2026-08-01,1,3,0.33877817
1,1637fe5da548c384,2026-08-01,0,5,0.075491935
1,163f315a19acbffd,2026-08-01,0,2,0.0528194
1,16d097ab22980bf2,2026-08-01,0,1,0.04376889
1,16d62a0893c22d28,2026-08-01,0,1,0.049165063
1,16d63529cc231976,2026-08-01,0,2,0.09478821
1,16da2b96afe703b0,2026-08-01,0,4,0.03839395
1,16df3109b8559654,2026-08-01,0,2,0.23576884
1,16e5e24903db263a,2026-08-01,0,1,0.03384514
1,16e6283d425810e0,2026-08-01,0,4,0.049852725
1,16f2ddd2d7f5e2c5,2026-08-01,0,2,0.050448824
1,1740681a33fabe5f,2026-08-01,0,1,0.050831754
1,179b444153e71de3,2026-08-01,0,4,0.025323655
1,17aa868445a6c65e,2026-08-01,0,1,0.02701004
1,17ba1b6d31ef1a1e,2026-08-01,0,3,0.059429515
1,17bae10d255baa62,2026-08-01,0,4,0.12391152
1,17edac413c761a2a,2026-08-01,0,3,0.19744495
1,1809141471f54353,2026-08-01,1,3,0.072892375
1,182c9ae1a66f9405,2026-08-01,0,5,0.05259351
1,185744b293820e9d,2026-08-01,0,1,0.052013554
1,186c1bfe1d55dab6,2026-08-01,0,2,0.037842747
1,1888d1d93037648b,2026-08-01,0,1,0.05460479
1,18d8104fc3ecb5c5,2026-08-01,0,2,0.046946354
1,18f52ee56fe2cd48,2026-08-01,0,1,0.03534265
1,191467b84deb1bb1,2026-08-01,0,1,0.03928095
1,19372ef84e65ddee,2026-08-01,0,1,0.122301556
1,1946ff53dd92cd3b,2026-08-01,0,3,0.11671295
1,195b84a0f00902fd,2026-08-01,0,1,0.13195212
1,195e230ceb88e198,2026-08-01,1,2,0.18990982
1,195e4db2ba7b26fa,2026-08-01,1,1,0.057471473
1,199798e1f47f1def,2026-08-01,0,2,0.04681121
1,19abffd8ced3cabf,2026-08-01,1,3,0.05747252
1,19c50681b5d0d536,2026-08-01,0,1,0.039123807
1,19edc1757d065db7,2026-08-01,0,4,0.16432732
1,1a16e93e8fa71116,2026-08-01,1,3,0.17848437
1,1a29d0aa8d36b80d,2026-08-01,1,2,0.12180603
1,1a2e0a14dfb6b8cc,2026-08-01,0,3,0.15733701
1,1a700db485eafcc5,2026-08-01,0,4,0.038073093
1,1a78cc73613141af,2026-08-01,0,1,0.03991134
1,1a7fbde1c1353e90,2026-08-01,0,5,0.047112755
1,1a88a5f6d67b558e,2026-08-01,0,3,0.12275853
1,1aa32eac0820beb8,2026-08-01,0,2,0.04288585
1,1ad4c328296acb97,2026-08-01,0,4,0.0390519
1,1b04472930655abd,2026-08-01,0,1,0.037578978
1,1b0bc9591795b781,2026-08-01,1,1,0.11201196
1,1b0efbf9bcd03ac8,2026-08-01,0,1,0.0636249
1,1b177e7b978e1446,2026-08-01,0,5,0.10751636
1,1b313ee4e47e5037,2026-08-01,0,2,0.06272351
1,1b383d1ad29948a5,2026-08-01,1,2,0.11336731
1,1b50a5e6fdb5c9a0,2026-08-01,0,3,0.03659655
1,1b81ce518690b730,2026-08-01,0,3,0.100299746
1,1bb5392d34f82fa4,2026-08-01,0,1,0.047040563
1,1bc0ec9e7ae7450b,2026-08-01,0,1,0.05470743
1,1bca15841a89c72b,2026-08-01,0,3,0.1609812
1,1c14469026e9ada3,2026-08-01,0,2,0.08047191
1,1c4b0fbf9811692a,2026-08-01,1,3,0.3100964
1,1c4f899314dbf1f9,2026-08-01,0,5,0.062364455
1,1cb04773abf6f66b,2026-08-01,1,5,0.21643879
1,1cb0ed8a4477dfc1,2026-08-01,0,4,0.032887787
1,1cc45ce7f643bbd1,2026-08-01,0,4,0.07737695
1,1cdcba847de94678,2026-08-01,0,4,0.17784028
1,1ce296f76c62ae05,2026-08-01,0,3,0.046480555
1,1d2356e80dfdcc16,2026-08-01,0,2,0.044632383
1,1d329fdf10e48a5c,2026-08-01,0,1,0.044651307
1,1d43eb2856e9404a,2026-08-01,0,4,0.0724909
1,1d50fd37e29d1115,2026-08-01,0,4,0.036758855
1,1d518f863f48b142,2026-08-01,0,4,0.022924606
1,1d6c05962adf065d,2026-08-01,0,3,0.057626
1,1d7c5aa91441991f,2026-08-01,1,5,0.06414339
1,1db63c56fe42b0e6,2026-08-01,0,1,0.06719684
1,1dc3a0d583dc590c,2026-08-01,0,5,0.07733732
1,1dce812eac231b9c,2026-08-01,1,1,0.035506915
1,1dd5e3ccfcfd4f13,2026-08-01,0,5,0.34532943
1,1de14bde8104b67b,2026-08-01,0,1,0.041598573
1,1e05d389da5d3ae6,2026-08-01,0,5,0.2452708
1,1e1b68355b1f18af,2026-08-01,0,1,0.04070565
1,1e2777404fe73374,2026-08-01,0,2,0.063045844
1,1e5ebd836af056ce,2026-08-01,0,5,0.07425813
1,1e77154778f13bac,2026-08-01,0,1,0.2570699
1,1e972691d3fd8b85,2026-08-01,0,1,0.055889603
1,1ea108537b9ae5a6,2026-08-01,0,1,0.037840214
1,1ef10c3a424645a8,2026-08-01,1,2,0.14847475
1,1f06cbe62cfd05c7,2026-08-01,0,1,0.026406297
1,1f12dfa59cf8bbb0,2026-08-01,0,5,0.04261006
1,1f2547e0c4c16bdd,2026-08-01,0,1,0.035793208
1,1f26a63b5043a630,2026-08-01,0,2,0.028226422
1,1f29482aebcf100c,2026-08-01,0,5,0.04635317
1,1f911dc9d5e1d2b8,2026-08-01,0,5,0.031009024
1,1fa9d53a5b976a9a,2026-08-01,0,2,0.10809728
1,1fafcbbe6fd94d1e,2026-08-01,0,1,0.13353814
1,1fc7a72f793ad09e,2026-08-01,0,4,0.04062816
1,1fd4017a0f8f2259,2026-08-01,0,4,0.057426482
1,1fea12ac4190be38,2026-08-01,0,2,0.05184058
1,1ff4168557196188,2026-08-01,0,2,0.04097292
1,1ff94599fee0e515,2026-08-01,0,3,0.03469845
1,200a199b601203c0,2026-08-01,0,5,0.05120164
1,200b16c3fe37579e,2026-08-01,0,3,0.045265727
1,2014604938de5c8f,2026-08-01,0,5,0.04475745
1,20207058393d4568,2026-08-01,0,2,0.30559778
1,2030815c7047a049,2026-08-01,0,3,0.0535029
1,20317f8c98874241,2026-08-01,0,1,0.13003711
1,20433f39710a6a65,2026-08-01,0,1,0.038046267
1,206b083f3cb39ccc,2026-08-01,0,5,0.18185903
1,20714a3e3c312714,2026-08-01,0,5,0.32687172
1,20912a673e03a0a5,2026-08-01,0,2,0.10669775
1,209a2809e0deee15,2026-08-01,0,1,0.058227446
1,209b36ea6115a743,2026-08-01,1,5,0.064386666
1,209c11231d5a9627,2026-08-01,0,4,0.06863111
1,2109c55c00f88254,2026-08-01,0,4,0.032490198
1,210bec3b62da6c2c,2026-08-01,0,4,0.089867644
1,211ab3bfbe412903,2026-08-01,0,3,0.07450333
1,2154c3cffe81397a,2026-08-01,0,5,0.07485741
1,219afbec61eca708,2026-08-01,1,2,0.06770446
1,21beff11bb585fc3,2026-08-01,0,4,0.13022473
1,21ec2342c5dbf4b9,2026-08-01,0,4,0.029911987
1,21f376e0aee99245,2026-08-01,1,2,0.17179368
1,22177ea5fd5ff4e7,2026-08-01,0,5,0.2207615
1,22429544cf10ca5e,2026-08-01,0,1,0.48643395
1,225287476127dc4a,2026-08-01,0,1,0.070237584
1,2263b62dc865d5de,2026-08-01,0,4,0.028570006
1,226c0e686fa0bec2,2026-08-01,0,1,0.04091469
1,22b081edf88e310e,2026-08-01,0,5,0.04651053
1,22f257f29329a4e8,2026-08-01,0,1,0.05252552
1,23414271596039a4,2026-08-01,0,4,0.27283522
1,2355c99ff6669efd,2026-08-01,0,4,0.032354087
1,237aac790b3b8c35,2026-08-01,0,3,0.03417127
1,23a4f936fd28abfe,2026-08-01,0,3,0.029389322
1,23bf48560b62d40d,2026-08-01,0,1,0.035064887
1,23da015ac23f8e0e,2026-08-01,1,2,0.17527324
1,23db5a4d7b6d6d7d,2026-08-01,0,3,0.029720303
1,23f484c7719386b3,2026-08-01,0,3,0.03331396
1,240da7ab4d0a1d26,2026-08-01,0,2,0.046669524
1,2410f559ab4f4259,2026-08-01,0,5,0.045210227
1,242602cd906236d1,2026-08-01,0,5,0.114665866
1,2456c5a8208a5b72,2026-08-01,0,1,0.38383958
1,2469d03059652ee7,2026-08-01,0,1,0.20656763
1,2490b6c1df41f2c2,2026-08-01,0,5,0.06871021
1,249ea9b7e553fa95,2026-08-01,0,3,0.06572282
1,24d14dd2fccf8a43,2026-08-01,0,5,0.14782228
1,24ed93caf9a8dbe7,2026-08-01,0,5,0.29447398
1,250eb6f708c8d4dc,2026-08-01,0,3,0.03321377
1,2538087c782abd96,2026-08-01,0,3,0.06179458
1,2554b78230103064,2026-08-01,0,3,0.030211039
1,255fbdbb12249842,2026-08-01,0,2,0.036537074
1,257aa0e3a11335ae,2026-08-01,0,3,0.037041146
1,25f8f72e4743667b,2026-08-01,0,1,0.033537302
1,25fe2ad5b495773f,2026-08-01,0,3,0.028628526
1,263bf3c30e48de99,2026-08-01,0,2,0.058401875
1,264c8699d2088eeb,2026-08-01,0,5,0.08140763
1,264f7ad2026247ff,2026-08-01,0,5,0.048190057
1,26994e5adb166106,2026-08-01,0,3,0.033428174
1,26a1df1f2abb2e3f,2026-08-01,0,5,0.24979724
1,270cbb1d6dc5ca45,2026-08-01,0,3,0.11280669
1,271d3a1066bbdb42,2026-08-01,0,3,0.02985625
1,276c7b1beeeb4315,2026-08-01,0,5,0.049442176
1,27803243c06d1e30,2026-08-01,0,3,0.046476435
1,2799dda8aab2e98d,2026-08-01,0,3,0.04771143
1,27a145b6a294e832,2026-08-01,0,2,0.06519347
1,27edcb8e8a21d0a8,2026-08-01,0,2,0.04884494
1,281a662bf998f1c3,2026-08-01,0,3,0.17726955
1,281f6a7a33ffd1c6,2026-08-01,0,2,0.24843976
1,28382a6978ec5a83,2026-08-01,0,2,0.46367398
1,2851285eeddbbc50,2026-08-01,0,2,0.083059326
1,285175ae247e3db4,2026-08-01,0,2,0.06209228
1,28632a5af3535073,2026-08-01,0,4,0.049623
1,2875e80bb96a08f3,2026-08-01,0,5,0.049987625
1,287acce57c898f6e,2026-08-01,1,3,0.25590754
1,289263f972ae740c,2026-08-01,0,5,0.08772885
1,2893f307ddc92656,2026-08-01,0,5,0.06127772
1,2899008059105c8d,2026-08-01,0,1,0.03152564
1,28f63bbdd362c7ea,2026-08-01,0,3,0.05425357
1,291dcf0348a7ea3e,2026-08-01,0,1,0.12800339
1,292cdd54629ebbc4,2026-08-01,0,2,0.043516915
1,294a24eff00af289,2026-08-01,0,3,0.049245838
1,29842502192f406a,2026-08-01,0,2,0.0628791
1,29a3728420c75592,2026-08-01,0,1,0.03349363
1,29ae9bd18c44fa45,2026-08-01,0,4,0.36216554
1,29c83b1fc98619aa,2026-08-01,0,3,0.06395257
1,29cf36ab408d39e9,2026-08-01,0,5,0.055058915
1,29fca0759a3740d4,2026-08-01,0,1,0.2789703
1,2a158c7ae8b28722,2026-08-01,0,2,0.091668956
1,2a4fa069c9341825,2026-08-01,0,5,0.08662175
1,2a82ebb618522901,2026-08-01,0,3,0.15929542
1,2ae0cf5544b1788a,2026-08-01,0,4,0.28883407
1,2af8f9ce1b59d8e2,2026-08-01,0,5,0.048255984
1,2b0ee00dec636852,2026-08-01,0,2,0.16830303
1,2b364e1b5446a43a,2026-08-01,0,3,0.05136005
1,2b65b49aafd7db02,2026-08-01,0,1,0.05846384
1,2b8debf87d44cb3a,2026-08-01,0,1,0.041041438
1,2b9bdb50f44b44eb,2026-08-01,0,3,0.0299373
1,2ba026e982fdade0,2026-08-01,0,2,0.07442147
1,2baa1e25b361ec3e,2026-08-01,0,5,0.033933036
1,2bb321bbce383897,2026-08-01,1,4,0.3370533
1,2bc2d48960c5d734,2026-08-01,0,1,0.10120568
1,2c07a845de4e63c3,2026-08-01,0,5,0.05021251
1,2c226eb86418f14e,2026-08-01,0,1,0.05454353
1,2c4277276d0bedeb,2026-08-01,0,5,0.10149528
1,2c4c36c985630e8e,2026-08-01,0,4,0.04120631
1,2c526106267fb14f,2026-08-01,1,2,0.12855054
1,2c5c6f9caefca4fd,2026-08-01,0,1,0.035651114
1,2c73903fac975dac,2026-08-01,0,2,0.0513466
1,2c80b8976dd0106b,2026-08-01,0,1,0.027762566
1,2ca99446e54c2d42,2026-08-01,0,2,0.072923206
1,2cb89a231ad5d477,2026-08-01,0,3,0.052090354
1,2cd94cce28f84f27,2026-08-01,0,2,0.044392526
1,2cdad65130eec16e,2026-08-01,0,1,0.058391728
1,2ce46a1c987aabc0,2026-08-01,0,4,0.08323999
1,2cff964767839544,2026-08-01,0,1,0.054375615
1,2d13738c3e757e6c,2026-08-01,0,5,0.053455602
1,2d41bbbd1998682a,2026-08-01,0,2,0.037330784
1,2d445b4c346bdc3e,2026-08-01,0,4,0.03716183
1,2d4b875203daa49d,2026-08-01,0,4,0.055364754
1,2d655ab803231ebc,2026-08-01,0,5,0.036091845
1,2d80856ea1372fca,2026-08-01,0,1,0.041380655
1,2d9bfa1c2b0c4146,2026-08-01,0,2,0.05273978
1,2dde73503042a8f1,2026-08-01,0,5,0.02965933
1,2dde87a014a0a908,2026-08-01,0,1,0.13713996
1,2e78a2a7034ad6ef,2026-08-01,0,4,0.059156697
1,2eac69f5acc9d107,2026-08-01,0,3,0.0935311
1,2eb9fedd607c56a4,2026-08-01,0,1,0.08597904
1,2ec72f247f374c34,2026-08-01,0,4,0.13095789
1,2ef25b8aff949245,2026-08-01,0,2,0.04600915
1,2f26cf25fe3a28c6,2026-08-01,1,5,0.20978494
1,2f52c0703014f69f,2026-08-01,0,4,0.24542497
1,2f89597045c7303a,2026-08-01,1,2,0.159748
1,2fb3ee6e8e5dc0c7,2026-08-01,0,1,0.04327468
1,2fc738112dcce350,2026-08-01,0,4,0.09506754
1,2fe1ccbddc0f732a,2026-08-01,1,1,0.22871594
1,2ffe67d366606b62,2026-08-01,1,3,0.24956585
1,301f79be6f1ca9a9,2026-08-01,0,1,0.045965414
1,3033b29fa1b80e16,2026-08-01,0,2,0.046283472
1,303e526901c3c26e,2026-08-01,0,3,0.11992692
1,305ca801c9f42d9a,2026-08-01,0,5,0.51832426
1,3070aadf5a278350,2026-08-01,0,4,0.12370698
1,3070b810d7263a13,2026-08-01,0,1,0.0283969
1,30abed0bb22a75fd,2026-08-01,0,3,0.059749097
1,30ae0f5a5220af70,2026-08-01,0,4,0.34962696
1,30d81f3c77195bb9,2026-08-01,1,5,0.37836635
1,30da12d64468b031,2026-08-01,0,1,0.15138793
1,31048b7fba307dac,2026-08-01,0,1,0.045520216
1,310d38d59f2e256b,2026-08-01,0,2,0.042741284
1,314a91cd56c682d3,2026-08-01,0,5,0.034559336
1,315ef6861c814f25,2026-08-01,0,3,0.048480473
1,317127f4637f01f5,2026-08-01,0,1,0.056132723
1,31747e066d43367e,2026-08-01,0,2,0.107821725
1,3175002ed5c8f601,2026-08-01,0,3,0.22103827
1,318cedf23d260f97,2026-08-01,1,5,0.07460211
1,31915d0fdd34a278,2026-08-01,0,1,0.0396173
1,319b703fe3854dc9,2026-08-01,0,5,0.031382475
1,31b14933ebe7b4fe,2026-08-01,0,5,0.35976928
1,31e15cffc24385e2,2026-08-01,0,4,0.06727571
1,31fdbf48b883c3cb,2026-08-01,0,3,0.43540442
1,324d95bb398e4bc4,2026-08-01,0,4,0.046995193
1,32526325e8685d57,2026-08-01,1,1,0.043442644
1,32614c59ec65d256,2026-08-01,0,2,0.099357896
1,3279e0fbb694876c,2026-08-01,0,5,0.04110178
1,329b079175e16df8,2026-08-01,0,3,0.03297755
1,32cb5a056c420cf6,2026-08-01,0,3,0.060998093
1,32dd9a6fa5085711,2026-08-01,0,1,0.06270707
1,33056cb959c1068e,2026-08-01,0,3,0.055679377
1,331a464e05568a55,2026-08-01,1,1,0.05269769
1,3357060c02a21f4a,2026-08-01,0,3,0.043179996
1,33592c01a864a7ad,2026-08-01,0,4,0.035801396
1,338597194df8b39b,2026-08-01,0,3,0.045760706
1,33aba5fef1698d0e,2026-08-01,0,4,0.23828164
1,33add6dc7939aded,2026-08-01,0,1,0.113856055
1,33c028c2e3e484ac,2026-08-01,0,2,0.11011073
1,33c78d2dfe097f06,2026-08-01,0,2,0.042055607
1,33d95e1edef4a8d5,2026-08-01,1,4,0.14877848
1,33deb42f46ecab86,2026-08-01,1,1,0.03549864
1,33e11d94122361cd,2026-08-01,0,3,0.036171366
1,33f7253b04170b37,2026-08-01,0,2,0.047213763
1,34239c5557faa0fe,2026-08-01,0,5,0.528205
1,342bce2d90d1d325,2026-08-01,0,1,0.18824111
1,343edd03afd0ccb5,2026-08-01,0,2,0.054066505
1,348c986813e7502a,2026-08-01,1,5,0.08251679
1,3492e7c03e65f2b7,2026-08-01,0,2,0.09134579
1,34a63cb64a36b672,2026-08-01,0,4,0.31856364
1,34bd8a15a30622ef,2026-08-01,1,4,0.098681666
1,34cde16711e2c42e,2026-08-01,0,3,0.044364005
1,34dd0faa402c78fa,2026-08-01,1,4,0.20269085
1,34e6b2187155c7f8,2026-08-01,0,3,0.23643617
1,34f357338e62f79c,2026-08-01,1,4,0.091379926
1,34f637e55d7bb038,2026-08-01,0,1,0.037012883
1,353014ccd0b9a30c,2026-08-01,0,1,0.033415966
1,358672a896330b4a,2026-08-01,0,3,0.04053259
1,358c77e60ac98153,2026-08-01,0,3,0.11150855
1,35b5803386baf1ce,2026-08-01,0,5,0.050808944
1,35bce3550cd29689,2026-08-01,0,3,0.038193617
1,36057a59ab2db1da,2026-08-01,1,2,0.16119488
1,3613464ebfb5f5cb,2026-08-01,0,1,0.06588797
1,3632e765c1380cf8,2026-08-01,0,4,0.03895425
1,364c2dbc079c67a1,2026-08-01,0,1,0.06415716
1,36676c8315dc7a60,2026-08-01,0,2,0.04779876
1,36a8b5bd6f4bae31,2026-08-01,1,3,0.070222296
1,36b2a5c39afa2afd,2026-08-01,0,4,0.041969676
1,36c4e07f32965a9a,2026-08-01,0,4,0.052420642
1,36ed20ff921c5242,2026-08-01,0,5,0.07329964
1,36f9cdf72eca3889,2026-08-01,0,2,0.08820103
1,3729bf07367b06b7,2026-08-01,1,2,0.2546662
1,372c7b3abfe38a50,2026-08-01,0,1,0.17200261
1,373a71f856c4031a,2026-08-01,1,1,0.08596379
1,379a2f52027dba3c,2026-08-01,0,4,0.08790932
1,37cfc33b5b83cf91,2026-08-01,0,3,0.027670916
1,37e043c185853555,2026-08-01,0,4,0.04371332
1,381441bce8e58b5a,2026-08-01,0,3,0.09415182
1,384202e6f1d865cc,2026-08-01,0,3,0.46981275
1,384c2b4122defb9d,2026-08-01,0,3,0.04103917
1,3851988c12a99512,2026-08-01,0,3,0.1998727
1,38538df73aff6a98,2026-08-01,0,1,0.040498417
1,3853d2e823dbfd1c,2026-08-01,0,3,0.047575284
1,386ccd4400ff06ae,2026-08-01,0,1,0.045680214
1,3874806e45ab1fdb,2026-08-01,1,3,0.05669398
1,38a352082dc51b5b,2026-08-01,0,2,0.044031415
1,38cdeae05f0a5d61,2026-08-01,1,1,0.14537817
1,38dcb8af6a90f5fd,2026-08-01,0,5,0.02878478
1,38e3a4c082ebdb91,2026-08-01,0,5,0.12974867
1,38f9ddc1972af26c,2026-08-01,0,4,0.0328204
1,3904185d789a1e54,2026-08-01,0,2,0.031521782
1,3920db0e5b935c8e,2026-08-01,0,4,0.048630632
1,3933873490c3cc54,2026-08-01,0,1,0.24431732
1,396b1b158f59f52c,2026-08-01,0,4,0.09401613
1,3970bfdcdf613a7b,2026-08-01,0,1,0.03177827
1,3983e64f41bdabaa,2026-08-01,0,4,0.5667187
1,398ba2b06f42652c,2026-08-01,0,3,0.076869056
1,398c161ed3c6b2e5,2026-08-01,0,2,0.41610113
1,3998513a769c6047,2026-08-01,0,5,0.032333232
1,39a58d3a456ed741,2026-08-01,0,5,0.047324523
1,39b355f52a055bf2,2026-08-01,0,2,0.09846338
1,39be633264813a87,2026-08-01,0,2,0.1408802
1,39c38dd81682fa18,2026-08-01,0,2,0.11956592
1,39d13325ec0fd1bc,2026-08-01,0,4,0.17994885
1,39fe1fb1652a954c,2026-08-01,0,5,0.045547135
1,3a3c51a7900fd717,2026-08-01,0,2,0.04088196
1,3a477f8bcddd566f,2026-08-01,0,3,0.05003256
1,3a63ee8f3ea130c7,2026-08-01,0,5,0.044795945
1,3a8e8c2454493aa6,2026-08-01,0,4,0.04597703
1,3a921f3dc5cfc474,2026-08-01,1,2,0.07514244
1,3a966aef1c0278df,2026-08-01,0,4,0.03235534
1,3aa8d343352957f8,2026-08-01,0,4,0.40901768
1,3ab5160cbe39ed00,2026-08-01,0,1,0.17258295
1,3afeddf92b155ac0,2026-08-01,0,5,0.16653395
1,3b023c7df5c0df71,2026-08-01,0,4,0.032906387
1,3b0a39ff9443a947,2026-08-01,0,2,0.08195864
1,3b0f39cc347cc124,2026-08-01,0,2,0.0872064
1,3b21b67fcda2b9c4,2026-08-01,0,2,0.04137024
1,3b287b1ffd9d70cb,2026-08-01,0,1,0.043977063
1,3b3141df314d5ec6,2026-08-01,0,5,0.064461775
1,3b3a128a20ba461a,2026-08-01,0,2,0.06677595
1,3b3a5a3b87e94e4e,2026-08-01,0,2,0.043401293
1,3b3fe97c09c55529,2026-08-01,1,3,0.03423619
1,3b55a0f4115b9bbe,2026-08-01,0,1,0.041722376
1,3b5a64fb6c932d90,2026-08-01,0,5,0.16857861
1,3b732595fddb8e7d,2026-08-01,0,3,0.077436484
1,3baed5278ea47bb6,2026-08-01,0,3,0.072110675
1,3bb5528eec3c1a9f,2026-08-01,0,1,0.08503011
1,3bc3db155cb24c5a,2026-08-01,0,4,0.06485316
1,3bd1e6ea31cb17c8,2026-08-01,0,5,0.18698646
1,3bedc4b223dd7fba,2026-08-01,0,5,0.12797305
1,3c08bef185428078,2026-08-01,0,5,0.06564124
1,3c2b8e2f7063fc17,2026-08-01,0,1,0.046232212
1,3c368bd5d7cf140f,2026-08-01,0,2,0.31272814
1,3c4c9b52dffa888b,2026-08-01,0,5,0.041969035
1,3c75ac8a3b4e6e53,2026-08-01,0,1,0.030154731
1,3c7c49869da52de0,2026-08-01,0,4,0.059999015
1,3cafad23a40ba1bd,2026-08-01,0,5,0.073583215
1,3cf54626d1acf7f3,2026-08-01,0,2,0.04200154
1,3d222364ec70868c,2026-08-01,0,2,0.10781214
1,3d7fe36c57c1a7d6,2026-08-01,0,5,0.06899463
1,3da2d33164697c6f,2026-08-01,0,2,0.050805837
1,3decd8472fc68b26,2026-08-01,0,4,0.45511276
1,3df2398014a72f47,2026-08-01,1,4,0.2153577
1,3dfe0b24dc0302cc,2026-08-01,0,3,0.034970175
1,3e3df959553cf06c,2026-08-01,1,1,0.10808484
1,3e4b693952d40309,2026-08-01,0,5,0.0363612
1,3e4b92a95dccd2ff,2026-08-01,0,3,0.066741526
1,3e4fedeee5dc21f4,2026-08-01,0,2,0.04630107
1,3e8eb985f630f087,2026-08-01,0,3,0.06039378
1,3e8ed5d1a0fb5afc,2026-08-01,0,2,0.052119117
1,3e925d48749c3ae1,2026-08-01,0,1,0.05721686
1,3ec1c0bed3f83447,2026-08-01,0,1,0.13109456
1,3ec50ec316d90513,2026-08-01,0,2,0.36345202
1,3ef9285cee0746a9,2026-08-01,0,3,0.039685387
1,3f6ebefda56cacbb,2026-08-01,0,5,0.028513504
1,3f7c463021c214a6,2026-08-01,0,5,0.07111588
1,3fa37f45d6752f52,2026-08-01,0,4,0.033363443
1,3fcb89fedf2910aa,2026-08-01,0,2,0.07743181
1,3fd938a6d81d3d02,2026-08-01,1,3,0.19561726
1,3fe719a53784d8bd,2026-08-01,0,1,0.10816775
1,400899d2ae022568,2026-08-01,0,5,0.03514133
1,400cfbd8da14311e,2026-08-01,0,3,0.120476454
1,4044146d9cb3f552,2026-08-01,0,4,0.031716514
1,404766e6124dfd5e,2026-08-01,0,3,0.05081592
1,4055382dd4963995,2026-08-01,0,2,0.040309083
1,40978ba4b28c5903,2026-08-01,0,5,0.08376069
1,4129fdd0c19597d3,2026-08-01,0,1,0.12046501
1,41331850d4afa774,2026-08-01,0,2,0.053288527
1,413bfc7453f0f901,2026-08-01,0,3,0.036576953
1,419a369788b2c50b,2026-08-01,0,1,0.1334606
1,419b5898d1455a96,2026-08-01,0,2,0.050094295
1,419ed81996dc359e,2026-08-01,0,4,0.1391406
1,41ac8d195f1daefc,2026-08-01,0,3,0.04416361
1,41cacb2bbea08734,2026-08-01,0,3,0.048026122
1,42045a52c96d0cfd,2026-08-01,0,4,0.047916744
1,420b3fb87231a016,2026-08-01,0,4,0.028356755
1,421d59e209b875eb,2026-08-01,0,5,0.04214562
1,422031b9eaeea449,2026-08-01,1,1,0.339445
1,42287037b9d4329e,2026-08-01,0,1,0.122806735
1,427cf635471a9f59,2026-08-01,0,1,0.13079607
1,429a686b935700f9,2026-08-01,0,5,0.15228316
1,42c963941439d70a,2026-08-01,0,1,0.03950092
1,42cc294cf5d9ad38,2026-08-01,0,4,0.120293215
1,42d83b80fe16ab5f,2026-08-01,0,5,0.0777018
1,434065ec4d342b0d,2026-08-01,0,4,0.03782772
1,436bbdadf875f57c,2026-08-01,0,5,0.08821035
1,437788f73d23b463,2026-08-01,1,1,0.080001295
1,43dfc431289396d6,2026-08-01,0,5,0.527539
1,44160e71567cb529,2026-08-01,0,5,0.19016813
1,443d807e0e7721e4,2026-08-01,1,1,0.24990062
1,448463ed311fab16,2026-08-01,0,5,0.08002287
1,448a9fa08cde1769,2026-08-01,0,1,0.034924485
1,449f10b04b823385,2026-08-01,1,1,0.10017499
1,44a5b54734e8299f,2026-08-01,0,2,0.2189122
1,44c24f863b9cffab,2026-08-01,0,1,0.037285067
1,44cd828c8955af92,2026-08-01,1,4,0.0422216
1,44e0064471b5dc2f,2026-08-01,1,5,0.22276767
1,44fec6a9bb17e61f,2026-08-01,0,3,0.028697692
1,45092723cbbfd5b8,2026-08-01,0,5,0.03544287
1,4539f5638d43c057,2026-08-01,1,3,0.079155564
1,455c617d0f2cdf57,2026-08-01,0,1,0.18435757
1,456168748059637b,2026-08-01,0,5,0.06261349
1,459f9e5b05b350a8,2026-08-01,0,5,0.033467222
1,459fd1a526d130c0,2026-08-01,0,5,0.028864851
1,45af611703ba7632,2026-08-01,0,3,0.06251215
1,45f24d5e8f0e138a,2026-08-01,0,5,0.055734165
1,45f793bd7e006265,2026-08-01,0,3,0.03373696
1,45f9c51b900a5673,2026-08-01,0,4,0.12930228
1,45fb28ddcd593921,2026-08-01,0,2,0.06264731
1,46013f2c8f071a02,2026-08-01,0,1,0.045352764
1,46028977128494e2,2026-08-01,0,4,0.050238635
1,464ef47a563cfb5d,2026-08-01,0,5,0.066414125
1,4654d9d8efa51d36,2026-08-01,0,1,0.06066965
1,466b335fc66cd286,2026-08-01,0,5,0.056108057
1,466ea6d9b73655a6,2026-08-01,0,1,0.048167128
1,46792c80592e1651,2026-08-01,0,3,0.10424906
1,46985c2641788d1a,2026-08-01,0,5,0.07872647
1,469c801fdfec0274,2026-08-01,0,2,0.08478893
1,46b2fb169dadf106,2026-08-01,0,4,0.023961099
1,471fa9ab45ff1d6b,2026-08-01,0,1,0.05566236
1,4741e482aa79efc9,2026-08-01,1,2,0.41731554
1,474405e1f7a17214,2026-08-01,0,5,0.19929253
1,474821dec393c232,2026-08-01,0,5,0.044551834
1,476116bd97f2a939,2026-08-01,0,3,0.074865974
1,4794483baaa555c9,2026-08-01,0,1,0.045473903
1,479b9f541fe07cb1,2026-08-01,0,5,0.06204364
1,47c7014979630da0,2026-08-01,1,1,0.116000056
1,47d476d4c82dfc50,2026-08-01,0,4,0.11251146
1,47ea941eca4acad7,2026-08-01,0,3,0.062442414
1,484b8d396b88a5a2,2026-08-01,0,5,0.027279058
1,4869dffe7cb12c73,2026-08-01,0,3,0.059722967
1,4872ccef7a2c963e,2026-08-01,1,5,0.25008243
1,489a114fbdceff69,2026-08-01,0,2,0.038763523
1,489da6f98c296b61,2026-08-01,0,5,0.08082911
1,493d219723cdfbd4,2026-08-01,0,3,0.032052796
1,4953f4bb2fa8eaa4,2026-08-01,0,2,0.044544306
1,4957ce182d048afb,2026-08-01,0,2,0.15736245
1,4968a7e6a52d9274,2026-08-01,0,2,0.34439665
1,4987ecdbe106a22b,2026-08-01,0,4,0.059122562
1,499566f05d1e4688,2026-08-01,0,3,0.04346331
1,49a954a5c6bb83eb,2026-08-01,0,5,0.05991088
1,49d85466080d5ea6,2026-08-01,0,4,0.06674218
1,49d9187b0b9bed98,2026-08-01,0,1,0.038741082
1,4a1d41c2923f35e5,2026-08-01,0,2,0.04500168
1,4a5bb22ee8399d77,2026-08-01,0,4,0.029577648
1,4a7a12936577b58d,2026-08-01,0,1,0.048053093
1,4a7aacd6258caf92,2026-08-01,0,2,0.114028625
1,4a7b2fc28ecf2c43,2026-08-01,0,3,0.08923021
1,4ae7aa1c6cc68178,2026-08-01,0,3,0.030271372
1,4b1f64bdbd0593e9,2026-08-01,1,2,0.09605378
1,4b2033d24144d63c,2026-08-01,0,1,0.10519541
1,4b818dee8134c3a1,2026-08-01,0,5,0.075306974
1,4bbed990246266a1,2026-08-01,0,2,0.09490246
1,4bcf26ddc1a3ec8b,2026-08-01,0,3,0.047947135
1,4c08bf7cab61c17c,2026-08-01,0,3,0.07445244
1,4c0bb49c10341a02,2026-08-01,0,4,0.06050565
1,4c325b5ad1d53894,2026-08-01,0,5,0.06840323
1,4c5bc42840863422,2026-08-01,0,1,0.03166137
1,4c8d130952e3da7a,2026-08-01,0,2,0.13851789
1,4ca8ecf123278841,2026-08-01,0,3,0.50647646
1,4cd1b58243a7114f,2026-08-01,1,4,0.04070143
1,4cd30678a696b4c8,2026-08-01,0,5,0.08396004
1,4ce2571c1a10ad6d,2026-08-01,1,4,0.1264856
1,4ce92515c1a39a22,2026-08-01,0,2,0.35928395
1,4d26eb1d7a4e4735,2026-08-01,0,3,0.04604119
1,4d2a3b9d3b5bd693,2026-08-01,0,2,0.043718055
1,4d3c695d5acc8d68,2026-08-01,0,5,0.023627313
1,4d3ec39a636cf79e,2026-08-01,1,4,0.03738228
1,4d49fadfcdbfee17,2026-08-01,0,2,0.25231543
1,4d66f98465c29548,2026-08-01,0,2,0.043951888
1,4d9cb24b53c82694,2026-08-01,0,5,0.06024004
1,4dc2ed56fd66d1f7,2026-08-01,0,5,0.13166742
1,4de692541cfc3ed3,2026-08-01,0,4,0.068200335
1,4df45d665ba6b337,2026-08-01,0,2,0.09589712
1,4e095708261ef196,2026-08-01,0,1,0.07174128
1,4e1441d45ac2d42c,2026-08-01,0,5,0.061061148
1,4e81aa01dfeb9a95,2026-08-01,0,1,0.22840792
1,4ea9a222fb5fe9b2,2026-08-01,0,2,0.043595195
1,4ec7d5e09d117376,2026-08-01,1,4,0.57636875
1,4ed49f86007cd021,2026-08-01,0,2,0.17521986
1,4f008787d37ec022,2026-08-01,0,5,0.076723024
1,4f22adfaab60a204,2026-08-01,0,1,0.08402857
1,4f3e66149a3f953a,2026-08-01,0,5,0.033797875
1,4f4cf3f82a641f7a,2026-08-01,0,3,0.029243605
1,4f5a4fb30737bf2a,2026-08-01,0,4,0.03399915
1,4f78b6c85943286e,2026-08-01,0,4,0.076075636
1,4f994d2af0a90aff,2026-08-01,1,5,0.061457835
1,4fc1f5a8eea60119,2026-08-01,0,1,0.23132896
1,4fc98c90aa8bd07c,2026-08-01,0,3,0.05828831
1,4fd44c95e100038a,2026-08-01,0,5,0.04067904
1,5019a0c2a1e291f9,2026-08-01,0,5,0.03642682
1,502ff43ee03bff04,2026-08-01,1,5,0.15001985
1,50776b49a6479f4c,2026-08-01,0,3,0.039676048
1,5092fc2ddc797a60,2026-08-01,0,1,0.045461215
1,50a33d55914ad539,2026-08-01,0,2,0.054942947
1,50d2a217a8877760,2026-08-01,0,2,0.046038143
1,50f1139eacf60d38,2026-08-01,0,5,0.2830437
1,51213ed0c3360ed1,2026-08-01,0,2,0.05015887
1,513bbb0260b25f8a,2026-08-01,1,5,0.1647222
1,514984f9f108b7c8,2026-08-01,0,4,0.09894635
1,51514a48b9141e63,2026-08-01,0,2,0.31713355
1,517127371118f92a,2026-08-01,0,4,0.064818665
1,51719523b756835d,2026-08-01,0,1,0.043994255
1,518947988da2bc6a,2026-08-01,0,2,0.04965713
1,51a503341ad111e3,2026-08-01,0,5,0.045344714
1,51a882d81c95c5e6,2026-08-01,0,5,0.041221187
1,51b009331f5c55f0,2026-08-01,1,5,0.050735738
1,5211149ee7f7b730,2026-08-01,0,2,0.030612849
1,523294bcc5ff8fea,2026-08-01,0,3,0.034653477
1,524450fcc1305305,2026-08-01,1,1,0.05924054
1,5271b5512730e328,2026-08-01,0,4,0.049265914
1,527ddaf9dbdf29eb,2026-08-01,0,5,0.0651894
1,52a08edbf6e87faa,2026-08-01,0,1,0.07547395
1,52df2e310cea49ca,2026-08-01,0,3,0.030416416
1,52f78a3e931ce0e3,2026-08-01,0,4,0.07673897
1,52fcdd7335852498,2026-08-01,0,4,0.10865381
1,531feb018d4681bd,2026-08-01,0,5,0.03707827
1,5320d66f288b6f2f,2026-08-01,0,2,0.14400694
1,5340b0f4901a0149,2026-08-01,0,2,0.45008063
1,53630114cdc41892,2026-08-01,0,1,0.034028184
1,53cb9ff0f9143ac7,2026-08-01,0,4,0.48729897
1,53f46170925134d8,2026-08-01,0,4,0.062683016
1,53fad0c2c55cfdcc,2026-08-01,0,5,0.06351765
1,53fe032365da5c9c,2026-08-01,0,3,0.026178578
1,546cbb83163f69ce,2026-08-01,0,4,0.33364522
1,5487f60f426d194d,2026-08-01,0,2,0.09979972
1,54a4434646fadde6,2026-08-01,0,2,0.03676374
1,54a7a6d9c141355a,2026-08-01,0,1,0.040889893
1,54c2f0ebe8cc789c,2026-08-01,0,5,0.024285518
1,54e0e10136e43f28,2026-08-01,0,2,0.044345904
1,551e0a0fa4938a1b,2026-08-01,0,2,0.116385914
1,55613377ebfeca51,2026-08-01,1,5,0.18221186
1,55c10bfd2df0a3ad,2026-08-01,0,1,0.052397426
1,55dc9e103ff85609,2026-08-01,0,2,0.057559807
1,55dd4de4eb2dd574,2026-08-01,0,5,0.19507743
1,5623efb38d8769bd,2026-08-01,0,1,0.028856285
1,5645442f355819b8,2026-08-01,0,4,0.040812057
1,5646d3fd5510e656,2026-08-01,0,4,0.055464845
1,564d3179587a2473,2026-08-01,0,3,0.03619987
1,567d1cc86578a0f4,2026-08-01,0,4,0.20453997
1,5698a054aa9df2c5,2026-08-01,0,4,0.042283222
1,56d1bd7bb654ad17,2026-08-01,0,4,0.033068903
1,56f6a81252e10f1c,2026-08-01,0,3,0.16870677
1,5702510a325ebde9,2026-08-01,0,3,0.08600852
1,57118833a4510c19,2026-08-01,0,2,0.038287167
1,5716439cea4a3c42,2026-08-01,0,3,0.043983668
1,575d0c65453a5d6c,2026-08-01,0,3,0.042367887
1,577e80c66892cd1c,2026-08-01,0,5,0.043349598
1,57b10ed4aad60435,2026-08-01,0,2,0.10516031
1,57d8f4280212a51a,2026-08-01,0,5,0.077147484
1,57dc0baacb18af9e,2026-08-01,0,4,0.099790186
1,57f78c7d2981047d,2026-08-01,0,1,0.04305216
1,5812b1eaa1575526,2026-08-01,0,2,0.06735401
1,58202fc61da7e579,2026-08-01,0,4,0.07321573
1,5841f9e32dc179c6,2026-08-01,0,4,0.02437733
1,5853f73f396eabab,2026-08-01,0,5,0.05994447
1,5867288e8038d626,2026-08-01,0,4,0.08163476
1,586b37ae69ed9199,2026-08-01,0,1,0.23447572
1,58a05df162cbc5ce,2026-08-01,0,5,0.15416868
1,58c834d5e86e099d,2026-08-01,0,2,0.12003672
1,58ca960424fed7b3,2026-08-01,0,2,0.04590735
1,58e8552f7c9d5175,2026-08-01,0,3,0.17412853
1,58f4b3d48fc7e172,2026-08-01,0,5,0.06767959
1,5911ae9e9a6c4345,2026-08-01,0,2,0.04792832
1,5927adb922bc2752,2026-08-01,0,4,0.045109417
1,596e077fbc1e62ec,2026-08-01,0,4,0.056195326
1,59a22eef272fc5c4,2026-08-01,0,3,0.08960074
1,59b71285046f2e07,2026-08-01,0,2,0.09563103
1,59c1064fd34a8a79,2026-08-01,0,1,0.04618934
1,59f3b1843ef26c26,2026-08-01,0,3,0.05371378
1,5a0e8be206858a81,2026-08-01,0,2,0.13079806
1,5a27dc8610012b34,2026-08-01,0,5,0.08520986
1,5a53ae168aed8e22,2026-08-01,1,3,0.28086078
1,5a566c407610149a,2026-08-01,0,3,0.115479484
1,5a7d7671d8ba5f6b,2026-08-01,0,2,0.14446537
1,5a8e2086ef9dd438,2026-08-01,0,2,0.046972025
1,5aaddb57248e4ab3,2026-08-01,0,2,0.08146031
1,5ab5a13ed2b6c66f,2026-08-01,1,4,0.4123813
1,5ac59e848bba17c5,2026-08-01,0,5,0.062434193
1,5add797a6af10ab5,2026-08-01,0,3,0.04558032
1,5b1131a3c36168bf,2026-08-01,1,4,0.05812717
1,5b48f5482858d99d,2026-08-01,0,5,0.049414754
1,5b8ee67c75ee4661,2026-08-01,0,2,0.049022872
1,5b970c4e3eeb0bf6,2026-08-01,0,5,0.09966931
1,5bacf273278ddc6a,2026-08-01,1,3,0.4562709
1,5bb2fe02a2f91432,2026-08-01,0,2,0.1170221
1,5bc14119b547c37f,2026-08-01,0,4,0.2070619
1,5bcadba842855da0,2026-08-01,0,3,0.024831565
1,5bdc52cd2e3597a0,2026-08-01,0,3,0.047406144
1,5bf0b0d8c0771998,2026-08-01,0,1,0.04422829
1,5bfff754b7b0acd6,2026-08-01,0,1,0.04299593
1,5c13509757aa3db6,2026-08-01,1,5,0.09069506
1,5c1f63374ae56cb3,2026-08-01,1,4,0.10421785
1,5c22c42a7e76b1d3,2026-08-01,0,4,0.064681165
1,5c29e5f0749d76e6,2026-08-01,0,1,0.10191086
1,5c4c5f9bc6e19b71,2026-08-01,0,1,0.1719808
1,5c6b8acc78e97a90,2026-08-01,0,1,0.09816207
1,5c72eff7c964b472,2026-08-01,0,1,0.0616954
1,5ca531c516e260bb,2026-08-01,0,4,0.04074323
1,5caf34c2235b4958,2026-08-01,0,5,0.054299522
1,5cdcf7f32394fd81,2026-08-01,0,4,0.029472828
1,5cde06a169cc7df1,2026-08-01,0,1,0.19343802
1,5d07878fa0eded94,2026-08-01,0,2,0.03774794
1,5d3e465cc45a41fb,2026-08-01,0,2,0.039724685
1,5d4e2c719aec8d1e,2026-08-01,0,1,0.039175052
1,5d615bbaf8eec873,2026-08-01,0,4,0.028245224
1,5d70a3bcc5ab34ff,2026-08-01,0,3,0.052401714
1,5d70d1c52c5232ed,2026-08-01,1,5,0.12681217
1,5d8a83031efb3393,2026-08-01,0,2,0.13335009
1,5d9411f382c3b6f9,2026-08-01,0,5,0.03732693
1,5da83c2acfcd1249,2026-08-01,0,3,0.051773246
1,5db6d072a507fe88,2026-08-01,0,3,0.13367121
1,5df4f6f9500c4fe4,2026-08-01,1,4,0.1410165
1,5e0dcdf16db356b2,2026-08-01,0,5,0.03786121
1,5e9ebd6e385858e7,2026-08-01,0,2,0.054979503
1,5ea8607ca74f2579,2026-08-01,0,1,0.043547053
1,5ec4a3f89e04f364,2026-08-01,1,3,0.2738153
1,5ecc3e2eb18bdd6f,2026-08-01,0,3,0.06260557
1,5f071dbaa9a42889,2026-08-01,0,1,0.2304164
1,5f2957aea7954a64,2026-08-01,0,3,0.035424534
1,5f389160f3e4cc48,2026-08-01,1,2,0.038668986
1,5f5b6c53b75ea66b,2026-08-01,0,5,0.19650772
1,5f7044e1f0896bb1,2026-08-01,1,1,0.22509027
1,5f724d04db4b5481,2026-08-01,0,3,0.18803646
1,5f9e0200467c51b3,2026-08-01,0,1,0.051657096
1,5fbc96544c1b32f0,2026-08-01,0,5,0.07477955
1,5fbfdf47927ee255,2026-08-01,0,2,0.05420698
1,5fcf6eb0c7e0960f,2026-08-01,0,4,0.035626687
1,5fda9ae71f82cf5d,2026-08-01,0,2,0.037652712
1,6005a1172b13d242,2026-08-01,0,5,0.038504444
1,601d5045e12c85db,2026-08-01,0,4,0.05625334
1,604b0e95fee2edd4,2026-08-01,0,4,0.32695884
1,606828c6041a9929,2026-08-01,0,3,0.0474562
1,60a52d4dbcf186d3,2026-08-01,0,2,0.119214915
1,610274c86d443bdf,2026-08-01,0,3,0.06432451
1,611819c416fc9798,2026-08-01,0,2,0.03515315
1,613d4198f2fc46b0,2026-08-01,0,2,0.053476233
1,61403259772cf590,2026-08-01,0,5,0.048632815
1,61568dce4cf00816,2026-08-01,0,1,0.048349187
1,6162b547126871e3,2026-08-01,0,1,0.032571252
1,61728e5534e3158d,2026-08-01,0,2,0.054675024
1,6175a2e872544ece,2026-08-01,0,2,0.04630769
1,61985419993ff0fe,2026-08-01,1,5,0.16129157
1,61a98c149c7180bb,2026-08-01,0,1,0.1711349
1,61cc25565a5f259c,2026-08-01,0,2,0.048883732
1,61dd0d0412ed14b8,2026-08-01,0,2,0.043737046
1,61f2366471369a94,2026-08-01,0,1,0.10675414
1,61f8d0e57da95fcd,2026-08-01,0,1,0.04039941
1,6225d9fbf506e8b4,2026-08-01,0,2,0.056820035
1,625470644b35a543,2026-08-01,0,1,0.055235207
1,62d57830576537a7,2026-08-01,0,2,0.037865672
1,62e704a4205be247,2026-08-01,0,1,0.043421704
1,62e99c76ce74c5c7,2026-08-01,0,4,0.089681745
1,62e9e0241357ae97,2026-08-01,0,2,0.11472915
1,630689ce93a31477,2026-08-01,0,5,0.04719214
1,63078a292b6a0744,2026-08-01,0,1,0.040783692
1,633f88c14e8e3bb1,2026-08-01,0,3,0.035291888
1,63488c1b5a68ba74,2026-08-01,0,4,0.09615419
1,635bbd506dc1b581,2026-08-01,0,4,0.0393325
1,6377a60972063fab,2026-08-01,0,5,0.033267923
1,6388f1b6ff1d5bc6,2026-08-01,0,3,0.051445264
1,639315e71310728a,2026-08-01,0,4,0.03188632
1,63a45f81c21b6694,2026-08-01,0,3,0.035919044
1,63a65917c5e7f343,2026-08-01,0,2,0.10382781
1,63d3b3bf28417f4d,2026-08-01,0,3,0.03163714
1,63e21306a07d9b50,2026-08-01,1,3,0.20471728
1,63e25ff962e262ae,2026-08-01,0,4,0.041516405
1,63e8a4dffa6292d2,2026-08-01,0,4,0.034667477
1,64005742d5a84d10,2026-08-01,0,2,0.055387914
1,6410783d4df568b5,2026-08-01,0,5,0.047923468
1,641a875d808a52e8,2026-08-01,0,1,0.02915126
1,641fb76b4969bea8,2026-08-01,0,3,0.041430466
1,642752f001c9d203,2026-08-01,0,3,0.038816195
1,64525c087edf9fbb,2026-08-01,0,4,0.057862677
1,648ca1952d9db49b,2026-08-01,0,5,0.060011223
1,649a733d5fad386b,2026-08-01,0,5,0.1307273
1,64bbbbf4977a84e4,2026-08-01,0,4,0.36801618
1,650871cb6ba6a634,2026-08-01,0,3,0.063229755
1,653dcef86edb875f,2026-08-01,0,2,0.06497942
1,6552f1128cdb5c70,2026-08-01,0,5,0.1221466
1,658d60c4bd44577f,2026-08-01,0,3,0.06029075
1,65975264abf8ab2b,2026-08-01,0,2,0.14236695
1,659a6ccbf3c52226,2026-08-01,0,2,0.047050532
1,659c0acff60f0e3b,2026-08-01,0,5,0.06478763
1,65d431d317bed5cc,2026-08-01,0,1,0.059149455
1,660fec9d912ef4d9,2026-08-01,0,4,0.049834386
1,661aadf01272f406,2026-08-01,0,1,0.037680272
1,66b5dbb0680abeb6,2026-08-01,1,5,0.08084433
1,66c082e2e5befe37,2026-08-01,0,5,0.0458791
1,66d011f003ce4370,2026-08-01,0,5,0.03939119
1,66e70d247a994ce9,2026-08-01,0,5,0.292905
1,6710d2cfac12d0c8,2026-08-01,0,2,0.042490967
1,6721676e71b359e6,2026-08-01,0,5,0.22580916
1,6738742764c7ea60,2026-08-01,1,2,0.0742961
1,675b5df0c5ef8285,2026-08-01,0,5,0.03658958
1,6798552789984aba,2026-08-01,0,2,0.13762735
1,67ad25fa3220ebdb,2026-08-01,0,3,0.03000836
1,67ca29264a157740,2026-08-01,1,2,0.17245853
1,67d7ad2b01a67b93,2026-08-01,0,1,0.036935993
1,67e7715584349de3,2026-08-01,0,2,0.0453258
1,680540be9db80caa,2026-08-01,1,5,0.44177848
1,683b1e3c3cd33651,2026-08-01,1,4,0.06981203
1,6843c75f87f505ec,2026-08-01,0,3,0.34254444
1,6848e1e6d97fd94a,2026-08-01,0,3,0.07908439
1,68542fa5af142bdd,2026-08-01,0,1,0.03412811
1,68597ae4c9aa81ef,2026-08-01,0,3,0.04104052
1,687338043bdda42a,2026-08-01,1,3,0.13987015
1,68d530616d04ddee,2026-08-01,0,2,0.08453129
1,6917359e471141d1,2026-08-01,0,5,0.12165678
1,692135c902d5795e,2026-08-01,0,3,0.035948362
1,6922784c546dbf1f,2026-08-01,0,5,0.06806251
1,69373c4edc1483c4,2026-08-01,0,1,0.05161766
1,69591f44aff687b7,2026-08-01,0,3,0.07154586
1,69731cf5175d9306,2026-08-01,0,1,0.040451117
1,6984e671f8357d8c,2026-08-01,0,2,0.2470692
1,6992de4856649406,2026-08-01,0,5,0.05074187
1,69a8301bbeda468a,2026-08-01,0,5,0.037793472
1,69b945b456386db7,2026-08-01,1,1,0.13265076
1,69bff5698ac64d5e,2026-08-01,0,2,0.037883554
1,69c634154d13a13a,2026-08-01,1,3,0.08092013
1,69fd72289adcd566,2026-08-01,0,3,0.051852666
1,6a469a99b17cb89c,2026-08-01,0,3,0.03817239
1,6a5e0599903fc1d3,2026-08-01,0,1,0.02769704
1,6a7be947e29703f3,2026-08-01,1,4,0.30020246
1,6a7f2681012c7a1b,2026-08-01,0,1,0.112475894
1,6aa3789545f1794c,2026-08-01,0,2,0.042773243
1,6ac506332d757fc6,2026-08-01,0,2,0.66615653
1,6add475740154eff,2026-08-01,0,3,0.037742343
1,6aea1d9a292ff48b,2026-08-01,0,5,0.045153003
1,6b2d7312c431b085,2026-08-01,0,4,0.19706495
1,6b3e3f02e7172fd8,2026-08-01,0,1,0.102349095
1,6b8e969c2c2d9f19,2026-08-01,0,2,0.079376064
1,6bad95d433df0ac2,2026-08-01,0,2,0.056792736
1,6c03a0dac392e238,2026-08-01,0,4,0.12395617
1,6c0696650df5f481,2026-08-01,0,1,0.042871475
1,6c2b40d8588493e9,2026-08-01,0,5,0.045701023
1,6c457e2a7ac345bc,2026-08-01,0,1,0.05214762
1,6c94ba1eaac3e286,2026-08-01,0,1,0.035044957
1,6ca301417b432e55,2026-08-01,0,3,0.035863504
1,6cb222185e2c92ba,2026-08-01,0,1,0.42509952
1,6cfa78e4e6af644b,2026-08-01,0,5,0.22500491
1,6d2a619930ece363,2026-08-01,1,1,0.05215103
1,6d42f14d56818889,2026-08-01,0,2,0.26738352
1,6d613a3a68669e0b,2026-08-01,0,4,0.04227146
1,6d926e4a0be6a388,2026-08-01,0,4,0.13009755
1,6d9fe268d6c9a65a,2026-08-01,0,5,0.1319707
1,6dbabac2f5c3a038,2026-08-01,0,3,0.032248568
1,6dbfdb8bdb427659,2026-08-01,0,5,0.034892373
1,6dca2bef02df2780,2026-08-01,0,2,0.14587006
1,6debe007ba0b0cb3,2026-08-01,0,1,0.05380115
1,6df54d089271e36c,2026-08-01,0,2,0.10887473
1,6e1a380cb148b00a,2026-08-01,1,1,0.15077378
1,6e5f9d9653240199,2026-08-01,0,3,0.042171113
1,6e7266c7dc9001bd,2026-08-01,0,3,0.54467493
1,6e8bac7fcd58df75,2026-08-01,0,5,0.22451493
1,6ec98ca15d43d1e0,2026-08-01,1,3,0.2888334
1,6f05eca420d4d258,2026-08-01,1,1,0.118579045
1,6f1984c88a9317fb,2026-08-01,0,5,0.076390944
1,6f41a3a174df5364,2026-08-01,0,1,0.02489449
1,6f4d8ed0ea15e5d9,2026-08-01,0,5,0.27778515
1,6f57d80a985478da,2026-08-01,0,4,0.057236463
1,6f73dfe73131953e,2026-08-01,0,2,0.05605384
1,6fa987906b7fb7ff,2026-08-01,1,4,0.15544769
1,6fad88261704b70a,2026-08-01,0,5,0.035463195
1,6fc1095b181d6829,2026-08-01,0,5,0.22277853
1,70069b72d2747df1,2026-08-01,0,4,0.028746149
1,700ae1bf41eaa37b,2026-08-01,1,4,0.14792986
1,70632f98cccca6c2,2026-08-01,0,4,0.032904483
1,708019da4a32ea28,2026-08-01,0,2,0.04423449
1,70834038357947d6,2026-08-01,0,4,0.061864585
1,70a270cb75ca9e33,2026-08-01,0,3,0.04434951
1,70ba1310d4418854,2026-08-01,1,5,0.09161357
1,70c0d890f8906074,2026-08-01,0,4,0.28074884
1,70d7cfa56d50f1c8,2026-08-01,0,2,0.03941258
1,70f7edf7972b0f6e,2026-08-01,0,2,0.2212297
1,7116265f71a95c65,2026-08-01,0,2,0.031766627
1,71168d3393417998,2026-08-01,0,2,0.09183464
1,7127e296f23b77f2,2026-08-01,0,4,0.023474663
1,712d15b0687ed0c0,2026-08-01,0,5,0.03965301
1,714ab678afd1f25c,2026-08-01,0,1,0.048098646
1,716ed1e70606f8b0,2026-08-01,0,5,0.05212402
1,71738222ca8ba0d2,2026-08-01,0,4,0.14873107
1,7259e6b0d3cd6a58,2026-08-01,0,1,0.042152736
1,726c4f30ec344953,2026-08-01,0,1,0.06397495
1,726e66095b5eb458,2026-08-01,0,2,0.034769423
1,728355743d908cb2,2026-08-01,0,1,0.032175444
1,7295f03fa4bcc66d,2026-08-01,0,1,0.29070574
1,729bcdb609b2c9af,2026-08-01,0,2,0.072127044
1,729dd97e3a0aea51,2026-08-01,0,3,0.31935036
1,72a53f74a913282c,2026-08-01,0,5,0.098448224
1,72aecf1a60468579,2026-08-01,0,4,0.2643779
1,72cf219c06f4f37e,2026-08-01,0,5,0.054793965
1,72dc01bdd949f29a,2026-08-01,0,3,0.05100445
1,72f29252b4de0b83,2026-08-01,1,1,0.031894214
1,72f9aaffa391428c,2026-08-01,0,3,0.20563227
1,730b158986fba0f1,2026-08-01,0,4,0.08823735
1,73152a6b4f81a1fa,2026-08-01,0,1,0.046699457
1,731aa5284eb2eb10,2026-08-01,0,3,0.04184044
1,732e62b18ff8b971,2026-08-01,0,1,0.031931568
1,734001cda436136c,2026-08-01,0,1,0.06492687
1,735254780d947d7c,2026-08-01,0,2,0.06180385
1,7364de6e9bb7a86b,2026-08-01,0,2,0.03495255
1,73c7e258aa008a6d,2026-08-01,0,3,0.048294324
1,73d945a65d64fa3d,2026-08-01,0,2,0.048584368
1,73f655997b6f5503,2026-08-01,0,2,0.10827396
1,743b6e87cf574995,2026-08-01,0,3,0.026960203
1,743fa49cb9ae4963,2026-08-01,0,1,0.043099787
1,746f862bd6d97ed1,2026-08-01,0,2,0.060468625
1,747093942bff0138,2026-08-01,0,3,0.036393173
1,748bb014d4c8ed92,2026-08-01,0,4,0.056785084
1,749de0f3d14315d2,2026-08-01,0,2,0.083213225
1,74ac368282b0c932,2026-08-01,0,5,0.044452522
1,74b7b925de8e2e8d,2026-08-01,0,1,0.042506002
1,74c92136cf20d62e,2026-08-01,0,1,0.16300023
1,750c455c3c34a4ee,2026-08-01,0,1,0.043797676
1,7524e51265bfb4ec,2026-08-01,1,5,0.20291848
1,75454d760d4b5756,2026-08-01,0,2,0.06694767
1,757d84c36e97f894,2026-08-01,0,2,0.053932913
1,75812025c465eeb4,2026-08-01,0,3,0.032945134
1,75d2cebfe290698d,2026-08-01,0,1,0.045990128
1,75f9041e86c3a99f,2026-08-01,1,3,0.10406011
1,761a98c1fb8e43c6,2026-08-01,0,5,0.04580492
1,761c678164ef8535,2026-08-01,0,3,0.13876963
1,764745747208913a,2026-08-01,0,4,0.02878532
1,76761e564fbce0bc,2026-08-01,0,4,0.05257178
1,767a6d7b4da0aef9,2026-08-01,0,1,0.08446377
1,76d6e4da7eee84fb,2026-08-01,0,1,0.036283147
1,76db8878379e7637,2026-08-01,0,1,0.1676048
1,76e7f57fb5ff7ecd,2026-08-01,0,3,0.08195876
1,777022f31882e2b0,2026-08-01,0,4,0.040824488
1,77952b38c254794e,2026-08-01,0,1,0.036389973
1,77a14ffe3e2b9da8,2026-08-01,0,3,0.04852446
1,77b094bb42804efb,2026-08-01,0,4,0.15898103
1,77c6348db09b677e,2026-08-01,0,2,0.031271763
1,78023c4a6503d57e,2026-08-01,0,4,0.03580646
1,780507e994d781fd,2026-08-01,0,2,0.039153192
1,783edcbefc2609d7,2026-08-01,0,4,0.026684415
1,7870dcea5b05c14d,2026-08-01,0,2,0.0557707
1,787ccfd9bb7acd2b,2026-08-01,0,3,0.076695085
1,7897a5d1446a92b2,2026-08-01,0,4,0.0569468
1,78a5c1ff40f632a0,2026-08-01,0,1,0.04432353
1,78a79b14c8b93399,2026-08-01,0,1,0.17585741
1,78dce76e88f22a92,2026-08-01,0,5,0.062089805
1,78e538aeab132090,2026-08-01,0,2,0.07505706
1,78f35c2d7c655eaa,2026-08-01,0,5,0.047817893
1,791428525958b3c5,2026-08-01,1,3,0.040525865
1,792e23ad41ab5669,2026-08-01,0,4,0.34253794
1,7999771cf904c815,2026-08-01,0,2,0.07038504
1,79cf9e708e03d783,2026-08-01,0,5,0.028507734
1,79d8bb92e6a05456,2026-08-01,0,4,0.28414518
1,79dd6a5cc139bfec,2026-08-01,0,2,0.07237237
1,79e66d4470a85932,2026-08-01,0,3,0.0575403
1,79ee45f2cabc4162,2026-08-01,0,3,0.26385596
1,79f2e0c9535c33e1,2026-08-01,0,3,0.042935718
1,7a0cc8c5eee871d4,2026-08-01,1,1,0.11325077
1,7a0e4822e36a22e2,2026-08-01,0,2,0.065562464
1,7a35259a054485b0,2026-08-01,0,1,0.039922226
1,7a38462790bbe22e,2026-08-01,0,5,0.051564217
1,7a6acb42b261260d,2026-08-01,0,1,0.032086857
1,7a756ede62bac1ef,2026-08-01,0,5,0.051454075
1,7a776f6dc0c7c3ee,2026-08-01,0,5,0.042773176
1,7aad79f593cedb27,2026-08-01,0,5,0.093684584
1,7abbfbe67144e964,2026-08-01,0,4,0.05648146
1,7abde3c7c191b6d8,2026-08-01,0,3,0.04070436
1,7b0877b6b9127f2f,2026-08-01,0,2,0.22603768
1,7b1ead36019b8a84,2026-08-01,0,3,0.049148258
1,7b559ae9f55d832c,2026-08-01,0,4,0.047628723
1,7bc1d122c1c41c35,2026-08-01,0,3,0.02843944
1,7bc3e16dca3f536d,2026-08-01,0,2,0.06061569
1,7bc67f7a0682c5e2,2026-08-01,1,5,0.11443721
1,7c08946b0edc661a,2026-08-01,0,5,0.042071454
1,7c20dfc231142ea2,2026-08-01,0,4,0.061356127
1,7c36de9331f66a97,2026-08-01,0,5,0.34919158
1,7c60a48c50e15a64,2026-08-01,0,4,0.030968867
1,7c8ff690a68652da,2026-08-01,0,1,0.054981682
1,7cafe0a1c6398021,2026-08-01,0,2,0.050510123
1,7ccf2638d96491dd,2026-08-01,0,4,0.12310117
1,7cf219e3cac2c065,2026-08-01,0,1,0.035567485
1,7cf6bf9f86aaa726,2026-08-01,0,4,0.028650923
1,7cf6c663fb6bbf50,2026-08-01,0,5,0.04405893
1,7d3d661c45049361,2026-08-01,0,1,0.08683982
1,7d4c767fa3bd7b3b,2026-08-01,0,2,0.21635045
1,7d992c6b93b84f0a,2026-08-01,0,2,0.12273493
1,7dcfe61f6ea252f4,2026-08-01,0,4,0.051481236
1,7dd5f0a3bbb12a45,2026-08-01,0,5,0.43060198
1,7ddab212f914c6b1,2026-08-01,0,3,0.045268074
1,7e1e722ae1c7e7e4,2026-08-01,0,3,0.034251824
1,7e490bc64c2d55fb,2026-08-01,0,2,0.32151136
1,7e4b9bb8d741724f,2026-08-01,0,4,0.042517185
1,7e55e2507da41096,2026-08-01,0,5,0.124645494
1,7e7fed535ed4aeba,2026-08-01,0,5,0.06903485
1,7e83ba044f30a406,2026-08-01,0,5,0.051275305
1,7e96f0529af80546,2026-08-01,1,4,0.07220907
1,7ecf61efdf94f46e,2026-08-01,0,3,0.043737665
1,7ee3f64db0f2eb40,2026-08-01,0,4,0.06943494
1,7ef310a2f4f371d1,2026-08-01,0,2,0.03508366
1,7f16e23d7758de97,2026-08-01,0,1,0.08392894
1,7f248586c750f082,2026-08-01,0,4,0.048795007
1,7f3c2534c696ba78,2026-08-01,0,2,0.07285457
1,7f3fc9e13abc0573,2026-08-01,0,1,0.05904991
1,7f6073aef2d80793,2026-08-01,0,3,0.08590742
1,7f61922685a79cc7,2026-08-01,0,4,0.03790138
1,7f656930d68640ac,2026-08-01,0,4,0.028885411
1,7f657648ca2bfd9d,2026-08-01,0,4,0.02345611
1,7f67cb9cb7d1f5f8,2026-08-01,0,3,0.025598038
1,7f72ce792f421783,2026-08-01,0,3,0.029826852
1,7ffcf61cab05a289,2026-08-01,0,5,0.03881951
1,800e8e69a96210fb,2026-08-01,0,3,0.051303517
1,8027d7d5e34dddc4,2026-08-01,0,4,0.08787544
1,8038bad61fa65855,2026-08-01,0,4,0.05678303
1,803c20678c4a050b,2026-08-01,0,3,0.06906811
1,80503aad8a618d7a,2026-08-01,0,3,0.22679327
1,806e96611c01cca5,2026-08-01,0,1,0.0294037
1,8071311afca7c023,2026-08-01,0,1,0.03477007
1,80ba2ff93f15065f,2026-08-01,0,4,0.08423608
1,80bbee8ecb8a482c,2026-08-01,0,2,0.14424655
1,80df74ccbf415940,2026-08-01,0,5,0.055021115
1,815e9a6dbd55c376,2026-08-01,0,3,0.059202336
1,816d0e820d995464,2026-08-01,0,2,0.046799596
1,81a7feb8c03ca38a,2026-08-01,0,5,0.025521424
1,81ad54fa93bdf184,2026-08-01,0,3,0.037748247
1,81d6f4fdbd960aed,2026-08-01,0,1,0.044858016
1,82473cb3bcbeba8a,2026-08-01,0,1,0.048061807
1,82a16b586ac392e8,2026-08-01,0,4,0.028999535
1,82c31fa203f2d3bf,2026-08-01,0,2,0.08699934
1,82e7d81b72b4e10f,2026-08-01,0,3,0.08509586
1,830bb52813d9e39f,2026-08-01,0,3,0.07260812
1,833e3955c7d58f9f,2026-08-01,0,3,0.050537925
1,8357c1d7f99025d0,2026-08-01,1,2,0.10352919
1,83e5be1e414ac2c1,2026-08-01,0,4,0.02982259
1,83e8a75513daa73d,2026-08-01,0,5,0.0663915
1,83ee6830d7c5634d,2026-08-01,0,1,0.042727016
1,8459941622958d25,2026-08-01,0,1,0.06038151
1,84a430f1fef2bc1b,2026-08-01,0,5,0.057962254
1,84db8e7bc7643618,2026-08-01,0,4,0.05274247
1,84e295bac6622a32,2026-08-01,0,5,0.057424057
1,855a9bf573db3de0,2026-08-01,0,5,0.07240881
1,855d3533579ad689,2026-08-01,0,5,0.086700104
1,8563d54ad8f851df,2026-08-01,0,3,0.05021532
1,85928afec42ecc6d,2026-08-01,0,1,0.059456863
1,85b414eae27d2ea7,2026-08-01,0,4,0.26213318
1,85b7bd61e145c839,2026-08-01,0,4,0.024926372
1,85fe74875c024eaa,2026-08-01,0,3,0.08172157
1,86456c63d2a62afe,2026-08-01,0,2,0.05082429
1,86647bb071e762dd,2026-08-01,0,2,0.030873815
1,866cb48cdabbfd0f,2026-08-01,0,5,0.0358749
1,86856b22b5ed75ef,2026-08-01,0,1,0.060247254
1,86ac61d06f542e37,2026-08-01,0,2,0.034012638
1,86dd3b5c7adc7983,2026-08-01,1,5,0.10116578
1,872d5202aff886f8,2026-08-01,0,3,0.040646452
1,8732d90d6790c6af,2026-08-01,0,3,0.08350899
1,874f99747a538d7a,2026-08-01,0,4,0.02962221
1,876c09f4141fb3f5,2026-08-01,0,4,0.024222264
1,8772f0640b6ea5bf,2026-08-01,0,3,0.08859634
1,8784d8afe1471b5c,2026-08-01,0,2,0.047372885
1,878e31c155a56707,2026-08-01,0,1,0.050837446
1,87a49f19284ee9c5,2026-08-01,0,3,0.036391124
1,87bda67715aa3e48,2026-08-01,0,5,0.03865155
1,87df86d7e72e7be3,2026-08-01,0,3,0.028586533
1,8828f880f285d04d,2026-08-01,0,1,0.054524697
1,8832c16a1176e0ae,2026-08-01,0,1,0.10559206
1,8832fe5c8a3c0e05,2026-08-01,1,5,0.11669077
1,887e3caa1c23d795,2026-08-01,0,5,0.15627542
1,88f32004fd3e431a,2026-08-01,0,2,0.17709142
1,89044df4e50971c7,2026-08-01,0,4,0.055767287
1,8931e39fc47b9c6e,2026-08-01,0,1,0.03473397
1,895afbbf17ff14ba,2026-08-01,0,1,0.06410661
1,895f70b9b83d628d,2026-08-01,0,3,0.031827036
1,896aec8b2cf00b7e,2026-08-01,0,3,0.053312
1,898e600cdd5828d7,2026-08-01,0,4,0.11454769
1,89a6545eb2de29f4,2026-08-01,1,3,0.0381874
1,89b7b507a1730a33,2026-08-01,0,5,0.07820167
1,89d02b31b678049f,2026-08-01,0,1,0.03268446
1,89e598c5a98f9e72,2026-08-01,0,2,0.03068506
1,8a4c9ee3e9dd277a,2026-08-01,0,2,0.07422023
1,8a58301595cb14fc,2026-08-01,0,3,0.22418073
1,8a651cb2240f29bb,2026-08-01,0,3,0.05631233
1,8a81dc2b2b2f1aba,2026-08-01,0,1,0.055809144
1,8aaeb4d3b54bb6e3,2026-08-01,0,5,0.06032942
1,8abd7939c21373e2,2026-08-01,0,2,0.062025357
1,8afc0351dbf259a4,2026-08-01,0,4,0.041909218
1,8b047bc6ffd1e51d,2026-08-01,1,5,0.31945974
1,8b0ae62946b99ce1,2026-08-01,1,1,0.26908356
1,8b4ccbb51d2e7ed7,2026-08-01,0,2,0.054424316
1,8b6dfd1bf11c9195,2026-08-01,0,1,0.16877891
1,8b9173fbca173ab2,2026-08-01,0,3,0.07614631
1,8b9474931b31a640,2026-08-01,0,4,0.030037653
1,8b9f881dc5863be1,2026-08-01,0,3,0.08231195
1,8bc12a262850f29c,2026-08-01,0,5,0.059833564
1,8be009afa7fffe9f,2026-08-01,0,3,0.03402797
1,8c3dc65e45b01b45,2026-08-01,0,1,0.035330407
1,8c6f4c5720e2b905,2026-08-01,0,3,0.033436786
1,8caff611cc65054f,2026-08-01,1,2,0.13393077
1,8cc1cdd64e692652,2026-08-01,0,4,0.026719097
1,8cd9d23ef35fba81,2026-08-01,0,1,0.05910715
1,8ce65bcdae0dab30,2026-08-01,0,5,0.04431823
1,8ce931a5d278e230,2026-08-01,0,3,0.041781764
1,8d02b091d0ca9bae,2026-08-01,0,1,0.21371652
1,8d075dd3da66a6ad,2026-08-01,0,3,0.11160643
1,8d114115c44e4341,2026-08-01,0,5,0.071799845
1,8da0b225394ff4ee,2026-08-01,0,2,0.03676091
1,8df20cd434eabc6b,2026-08-01,0,2,0.27627623
1,8e1c8026ed07894e,2026-08-01,0,5,0.08309313
1,8e551f3cd9c5d901,2026-08-01,0,4,0.05334853
1,8e60b56d600d32e7,2026-08-01,0,4,0.036486145
1,8e79144dacac779a,2026-08-01,0,2,0.4063397
1,8ea4f7b0096f0f4f,2026-08-01,0,3,0.087753564
1,8f2618e5cdacccc5,2026-08-01,0,1,0.06462568
1,8f2eaa19556d0f63,2026-08-01,0,2,0.06716834
1,8f8bc548363a41d5,2026-08-01,0,4,0.036030136
1,8f997d7dfaf545bb,2026-08-01,0,2,0.0489463
1,8fc15af7855f35b1,2026-08-01,0,2,0.14063095
1,8fe92a114aa8db1a,2026-08-01,0,4,0.25024137
1,90048c9a204777d7,2026-08-01,0,4,0.03904898
1,902d08ec945e4e34,2026-08-01,0,1,0.16637813
1,905977bed50cef51,2026-08-01,0,5,0.06947269
1,9066329bcba59f29,2026-08-01,0,5,0.03743233
1,90916c7e102df5cd,2026-08-01,1,2,0.2518025
1,90a7886117b144c3,2026-08-01,0,4,0.07623818
1,90cdd3a724faeca3,2026-08-01,1,5,0.25946352
1,90d1108b68e0551b,2026-08-01,0,4,0.1757408
1,90e099a75e136df8,2026-08-01,0,3,0.053271476
1,90e15bd0debf2ca4,2026-08-01,0,1,0.03170511
1,9157db3887e1b948,2026-08-01,0,2,0.0471166
1,918096c6be19c85f,2026-08-01,0,4,0.051730506
1,918f4d9012d68de8,2026-08-01,1,2,0.14746633
1,91e35049b1108987,2026-08-01,0,1,0.056914173
1,9211ad6cef838c5b,2026-08-01,0,5,0.06924111
1,9261b4bdb11718fb,2026-08-01,0,2,0.050784796
1,92741d7fdd8cbab1,2026-08-01,0,3,0.45609605
1,927988544d6604e0,2026-08-01,0,3,0.1289111
1,9287893e343ab233,2026-08-01,0,3,0.035557706
1,92991933ddc1e9ff,2026-08-01,0,2,0.052153286
1,92da3cfffb14e5ac,2026-08-01,0,4,0.051047824
1,92e8d13ed560031c,2026-08-01,0,2,0.082549505
1,932ed383373afa00,2026-08-01,0,4,0.045703813
1,934f6722d1c78f5b,2026-08-01,0,2,0.047440846
1,93622de921ef1b43,2026-08-01,1,3,0.1281003
1,9384e3699149e881,2026-08-01,0,5,0.073133215
1,9394784c2b218421,2026-08-01,0,2,0.044555914
1,93b0a2e600c4db2c,2026-08-01,0,4,0.03437542
1,93b3bc70e01dd5b8,2026-08-01,0,4,0.045259185
1,93bdc32d71dca07c,2026-08-01,0,3,0.040667403
1,940a2889a0a02a63,2026-08-01,0,2,0.19467913
1,94957f0b032c53fe,2026-08-01,0,1,0.064466275
1,94b4163982e2be2a,2026-08-01,0,5,0.06499637
1,94e39efc10bb5aa5,2026-08-01,0,3,0.03825583
1,94e5615f0f0396db,2026-08-01,0,1,0.045603476
1,94f812002cd097ec,2026-08-01,0,3,0.18266408
1,9503a69d9fe75fe0,2026-08-01,0,5,0.051002126
1,95138601a9a8ee46,2026-08-01,0,5,0.11840471
1,9518d41298d68dc3,2026-08-01,0,3,0.037149627
1,953bdb3bac870729,2026-08-01,0,5,0.513634
1,9568244697f02741,2026-08-01,0,3,0.04177558
1,956bd2d88db46a7e,2026-08-01,0,5,0.14410573
1,957c1db9a68a53e3,2026-08-01,0,1,0.11727864
1,957e0238816f68cd,2026-08-01,0,4,0.051129553
1,958484c8eb4f1dea,2026-08-01,0,3,0.053097703
1,958be5a9a55a81e8,2026-08-01,0,2,0.20799528
1,95969db96f87c146,2026-08-01,0,4,0.11031804
1,95b16eb2326584be,2026-08-01,0,3,0.04806974
1,9610cfce35794d57,2026-08-01,0,1,0.09451669
1,966353dc07771d6c,2026-08-01,0,1,0.027832616
1,967e505ae903f4f0,2026-08-01,0,1,0.044332992
1,96b6712ea6066b91,2026-08-01,0,5,0.048150375
1,96c0c4253112d13d,2026-08-01,1,2,0.26924112
1,96eaf4086851f738,2026-08-01,1,4,0.06641355
1,96f45c518539a896,2026-08-01,0,2,0.121713534
1,96ff86e5ea439c45,2026-08-01,1,1,0.14791848
1,97145e87fdfd0d8b,2026-08-01,0,1,0.04801607
1,972b8e46abbf5f1e,2026-08-01,0,2,0.040886845
1,973cc7d50fefb647,2026-08-01,0,2,0.09320063
1,974df3542fd3c993,2026-08-01,0,2,0.054338325
1,9769e9d5f06480d8,2026-08-01,0,3,0.3301348
1,977c851ea729f8a2,2026-08-01,0,1,0.043053713
1,9787232af3421a1a,2026-08-01,1,3,0.19924888
1,97c0b584ef244c7e,2026-08-01,1,1,0.28418246
1,97f17088a8de08a0,2026-08-01,0,2,0.21627392
1,97f4be0f8c332f59,2026-08-01,0,3,0.13863096
1,981d111d919ab88e,2026-08-01,0,3,0.033648375
1,98630c5f450b885f,2026-08-01,0,4,0.06463185
1,986581e2bfdc9008,2026-08-01,0,3,0.06306525
1,988b6a92391ba460,2026-08-01,0,5,0.041670695
1,98cccf4a3d63771d,2026-08-01,0,1,0.053058434
1,99243ebbbb0529d0,2026-08-01,0,3,0.088266514
1,9958fd8fe5793f57,2026-08-01,0,5,0.06492243
1,9969a2078063e74a,2026-08-01,0,1,0.09397794
1,99acf707223e37a9,2026-08-01,0,4,0.0416065
1,99c9f3a1203b4503,2026-08-01,0,5,0.4943872
1,99df20a53a6e62ed,2026-08-01,0,4,0.03183969
1,9a10cf0a0c86d0d5,2026-08-01,0,3,0.043553468
1,9a139f459b490137,2026-08-01,0,1,0.07614039
1,9a603b2ecdff6bf1,2026-08-01,0,5,0.10658477
1,9a7d1c980913ec5a,2026-08-01,0,1,0.15455477
1,9a9ff338291df581,2026-08-01,1,1,0.3074708
1,9ade19838ecfddd0,2026-08-01,0,1,0.051578995
1,9ae331b95f5a663f,2026-08-01,0,4,0.030877138
1,9b139121482c970c,2026-08-01,0,3,0.08287097
1,9b191e1e95b174b8,2026-08-01,0,1,0.035948742
1,9b1c909ade26fecf,2026-08-01,0,2,0.035366796
1,9b41115f617f4be0,2026-08-01,0,3,0.05160132
1,9b6f7ceeebdc1e17,2026-08-01,0,3,0.1477165
1,9b7df2ac48d376bb,2026-08-01,0,4,0.04170361
1,9b96904d5db73ad4,2026-08-01,1,3,0.19033372
1,9ba545dae87c2943,2026-08-01,0,4,0.12918271
1,9bab51f4d235b26d,2026-08-01,0,5,0.13303344
1,9bc934bbfbd8d281,2026-08-01,0,5,0.045946795
1,9c0572b91251e184,2026-08-01,1,5,0.17147279
1,9c2d77aa9b5811db,2026-08-01,1,3,0.15052263
1,9c3947210632d90f,2026-08-01,0,4,0.053629655
1,9c65e452d5ab6c79,2026-08-01,0,3,0.043820124
1,9ca9153107803d8a,2026-08-01,0,4,0.16146824
1,9cadf644dd56c84d,2026-08-01,0,2,0.0807441
1,9caf475f9f1df940,2026-08-01,0,1,0.051873155
1,9cb3bd4b9babf3d2,2026-08-01,0,2,0.048253607
1,9cb722e8718df12a,2026-08-01,0,1,0.047815863
1,9cd056c7f1901d8f,2026-08-01,0,4,0.03720777
1,9cebb289eb819a3c,2026-08-01,0,2,0.082324006
1,9d3b4a304eea059a,2026-08-01,0,5,0.054012723
1,9d456444520ba71f,2026-08-01,0,5,0.022746751
1,9d45de24b2500209,2026-08-01,0,4,0.027196895
1,9d8e87723a8ca49a,2026-08-01,0,5,0.06724059
1,9d8f0398d33fbbc7,2026-08-01,0,3,0.042211574
1,9d95069be2adf8cc,2026-08-01,0,4,0.07020696
1,9dae921b0985e9fc,2026-08-01,0,1,0.046491202
1,9daf07d676438e43,2026-08-01,0,2,0.05297293
1,9dbb54c12337cc6f,2026-08-01,0,3,0.07042214
1,9dbc7178b94e66d6,2026-08-01,0,3,0.08402803
1,9dffae3b339d77e8,2026-08-01,0,4,0.03487254
1,9e2df972158867a0,2026-08-01,0,4,0.0762629
1,9e65c808b00ba5b8,2026-08-01,0,2,0.09666317
1,9e6eaf9a2e9c9b63,2026-08-01,0,3,0.05706278
1,9e9283d6441d93fe,2026-08-01,0,1,0.0352459
1,9ea5402dfb282f58,2026-08-01,0,4,0.044264972
1,9ea74fded6cce539,2026-08-01,0,3,0.2589784
1,9ead2d95622ef7af,2026-08-01,0,3,0.15884683
1,9ef57b2c8161b151,2026-08-01,1,4,0.65509033
1,9f146cc731ac73f0,2026-08-01,0,4,0.10406655
1,9f15f4a1e22d20c7,2026-08-01,0,3,0.18259348
1,9f43f51ce773aa01,2026-08-01,0,1,0.02756357
1,9f594b41ec39e16c,2026-08-01,0,1,0.20109959
1,9f9957108850f58b,2026-08-01,0,4,0.057477508
1,9fc795ef7f140cc0,2026-08-01,0,3,0.12671712
1,9fd35c7f7083885d,2026-08-01,0,3,0.03818371
1,9fff2fa1de9bb302,2026-08-01,0,5,0.053016666
1,a0024a2887536a4b,2026-08-01,0,5,0.042683244
1,a02b6d83f492b6ea,2026-08-01,0,2,0.3873972
1,a02f259751ca4682,2026-08-01,0,4,0.12950777
1,a070733bc6d52881,2026-08-01,0,2,0.041268207
1,a08a076e6632201c,2026-08-01,0,5,0.04579065
1,a09d42728839cf93,2026-08-01,0,4,0.050248705
1,a0bf0bfafaca32e9,2026-08-01,0,1,0.06784336
1,a0d5b029c9ffa271,2026-08-01,0,4,0.035754498
1,a101f5e8b5abf1a1,2026-08-01,0,1,0.05556095
1,a10818090519bc7f,2026-08-01,0,1,0.062563285
1,a11898825d74e614,2026-08-01,0,5,0.02593184
1,a1261402afba0f75,2026-08-01,0,5,0.038917575
1,a154608da0a4cd38,2026-08-01,0,1,0.049195275
1,a17ee8fd95a03594,2026-08-01,0,2,0.045905825
1,a182fc27357e354b,2026-08-01,0,4,0.15532024
1,a1a2e0e4be866ae7,2026-08-01,0,1,0.02711231
1,a1a895f6d716502f,2026-08-01,0,2,0.09330254
1,a1ecb6af9b5832a0,2026-08-01,0,1,0.032076206
1,a2147d8410a8b33e,2026-08-01,0,2,0.0679811
1,a241a169a73d62d3,2026-08-01,0,5,0.080009915
1,a24684e3fa5faa23,2026-08-01,1,3,0.33169562
1,a257c545de817070,2026-08-01,0,5,0.041648947
1,a26bd11208448b82,2026-08-01,0,5,0.04839526
1,a287762106699b9c,2026-08-01,0,5,0.035723012
1,a28d97c5c6598220,2026-08-01,0,5,0.293664
1,a2c288754d162bac,2026-08-01,0,1,0.03144735
1,a2cbb1b3a3b1440a,2026-08-01,0,1,0.050359838
1,a2d101b3830712a6,2026-08-01,0,2,0.03351183
1,a2d54de9d60d730a,2026-08-01,0,1,0.026217341
1,a3392892ed757acb,2026-08-01,0,1,0.05362872
1,a35eb9375f2f855e,2026-08-01,0,3,0.14556849
1,a35f96dfd8a74b94,2026-08-01,0,5,0.032168385
1,a369f3fa98f9a82c,2026-08-01,0,2,0.042111255
1,a37513f4e5943741,2026-08-01,0,1,0.049822558
1,a3b949fe547a8c2f,2026-08-01,0,1,0.036572475
1,a3dd767529053b0a,2026-08-01,0,1,0.07660182
1,a3fd80de9dc7cd70,2026-08-01,0,3,0.2827829
1,a425a83cad9232ef,2026-08-01,1,1,0.09009479
1,a4768ff583d26860,2026-08-01,0,5,0.034432545
1,a47d173b8743ed77,2026-08-01,0,2,0.06778646
1,a47fe30e20d0f0f6,2026-08-01,0,4,0.07840257
1,a4c62d1df2cc95cd,2026-08-01,0,4,0.29463294
1,a4e8073dc575beab,2026-08-01,0,5,0.036520045
1,a50f1f9008b16e8f,2026-08-01,0,2,0.085157484
1,a513fc7ecbf03c6e,2026-08-01,0,4,0.4406319
1,a58458170db993b8,2026-08-01,0,4,0.040559903
1,a5a1b78f054e2a12,2026-08-01,0,5,0.123738326
1,a5e0a2a49b975a2d,2026-08-01,0,3,0.2316807
1,a5fd38156c71ca40,2026-08-01,0,5,0.23726891
1,a6143759863c45d3,2026-08-01,1,2,0.27235386
1,a6361f7eb3fc5845,2026-08-01,1,2,0.11594387
1,a67d5e6f6a14a7a6,2026-08-01,0,4,0.07577123
1,a67f440c1983100e,2026-08-01,0,3,0.030159654
1,a6a40564c0635c7d,2026-08-01,0,5,0.07312572
1,a6d27af7b4a592f4,2026-08-01,0,4,0.120432444
1,a6e88b2afed41bdf,2026-08-01,1,1,0.24139746
1,a6f5c1f464ffe911,2026-08-01,0,5,0.03910427
1,a7052db0850cd0bf,2026-08-01,0,2,0.04962759
1,a7176a1c3f7d3963,2026-08-01,0,1,0.07157225
1,a7371a03de19bec7,2026-08-01,0,2,0.044884022
1,a774007644646681,2026-08-01,0,2,0.14323395
1,a79e0bdc7971bf15,2026-08-01,0,3,0.035589393
1,a79ec11c3b3f0989,2026-08-01,0,2,0.051808067
1,a7b2554b8b85d0a7,2026-08-01,1,4,0.047079533
1,a8049313b3b93147,2026-08-01,0,3,0.18692608
1,a8053ca460df0624,2026-08-01,0,1,0.05620209
1,a80bbabbabffbc40,2026-08-01,0,5,0.04754808
1,a81109464fd9317f,2026-08-01,0,1,0.045978975
1,a81ae34c82079b98,2026-08-01,0,5,0.070934676
1,a822777e0a864815,2026-08-01,0,2,0.040352464
1,a828c2675a956894,2026-08-01,0,1,0.039242804
1,a8ac7f37237cb16f,2026-08-01,0,3,0.13390872
1,a8ed105d40399c5c,2026-08-01,0,2,0.04837615
1,a93d2a2d29b346a8,2026-08-01,1,2,0.07877466
1,a93f17585e7c0e69,2026-08-01,0,1,0.55455786
1,a946d7ca32a6af87,2026-08-01,0,4,0.1210807
1,a9725c2b30862877,2026-08-01,0,5,0.053396076
1,a9976d7ceca19229,2026-08-01,0,1,0.08071992
1,a9b4afb93afb0362,2026-08-01,0,4,0.1750142
1,a9b6773252f2ab50,2026-08-01,0,1,0.03910024
1,a9d2be0f9ad52f09,2026-08-01,0,3,0.041673254
1,a9d35d0e15f124dd,2026-08-01,0,3,0.2900379
1,aa0bac7b213f038a,2026-08-01,0,2,0.066682994
1,aa0c19a7242304b9,2026-08-01,0,4,0.03190149
1,aa10c445c96aff47,2026-08-01,0,4,0.034101125
1,aa24c36aa9a2e0a3,2026-08-01,0,3,0.037375733
1,aa380779241472bd,2026-08-01,1,5,0.34915924
1,aa5162811eb135c3,2026-08-01,0,3,0.043079514
1,aa55e9c3c7efec97,2026-08-01,0,2,0.049231697
1,aa576a2527acd3d2,2026-08-01,0,2,0.04177838
1,aa9687ce4d75d8dc,2026-08-01,0,4,0.3196881
1,aafae660f1c64458,2026-08-01,0,1,0.09327358
1,ab294fe0ae58f5bc,2026-08-01,0,2,0.048586067
1,ab3b77ea89230224,2026-08-01,0,5,0.029214872
1,ab4e68451fa0ca55,2026-08-01,0,2,0.06420016
1,ab5cd72d3ade49bd,2026-08-01,0,4,0.054196432
1,ab65289eaee54bcd,2026-08-01,0,4,0.038404632
1,ab91a3fb6d0c6ea2,2026-08-01,0,3,0.038080297
1,ab9b0b8cbfb9eb37,2026-08-01,1,3,0.06529061
1,aba387f93b5e04e9,2026-08-01,0,1,0.16168994
1,abaf452d3424e45a,2026-08-01,0,2,0.045187265
1,abb59dc95d3d198c,2026-08-01,0,5,0.33726025
1,abc771ac35723d44,2026-08-01,0,2,0.06943373
1,abcc1b1c41fa8578,2026-08-01,0,2,0.037225984
1,abdd84c1c25849da,2026-08-01,0,5,0.094691046
1,abe25b4f6562c8c1,2026-08-01,0,4,0.034606215
1,ac25374abc578832,2026-08-01,0,4,0.14342491
1,ac438e9fcd5324a4,2026-08-01,0,5,0.035043113
1,ac4caa74a58b7f3a,2026-08-01,0,2,0.06315666
1,ac8fae57837a95a4,2026-08-01,0,5,0.13904406
1,acaef2b1fbd79ab5,2026-08-01,0,4,0.03388892
1,acb8ece2f82dc7f2,2026-08-01,0,4,0.028242147
1,acf3ea3be40a8e82,2026-08-01,0,4,0.07231221
1,ad02de1d73641913,2026-08-01,0,2,0.04318623
1,ad0f5bebdd9429a3,2026-08-01,0,4,0.049296755
1,ad647aa9c116be22,2026-08-01,0,1,0.050648727
1,ad79b8a9d6874712,2026-08-01,0,1,0.038062878
1,adbf206f412e6c8a,2026-08-01,1,3,0.2638494
1,addd636ac96c894d,2026-08-01,0,3,0.04587597
1,ae06c9526be54f63,2026-08-01,0,4,0.037912752
1,ae0d3312e1df8c4a,2026-08-01,0,2,0.056476347
1,ae2a7a7f10b9028d,2026-08-01,0,5,0.09295421
1,ae6a818bf9124092,2026-08-01,0,4,0.11380886
1,aeac41a0f00e7688,2026-08-01,0,1,0.074040525
1,aebd3af93602c14c,2026-08-01,0,1,0.07101533
1,aef4dfcd0487cb06,2026-08-01,0,4,0.04530701
1,af0348c0823f63f5,2026-08-01,0,1,0.09310068
1,af0738338739e9f3,2026-08-01,0,1,0.0395603
1,af09b4272be4adb8,2026-08-01,0,3,0.087481126
1,af0cc0b1cd038932,2026-08-01,0,4,0.024754109
1,af221dac20b5cf79,2026-08-01,1,5,0.061873242
1,af3754f041b66880,2026-08-01,0,3,0.047322076
1,af3f3cd2da013481,2026-08-01,0,4,0.25783288
1,af5e6dd289b766d7,2026-08-01,0,1,0.042051293
1,af6d2f380094b396,2026-08-01,0,3,0.03569821
1,af70026f0d8683fd,2026-08-01,0,5,0.16913322
1,af94d72029e82cae,2026-08-01,1,5,0.052758053
1,af98225f3f658582,2026-08-01,0,2,0.045771305
1,afa37aa0d230a9ae,2026-08-01,0,5,0.04910617
1,afdb6fdee2622cf4,2026-08-01,0,4,0.028880956
1,b0290c34c8186b59,2026-08-01,0,2,0.047043115
1,b0509b1fd06f3774,2026-08-01,0,4,0.09071565
1,b069b8a00518cc45,2026-08-01,0,1,0.07181216
1,b06d4751fac4bdb0,2026-08-01,0,2,0.06320344
1,b083315d3b6e047d,2026-08-01,0,3,0.06959136
1,b09a02548accbcf5,2026-08-01,0,3,0.03414357
1,b0aea9d2ecaf3004,2026-08-01,0,3,0.051610865
1,b0e3de7c0cb7d021,2026-08-01,1,1,0.22400191
1,b13f3e069e6daaac,2026-08-01,0,3,0.034188967
1,b15eb8b84b46ea69,2026-08-01,0,5,0.17198922
1,b16280f6c3715aae,2026-08-01,0,3,0.2443707
1,b182439c6e71b513,2026-08-01,0,3,0.036443952
1,b1bf8bdfee10ab62,2026-08-01,0,3,0.056263182
1,b1eb521b321b1228,2026-08-01,0,1,0.091531
1,b22139dde91d1d80,2026-08-01,0,2,0.052208412
1,b243a840f10df627,2026-08-01,0,4,0.26045322
1,b27a0e6ef8ce17f5,2026-08-01,0,2,0.18390791
1,b28d5595cb5255b5,2026-08-01,0,1,0.07600838
1,b29ad7fd83f1bfca,2026-08-01,0,1,0.1456349
1,b2a74ca07b7c2dbd,2026-08-01,0,3,0.034803126
1,b2aaecfe1170d307,2026-08-01,0,1,0.048926007
1,b2ae1c7d121f3836,2026-08-01,0,4,0.04651143
1,b2e491562a2cf34b,2026-08-01,0,4,0.44417578
1,b2ee030bcbd33a89,2026-08-01,0,5,0.04979967
1,b2f7c6803e399c62,2026-08-01,0,3,0.05396175
1,b331f3da6ad40793,2026-08-01,0,2,0.053324956
1,b3638b644e58807f,2026-08-01,0,2,0.066960014
1,b38a061a4d459fc8,2026-08-01,0,1,0.07423797
1,b3a2018fa3742a56,2026-08-01,0,1,0.41826186
1,b40d5ef015a05ffa,2026-08-01,0,5,0.101122774
1,b416a003f131b160,2026-08-01,0,5,0.036458496
1,b42239935bf2b175,2026-08-01,0,3,0.045384258
1,b46a5d12e771e496,2026-08-01,0,2,0.039482713
1,b4aa423ce46f537f,2026-08-01,0,5,0.02947194
1,b4c494fa8cc1ec21,2026-08-01,1,2,0.07519776
1,b4c4ce65c8375639,2026-08-01,0,5,0.066362806
1,b4c6137f204dced5,2026-08-01,0,1,0.37888944
1,b4fe89b27de42f4c,2026-08-01,0,3,0.030909002
1,b502bc605e24cbe6,2026-08-01,0,3,0.039813004
1,b512c6b18b63a379,2026-08-01,0,1,0.06424058
1,b522e9c818d5a4a8,2026-08-01,0,4,0.08475197
1,b559f82fff501dad,2026-08-01,0,1,0.037195638
1,b58006cdced2e65b,2026-08-01,0,1,0.06369381
1,b586c17121712fbe,2026-08-01,0,4,0.11681792
1,b592d82de4fff6e8,2026-08-01,0,2,0.04183139
1,b59c03ae91784e40,2026-08-01,0,4,0.50966674
1,b5db34eb43bc6a0a,2026-08-01,0,3,0.056605157
1,b5e1ebc1a8493a30,2026-08-01,0,3,0.111193575
1,b6012d5f0cd2cd07,2026-08-01,0,1,0.04757078
1,b632f0c5687e3fa4,2026-08-01,0,4,0.049297404
1,b64ee3906a40ed38,2026-08-01,0,2,0.20707884
1,b6caec537c045357,2026-08-01,0,5,0.14156707
1,b6cba43185b290d7,2026-08-01,0,5,0.038385306
1,b6de6beca89ad4bf,2026-08-01,0,4,0.038629025
1,b704ad852c1ef560,2026-08-01,0,2,0.06399064
1,b71857c7460511fc,2026-08-01,0,3,0.051377293
1,b729e6131370eda2,2026-08-01,0,3,0.051455244
1,b74c70067f035992,2026-08-01,0,1,0.07067185
1,b764a026727da601,2026-08-01,0,3,0.03157151
1,b7821f97e92a9314,2026-08-01,0,1,0.023509694
1,b78d61020ca73d67,2026-08-01,1,4,0.030067299
1,b798ecf6f6a46858,2026-08-01,0,5,0.049892265
1,b7b14e6bb93679de,2026-08-01,0,2,0.03869069
1,b7d237409b6232e4,2026-08-01,0,2,0.051024165
1,b7d24c0fd40b1aad,2026-08-01,0,5,0.058514114
1,b7f4c1e5e769b557,2026-08-01,0,5,0.11926404
1,b8217f34852f5ef1,2026-08-01,0,3,0.36524072
1,b83c39fdc8880c79,2026-08-01,0,3,0.03195616
1,b83c427d8972cc24,2026-08-01,0,3,0.08494232
1,b85088286e39cf28,2026-08-01,0,2,0.034445755
1,b85ea9577057b66e,2026-08-01,0,4,0.03525217
1,b882fa3eb31622e8,2026-08-01,0,1,0.0469986
1,b8839d87e53b3b31,2026-08-01,0,4,0.035180394
1,b887113208491020,2026-08-01,0,5,0.057063404
1,b8acc33fa7fe55f7,2026-08-01,0,1,0.029852537
1,b8b5dc4a79d12956,2026-08-01,0,3,0.04720367
1,b8f14d108ed0b4a5,2026-08-01,0,3,0.184589
1,b8fc81201a24aac3,2026-08-01,0,1,0.05193637
1,b9011acecbf0ba1d,2026-08-01,0,5,0.07092514
1,b93dfd6cb3dce9b7,2026-08-01,0,2,0.062772095
1,b942d676f19c68dc,2026-08-01,0,1,0.053121105
1,b9495f3bcaa70c85,2026-08-01,0,5,0.12036803
1,b95552bdbd56b264,2026-08-01,0,5,0.19486095
1,b96c210377bd0153,2026-08-01,0,1,0.033906274
1,b987a1b1cf78d982,2026-08-01,0,5,0.03616534
1,b9913bd267448577,2026-08-01,0,2,0.053024616
1,b99911c339c2cfd1,2026-08-01,0,5,0.077229306
1,b9ae8badd0de5ac8,2026-08-01,0,5,0.32600006
1,b9c4db5469c6938b,2026-08-01,0,3,0.034025174
1,b9c9f365f35f12f2,2026-08-01,0,3,0.43105504
1,b9d04710867a0a26,2026-08-01,0,3,0.100718774
1,ba2aafa60fe269de,2026-08-01,0,5,0.038118314
1,ba854a49ba5f1049,2026-08-01,0,3,0.052602842
1,baa903bd2b23180f,2026-08-01,0,5,0.034915134
1,bac4ce5d4e5d1254,2026-08-01,0,1,0.05453571
1,bb3b3e4da86d9ce9,2026-08-01,1,4,0.49900433
1,bb51932263091cf1,2026-08-01,0,5,0.05194303
1,bb582ef0734a240e,2026-08-01,0,5,0.056855142
1,bb64b361e25d2efc,2026-08-01,0,2,0.47528732
1,bba29cbd14a232ba,2026-08-01,0,1,0.055967275
1,bbbe211d55c382cf,2026-08-01,0,5,0.059937295
1,bbc15df409934f9c,2026-08-01,0,1,0.03895276
1,bc05071c7d551c88,2026-08-01,0,2,0.057019547
1,bc10e7c31515303a,2026-08-01,0,5,0.04848872
1,bc11c9c8a360e3e5,2026-08-01,0,1,0.031122558
1,bc123b47a9812521,2026-08-01,0,2,0.27727297
1,bc2b78c83c980683,2026-08-01,0,2,0.03885646
1,bc63ae2620d14097,2026-08-01,0,3,0.05298158
1,bc7a5e07003fd6c6,2026-08-01,0,1,0.05765559
1,bca162e1ab03cab1,2026-08-01,0,4,0.069334276
1,bcbce90fd0c5d320,2026-08-01,0,1,0.0316288
1,bcd3179b3b2119b0,2026-08-01,0,2,0.044304922
1,bce1c2de2a20e577,2026-08-01,0,2,0.053564716
1,bce9075a2fad1eb8,2026-08-01,0,3,0.090807155
1,bd196317153291a1,2026-08-01,0,5,0.032261457
1,bd23a20d18231a2e,2026-08-01,0,5,0.08325468
1,bd3457b2b94a8001,2026-08-01,0,3,0.038428362
1,bd5de28b7c9cd420,2026-08-01,0,2,0.05650265
1,bd5df7b0046cc5ec,2026-08-01,1,3,0.08338694
1,bd6c98e2003aa1d5,2026-08-01,0,5,0.036249056
1,bd8a65cf39a1df31,2026-08-01,0,2,0.22893131
1,bdb9b20a25c45de9,2026-08-01,0,4,0.5373589
1,bdfbf63836c78a7d,2026-08-01,0,3,0.11605461
1,bdfd60e7e5e1d078,2026-08-01,0,4,0.0469369
1,be0a3c48b3d08449,2026-08-01,1,1,0.09525535
1,be21179674ba408c,2026-08-01,0,1,0.054847494
1,be5ea4266b812d7b,2026-08-01,0,5,0.035519518
1,be6fdd727e8f8bf5,2026-08-01,0,4,0.04220795
1,bf0901594f774e47,2026-08-01,0,4,0.049609367
1,bf3fd9abf87f94af,2026-08-01,0,3,0.08765101
1,bf5fd2f9379a7922,2026-08-01,0,2,0.03948971
1,bf6f843f4e16fbbd,2026-08-01,0,1,0.19056153
1,bf98440ac630651d,2026-08-01,1,1,0.266193
1,bfbc2172b7fa34a6,2026-08-01,0,5,0.14203596
1,bfdada2f9f6aeb00,2026-08-01,1,1,0.22028257
1,bfdcdc2960ad08e4,2026-08-01,0,1,0.1388741
1,c00a44d7b8453316,2026-08-01,0,4,0.026511732
1,c01d85beeb988b2b,2026-08-01,0,3,0.038389042
1,c01e9bdf9cc45d47,2026-08-01,0,3,0.03676374
1,c0572d9e1d565d33,2026-08-01,0,2,0.07989932
1,c072188ff3fa6f64,2026-08-01,0,5,0.031913854
1,c080ef772c4f7911,2026-08-01,0,3,0.046895616
1,c09060ea114eb669,2026-08-01,0,1,0.11659485
1,c0ac49f2d7e1b18c,2026-08-01,0,4,0.18071991
1,c169bbc80bb9e4d0,2026-08-01,0,1,0.09114318
1,c1a3c75263da6e65,2026-08-01,0,4,0.07853089
1,c1c9bd4ccfe723db,2026-08-01,0,1,0.2974651
1,c1fac1d88abf4a42,2026-08-01,0,1,0.031187454
1,c1fd059437476af7,2026-08-01,0,2,0.08602456
1,c20fd1a8bc606152,2026-08-01,0,5,0.057878725
1,c2309ead44f6eaab,2026-08-01,0,3,0.0409658
1,c23f74ac886c4e52,2026-08-01,0,1,0.030417694
1,c271667e02e6ea4c,2026-08-01,0,1,0.04175186
1,c2726ae2a49c93b0,2026-08-01,0,3,0.06098272
1,c2a232420347b3a4,2026-08-01,0,1,0.13702199
1,c2ef48d9542b8ed8,2026-08-01,0,3,0.19943573
1,c2f6a17d8d165dff,2026-08-01,0,4,0.049582854
1,c33948fedf2617ac,2026-08-01,0,1,0.052415293
1,c38756583e63376e,2026-08-01,0,5,0.04478963
1,c3891762a049ef7f,2026-08-01,0,3,0.21850969
1,c3a50ed5d7a7edd2,2026-08-01,0,5,0.16424187
1,c3cb16f5360d26dc,2026-08-01,0,2,0.054456856
1,c3f03d4b2ef18726,2026-08-01,0,2,0.040699273
1,c422171f2df1c0ff,2026-08-01,0,4,0.48758492
1,c463acae7306e394,2026-08-01,0,4,0.044571973
1,c4661df5736980fe,2026-08-01,0,3,0.039490514
1,c46ec04410ca9de0,2026-08-01,0,4,0.04272244
1,c48ced7f90c17af1,2026-08-01,0,4,0.06986748
1,c49b514b151b8347,2026-08-01,0,2,0.043048196
1,c4a31482c9986ae9,2026-08-01,0,1,0.056208387
1,c4c0fbdcfeb5338e,2026-08-01,0,4,0.080430925
1,c51e07de6fc6688b,2026-08-01,0,1,0.44825035
1,c5238e5e241446ec,2026-08-01,0,1,0.05425434
1,c538cd389c5e2a29,2026-08-01,1,5,0.11227587
1,c55d2f9962f1a374,2026-08-01,1,1,0.17414771
1,c58a2c4e53a129e0,2026-08-01,0,4,0.0479172
1,c5a6ebf4cca1a8ad,2026-08-01,0,3,0.044577893
1,c5db51502cbba520,2026-08-01,0,5,0.05977206
1,c5e50afb9a058960,2026-08-01,0,2,0.116043866
1,c608006b6a20f757,2026-08-01,0,1,0.060369022
1,c66101bb73460d6a,2026-08-01,0,2,0.100027375
1,c68ac5112f37d3af,2026-08-01,0,3,0.041836474
1,c6989023dc26b991,2026-08-01,0,3,0.032446627
1,c6c399a03d66147d,2026-08-01,0,4,0.11629576
1,c6d5f0bab0a66049,2026-08-01,0,3,0.04187055
1,c6da4d39fb4c2866,2026-08-01,0,4,0.054443717
1,c717626607e3881d,2026-08-01,0,2,0.19421789
1,c73927d61fe3201e,2026-08-01,0,1,0.43373802
1,c7413a6b24a3fcd6,2026-08-01,0,4,0.08865603
1,c759fcc0c42cf19d,2026-08-01,0,3,0.24721041
1,c7cb32332b1cc3d7,2026-08-01,0,2,0.04584023
1,c7d4106818ba3fdd,2026-08-01,0,2,0.06716413
1,c7f11972b31a7db4,2026-08-01,0,5,0.065740965
1,c7f413a1c0a176d3,2026-08-01,0,4,0.4466253
1,c7f4c0ee3f24ac45,2026-08-01,0,4,0.14927386
1,c830365a4bf41e71,2026-08-01,0,4,0.034665436
1,c8390ee84ab4a18c,2026-08-01,0,3,0.07870187
1,c86606c4192c59c8,2026-08-01,0,5,0.049097084
1,c890fe83da509848,2026-08-01,0,4,0.5420454
1,c8ab49843cc80c89,2026-08-01,0,5,0.038514536
1,c8bfb56cb52f09c9,2026-08-01,0,2,0.37454897
1,c8ce13bccb46763b,2026-08-01,0,1,0.035542443
1,c8d54305e368f615,2026-08-01,0,5,0.051965553
1,c8ec02d408815928,2026-08-01,0,4,0.071892716
1,c9057cfc8da02665,2026-08-01,0,2,0.04291323
1,c90fde2b9e8c8d9c,2026-08-01,0,4,0.26948372
1,c919215c6894e379,2026-08-01,0,4,0.052889153
1,c92298705906cfc8,2026-08-01,0,5,0.18878357
1,c96508e16f8ae2d2,2026-08-01,0,5,0.046872802
1,c972123b0d5b6deb,2026-08-01,0,4,0.042016897
1,c986fd3ba8674b61,2026-08-01,0,4,0.038329013
1,c9c96d1585c746eb,2026-08-01,0,2,0.047828123
1,c9d7d15accf1945f,2026-08-01,0,4,0.1102608
1,c9e86c112cd2602f,2026-08-01,0,3,0.11662969
1,ca114f61884f99b0,2026-08-01,0,2,0.08645808
1,ca776813eff0ab6b,2026-08-01,0,3,0.03665116
1,ca7e153a8d056ad7,2026-08-01,0,1,0.026948879
1,ca92287c9fbcbbca,2026-08-01,0,3,0.035501715
1,cab55d37f6fffe94,2026-08-01,0,3,0.04122203
1,cadc4e8606e270f9,2026-08-01,0,3,0.043288667
1,caf41dbd03ce1b1e,2026-08-01,1,4,0.35295078
1,cb2be170ad1f4685,2026-08-01,0,1,0.06511733
1,cb362373b2765e5a,2026-08-01,0,1,0.027196696
1,cb52703a5fab01d9,2026-08-01,0,2,0.037360065
1,cb7e96408c8a5547,2026-08-01,0,3,0.049479794
1,cc05e3096f38d1f3,2026-08-01,1,2,0.3311923
1,cc08fce7aa815bde,2026-08-01,0,3,0.16232876
1,cc1abff0600ffe74,2026-08-01,0,2,0.0547116
1,cc30e07f398c4d33,2026-08-01,0,4,0.13924523
1,cc39e7496f2385ed,2026-08-01,0,3,0.07240476
1,cc422a704b429a4d,2026-08-01,0,1,0.044151977
1,cc531959d3a560bf,2026-08-01,0,2,0.030094761
1,cc5bfe5771ab0438,2026-08-01,0,5,0.082388185
1,cc87f49f7bea0cf8,2026-08-01,0,4,0.29768175
1,cc99731019ad6222,2026-08-01,0,4,0.04632093
1,ccbafe423c890425,2026-08-01,0,1,0.116863996
1,ccf122b90c946601,2026-08-01,0,1,0.09246918
1,ccf81b792d03aa74,2026-08-01,1,1,0.065130636
1,cd28802367bdd102,2026-08-01,1,4,0.15367316
1,cd293585fffb3fa2,2026-08-01,0,1,0.051250085
1,cdc2a9178da794d4,2026-08-01,0,1,0.1684173
1,cdcfb07b29668399,2026-08-01,0,3,0.03280049
1,ce0aae917c0034d4,2026-08-01,0,1,0.07212088
1,ce45fdb857219890,2026-08-01,0,1,0.055901885
1,cea43fde2414f2c9,2026-08-01,0,4,0.33535025
1,cec456192ea7e68f,2026-08-01,0,2,0.115557715
1,cee09772487d661e,2026-08-01,0,1,0.0398703
1,cefe75b9b49cd6e4,2026-08-01,0,1,0.2808025
1,cf0af82c44db3deb,2026-08-01,0,5,0.32953352
1,cf2c9d14a4610a7b,2026-08-01,1,1,0.11363645
1,cf33f49ee26b9e7e,2026-08-01,0,5,0.032478753
1,cf4189d3c7ca9795,2026-08-01,0,2,0.08062945
1,cf4a7e54ac42e9a4,2026-08-01,1,2,0.041898284
1,cf4cf4cb085f600a,2026-08-01,0,2,0.33126286
1,cf5aaa4a6f840b34,2026-08-01,0,4,0.032571703
1,cf5b9584e02af53c,2026-08-01,0,4,0.33898917
1,cf62602e3138fa37,2026-08-01,0,3,0.04518991
1,cf702f2474561631,2026-08-01,1,1,0.10175477
1,cfd04e3c9745caaf,2026-08-01,1,3,0.37957674
1,d011375f62b08a33,2026-08-01,0,5,0.1214752
1,d0198067144fc0aa,2026-08-01,1,2,0.42697373
1,d01b1ad51cb2b94d,2026-08-01,0,5,0.063264325
1,d02d00079c6cbe6c,2026-08-01,0,2,0.110626824
1,d0317d612e0b6bb7,2026-08-01,0,3,0.10665456
1,d04774919910fb71,2026-08-01,0,2,0.048713826
1,d0d2df123e6865e5,2026-08-01,0,1,0.06772742
1,d115627da6ee7d4c,2026-08-01,0,2,0.06652178
1,d1878c8f2893f5e9,2026-08-01,0,5,0.06498637
1,d199cacbc3d48721,2026-08-01,0,5,0.06137522
1,d19ff384f4271f9a,2026-08-01,0,3,0.051822335
1,d2039b573e2740a3,2026-08-01,0,2,0.05344617
1,d206fc780f6b5d98,2026-08-01,0,4,0.06693014
1,d20c55db7af1f7ea,2026-08-01,0,2,0.09947314
1,d25f9d02ce068f49,2026-08-01,0,2,0.040712476
1,d261ff77483e5447,2026-08-01,1,4,0.03385465
1,d273628fda749e4b,2026-08-01,0,4,0.040023666
1,d27941e3acc051a4,2026-08-01,0,3,0.055947077
1,d284fec797ae50fa,2026-08-01,1,5,0.17391774
1,d2d1287aa722b0aa,2026-08-01,0,5,0.051959142
1,d2dd18c3bc9879e7,2026-08-01,0,2,0.048145063
1,d2ecff99f55e7de9,2026-08-01,0,2,0.036651723
1,d3337acdd364ff30,2026-08-01,0,5,0.030286312
1,d3402ae7be353b92,2026-08-01,0,2,0.05535967
1,d34b8d8c01c882cd,2026-08-01,0,5,0.06274395
1,d362e0b8a73ed907,2026-08-01,0,4,0.05188023
1,d396f482d642f6eb,2026-08-01,0,5,0.100193605
1,d3d39fa068935066,2026-08-01,0,2,0.05506534
1,d3f87180b28cf534,2026-08-01,0,5,0.031092983
1,d418e71365d212ba,2026-08-01,0,5,0.021784464
1,d450303222bb5890,2026-08-01,0,1,0.030746866
1,d45b76ad6c6585d8,2026-08-01,0,4,0.041511677
1,d46337e27d5ede5b,2026-08-01,0,1,0.045793116
1,d486842865d88aca,2026-08-01,0,3,0.21279028
1,d48cc081d9165a17,2026-08-01,1,5,0.2951825
1,d4a9e7858e3c4d3a,2026-08-01,0,4,0.12739184
1,d4aa9b14a7c1ac87,2026-08-01,1,1,0.12534507
1,d4ce5407b901a76a,2026-08-01,0,4,0.054702904
1,d4d5e481cb5c39a2,2026-08-01,0,5,0.12073043
1,d501f1912a693e3c,2026-08-01,0,2,0.20005521
1,d56b9b44ae1c9e47,2026-08-01,0,3,0.06104186
1,d5aeff8c7dab7828,2026-08-01,0,2,0.04371646
1,d5bf7911081e4480,2026-08-01,0,3,0.056009892
1,d5c227389acff9ba,2026-08-01,0,3,0.03447919
1,d5c4acda6e620e63,2026-08-01,0,1,0.042632405
1,d5d6211e2f8ccb27,2026-08-01,1,2,0.07236685
1,d5d7800f710e693e,2026-08-01,0,1,0.061541006
1,d5df08fd24f53b40,2026-08-01,0,1,0.06115852
1,d5ffa20bd6f6dec7,2026-08-01,0,1,0.038406193
1,d6185b90b2c1314a,2026-08-01,0,3,0.27616525
1,d618bc2e4152a6de,2026-08-01,0,5,0.27547836
1,d61a572c30e6ac81,2026-08-01,0,2,0.05357264
1,d65095e1a64b3101,2026-08-01,0,3,0.031745356
1,d66a668d3f26f646,2026-08-01,1,3,0.06595101
1,d6745b4f5c3d41d9,2026-08-01,0,3,0.2509849
1,d67a0ae56ddaf8eb,2026-08-01,0,5,0.03602598
1,d67bfde12335830b,2026-08-01,0,1,0.07047251
1,d693c7dd1d89d395,2026-08-01,0,3,0.032814868
1,d69b2fd8dee9e306,2026-08-01,0,2,0.039673097
1,d6b694050c305fd5,2026-08-01,0,4,0.045728713
1,d72523af18665d22,2026-08-01,0,1,0.034799576
1,d725afca801f200d,2026-08-01,0,3,0.1082647
1,d75a7d81d8a506ed,2026-08-01,0,4,0.070541695
1,d760caf6147f307f,2026-08-01,0,1,0.1500254
1,d786e223d64c3948,2026-08-01,0,2,0.07577223
1,d78e0043fcd38985,2026-08-01,0,1,0.04875274
1,d7a4be7953276a46,2026-08-01,0,2,0.09570392
1,d7b6db7353431a4c,2026-08-01,1,1,0.059694566
1,d8308a2fb2d9155d,2026-08-01,0,3,0.037921406
1,d8325b27e6a99854,2026-08-01,0,3,0.29760143
1,d87d4ec86044f014,2026-08-01,0,2,0.20397374
1,d8ed4a6428da917b,2026-08-01,0,1,0.03933445
1,d8fb875ad9e2860e,2026-08-01,0,2,0.08330653
1,d8fe81b7b0ff7676,2026-08-01,0,1,0.08994283
1,d94531f8d1d06465,2026-08-01,0,1,0.062274482
1,d9475431a6060929,2026-08-01,0,1,0.03998063
1,d97a5bee8f144024,2026-08-01,0,5,0.12321463
1,d9ca9d7d56421473,2026-08-01,0,4,0.26048717
1,d9e5061bdc4705ff,2026-08-01,0,5,0.110957086
1,da246847e563550b,2026-08-01,0,5,0.21476737
1,da6fc3d272eb47f6,2026-08-01,0,1,0.043177396
1,daa18473378411d4,2026-08-01,0,1,0.03853998
1,dad1b43cce986116,2026-08-01,0,5,0.055435874
1,dae4d59b2029abeb,2026-08-01,0,5,0.06060624
1,db0b0ad833f55d59,2026-08-01,0,5,0.03193813
1,db2a16c3d63f096d,2026-08-01,0,4,0.20505075
1,db710c98e6fdcfac,2026-08-01,0,4,0.05093696
1,dbc8729f3899b2a7,2026-08-01,0,3,0.036852937
1,dbe9130968332ed7,2026-08-01,0,3,0.13139617
1,dc05e698c65977ab,2026-08-01,0,5,0.12242831
1,dc3c9246face90d4,2026-08-01,0,2,0.07353292
1,dc5c27cc00046246,2026-08-01,0,1,0.12343246
1,dc6c97c77992dab7,2026-08-01,1,4,0.2462929
1,dc8cd6a19101c19a,2026-08-01,0,3,0.062444825
1,dcb469a86b55b269,2026-08-01,0,2,0.07627371
1,dcb7486be3fedcc4,2026-08-01,0,2,0.09136993
1,dcdc1564795a8c33,2026-08-01,0,1,0.1041288
1,dd3999a51011fee6,2026-08-01,0,1,0.09243531
1,dd4237addbc9829d,2026-08-01,0,1,0.07480053
1,dd4303f7f1c2666e,2026-08-01,0,1,0.28651956
1,dd4746e4da4d79a2,2026-08-01,0,1,0.03858312
1,dd5b6cccecbd0c84,2026-08-01,0,2,0.11305676
1,ddb0b4062cc693dc,2026-08-01,0,4,0.105229504
1,ddc290fd4f8fbbbf,2026-08-01,1,5,0.060552288
1,ddd6a9c790fbda63,2026-08-01,0,4,0.02393763
1,dde5406d215fa56b,2026-08-01,0,1,0.07938617
1,ddf08f5f9aa011f0,2026-08-01,0,4,0.04054107
1,de0ed6abddd62ff7,2026-08-01,0,5,0.08906461
1,de1d77615f65d492,2026-08-01,0,1,0.03999566
1,deca03a5cd70a100,2026-08-01,0,4,0.1268547
1,ded3f53fbc641263,2026-08-01,0,1,0.031085424
1,df31ef4cac9779d2,2026-08-01,0,3,0.08286461
1,df5d337949dc5587,2026-08-01,0,5,0.030047566
1,df65daccb946ead4,2026-08-01,0,3,0.03893903
1,df997b3d82550b02,2026-08-01,0,3,0.04526463
1,dfd60195a4270dd3,2026-08-01,0,5,0.08104959
1,e051e198573fb288,2026-08-01,1,5,0.21642742
1,e0846d5ff28b7cb9,2026-08-01,0,3,0.030438418
1,e08a5c1a115619df,2026-08-01,0,1,0.2545393
1,e0a61d56f21f288e,2026-08-01,0,5,0.17122732
1,e0aad93bacb17e9b,2026-08-01,0,4,0.14568092
1,e0afa4c4a54371ae,2026-08-01,0,5,0.050235685
1,e0db39778751839b,2026-08-01,0,5,0.038923576
1,e14a67da281bd0d1,2026-08-01,0,5,0.038639925
1,e1503acfa140750e,2026-08-01,1,1,0.31361288
1,e184f33acce20795,2026-08-01,0,2,0.079795785
1,e1b28e59732f7298,2026-08-01,0,4,0.4574459
1,e1c38c5a73331b61,2026-08-01,0,3,0.037447892
1,e20eb8a8a45e3567,2026-08-01,0,3,0.05370484
1,e2250433eb4fb065,2026-08-01,0,4,0.040811516
1,e2328a14ae60dd7b,2026-08-01,0,4,0.030302722
1,e2591b9b78c2c7a3,2026-08-01,0,1,0.41979522
1,e294429ec0897675,2026-08-01,0,3,0.03406907
1,e29cf5fdb787993d,2026-08-01,0,3,0.11026829
1,e2a899dba1ddb40e,2026-08-01,0,5,0.04366448
1,e2d6d2a19e66e5b8,2026-08-01,0,5,0.090659335
1,e2f7c158d3c129e8,2026-08-01,0,5,0.06612166
1,e32bd40fdb4aa310,2026-08-01,0,3,0.049347878
1,e353bdf65264b355,2026-08-01,0,2,0.09051846
1,e3d1c81443563acc,2026-08-01,1,2,0.27643785
1,e3d2a4acd01f263c,2026-08-01,0,4,0.06962301
1,e44e21b9cc4dff41,2026-08-01,0,4,0.042761054
1,e459a9301f7b70ba,2026-08-01,0,5,0.028872332
1,e4879e31e14cb5fb,2026-08-01,0,4,0.46050808
1,e49129e21c77fd46,2026-08-01,0,2,0.049651287
1,e498493be4f17f34,2026-08-01,0,1,0.03545292
1,e4b51923a1b47c0a,2026-08-01,0,1,0.28030184
1,e503ed11068b5bd9,2026-08-01,0,1,0.03559803
1,e50c9e1d7c7a7907,2026-08-01,0,4,0.13987394
1,e558403e6d92d041,2026-08-01,0,4,0.0699388
1,e572f3510a596af7,2026-08-01,0,4,0.06497658
1,e577e27165d635fb,2026-08-01,0,3,0.049073502
1,e5a010a5499ca812,2026-08-01,1,3,0.26700497
1,e5c2c89687e05f9f,2026-08-01,0,2,0.039675515
1,e5cbac12521b1e91,2026-08-01,0,1,0.05107713
1,e5cff73047505cf4,2026-08-01,0,1,0.0436709
1,e6157809bddcb784,2026-08-01,0,4,0.043291707
1,e62393feea51d278,2026-08-01,0,1,0.03161857
1,e63570b20d5b06ab,2026-08-01,0,2,0.066429146
1,e644dabbfb514b20,2026-08-01,0,4,0.0940141
1,e662fa7269787744,2026-08-01,0,1,0.049575202
1,e66bc4c0063398d6,2026-08-01,0,1,0.030664422
1,e6a3b82aa08fd92e,2026-08-01,0,1,0.046503913
1,e6b46f9a1393a80b,2026-08-01,0,5,0.034071814
1,e6bcd2fbd02bc44d,2026-08-01,0,4,0.031863745
1,e6d8b969ec7db4c2,2026-08-01,0,1,0.06087454
1,e6f0312a5be8934d,2026-08-01,0,5,0.061571375
1,e7040f2379570d2f,2026-08-01,0,5,0.11164946
1,e722d4d3b888d6b6,2026-08-01,0,2,0.05737264
1,e73f5e63e6f82cf6,2026-08-01,0,1,0.114301644
1,e74a8d65f35557f3,2026-08-01,1,1,0.23615688
1,e768c2d17b54f989,2026-08-01,0,1,0.091649786
1,e77ab18e41344604,2026-08-01,0,5,0.0712802
1,e77d2078eddc324a,2026-08-01,0,4,0.46197817
1,e78713670bbd6e07,2026-08-01,0,2,0.08171843
1,e7b0a9a4d8b9f60c,2026-08-01,0,3,0.054233264
1,e7b157a06d48e0fe,2026-08-01,1,3,0.117965356
1,e80edefa4af3e020,2026-08-01,1,2,0.07582239
1,e828b5a5e78c6ee9,2026-08-01,1,3,0.027505675
1,e83d8c3a9e3274ae,2026-08-01,0,4,0.19682942
1,e8445a457d6384f7,2026-08-01,0,2,0.049954485
1,e84f21493e6a6c0e,2026-08-01,0,2,0.18190062
1,e8527a75164cb0dd,2026-08-01,0,1,0.050796125
1,e852f7ae9107753f,2026-08-01,0,3,0.048300613
1,e860df3f39c07213,2026-08-01,0,5,0.09602932
1,e8661cae5e38dc25,2026-08-01,0,5,0.117077805
1,e86750d32f49c25b,2026-08-01,0,2,0.037328355
1,e8831a3f7de2cd01,2026-08-01,0,4,0.066178426
1,e88b25ab79960bd1,2026-08-01,0,1,0.111887716
1,e88fa590f631281d,2026-08-01,0,5,0.03520645
1,e891619326483caa,2026-08-01,0,1,0.09809385
1,e89b390c17624769,2026-08-01,0,4,0.03852969
1,e8b6998e7d04f7a2,2026-08-01,0,5,0.05853734
1,e8c8f0eadf407efe,2026-08-01,0,2,0.046501406
1,e8f4674f7295b251,2026-08-01,0,3,0.03226687
1,e9098e5b6236f83c,2026-08-01,0,4,0.046072207
1,e90c1f9a313d0a32,2026-08-01,0,2,0.052696332
1,e9103ee57b0445ba,2026-08-01,0,5,0.08037287
1,e920a60425b216a6,2026-08-01,0,4,0.076613575
1,e92224e3ace151fd,2026-08-01,0,2,0.03276454
1,e9268950f9edd1d2,2026-08-01,0,3,0.05267413
1,e9472a174084dc2f,2026-08-01,1,4,0.15344144
1,e94753c64db8acb4,2026-08-01,0,5,0.08103777
1,e95386416721b008,2026-08-01,0,5,0.051876403
1,e95c91ecb20b0f4f,2026-08-01,0,5,0.0415991
1,e969050ab70fa892,2026-08-01,1,5,0.092865035
1,e96ee26b72d2f4df,2026-08-01,1,1,0.09950345
1,e9ae24c6f8c291e4,2026-08-01,0,1,0.055860173
1,e9b530727fe6dced,2026-08-01,0,2,0.16742593
1,e9b8a1bf1ba36388,2026-08-01,0,5,0.032920904
1,e9c7fd554f9f252e,2026-08-01,1,5,0.39507985
1,ea6866c2cdb3010f,2026-08-01,0,3,0.053015254
1,ea6d656c84ecfb7f,2026-08-01,0,5,0.12218166
1,ea920c5209e3bfd9,2026-08-01,0,5,0.07023883
1,eaaa4b8919850cf0,2026-08-01,1,5,0.036861118
1,eab75b466c567cfc,2026-08-01,0,1,0.20413743
1,eaf4d70e76f27b15,2026-08-01,1,2,0.048168648
1,eb0cdb3b65b995b5,2026-08-01,0,1,0.037165336
1,eb0cf17c905af327,2026-08-01,0,2,0.04305325
1,eb1642be0a9f77d7,2026-08-01,0,1,0.037551757
1,eb51aeac88299e27,2026-08-01,0,3,0.038837288
1,eb55adfd9fd72d2a,2026-08-01,0,1,0.045792207
1,eb728394302ba694,2026-08-01,1,5,0.055076916
1,eb901ff450240add,2026-08-01,0,3,0.032372117
1,eb967f94c0dc9621,2026-08-01,0,5,0.047719628
1,eb9cdce8c0c56985,2026-08-01,1,3,0.16805845
1,ebba7d6e1580f078,2026-08-01,0,3,0.08587776
1,ebbefe8b74b07476,2026-08-01,0,3,0.051993076
1,ec3c0e65d48463e4,2026-08-01,0,3,0.043252848
1,ec46b8893d3b8476,2026-08-01,0,3,0.04133182
1,ec4c68d2b327f607,2026-08-01,0,1,0.12916952
1,ec5d16141138363c,2026-08-01,0,3,0.049827363
1,ec79941c8cf979ff,2026-08-01,0,1,0.051589176
1,ec884a6cf71305af,2026-08-01,0,3,0.06139613
1,ec8ed34481ba844d,2026-08-01,0,2,0.09698306
1,ec96f2790b633b13,2026-08-01,0,4,0.09339946
1,ecaebfc63c89d1a0,2026-08-01,0,3,0.115327515
1,ecb0d7aebc5d10b7,2026-08-01,0,3,0.06654889
1,eccf637814b32715,2026-08-01,0,5,0.49182975
1,ecd7467d34bc25c9,2026-08-01,0,5,0.053994846
1,ecda1fe7314b6738,2026-08-01,0,3,0.045175303
1,ecf89f7eab55c0c6,2026-08-01,1,2,0.36143622
1,ecffd172c7433f54,2026-08-01,0,2,0.065939
1,ed096e94069d2019,2026-08-01,0,1,0.20432514
1,ed198cf2c487d0fd,2026-08-01,0,5,0.038498286
1,ed5b80f32b725b22,2026-08-01,0,3,0.09249916
1,ed7da5abd3215f31,2026-08-01,0,4,0.123378165
1,ed843e1f9f09803d,2026-08-01,0,1,0.06764557
1,ed8a66c3b27cdefa,2026-08-01,0,5,0.08081224
1,ed992e6c7511faab,2026-08-01,0,5,0.1529794
1,eda45c524449cdcc,2026-08-01,0,4,0.09085557
1,eddd02b13f81b671,2026-08-01,0,5,0.09263512
1,edee5b42af91b5c1,2026-08-01,0,3,0.06435246
1,edfa1cb9a2eb0b3c,2026-08-01,0,1,0.12220616
1,edfb375ff9c10f42,2026-08-01,0,2,0.06319809
1,ee09b41e2c2a60cf,2026-08-01,0,3,0.038927857
1,ee412025b7175453,2026-08-01,0,5,0.04626693
1,ee547ca591844256,2026-08-01,0,5,0.08663916
1,ee636ffe49b6243c,2026-08-01,0,1,0.025387848
1,ee667c7a8ae98ba3,2026-08-01,0,4,0.028120937
1,ee6cebbc854aceab,2026-08-01,0,5,0.102469504
1,ee74d2e51e338424,2026-08-01,1,5,0.07278999
1,ee7e208e08eef1a8,2026-08-01,0,5,0.03045599
1,ee9add8f49fda233,2026-08-01,0,3,0.051232025
1,eeaf1a8f85a43f39,2026-08-01,0,3,0.037099376
1,eec460b3277f84c2,2026-08-01,0,4,0.044029243
1,eecb7004b9e6fc61,2026-08-01,1,5,0.4699107
1,eef6214f5223c906,2026-08-01,0,1,0.07857269
1,eef62725be6aab1c,2026-08-01,0,5,0.116881646
1,ef42c4c186a07403,2026-08-01,0,4,0.071055144
1,ef7294b4ab20431a,2026-08-01,0,5,0.38361537
1,ef82e4d86adf57e5,2026-08-01,0,2,0.062552795
1,ef94d05a457ff649,2026-08-01,0,3,0.075339876
1,efa16151bb458bbc,2026-08-01,0,3,0.09669611
1,efd0bf3088e9f130,2026-08-01,0,5,0.28254315
1,efe2e08b8f63c01a,2026-08-01,0,2,0.19195066
1,f007b70a385ac9bb,2026-08-01,0,3,0.069466986
1,f02df01c88da0648,2026-08-01,0,3,0.08143755
1,f06a23e75c25bc31,2026-08-01,0,1,0.032259233
1,f0819231a9718e2e,2026-08-01,0,4,0.063863456
1,f08aae18c0a2375e,2026-08-01,0,5,0.042094283
1,f09150fd796f7eed,2026-08-01,0,3,0.043086
1,f0e7c7159adde8b6,2026-08-01,0,2,0.068365335
1,f0fa00771714d0a2,2026-08-01,0,4,0.117179334
1,f10b172a6b3b986c,2026-08-01,0,5,0.09226273
1,f114ee248330c5ff,2026-08-01,0,5,0.12030154
1,f177800b365bfcf2,2026-08-01,0,4,0.042308137
1,f18bdb48834eebcd,2026-08-01,0,3,0.11056345
1,f19b015e0d5056fc,2026-08-01,1,3,0.05216859
1,f19cc8da6eeffd7e,2026-08-01,0,1,0.06306789
1,f1a5b2c7b08140b7,2026-08-01,0,5,0.046112332
1,f1dce9bd42f8dfef,2026-08-01,1,2,0.19240983
1,f1f83e540f21d612,2026-08-01,0,1,0.051478714
1,f1fee6056d87c231,2026-08-01,0,3,0.038001277
1,f219c41008dc2d8c,2026-08-01,0,5,0.04560081
1,f2299202d5ce31fc,2026-08-01,0,2,0.04729666
1,f247ae6522edde70,2026-08-01,0,2,0.036519527
1,f249b8c0be357b9a,2026-08-01,0,2,0.0696409
1,f2526d08c2017ed4,2026-08-01,0,1,0.049854238
1,f25a311824862d93,2026-08-01,0,3,0.0343463
1,f26ce0a6ffcd228a,2026-08-01,0,1,0.06325312
1,f2899fe8a4400d52,2026-08-01,0,1,0.07991701
1,f2aacf070cf48f31,2026-08-01,0,4,0.03314146
1,f2ae960050c92fc5,2026-08-01,0,2,0.11161913
1,f2c38d6de9f23887,2026-08-01,0,3,0.042871673
1,f2ca5cbe4bd7a7cf,2026-08-01,0,5,0.058557067
1,f2ed313f125ba591,2026-08-01,0,1,0.20076993
1,f2fb5fdf6b9a3228,2026-08-01,0,4,0.124585815
1,f30dbb4c4e6cbfb9,2026-08-01,1,2,0.5901956
1,f30e2a5634997d09,2026-08-01,0,2,0.05963375
1,f32c6fa9f846a9ff,2026-08-01,0,4,0.07679278
1,f33e6d308c4f57a2,2026-08-01,0,5,0.038074706
1,f344a9591febb54e,2026-08-01,0,4,0.117569864
1,f347d1a287833158,2026-08-01,0,2,0.05196017
1,f34cedaa94c40865,2026-08-01,0,5,0.05872589
1,f3895b59c5537971,2026-08-01,0,5,0.10129365
1,f38bbf1f7bade669,2026-08-01,0,4,0.1370547
1,f39aec30f987bbd8,2026-08-01,0,4,0.18326785
1,f3ad882635289bf9,2026-08-01,0,1,0.04548799
1,f3e13d361c49a1a6,2026-08-01,0,1,0.085748896
1,f3fa6dc55920c6d8,2026-08-01,0,4,0.09745594
1,f43d5cc1447721b3,2026-08-01,0,5,0.05874744
1,f44f0e468e1fb201,2026-08-01,0,2,0.045004208
1,f4513ef0776b2287,2026-08-01,0,5,0.043791667
1,f462b89f54416636,2026-08-01,0,5,0.09879443
1,f468b545e11fbe17,2026-08-01,0,5,0.3262596
1,f468cfaaaad8be5c,2026-08-01,0,3,0.0362675
1,f46a9542bd5872a4,2026-08-01,0,4,0.08031183
1,f4973aba0d111619,2026-08-01,0,4,0.13497385
1,f49a00543d3c121f,2026-08-01,0,5,0.04234202
1,f4cc43874bc7f8d0,2026-08-01,0,1,0.05383196
1,f4d1612879e2b0a2,2026-08-01,0,5,0.038010474
1,f4e498b4cd3cc5aa,2026-08-01,0,4,0.29253626
1,f532fa5618cfff04,2026-08-01,0,5,0.15236658
1,f53ef63481927b9f,2026-08-01,0,5,0.029946705
1,f550f6243310af59,2026-08-01,0,4,0.18280017
1,f5a419fbc297b27f,2026-08-01,0,1,0.028022142
1,f5c55b29afbf918e,2026-08-01,0,1,0.0631787
1,f5d34a67841c226e,2026-08-01,0,1,0.47030652
1,f5d839794f88a758,2026-08-01,0,4,0.045709345
1,f5f6ab6aaba0d9a6,2026-08-01,1,4,0.3628696
1,f65698e450cb4ca0,2026-08-01,0,4,0.2098881
1,f6617d384ce0a78c,2026-08-01,0,4,0.37615767
1,f6d4ba744b4e401c,2026-08-01,0,5,0.044537608
1,f6e747aed6ed86b7,2026-08-01,0,3,0.03910204
1,f6ffb5ff13b95d25,2026-08-01,0,2,0.051351443
1,f739e6d941b71039,2026-08-01,0,1,0.038780876
1,f749f6fcb6c1c4d0,2026-08-01,0,1,0.07656663
1,f7745142dac00497,2026-08-01,0,4,0.048489723
1,f774ec6b42626ffc,2026-08-01,0,5,0.068532
1,f781530f00b3fc08,2026-08-01,0,5,0.071869634
1,f788de6da2b3c6ac,2026-08-01,1,2,0.14363813
1,f79713013c3467e8,2026-08-01,0,1,0.058919013
1,f7bf4f89ede95d9a,2026-08-01,0,3,0.03786339
1,f7cc7434f047173b,2026-08-01,1,4,0.21125074
1,f7f37d87e1ce6677,2026-08-01,0,2,0.05150744
1,f7f40af0052b7624,2026-08-01,0,1,0.035367206
1,f804563aeeceec6a,2026-08-01,0,4,0.05994913
1,f8805881a2dcce84,2026-08-01,0,3,0.12745832
1,f899388182c5775f,2026-08-01,0,2,0.044957094
1,f8ce7f20de6ce119,2026-08-01,0,4,0.052373108
1,f8f16fbdc91073cc,2026-08-01,0,3,0.065431744
1,f909ed075cdb2e23,2026-08-01,0,4,0.1317485
1,f94090903540207e,2026-08-01,0,4,0.08930799
1,f948a622abcdcbce,2026-08-01,0,3,0.09963966
1,f948dc37255e210a,2026-08-01,1,2,0.16193633
1,f94da71ea1e60458,2026-08-01,0,2,0.049560085
1,f95bdbd77c17d43c,2026-08-01,0,5,0.03006571
1,f96a9126d8eb5f6f,2026-08-01,0,4,0.11684048
1,f9d6d7966cb12e5d,2026-08-01,0,3,0.076715514
1,f9dff8b9c688da4e,2026-08-01,0,4,0.10873225
1,fa1e726fceb48766,2026-08-01,0,4,0.11213033
1,fa229f2d59d14666,2026-08-01,1,1,0.31444559
1,fa27d7ab20683ffd,2026-08-01,0,1,0.18156767
1,fa297dec067313cd,2026-08-01,0,3,0.02824073
1,fa572f0bab6a7cf4,2026-08-01,0,4,0.11907677
1,fa5df91b8e38f46d,2026-08-01,0,2,0.04205509
1,fa713d0097f414b4,2026-08-01,0,5,0.054397207
1,fa73b3392da864c5,2026-08-01,0,4,0.11472414
1,fab13cfe233863aa,2026-08-01,0,3,0.11908475
1,facece5aafe30812,2026-08-01,0,5,0.05285347
1,fae43a976bbc62b1,2026-08-01,1,5,0.14856301
1,fb9ea8b81e23abb1,2026-08-01,0,4,0.03701545
1,fbba47e6c569662a,2026-08-01,0,5,0.0300451
1,fbe9e0862e9d9a51,2026-08-01,1,4,0.030570464
1,fc09af7859803639,2026-08-01,0,5,0.100647405
1,fc0b59455b8797ee,2026-08-01,0,3,0.04693866
1,fc240f5e92823fd1,2026-08-01,1,1,0.46489885
1,fc4d164faac09650,2026-08-01,0,3,0.03992292
1,fc52002a61c7b18e,2026-08-01,0,5,0.15848972
1,fc8fb72d30197032,2026-08-01,0,4,0.059170526
1,fca0c6e41a36ae23,2026-08-01,0,4,0.0892175
1,fcbdcd0cb70d1527,2026-08-01,0,4,0.028151639
1,fcbe6862f5afa070,2026-08-01,0,1,0.31409207
1,fcc1e51020e1c0d4,2026-08-01,0,3,0.055133946
1,fd0b988857b15810,2026-08-01,0,5,0.06405138
1,fd180ff352ea6c96,2026-08-01,0,3,0.041887455
1,fd22ac79c4d9c067,2026-08-01,0,4,0.21612711
1,fd9eaaefc34d4e42,2026-08-01,0,4,0.022996567
1,fdcf6de6aaeffca4,2026-08-01,0,5,0.03391683
1,fe0d3a9f745e719e,2026-08-01,1,5,0.13496125
1,fe14591f155c04e1,2026-08-01,0,1,0.081719026
1,fe9d9ecc76afae48,2026-08-01,0,2,0.10614974
1,fe9ef6d91f4c7239,2026-08-01,0,3,0.09942683
1,fed43b8585d2f65c,2026-08-01,0,1,0.19034065
1,fed7181527fd1083,2026-08-01,0,1,0.11203431
1,ff049ec490bae860,2026-08-01,0,1,0.07551078
1,ff2872c2806ec4c1,2026-08-01,0,1,0.102883905
1,ff3932caf8c93bfe,2026-08-01,0,4,0.07083051
1,ff61c2990bf611f3,2026-08-01,0,4,0.23319235
1,ffaf2027b41e8683,2026-08-01,0,4,0.410335
1,ffb16364f7a88e3e,2026-08-01,0,1,0.2012455
1,ffbbe2c379440bb5,2026-08-01,0,5,0.07121096
1,ffc6469c77a9add9,2026-08-01,0,4,0.07610692
1,ffcc0cea6eddc566,2026-08-01,0,5,0.049630366
1,ffe42f04e1ee30b1,2026-08-01,0,5,0.102818415
1,fff88b585d73ed85,2026-08-01,1,3,0.06377557
2,0002a4b30678c86c,2026-08-01,0,4,0.19805357
2,000d7ce5a1c27c09,2026-08-01,1,3,0.04216695
2,00900b9690e42d40,2026-08-01,0,4,0.03634984
2,00964a199f633eba,2026-08-01,0,1,0.037835155
2,00a8e3412ce8658a,2026-08-01,0,5,0.099295825
2,00b768d3a31e9edd,2026-08-01,0,1,0.047568165
2,00d0ff75258f6ab5,2026-08-01,0,3,0.048816778
2,0154f214ec1e0234,2026-08-01,0,1,0.060479995
2,015ec24809213361,2026-08-01,0,2,0.04071443
2,016fa3217fb63f3c,2026-08-01,0,3,0.059567276
2,017a01726ff661de,2026-08-01,0,1,0.23224959
2,017e09aa842713bd,2026-08-01,0,4,0.13464063
2,017f8acbc6eb8dfc,2026-08-01,0,4,0.11471465
2,0198fd92a4211300,2026-08-01,0,5,0.037762947
2,019da90f5db1db38,2026-08-01,0,3,0.0337584
2,01b84f93c362cb87,2026-08-01,1,4,0.16329025
2,01fc5059633603e3,2026-08-01,0,3,0.5096876
2,0231b1c875f38928,2026-08-01,0,4,0.065419585
2,0239c80903961bac,2026-08-01,0,2,0.1654909
2,027ef447afff809c,2026-08-01,1,4,0.076720916
2,02854b82255868af,2026-08-01,0,2,0.043621868
2,029e7c0d3cfae84a,2026-08-01,0,1,0.0910524
2,02cc1b17cacab96f,2026-08-01,0,1,0.08013034
2,02d6440f3637d4b7,2026-08-01,0,4,0.044157844
2,02ea077990ea05bc,2026-08-01,0,2,0.11136586
2,032ed824f14a1f42,2026-08-01,0,4,0.0486539
2,03e1b2bed3f7c3a2,2026-08-01,0,4,0.04945217
2,0420ad3f29aa17d5,2026-08-01,0,5,0.04195268
2,043dfd90c0c8f90b,2026-08-01,0,3,0.033841837
2,043f88fed5e3de70,2026-08-01,0,2,0.17586137
2,045a9ea2d4b98979,2026-08-01,0,1,0.45050603
2,048b19242532a8ef,2026-08-01,0,4,0.032484036
2,049414fd217ae4e7,2026-08-01,0,4,0.05905814
2,049c6abb45e3100d,2026-08-01,0,5,0.085450105
2,04c01c87efd84bd5,2026-08-01,0,2,0.057754163
2,04ca774af3b973a1,2026-08-01,0,3,0.18479851
2,04f2463f8f5e63ff,2026-08-01,0,1,0.047314133
2,0502d89ad9af3d3e,2026-08-01,0,1,0.03854819
2,052ed97c5c6b1903,2026-08-01,0,4,0.02635687
2,05329912e4b78e2f,2026-08-01,0,4,0.1294665
2,053b99f4891836dc,2026-08-01,0,3,0.09448888
2,054e290e8ba01b62,2026-08-01,0,3,0.068568274
2,058317d85a9759ea,2026-08-01,0,3,0.049284186
2,05a209cf30832c0a,2026-08-01,0,1,0.048689537
2,05a99b03e737960e,2026-08-01,1,4,0.09580607
2,05b2300056198125,2026-08-01,0,3,0.15969895
2,05f25bd4194fd072,2026-08-01,0,4,0.028446343
2,06a1bf25562f55ad,2026-08-01,0,2,0.04328217
2,06aa497c6c4d557d,2026-08-01,0,2,0.21649009
2,06cfc518ea4b0a6a,2026-08-01,0,2,0.3670139
2,07097b1c8d967b68,2026-08-01,0,1,0.03405196
2,074c76b3ce10e2ae,2026-08-01,0,2,0.04637224
2,075fe48f41e70c1d,2026-08-01,0,1,0.61677194
2,076d65d4efb07b58,2026-08-01,0,1,0.104725905
2,0773268ea06bbd91,2026-08-01,0,4,0.08850253
2,0775af0573a29c40,2026-08-01,0,2,0.03876632
2,07d491101e716df7,2026-08-01,0,3,0.10984082
2,080b89ed5f5bf22c,2026-08-01,0,5,0.1547301
2,084d0f777a1f785c,2026-08-01,0,3,0.31682855
2,0861f0681ba955e2,2026-08-01,0,1,0.037311196
2,0877e71ed4007265,2026-08-01,0,1,0.047781564
2,08a617c2b12eca56,2026-08-01,0,2,0.04723871
2,08bc9a27e8bd41b5,2026-08-01,0,5,0.26634917
2,09182652394dda54,2026-08-01,0,4,0.047784004
2,092d415e40b46459,2026-08-01,0,3,0.027451448
2,09777b912bacab6e,2026-08-01,0,1,0.048435442
2,0979bca963611532,2026-08-01,0,1,0.02696848
2,09a3a86bc1c1bf37,2026-08-01,0,4,0.05984867
2,09ba9c8ead565d8c,2026-08-01,0,1,0.050772056
2,0a150c40cebbe3ea,2026-08-01,0,2,0.07665422
2,0a5e0d9b2379f055,2026-08-01,1,3,0.13826112
2,0a92efcebf5f360d,2026-08-01,0,5,0.10019694
2,0ab13f1f80542de8,2026-08-01,0,2,0.069189206
2,0ab5ff8461a29d34,2026-08-01,1,2,0.12045642
2,0b0ead7f1c8fdc03,2026-08-01,0,2,0.11947708
2,0b1873e82d620c8d,2026-08-01,0,4,0.13809754
2,0b56af18b698a5b9,2026-08-01,0,1,0.05456659
2,0b59fa4f60145e09,2026-08-01,0,4,0.037606407
2,0b70b988a28ed100,2026-08-01,0,2,0.19300364
2,0ba123f36f5f48f8,2026-08-01,0,4,0.12960239
2,0bce901f9c25d883,2026-08-01,0,3,0.065818615
2,0bd7d4bfb6926ccc,2026-08-01,0,3,0.040462308
2,0bfe18f4534403d9,2026-08-01,1,5,0.51806694
2,0c38b175f6f90eb2,2026-08-01,0,5,0.1431689
2,0c3ba6683439e82e,2026-08-01,1,4,0.043046612
2,0c49c3f98fa31b28,2026-08-01,0,4,0.16156277
2,0c5669ac32865189,2026-08-01,0,2,0.21672773
2,0c77b36c4e1578cf,2026-08-01,0,2,0.22267649
2,0ca0e590d1f60c5e,2026-08-01,0,2,0.040804155
2,0ca62b7a96e42a23,2026-08-01,0,3,0.22928941
2,0cab3caa36076df1,2026-08-01,1,2,0.06309572
2,0cd91d89db3066bd,2026-08-01,0,1,0.04839088
2,0cd9cac24b1a17cf,2026-08-01,0,3,0.17821734
2,0cdb95d2cb5b0158,2026-08-01,0,5,0.05060835
2,0d1cc77b8e0bc886,2026-08-01,0,2,0.09874294
2,0d35651892d59131,2026-08-01,0,3,0.07188907
2,0d4a4db297e41309,2026-08-01,1,1,0.068098046
2,0d5d6c1e0965cbe9,2026-08-01,0,4,0.7604768
2,0d62ef2d1eb4974b,2026-08-01,0,2,0.046226747
2,0d7b711dc0fd5adc,2026-08-01,0,5,0.051798183
2,0d900ca5808ca1b4,2026-08-01,0,3,0.033826172
2,0da18d7a4f8f9b86,2026-08-01,0,2,0.06539851
2,0db22e1b4bcb9ed8,2026-08-01,0,4,0.51699626
2,0db562277469861d,2026-08-01,0,1,0.10618881
2,0dbab59467679d8a,2026-08-01,0,5,0.044699762
2,0e12991579b3b5bc,2026-08-01,0,5,0.052770015
2,0e302fb8b7fb75c8,2026-08-01,0,2,0.041010275
2,0e37af0b35527a5d,2026-08-01,0,1,0.03872388
2,0e4d0bcf9fc827e8,2026-08-01,1,1,0.489991
2,0e5fcc3824be0681,2026-08-01,0,4,0.07450961
2,0ec1081305055fc1,2026-08-01,0,2,0.06108162
2,0ec61d61d5ccba12,2026-08-01,0,5,0.034425117
2,0ed7a9d3a944a5d0,2026-08-01,0,2,0.042602804
2,0f19a41df5dd06b4,2026-08-01,0,1,0.08795841
2,0f2ac6a8b7c68217,2026-08-01,1,1,0.24991682
2,0f4b3e5cd407a96a,2026-08-01,0,3,0.05103272
2,0f4d7be2e277345c,2026-08-01,0,3,0.03210047
2,0f74615f3b8f66bd,2026-08-01,1,2,0.6370126
2,0f8d3bacb8cd3932,2026-08-01,0,3,0.10178537
2,0fb1d377c69365c6,2026-08-01,0,2,0.28804293
2,0fc5737097e75b95,2026-08-01,0,4,0.04266533
2,0fe067243f9eea71,2026-08-01,0,1,0.082157254
2,0fefd2ecf8a42402,2026-08-01,0,4,0.11866149
2,10354b33b91ddb36,2026-08-01,0,1,0.044900622
2,105255a8c395a228,2026-08-01,0,1,0.07956431
2,107e67fa67e88223,2026-08-01,0,1,0.059643924
2,10a06bf73f6bc148,2026-08-01,0,3,0.062139943
2,10cfdd9486a9ce71,2026-08-01,1,4,0.1380596
2,10d8ef2fffc6cec8,2026-08-01,0,2,0.110274576
2,114357692cf4d405,2026-08-01,0,2,0.07258117
2,11606a8bb109c34f,2026-08-01,0,2,0.0862609
2,1160fef4fa91b411,2026-08-01,0,1,0.08097776
2,1175ca19bed3865f,2026-08-01,0,2,0.12599492
2,119b4b777b95467c,2026-08-01,0,2,0.04579268
2,11a296bccba76cb2,2026-08-01,0,1,0.062460963
2,11aa64f4d683707d,2026-08-01,0,2,0.040046122
2,11be8240208f9c91,2026-08-01,0,5,0.028699819
2,11f4f1a0009e0803,2026-08-01,0,4,0.031064909
2,125027c777192160,2026-08-01,0,1,0.15996417
2,125e81a25e08995e,2026-08-01,0,4,0.046478115
2,12b39276ef97a6b5,2026-08-01,0,3,0.15047142
2,12cebc638baa140b,2026-08-01,1,4,0.0947668
2,12d1e319f3090d55,2026-08-01,0,2,0.14522205
2,12d30588b166d0cc,2026-08-01,0,2,0.2217012
2,12e90148e17e96eb,2026-08-01,0,2,0.25582218
2,1302ec146944c75d,2026-08-01,0,4,0.026334904
2,1314b302d386e88f,2026-08-01,0,2,0.086380824
2,133e6c378634ea4a,2026-08-01,0,3,0.049102414
2,13a9432a7ee9b044,2026-08-01,0,3,0.08653764
2,13b0ba266b47973e,2026-08-01,0,5,0.041372538
2,13c0fddbd7227b7c,2026-08-01,0,1,0.047487088
2,13d231ab677686ac,2026-08-01,0,2,0.06204937
2,13d2cbed862c4178,2026-08-01,0,4,0.2511286
2,13e21ea7511d9fed,2026-08-01,0,1,0.08885675
2,140292c9bba3050c,2026-08-01,0,3,0.039439313
2,1419bfee16fb3c97,2026-08-01,0,3,0.046017833
2,142e6e0e2a5c5f1f,2026-08-01,0,5,0.07006843
2,14333c905162064f,2026-08-01,0,2,0.09173976
2,1447018ba051d687,2026-08-01,0,1,0.04170184
2,1470b9ff96595f83,2026-08-01,0,4,0.053478163
2,14b6c45a574e8d90,2026-08-01,0,3,0.21253608
2,14c61c7773a2028d,2026-08-01,0,2,0.07789558
2,14c62956e76d2e4a,2026-08-01,0,4,0.039047953
2,14ebb1fa31aa4638,2026-08-01,0,1,0.038963713
2,14ee3ee125c66a82,2026-08-01,0,1,0.047793344
2,15049f5b0cfd5d2a,2026-08-01,0,3,0.06345654
2,1555ce399e3c4e04,2026-08-01,0,4,0.02477398
2,155e1390ce1f7afa,2026-08-01,0,1,0.053577602
2,155e65db796b7aae,2026-08-01,0,1,0.035944387
2,157ac6af440e2615,2026-08-01,0,3,0.07954617
2,1583e9f5a1e015b8,2026-08-01,0,3,0.107661925
2,158b679f3c60a81f,2026-08-01,0,5,0.07668546
2,1591f207075001b7,2026-08-01,1,4,0.040545292
2,15c14313ab27bcf8,2026-08-01,0,3,0.15795054
2,15cc9838e13b5a20,2026-08-01,0,5,0.040251438
2,15cfde4961709699,2026-08-01,0,2,0.102480955
2,1606bc0962679437,2026-08-01,1,1,0.2342741
2,1629fdc7b650b299,2026-08-01,0,5,0.041973695
2,164485913312cbb4,2026-08-01,0,3,0.032074455
2,164ca5dad6388a19,2026-08-01,0,4,0.07940842
2,167a35c32330108a,2026-08-01,0,2,0.25074044
2,167d37464242616a,2026-08-01,0,2,0.03533305
2,16e7217742f1d62b,2026-08-01,0,1,0.060363304
2,16f533fbf0be3229,2026-08-01,0,2,0.050262447
2,171b014ea5564c00,2026-08-01,0,3,0.09274747
2,171d2f08f0f4c138,2026-08-01,0,1,0.07102892
2,1722dee2d365a5e5,2026-08-01,0,2,0.048042335
2,173aa1fb672c8858,2026-08-01,0,5,0.039044168
2,174a94baa4018bd3,2026-08-01,0,3,0.052605618
2,17b65486e2cfe11f,2026-08-01,0,3,0.08006344
2,17be361fe63948a7,2026-08-01,0,5,0.06727617
2,18082c8d81db9ce2,2026-08-01,1,2,0.05100856
2,185470064f31f939,2026-08-01,0,5,0.06326414
2,1884a997e6bdff2a,2026-08-01,0,2,0.048784494
2,18a384a759adbbcf,2026-08-01,1,1,0.080516964
2,18a7a521b8b1d45a,2026-08-01,0,1,0.06777819
2,18c269644f368613,2026-08-01,1,1,0.12226576
2,18e46d169a9ce43c,2026-08-01,1,4,0.19983013
2,1919397a5f2f1053,2026-08-01,0,4,0.33205092
2,19419c609d468f7f,2026-08-01,0,3,0.033690207
2,194ea6c13a068908,2026-08-01,0,3,0.040837646
2,19629bd3b4ad5f3e,2026-08-01,0,2,0.08624183
2,199824b169a4f886,2026-08-01,0,4,0.27373776
2,19b5798b887aa905,2026-08-01,1,4,0.15493369
2,1a104e02db057e25,2026-08-01,0,2,0.05252501
2,1a8809f979f4db2f,2026-08-01,0,5,0.052862808
2,1ab078ca72d24705,2026-08-01,0,2,0.21110784
2,1b042f285096e5d2,2026-08-01,0,1,0.036049247
2,1b0610f758902ed6,2026-08-01,0,4,0.05256851
2,1b06c782966dd8c3,2026-08-01,0,4,0.05116682
2,1b4bb246f0f92421,2026-08-01,1,3,0.071755275
2,1b4d0da17eec2458,2026-08-01,0,4,0.029899385
2,1b4d8f0eb9608ebd,2026-08-01,0,1,0.09406079
2,1b9310b179a18c93,2026-08-01,0,5,0.08512411
2,1b97204d3bc042c5,2026-08-01,0,5,0.28528798
2,1ba2b0a7add5dc36,2026-08-01,0,3,0.06533359
2,1bae2c0ff6d78441,2026-08-01,0,4,0.16147363
2,1bbd3ad7533a80fa,2026-08-01,0,1,0.29127607
2,1bd62e037c599a0f,2026-08-01,0,4,0.031752266
2,1bdbb4ab20de98a9,2026-08-01,0,1,0.04127663
2,1c2142fc1bdc60db,2026-08-01,0,2,0.04977743
2,1c376cae76fecc61,2026-08-01,1,2,0.10408428
2,1c7b6eb4e4407135,2026-08-01,0,1,0.043837823
2,1ca624327684daf8,2026-08-01,0,2,0.09976828
2,1d427f6644c5467d,2026-08-01,0,1,0.04165711
2,1d6b87a6de99f46f,2026-08-01,0,5,0.043473482
2,1d7f109c3015618e,2026-08-01,0,2,0.07706345
2,1d9c5c6ce92a9840,2026-08-01,0,3,0.034951586
2,1dd852dae32a2563,2026-08-01,0,2,0.034994498
2,1df05b2f2c2428b8,2026-08-01,0,3,0.0374277
2,1df5013189b88fe9,2026-08-01,0,1,0.03138627
2,1e01825fafbe0724,2026-08-01,0,3,0.081924394
2,1e36da432c7d24ae,2026-08-01,0,3,0.064588666
2,1e38faeae90a7e22,2026-08-01,1,2,0.09459009
2,1e4c62e68b25c5e3,2026-08-01,1,2,0.06972659
2,1e6728f632b8eb94,2026-08-01,0,4,0.057269838
2,1e8c669d58f43946,2026-08-01,0,5,0.061375637
2,1eba63c9ecf5841b,2026-08-01,0,4,0.045365445
2,1ec3f749614ab081,2026-08-01,0,5,0.09079438
2,1ed8df14b0851c6b,2026-08-01,0,1,0.058628377
2,1ef916069b4e7db1,2026-08-01,1,1,0.09374525
2,1eff163338d91d93,2026-08-01,0,1,0.07612894
2,1f33fc248eaed514,2026-08-01,0,5,0.08338208
2,1f41c3de28b2b0c0,2026-08-01,0,2,0.062155288
2,1f67ddec466b3587,2026-08-01,0,4,0.041979175
2,1f70256cf6f769f2,2026-08-01,0,4,0.072280705
2,1f84f9a08c5166de,2026-08-01,0,5,0.0899828
2,1fe00b831647dc92,2026-08-01,0,3,0.032098025
2,1fea87d76272a95e,2026-08-01,0,3,0.08384833
2,20215122632251f9,2026-08-01,0,2,0.10972198
2,203fcb6cf256dda2,2026-08-01,0,2,0.078844756
2,20557597299435c5,2026-08-01,0,5,0.07790585
2,205a5812b7c32d06,2026-08-01,0,3,0.035546247
2,2081f287948b3a2c,2026-08-01,0,5,0.05548077
2,2087d52fa0563c57,2026-08-01,0,1,0.07460182
2,2088956d8bf845e6,2026-08-01,0,5,0.089982614
2,2090fd43a3ec8e27,2026-08-01,1,2,0.2979765
2,20a5157907513a77,2026-08-01,0,5,0.07785504
2,20b4d7fe02be724a,2026-08-01,0,4,0.071967565
2,20c6d7e0a9a8c211,2026-08-01,0,1,0.044920124
2,20d2c63b5d0fe187,2026-08-01,1,4,0.073253416
2,210b865f35bcd68c,2026-08-01,0,2,0.14141704
2,213ecaebbb89f989,2026-08-01,0,2,0.047367968
2,2160ac0aba547862,2026-08-01,0,2,0.058694016
2,21842165398f2cce,2026-08-01,0,4,0.03967168
2,21ba56b75a9a1165,2026-08-01,0,4,0.048217423
2,221b547b5a568c36,2026-08-01,0,4,0.061125312
2,2225a14b3583badf,2026-08-01,0,5,0.21134257
2,2236f73261f7cb1f,2026-08-01,0,1,0.067105524
2,22526ad85ef21089,2026-08-01,0,4,0.023038616
2,2266ccdfc0a02c58,2026-08-01,0,2,0.038641706
2,226a90d2dec25cc4,2026-08-01,0,1,0.043969173
2,227097ae67a6fbb5,2026-08-01,0,1,0.041586902
2,22fa0eebebf09395,2026-08-01,0,3,0.034126148
2,2324c262c5ca68b0,2026-08-01,0,1,0.076817036
2,232fd730f980b772,2026-08-01,0,3,0.035469264
2,2380b25082f24324,2026-08-01,0,1,0.099141404
2,239742486058f2ab,2026-08-01,0,5,0.24677126
2,23a59aca849a7533,2026-08-01,0,5,0.047986284
2,23c9fd26eef34bfa,2026-08-01,0,2,0.059922818
2,23d4f88574e2f7bc,2026-08-01,0,4,0.046544015
2,241b8560c87c46e9,2026-08-01,0,5,0.04048189
2,24252b4084cde2b1,2026-08-01,0,4,0.029500622
2,246375baf480ec50,2026-08-01,0,3,0.031543903
2,247eb77315ee7370,2026-08-01,0,2,0.09586611
2,248f30ec2d491b76,2026-08-01,0,4,0.032404315
2,24a941aab5da1678,2026-08-01,0,1,0.030400846
2,24a9b465f9152ce4,2026-08-01,0,5,0.45506093
2,24b387ff6ba39fd1,2026-08-01,0,4,0.109069854
2,24c8abb05318ffad,2026-08-01,0,4,0.22617121
2,24d2c89f55b6833a,2026-08-01,0,3,0.045532178
2,24e074b2c4d805de,2026-08-01,1,4,0.66689616
2,25118d6ddbae9a6a,2026-08-01,0,2,0.07421279
2,25193ed9f14ab133,2026-08-01,0,1,0.02871398
2,253540cc7316781c,2026-08-01,1,1,0.057491444
2,255040a62c6ed007,2026-08-01,0,5,0.112548776
2,2572493b34a24f24,2026-08-01,0,3,0.034288965
2,25808f8fcf651fa8,2026-08-01,0,2,0.051052693
2,258a638c1a98bde6,2026-08-01,0,4,0.060313895
2,258a69d5673b2da9,2026-08-01,0,2,0.049817003
2,25d151fd923200bd,2026-08-01,0,3,0.04693991
2,25d4ef0fff26f2c0,2026-08-01,0,2,0.04857293
2,25e9641d7bf76cb1,2026-08-01,0,5,0.028310828
2,26486659feb5c7de,2026-08-01,0,4,0.04790551
2,264b67bfe4c102d4,2026-08-01,0,2,0.042377822
2,265bc8417a80656c,2026-08-01,0,3,0.06308804
2,267646325b13de20,2026-08-01,0,4,0.15825689
2,2685a4212a61ec25,2026-08-01,0,4,0.1842923
2,26938111f794c059,2026-08-01,0,4,0.17415039
2,2697a618af3916fb,2026-08-01,0,4,0.09629184
2,26997fbaa75a5a0e,2026-08-01,0,2,0.06301087
2,269ca81df6a9f27f,2026-08-01,0,4,0.043820877
2,26c7dcfabd78df74,2026-08-01,1,5,0.27536443
2,26c9fa1b8b0e5b06,2026-08-01,0,4,0.043297347
2,26d4a35b09540b10,2026-08-01,0,1,0.08152842
2,26e94f4b8510796d,2026-08-01,1,4,0.17798433
2,26ff8ea964146e6f,2026-08-01,0,2,0.06639516
2,271863777db80338,2026-08-01,0,4,0.05405282
2,2731630aa33aef25,2026-08-01,0,5,0.18665266
2,2738874e2d8cc28e,2026-08-01,0,4,0.029538251
2,2753f3bedbd5706e,2026-08-01,1,3,0.20648447
2,2772cf7738939a04,2026-08-01,0,3,0.03372106
2,277cc00c9a0f742a,2026-08-01,0,5,0.038457844
2,278ad97f85b849a2,2026-08-01,1,5,0.124981344
2,27c39b3aa6fcd143,2026-08-01,0,2,0.07377762
2,27d61b898f503dd7,2026-08-01,0,1,0.035716854
2,284ad06ccfdd5060,2026-08-01,0,5,0.03813086
2,286a96b6811b48c0,2026-08-01,0,4,0.18891355
2,2871546f860a5807,2026-08-01,0,1,0.042878415
2,2872372896b8aee7,2026-08-01,0,5,0.043469682
2,2886f6b0e32013a3,2026-08-01,1,3,0.03141526
2,28a4e244aee6373a,2026-08-01,0,1,0.04960735
2,28ae2f2182747a03,2026-08-01,0,1,0.055486795
2,28cf87e8f7391fd3,2026-08-01,0,1,0.044102874
2,290aca21ab67b2bc,2026-08-01,0,5,0.07443077
2,295037162a0866ab,2026-08-01,0,4,0.07708236
2,298127fe0c0dfd66,2026-08-01,0,4,0.035841137
2,298a0293dc35eee4,2026-08-01,0,1,0.036941294
2,29b4bff87d3b0d73,2026-08-01,0,5,0.04387284
2,29e27c76433c116c,2026-08-01,0,5,0.0604384
2,29e35554ac7c2502,2026-08-01,0,1,0.04166242
2,29ef2d401a16116f,2026-08-01,0,1,0.03745806
2,2a441d4bbc5d9bbc,2026-08-01,0,4,0.02699406
2,2a78f6d5c1763781,2026-08-01,0,5,0.04989801
2,2aab294695298104,2026-08-01,1,1,0.23385416
2,2b2de4c7397aa808,2026-08-01,0,3,0.045784052
2,2b3115209667df2c,2026-08-01,0,3,0.13769297
2,2b5fd7173b827bb9,2026-08-01,0,1,0.057345957
2,2b6533f09391bcbf,2026-08-01,0,3,0.040773634
2,2b6fc628fdad4677,2026-08-01,0,5,0.12654488
2,2b9d0cf90f907bab,2026-08-01,0,5,0.05035036
2,2bf5fd0b35cd50ab,2026-08-01,0,4,0.38355744
2,2c07547186211575,2026-08-01,0,5,0.09498243
2,2c091dd7c97bb6d0,2026-08-01,0,3,0.09322086
2,2c55b782671a5de9,2026-08-01,0,1,0.038302507
2,2c575b577a43e020,2026-08-01,0,2,0.055894874
2,2cd31b8d7905d872,2026-08-01,1,2,0.53560525
2,2cdab4987b6349c8,2026-08-01,0,5,0.07417871
2,2cecfa4dc9daed2c,2026-08-01,0,4,0.031395312
2,2d2d36864a779291,2026-08-01,0,2,0.056536183
2,2d2f2cd5b5c51a27,2026-08-01,0,5,0.064029545
2,2d4bf7dbf80cbc23,2026-08-01,1,3,0.4066527
2,2d9f5ffa31488632,2026-08-01,0,3,0.28698447
2,2dc2618a0461a878,2026-08-01,0,3,0.046781965
2,2dc61119af66b7d2,2026-08-01,0,4,0.065420024
2,2dc7deb7dd1fc1a6,2026-08-01,1,1,0.05086207
2,2de3cfc62ae2284d,2026-08-01,0,4,0.05336511
2,2e09794fe8e6f725,2026-08-01,1,5,0.24179463
2,2e45d5e78b6b24e8,2026-08-01,0,3,0.13083546
2,2e5283fe2369eb5d,2026-08-01,0,4,0.057466194
2,2e8be8aa8424f082,2026-08-01,0,1,0.062235363
2,2ea2896545f929df,2026-08-01,0,2,0.09071411
2,2ee898e37582379a,2026-08-01,0,5,0.056755252
2,2ef14206ec1d41ee,2026-08-01,0,3,0.045830313
2,2efb9ac29a1976ab,2026-08-01,0,2,0.096778154
2,2f06c6a115d5bdb1,2026-08-01,0,3,0.036604118
2,2f6d483cd27c5f88,2026-08-01,0,3,0.22716369
2,2f784633e16416ee,2026-08-01,0,1,0.030403655
2,2f9c99caef391934,2026-08-01,0,2,0.054255873
2,2fbac685aed439eb,2026-08-01,0,4,0.03285339
2,2fc9a5e965adc900,2026-08-01,0,5,0.03594362
2,2fce6cfe52886076,2026-08-01,0,5,0.056630805
2,30392afe8398f781,2026-08-01,0,5,0.049944893
2,303dce1dbbfe7cb8,2026-08-01,0,3,0.048223343
2,3043d8e7ebfe6c08,2026-08-01,0,3,0.053812366
2,304ed3ba5f0e2c82,2026-08-01,0,3,0.07487742
2,3068a9a70c63364a,2026-08-01,0,2,0.2905962
2,308b35bf2cd5d34f,2026-08-01,0,4,0.037846047
2,3094aef91d707632,2026-08-01,0,1,0.051843427
2,309b2fbebbfc9f7e,2026-08-01,0,3,0.04567663
2,30c61393685c68c6,2026-08-01,0,5,0.05049567
2,30d1a085603cb12c,2026-08-01,0,3,0.05174926
2,30d5ba042b2dd78a,2026-08-01,0,4,0.119797334
2,3146a14e715c7390,2026-08-01,0,2,0.08872579
2,317699f6fb29dfbc,2026-08-01,0,3,0.05157632
2,317719e4034c084f,2026-08-01,0,4,0.021186404
2,317794b0edc5bb73,2026-08-01,0,3,0.03659648
2,31de0ff5500f83e1,2026-08-01,0,5,0.09319646
2,31e0fdac46d0b984,2026-08-01,0,5,0.17776778
2,31ee851a7087e008,2026-08-01,0,2,0.12194803
2,3233025defb0cf39,2026-08-01,0,4,0.044150054
2,32593e6e3a1ab49f,2026-08-01,0,3,0.050064776
2,3281b405d1e231ef,2026-08-01,0,3,0.10546898
2,3286f93217c0e0f9,2026-08-01,0,2,0.042224683
2,3292ac928f210fd7,2026-08-01,0,4,0.03991212
2,32de86f4e66dd13d,2026-08-01,0,1,0.072939634
2,3341dc26bd79955c,2026-08-01,0,5,0.036832005
2,335080d2426dbc81,2026-08-01,0,1,0.036491252
2,3379e954c4fa7fda,2026-08-01,0,2,0.2043452
2,33a7a2381190f201,2026-08-01,0,2,0.044831127
2,33b22965a6ca6257,2026-08-01,0,5,0.030487617
2,33f930ab56b47aea,2026-08-01,0,1,0.06682108
2,34106f1ad5846135,2026-08-01,1,4,0.06185314
2,3462ffbcf5c2321d,2026-08-01,0,5,0.058187947
2,34798efc7739ef36,2026-08-01,0,4,0.04535864
2,34d2fbcfa9ff2a25,2026-08-01,0,2,0.042325877
2,34d86d8de73d0139,2026-08-01,0,1,0.04402449
2,350c1eb9a827b00a,2026-08-01,0,3,0.030802935
2,35356ec1cb10981c,2026-08-01,0,3,0.09323128
2,355c63d63a87827a,2026-08-01,0,5,0.06528018
2,3563bfbb544def74,2026-08-01,0,2,0.16269386
2,35b120336abc56d9,2026-08-01,0,5,0.03831778
2,35e6ed93e3a4a5a2,2026-08-01,0,5,0.085725576
2,362c8a71185d3d60,2026-08-01,0,5,0.061400168
2,365ce891af5abd73,2026-08-01,0,1,0.2131428
2,36efab5e771b99f7,2026-08-01,0,3,0.048390783
2,372c85910e2ff22f,2026-08-01,0,4,0.048098933
2,37531b669ec2b7bb,2026-08-01,0,3,0.057449434
2,3756efa7678ae60a,2026-08-01,0,1,0.05770892
2,3775d6cbe0ed261e,2026-08-01,0,4,0.03745824
2,377ebb3fb1d697f8,2026-08-01,0,1,0.03424927
2,379887c6d5e362f8,2026-08-01,0,3,0.025071984
2,37a28909c5ae8737,2026-08-01,0,4,0.030869063
2,38001967781413e0,2026-08-01,0,2,0.10928066
2,3852334a70f3ebe6,2026-08-01,0,4,0.05401263
2,38a73f5daa67bc71,2026-08-01,0,5,0.07184339
2,38cbf75e904648ba,2026-08-01,0,3,0.030394997
2,38e5c39ffd8000e1,2026-08-01,0,1,0.072652556
2,38e655f0177de315,2026-08-01,0,4,0.15924414
2,39091fe1580e40af,2026-08-01,0,3,0.044544965
2,390e31730fbbddbe,2026-08-01,1,3,0.30048433
2,391b77c30f5b5541,2026-08-01,0,4,0.05271127
2,393d3f6668653b4a,2026-08-01,0,3,0.07504673
2,396c0361a6c6d3af,2026-08-01,0,4,0.11654649
2,396e34383add291d,2026-08-01,0,2,0.05420438
2,39eb62861a61577e,2026-08-01,0,5,0.036817584
2,39ec2b2d77ed09c5,2026-08-01,0,4,0.048221152
2,3a1ad9da25200b82,2026-08-01,0,3,0.042460304
2,3a1fb817043dd1e1,2026-08-01,0,5,0.5591764
2,3a227386e0d1e141,2026-08-01,1,5,0.04498639
2,3a5445e3c05ba342,2026-08-01,1,1,0.06427014
2,3a754c86836f02ba,2026-08-01,0,2,0.07582077
2,3aa4046c2516590f,2026-08-01,0,1,0.16333334
2,3ab32cd8b3bf3675,2026-08-01,0,3,0.036560304
2,3abc03bd4ebaa505,2026-08-01,0,1,0.10601224
2,3af6d1815bd26c5b,2026-08-01,0,5,0.15353449
2,3b68ed7b710b1263,2026-08-01,0,5,0.08270105
2,3bea5ab8c3f9640d,2026-08-01,0,5,0.05567471
2,3bf404d47f96f34d,2026-08-01,0,1,0.048661184
2,3bf8b9b80f40ee27,2026-08-01,1,2,0.30748773
2,3c00ac7e73c43116,2026-08-01,0,2,0.040538866
2,3c02cfdb48c403ce,2026-08-01,0,3,0.15395786
2,3c276682389ed967,2026-08-01,0,3,0.043715175
2,3c94e710463e9273,2026-08-01,0,1,0.09486052
2,3cc517449cc6aab3,2026-08-01,1,2,0.24250425
2,3cd88e21006a8aee,2026-08-01,0,3,0.08635933
2,3cd9fa5134da293f,2026-08-01,0,1,0.05534876
2,3cf7311dfbe8e5e0,2026-08-01,0,4,0.14621876
2,3d087d99d2401229,2026-08-01,0,2,0.048829414
2,3d0f9a1a04d5287e,2026-08-01,0,4,0.03949401
2,3d2de6a9ea1c2702,2026-08-01,0,5,0.24430494
2,3d5f455cfd246b0e,2026-08-01,0,4,0.033980988
2,3d938bac070c4574,2026-08-01,0,5,0.07287612
2,3dc2e473a2527175,2026-08-01,0,4,0.06551483
2,3dc9a03f4b24c73f,2026-08-01,0,3,0.03694634
2,3dcc6469e5e464ed,2026-08-01,0,3,0.061369617
2,3dcfe38e87f7309f,2026-08-01,0,4,0.05254965
2,3e514f591e2fd387,2026-08-01,0,5,0.03575666
2,3e5b59c03bd00128,2026-08-01,0,3,0.12388474
2,3e5c0bc6ac533c6a,2026-08-01,1,4,0.25420523
2,3e6ae4f17f3adf6e,2026-08-01,0,1,0.03895393
2,3e7a2cbe4a49bb1c,2026-08-01,0,1,0.029653942
2,3ead1a2d282483fa,2026-08-01,0,2,0.048927527
2,3ec0cbd4924dc7f0,2026-08-01,0,4,0.033764802
2,3ec5ae27d39f80c3,2026-08-01,0,1,0.03619074
2,3ee73d4da4448e15,2026-08-01,0,4,0.028805282
2,3f21e1ae5848af49,2026-08-01,0,2,0.29927927
2,3f65099b7f3ba3ac,2026-08-01,0,5,0.14610863
2,3f661941b9d38c58,2026-08-01,0,2,0.047451343
2,3f7db9f75375601f,2026-08-01,0,5,0.08668423
2,3f9a2b1f445d66c8,2026-08-01,0,5,0.03907551
2,3fa8c19cd3cca929,2026-08-01,0,3,0.069436945
2,404ea31dfd6c76b7,2026-08-01,0,3,0.046946354
2,40622451c37778a4,2026-08-01,0,4,0.058634322
2,407fedfb60cfebe6,2026-08-01,0,3,0.158516
2,40b56cdd7c637ecd,2026-08-01,0,4,0.056759875
2,40e465b8f3b930a8,2026-08-01,0,5,0.101314336
2,41068fd58b468c98,2026-08-01,1,3,0.21485041
2,413cb3a0c26f5a9b,2026-08-01,0,2,0.11522755
2,41cbd6fff425a7f1,2026-08-01,0,5,0.04326808
2,41d60058347e0d2a,2026-08-01,0,1,0.062278442
2,41ef6fc9ea330e17,2026-08-01,0,1,0.07685248
2,41f19c90a3f4543f,2026-08-01,1,1,0.25353608
2,42075b3c016767c5,2026-08-01,0,5,0.03459602
2,423af9a1c71d6896,2026-08-01,0,3,0.042404797
2,424b827bf4babb47,2026-08-01,0,4,0.046696305
2,4253547bc0894781,2026-08-01,1,1,0.032891873
2,42a44e002168505c,2026-08-01,0,1,0.03241111
2,42a8c166374cdbc7,2026-08-01,0,1,0.038196202
2,42b0192d6e320d37,2026-08-01,0,1,0.064794876
2,42c2c727a779c077,2026-08-01,0,1,0.20631577
2,42d884f3e981bc6f,2026-08-01,0,1,0.04032321
2,4309ff5c610ed1e8,2026-08-01,0,2,0.053005654
2,43146c94decff4fd,2026-08-01,0,5,0.06298423
2,4321c7867a88d6cf,2026-08-01,0,2,0.03746569
2,43617501788a3626,2026-08-01,0,4,0.05429611
2,43882bad5ae64bb4,2026-08-01,0,5,0.040482797
2,43e8e84299613e7e,2026-08-01,1,3,0.032954212
2,43f7be493cc8e494,2026-08-01,0,4,0.04664596
2,440981ccd963482c,2026-08-01,0,5,0.039920744
2,443ac4d94350eef5,2026-08-01,0,1,0.057975873
2,444093fcda7abddf,2026-08-01,0,1,0.042116303
2,44c14337f1a1ddb3,2026-08-01,0,2,0.08185365
2,44d62850129f1224,2026-08-01,0,2,0.052159335
2,44e13c253508af41,2026-08-01,0,1,0.03710822
2,453d7743cbe4d38a,2026-08-01,0,4,0.35598692
2,4556173d1a37da37,2026-08-01,0,5,0.0333317
2,45830523c974415c,2026-08-01,0,3,0.03907276
2,45962b99348755ea,2026-08-01,0,1,0.04240416
2,45a41c4327c272d4,2026-08-01,0,5,0.35444173
2,45ba08cb1b6a33f7,2026-08-01,0,3,0.047467146
2,45e3727accae14cc,2026-08-01,0,2,0.052704163
2,45e6ed6f7c378ab5,2026-08-01,0,5,0.044697266
2,45e82019ec3fb8e5,2026-08-01,1,4,0.1882939
2,45f0018bee284ebd,2026-08-01,0,4,0.049385138
2,45f37d4b00380bab,2026-08-01,0,3,0.036993265
2,467b06a219734489,2026-08-01,0,3,0.038071156
2,467b21d889321df4,2026-08-01,0,4,0.07531485
2,4694d452d0f7c948,2026-08-01,0,5,0.083920516
2,46e38ce228bfad2d,2026-08-01,0,4,0.07527426
2,46ec41b40a91244d,2026-08-01,0,2,0.07400099
2,4705179b74c96d51,2026-08-01,0,2,0.30434003
2,473d518477ed29e2,2026-08-01,0,2,0.2300601
2,4745ca2950e2a27e,2026-08-01,1,5,0.13142675
2,475b3b971de63916,2026-08-01,0,4,0.22907037
2,478bf85df36c3e5f,2026-08-01,1,1,0.04993551
2,47ab6db99c5885e0,2026-08-01,0,4,0.03727034
2,484d29713711c497,2026-08-01,0,2,0.11549486
2,485ecd3bbfb7ed47,2026-08-01,0,1,0.35990146
2,4885490c259b67e0,2026-08-01,0,4,0.053436086
2,4893383dc18691b7,2026-08-01,0,3,0.43469796
2,48b3776b67992886,2026-08-01,1,3,0.0886476
2,48bcc4bd8665ceb0,2026-08-01,0,4,0.03966968
2,48f67b5056eb739e,2026-08-01,0,4,0.3198823
2,48f779a7a610858d,2026-08-01,0,2,0.087306134
2,4906d7d7f742425a,2026-08-01,0,1,0.068720214
2,491bb4c9c813b20c,2026-08-01,1,2,0.22355762
2,495e301d994dbc6f,2026-08-01,0,2,0.040913016
2,498d4fab548f295e,2026-08-01,0,4,0.06597108
2,499473f7685ae3e5,2026-08-01,0,2,0.05157947
2,499a6a19e91a8d41,2026-08-01,0,3,0.18095991
2,49a0f5221e47ff34,2026-08-01,0,3,0.03888813
2,49b23abb76545120,2026-08-01,0,5,0.11510277
2,49bb8af8a7a48b2b,2026-08-01,0,1,0.04159655
2,49cd102b98832bdb,2026-08-01,0,2,0.30662045
2,49ec2c53b379b863,2026-08-01,0,3,0.20862077
2,49f3bce4d44a4357,2026-08-01,0,3,0.087604344
2,4a09b05e848934e6,2026-08-01,0,1,0.08567364
2,4a6d31c66020f7ec,2026-08-01,0,1,0.06889592
2,4aa28f394dbc5c6b,2026-08-01,0,4,0.062466953
2,4b766a7828a88c79,2026-08-01,0,5,0.060564585
2,4b778cf05edd93c8,2026-08-01,0,5,0.24435362
2,4b79162135cc7f03,2026-08-01,0,5,0.026942208
2,4ba8c98b1a327ca7,2026-08-01,0,1,0.036313295
2,4bafbcafec368426,2026-08-01,0,4,0.106752485
2,4bb061533396e623,2026-08-01,0,2,0.09498938
2,4bc458b242b9c87f,2026-08-01,0,4,0.06688014
2,4bef079f77bb713d,2026-08-01,0,2,0.042538803
2,4c1440923fcc9393,2026-08-01,0,3,0.17501947
2,4c36846c7ac72a81,2026-08-01,0,4,0.07439362
2,4c4b9d6acb8650c9,2026-08-01,0,1,0.040381435
2,4d12108e769d607e,2026-08-01,0,2,0.051153038
2,4d5638d4e1178ea2,2026-08-01,0,5,0.06733483
2,4d771fe67f140ac6,2026-08-01,0,4,0.048167095
2,4d833c5bb80c5c5b,2026-08-01,0,5,0.094856806
2,4dd68eb21224875b,2026-08-01,0,5,0.21878998
2,4dee7695c3ee2dbc,2026-08-01,0,2,0.052801296
2,4dfdcef39508ef08,2026-08-01,0,4,0.21071172
2,4e07310a6863c0f2,2026-08-01,0,3,0.040473852
2,4e0e5877707448d5,2026-08-01,0,1,0.03538822
2,4e307f33a1360357,2026-08-01,0,3,0.04720725
2,4e438fedccfc381d,2026-08-01,0,1,0.5142673
2,4e80b7e5397ed28b,2026-08-01,1,4,0.13262963
2,4e8627b7c49a54c1,2026-08-01,0,4,0.036357265
2,4e86521699dcd315,2026-08-01,0,1,0.094921194
2,4ed6825b5d444d4c,2026-08-01,1,4,0.51694256
2,4efa4623975067f6,2026-08-01,0,3,0.03770793
2,4eff5c46ea30c529,2026-08-01,0,5,0.08498709
2,4f0aa5580e31235b,2026-08-01,0,5,0.05324278
2,4f10eb7972be4ec0,2026-08-01,0,1,0.15977436
2,4f2bc0d7721efd76,2026-08-01,1,2,0.08048767
2,4f7005c5518d7a61,2026-08-01,0,3,0.112037346
2,4fbcffdfa4b4d0bc,2026-08-01,0,1,0.030538285
2,4fc62a433f698456,2026-08-01,1,4,0.045296513
2,4fd8407850a571b2,2026-08-01,0,1,0.032982618
2,50004927d91d695f,2026-08-01,0,5,0.21245326
2,500547dba5ec0ec8,2026-08-01,0,4,0.07320526
2,501f6b5e1ff805ac,2026-08-01,0,2,0.056662135
2,505dabb2a7459650,2026-08-01,1,1,0.12095622
2,507a0b544625b8cc,2026-08-01,0,1,0.055828594
2,508018f9159da5d8,2026-08-01,0,3,0.030184716
2,508e9f2595b06550,2026-08-01,0,2,0.14483546
2,50b49e8daa0c174a,2026-08-01,0,4,0.03015754
2,50ba9f01cd371747,2026-08-01,0,1,0.041979272
2,50d8eae2070a8e10,2026-08-01,0,1,0.06837138
2,50f7c9f757b89416,2026-08-01,0,4,0.040059064
2,50fc75ead6701c81,2026-08-01,0,3,0.045640934
2,51026950862ce3ee,2026-08-01,0,4,0.10298361
2,5176ac8750767d32,2026-08-01,0,3,0.13153055
2,51b5d05faeca4740,2026-08-01,0,2,0.041141197
2,52559640c5b28744,2026-08-01,0,3,0.12834264
2,526433d020e54ad9,2026-08-01,0,4,0.05686136
2,526c49ec9feb6b7b,2026-08-01,0,1,0.04115714
2,5297240d73718681,2026-08-01,0,5,0.034478873
2,529b3fb761a2559e,2026-08-01,0,5,0.049836174
2,529c476addc82a4a,2026-08-01,0,2,0.08335833
2,52cf8d9995ac4051,2026-08-01,0,3,0.030161593
2,52eff94128c03798,2026-08-01,0,2,0.05905826
2,5334a3c52c6b959e,2026-08-01,0,2,0.06046487
2,533d8ab80cd89e18,2026-08-01,0,2,0.061889313
2,533f46af49946668,2026-08-01,1,4,0.05040155
2,53524cbef0fee712,2026-08-01,1,4,0.09806399
2,5391df97ff7f2083,2026-08-01,0,2,0.055934947
2,53b665d2e407e6c1,2026-08-01,0,4,0.03690872
2,53c6754ae37daf83,2026-08-01,0,1,0.06566856
2,53e428ace5dc1c1f,2026-08-01,0,4,0.041780975
2,53f40bfdbdfcaddb,2026-08-01,0,5,0.044198096
2,542946d2e571db19,2026-08-01,0,5,0.036232226
2,543068d026f7f2e9,2026-08-01,0,4,0.098433286
2,543db342e4831a56,2026-08-01,0,3,0.05652766
2,54598b07108935bc,2026-08-01,0,3,0.051802166
2,5545c6b3dea0a3c3,2026-08-01,0,5,0.031121517
2,559f156dc2450d17,2026-08-01,0,5,0.06651814
2,55a114d71b40e582,2026-08-01,0,4,0.041199904
2,55ba9d9aa6e7c68a,2026-08-01,0,4,0.28422946
2,55e70e0ec4883a2f,2026-08-01,1,3,0.25623375
2,563baf9700423263,2026-08-01,0,1,0.29878464
2,56480125155191e9,2026-08-01,0,1,0.068268955
2,564bdf8dff485543,2026-08-01,0,2,0.04225928
2,56614a877374565b,2026-08-01,0,3,0.04455629
2,566be8e909cc66a3,2026-08-01,0,1,0.038588405
2,56892d2764776b81,2026-08-01,0,1,0.04213023
2,56aa70003a23c06c,2026-08-01,1,1,0.4027682
2,56b669e578c4a5b1,2026-08-01,0,1,0.06332043
2,56b820cd59942b5f,2026-08-01,0,1,0.032255195
2,56be4750c43455a9,2026-08-01,0,2,0.07344185
2,56cd460bfa72a68b,2026-08-01,0,4,0.10237829
2,56f60c1065421093,2026-08-01,0,3,0.0464996
2,579777e5714082c0,2026-08-01,0,3,0.04868133
2,57c56e0493d28a95,2026-08-01,0,3,0.041124053
2,57e2b3c2e22ac1d9,2026-08-01,0,1,0.042122267
2,58a47002a6e6cfa6,2026-08-01,0,3,0.045495886
2,58c140c345e8bf9f,2026-08-01,0,1,0.035482995
2,58de711e5e071997,2026-08-01,0,2,0.04793861
2,58f4ca3b34ed7413,2026-08-01,0,2,0.37165365
2,5938404f013d2fd6,2026-08-01,0,5,0.10096737
2,59397f825c87f708,2026-08-01,0,2,0.42302296
2,59f26f5c303aa592,2026-08-01,0,5,0.103916906
2,5a22ff42df5d9296,2026-08-01,0,3,0.036619995
2,5a3bc840ec1c90d2,2026-08-01,1,3,0.1481346
2,5a6448dad06d9024,2026-08-01,0,2,0.057699963
2,5a98f818b1b278fc,2026-08-01,0,5,0.11201145
2,5ac7b92ac720aee9,2026-08-01,0,4,0.14027797
2,5b42b619b56c2599,2026-08-01,0,5,0.07254713
2,5b6560d90e3251bc,2026-08-01,1,4,0.123339914
2,5b777c0f01e3c726,2026-08-01,0,1,0.044453252
2,5c260eca176444e9,2026-08-01,0,2,0.07509797
2,5c3102c191f29175,2026-08-01,0,5,0.041822683
2,5c427fffcf392eb8,2026-08-01,1,3,0.084941916
2,5c5232946384cd65,2026-08-01,0,2,0.073776424
2,5c707f312cf57caf,2026-08-01,0,3,0.031600744
2,5c9e9e414c636137,2026-08-01,0,1,0.14399144
2,5ca454975bde5241,2026-08-01,0,3,0.086557016
2,5cbbbe0d125b31f1,2026-08-01,0,5,0.043048475
2,5cc518b23ee25605,2026-08-01,0,2,0.06141111
2,5cd2686cf27532d3,2026-08-01,0,4,0.027960634
2,5ce904b8a3fedcfb,2026-08-01,0,1,0.5377851
2,5cf50426537f1ba8,2026-08-01,0,2,0.04683775
2,5d0f26628cbf8572,2026-08-01,0,1,0.033009842
2,5d7553985f62c097,2026-08-01,0,5,0.10096589
2,5d88a55e097ba993,2026-08-01,0,1,0.06382929
2,5d94ebd8658e126c,2026-08-01,0,4,0.104659334
2,5db085a28ff6e922,2026-08-01,0,2,0.04832693
2,5de73091ff95d3ed,2026-08-01,0,1,0.044854704
2,5df0a8d3ff2e339b,2026-08-01,0,3,0.027547223
2,5df5f8b84bbaf5f4,2026-08-01,0,5,0.06954747
2,5df6fe55b5691b8c,2026-08-01,0,2,0.14978315
2,5e06f1adf6437ca9,2026-08-01,0,3,0.039742734
2,5e0e1a8c14dfa278,2026-08-01,0,2,0.051033583
2,5e44e203b39c4b95,2026-08-01,0,3,0.046113007
2,5e4d7798c33e8292,2026-08-01,0,2,0.057359956
2,5e5652c1e87323ec,2026-08-01,0,1,0.049138386
2,5e5b9319f184f028,2026-08-01,0,4,0.067693174
2,5e6911148dba1fd2,2026-08-01,0,5,0.06908467
2,5e7d20424189a85f,2026-08-01,0,2,0.057047676
2,5e91f4986d64cfc5,2026-08-01,0,1,0.066419594
2,5ea5eb79d222d8e1,2026-08-01,0,1,0.068127416
2,5ebd93e81a7eef4a,2026-08-01,0,2,0.47932875
2,5ec261a2720cc940,2026-08-01,1,4,0.14743005
2,5edd86060a95f4e1,2026-08-01,0,5,0.074927084
2,5f1e5f63f9423856,2026-08-01,1,3,0.21653149
2,5f23bdab0208c764,2026-08-01,0,1,0.037177924
2,5f2d4a8cde8a9395,2026-08-01,0,5,0.034688078
2,5f5edff9d69891b9,2026-08-01,0,2,0.04205211
2,5f76fe1a7539c562,2026-08-01,0,5,0.06338071
2,5fd9431ca01c89ec,2026-08-01,0,4,0.05427183
2,5fee325019158832,2026-08-01,0,2,0.07882159
2,600349100c12af68,2026-08-01,0,4,0.07538528
2,60266cf1d941260f,2026-08-01,0,1,0.04776154
2,6032a3e5a3ebb080,2026-08-01,0,5,0.078778684
2,606dc15e3bbf9449,2026-08-01,0,4,0.053437844
2,6084557f4de25f66,2026-08-01,0,5,0.06576716
2,60b60277c08259bb,2026-08-01,0,4,0.042241763
2,611448c4c7104b69,2026-08-01,0,1,0.045309205
2,6141ac503cd7ff59,2026-08-01,0,2,0.06329312
2,614f0090d181b3ed,2026-08-01,0,3,0.08550183
2,6169129fc82c6430,2026-08-01,0,5,0.39409828
2,61b478be4131c88d,2026-08-01,0,2,0.411016
2,61cc4ce127785404,2026-08-01,0,3,0.037923675
2,620c0acec958528e,2026-08-01,0,4,0.084238425
2,6222d7a331479ba5,2026-08-01,0,1,0.035561208
2,623ada95099cb01c,2026-08-01,1,4,0.056324415
2,624d01189d301f8a,2026-08-01,0,5,0.038565982
2,625e121405c100e7,2026-08-01,0,3,0.077212214
2,6295575ce00f0365,2026-08-01,0,5,0.033071313
2,62fcf39e443e8dd2,2026-08-01,0,2,0.084959485
2,6345e512b80eaf16,2026-08-01,0,1,0.046850357
2,6358f0fc58cc7339,2026-08-01,0,4,0.25188452
2,637f53bb54fb8af0,2026-08-01,0,5,0.063673064
2,63bd5cb0d0672682,2026-08-01,1,5,0.09259397
2,63bdd698166d4220,2026-08-01,0,3,0.090693265
2,63f3d78c158f307b,2026-08-01,0,3,0.05132584
2,6403bff7c405a640,2026-08-01,0,3,0.13029484
2,6411e047581a1397,2026-08-01,0,1,0.04122341
2,6442f71926accfb5,2026-08-01,0,4,0.036763806
2,646b2adbdf8ad145,2026-08-01,0,1,0.032984957
2,64729454ec654165,2026-08-01,0,1,0.05335078
2,64895a19d007f378,2026-08-01,0,2,0.17852235
2,64de4f7add6b7659,2026-08-01,1,3,0.33207875
2,653df39d82ae215f,2026-08-01,0,3,0.28977674
2,65521a09c4166ead,2026-08-01,0,4,0.053175095
2,65670184484fc894,2026-08-01,0,1,0.20347401
2,657d914643a4e9b9,2026-08-01,0,2,0.0877549
2,657f72399009b940,2026-08-01,0,3,0.041478403
2,6593eaa101bd7dea,2026-08-01,0,2,0.156891
2,65947883d0d6fecb,2026-08-01,0,2,0.104432136
2,65a05e5ccb7aed3d,2026-08-01,0,1,0.27713782
2,65bcff79b874a870,2026-08-01,0,5,0.0757729
2,65ff6c8420b743f8,2026-08-01,1,1,0.07154519
2,66018f0cd8b9ac83,2026-08-01,0,3,0.1471874
2,66356109f1be47c4,2026-08-01,0,5,0.12212998
2,664c117bc6973d65,2026-08-01,0,1,0.0448507
2,665e6130510da773,2026-08-01,0,3,0.22574596
2,6663e61c641114a7,2026-08-01,0,1,0.07617287
2,66c7b700d4ec53b4,2026-08-01,0,3,0.054345082
2,66cbb6b1cfe5634d,2026-08-01,0,1,0.048444714
2,671d9386a757cc6a,2026-08-01,1,4,0.0683238
2,6728f2e0480848a6,2026-08-01,0,2,0.046853766
2,673360ecdf903a35,2026-08-01,0,4,0.024331769
2,67427d1b875b996f,2026-08-01,0,3,0.050018962
2,676adb516ccdac42,2026-08-01,0,4,0.037966654
2,67952366f80ab369,2026-08-01,1,4,0.29677805
2,67bf5ed66bf78443,2026-08-01,0,2,0.07314592
2,67d2147a51b99118,2026-08-01,1,3,0.21095821
2,67d58d562e9dc5ac,2026-08-01,0,4,0.059496503
2,681e3bbd95ec2a8a,2026-08-01,0,4,0.051759172
2,6867ad4a61524d33,2026-08-01,0,2,0.044289175
2,69076654f837d15e,2026-08-01,0,1,0.030581327
2,692c617c6537fecf,2026-08-01,0,1,0.036469787
2,69618cab7a1488c7,2026-08-01,0,3,0.060247622
2,6964fd2447b1751f,2026-08-01,0,1,0.037459448
2,696fcfb888028ecc,2026-08-01,1,1,0.04019672
2,69dd25b6c346c915,2026-08-01,0,3,0.10676292
2,69dfdfc1fedeb34c,2026-08-01,0,2,0.16230631
2,69e340025c8b6264,2026-08-01,0,5,0.13498813
2,69f310b10b6e030d,2026-08-01,0,3,0.03603166
2,69f79c1f2a6ab22e,2026-08-01,0,5,0.104732946
2,6a0cc348024c6478,2026-08-01,0,3,0.047643792
2,6a29fd189b77de56,2026-08-01,0,5,0.07730231
2,6a7017c194779e94,2026-08-01,0,5,0.043947645
2,6a9647591da4ef7a,2026-08-01,0,1,0.065146424
2,6abdc72a8b9b7031,2026-08-01,0,1,0.045779806
2,6ad1cbc70ae4f729,2026-08-01,0,5,0.035399422
2,6af4c8afc8b52fda,2026-08-01,0,2,0.045547776
2,6b0670f986f2dc16,2026-08-01,0,4,0.06751182
2,6b4054e406573099,2026-08-01,0,3,0.02781488
2,6b9f1aa19824985c,2026-08-01,0,3,0.14459033
2,6bdb99579cec658a,2026-08-01,0,2,0.09525715
2,6c049f8d7a6e0578,2026-08-01,1,5,0.084732264
2,6c16a7eb636f6850,2026-08-01,0,1,0.044479854
2,6c2e66958c6e7bbc,2026-08-01,0,4,0.041969076
2,6c3a1910a088775c,2026-08-01,0,4,0.14424518
2,6c5a9fb1bd6fa24b,2026-08-01,0,2,0.065829016
2,6c930586268cc2e5,2026-08-01,1,1,0.07732502
2,6cb69a5544748f7e,2026-08-01,0,3,0.042125992
2,6ced6d169e4340b2,2026-08-01,0,3,0.040703
2,6d0efb14a9530774,2026-08-01,0,4,0.0692578
2,6d41eb4030364167,2026-08-01,0,2,0.044125967
2,6d766fa773c4ebc6,2026-08-01,0,3,0.049402326
2,6daaf71db7866a63,2026-08-01,0,1,0.06130598
2,6dc94294c18e6823,2026-08-01,0,4,0.032177698
2,6dcf5f2ca2084033,2026-08-01,0,2,0.03702477
2,6e038ad2818e1fb3,2026-08-01,0,5,0.15274556
2,6e16aec4140a6a36,2026-08-01,0,2,0.06960751
2,6e87c3f15e2662d7,2026-08-01,0,3,0.051765732
2,6e89f16a84fdbde2,2026-08-01,0,5,0.035130028
2,6e9794ab3f2a05d6,2026-08-01,0,4,0.031000998
2,6eb3db6ec6d75514,2026-08-01,0,3,0.063492045
2,6ee093ee45102b47,2026-08-01,0,1,0.06366029
2,6ef0f0e15192f7a6,2026-08-01,0,4,0.12067573
2,6f4bb50f2c3dfd67,2026-08-01,0,5,0.024168337
2,6f51ee15f8d6d178,2026-08-01,1,3,0.36683115
2,6fb5233668b795e2,2026-08-01,0,3,0.06447977
2,6fb99d25be8be518,2026-08-01,0,3,0.047944997
2,6fcf339ba36a8019,2026-08-01,0,1,0.116483256
2,6fdcfb24bae1c337,2026-08-01,0,2,0.48006588
2,7038bed5dc02b7ee,2026-08-01,1,3,0.09358262
2,7047f54f6392b685,2026-08-01,0,4,0.032082807
2,706d6360b7f44331,2026-08-01,1,5,0.15655856
2,707841cea48fc7b0,2026-08-01,0,2,0.055555057
2,707b49ba1a7c6897,2026-08-01,0,4,0.11750607
2,7092b575d5e2adfb,2026-08-01,1,4,0.11609604
2,70a51d014d9a7dda,2026-08-01,0,5,0.038261075
2,70fec80b341630af,2026-08-01,0,2,0.09974273
2,710a42e451eb92df,2026-08-01,0,4,0.028058503
2,71172147bfd7c671,2026-08-01,0,1,0.44101268
2,71aad5e0843f41a0,2026-08-01,0,2,0.3644009
2,71abefc2236697a3,2026-08-01,1,1,0.09392987
2,71be0af4877b7ff4,2026-08-01,0,1,0.055256933
2,71e65fa88e700b5e,2026-08-01,0,1,0.043908432
2,71e82c35102e4167,2026-08-01,0,5,0.09717708
2,7254368e1a213aa3,2026-08-01,0,1,0.06287353
2,726899221e24da71,2026-08-01,0,2,0.08272135
2,72e862d3d3fc3976,2026-08-01,0,4,0.042236514
2,73171a02839fb8cc,2026-08-01,0,1,0.033702716
2,73328168aa9d5de7,2026-08-01,0,3,0.062233604
2,7346e31a95f6c6c3,2026-08-01,1,1,0.31835982
2,7388f2d126c4a626,2026-08-01,0,1,0.072102316
2,739022c2292c7be5,2026-08-01,0,3,0.045643516
2,7395b2d10db13d8b,2026-08-01,0,1,0.03951843
2,73abab1dd7897a84,2026-08-01,0,2,0.1128371
2,73ce78c8559443d1,2026-08-01,1,5,0.22556269
2,73d59b025647887c,2026-08-01,1,4,0.08901667
2,73d88bc9e52ef43a,2026-08-01,0,1,0.035186086
2,73e734754772e8a2,2026-08-01,0,2,0.056098614
2,744075ba3d405c12,2026-08-01,1,1,0.23028272
2,74490dabe5c00a8e,2026-08-01,0,3,0.27212662
2,7468a2f7a822f716,2026-08-01,0,4,0.05010319
2,746b5816151eff77,2026-08-01,0,4,0.04181484
2,74731011369d4ab3,2026-08-01,0,2,0.051433854
2,74d4faebb3510f67,2026-08-01,0,1,0.52913135
2,74d5712c6fd48fb8,2026-08-01,0,5,0.063221104
2,759e058ed7136593,2026-08-01,0,4,0.07615796
2,75a07dd141093655,2026-08-01,0,3,0.030072855
2,763045f02981cff3,2026-08-01,1,1,0.059646674
2,7682cf8444fcd542,2026-08-01,0,2,0.05519671
2,76ef3cffa4502122,2026-08-01,0,2,0.09010032
2,775e9b2c5c97ef6a,2026-08-01,0,4,0.034720417
2,7761486321b6d29c,2026-08-01,0,2,0.048573833
2,776d215954b7e1cc,2026-08-01,0,4,0.09739165
2,777b6fbba4cb13b7,2026-08-01,0,5,0.0880309
2,7789e2e6caed575f,2026-08-01,0,5,0.08569056
2,77ad83bb86f9237c,2026-08-01,0,3,0.041158065
2,77c74f6435e7eb87,2026-08-01,1,2,0.060308207
2,77cdf319aaf9cffc,2026-08-01,0,3,0.5077178
2,77f78ca6bd293a7d,2026-08-01,0,1,0.13689543
2,781077f1637a5740,2026-08-01,0,5,0.0880501
2,78302e6d0421d417,2026-08-01,0,1,0.029319152
2,784025a50cbc3605,2026-08-01,0,5,0.04984721
2,784bd8b9dcff433d,2026-08-01,1,5,0.22338901
2,789c6f21fe2c80e3,2026-08-01,0,1,0.05993415
2,78cdaf2b01e5f1ff,2026-08-01,0,4,0.08717054
2,78eb92bb529e2e7d,2026-08-01,0,5,0.051675577
2,794aba3310dcd21b,2026-08-01,0,4,0.08166626
2,79618d7d6d994386,2026-08-01,1,5,0.07436127
2,7963d389e9b7d876,2026-08-01,0,1,0.27164125
2,7963da1e1c5cc865,2026-08-01,0,2,0.05478695
2,798e7ad1d8b9a389,2026-08-01,0,2,0.045054115
2,799254a983202990,2026-08-01,0,4,0.048746694
2,79954dfc4546941d,2026-08-01,0,1,0.0328404
2,79a4584e7f53b7ee,2026-08-01,0,2,0.038223352
2,79d0896c075969e5,2026-08-01,0,1,0.23868173
2,79e496dc09b57ed9,2026-08-01,0,4,0.030636776
2,7a2fbe838482ca99,2026-08-01,0,2,0.3743503
2,7a2fe21c6a2577c1,2026-08-01,0,3,0.047690935
2,7a34539c8392957a,2026-08-01,0,4,0.45996
2,7a3c8de7b45e7080,2026-08-01,0,1,0.04685684
2,7a94e61e678e942b,2026-08-01,0,1,0.053948767
2,7acfe318f8afcd13,2026-08-01,0,2,0.38102284
2,7aedb0077fee54cc,2026-08-01,0,4,0.043081164
2,7b15ff83fc652e74,2026-08-01,0,3,0.038066123
2,7b275e597131a119,2026-08-01,0,2,0.08602988
2,7b324a32c0a9e58e,2026-08-01,1,4,0.4093271
2,7b47b26b2f90b127,2026-08-01,0,2,0.03680526
2,7b6ee7302ef45c0a,2026-08-01,0,2,0.12188064
2,7b74f185d442779f,2026-08-01,0,3,0.0720263
2,7ba3dd9ecd3bd65a,2026-08-01,1,3,0.08122199
2,7c002a5c9a6321d5,2026-08-01,0,4,0.116377994
2,7c049b6830834fc2,2026-08-01,0,4,0.05576824
2,7c77caf3a860dc30,2026-08-01,0,2,0.070262454
2,7c985a93b3f06571,2026-08-01,0,1,0.043601245
2,7c985f930cb0012d,2026-08-01,0,2,0.31946713
2,7cc4406e28186410,2026-08-01,1,3,0.13528524
2,7ccdee3598ae2d5d,2026-08-01,1,2,0.08974925
2,7d1f18abfd5a0dcf,2026-08-01,1,5,0.11084824
2,7d1fb63087b2486e,2026-08-01,0,3,0.3082011
2,7d21054d359a857f,2026-08-01,0,3,0.083286226
2,7d234e5ac11fb1a5,2026-08-01,1,4,0.11336611
2,7d5da7adf70118c7,2026-08-01,0,4,0.029804593
2,7dacfef2ca8f6a16,2026-08-01,0,2,0.048987158
2,7df53badb87d3188,2026-08-01,0,4,0.040041633
2,7e3e06a11976e5a9,2026-08-01,0,5,0.26720682
2,7e54fffaeeca5f59,2026-08-01,0,2,0.061631963
2,7e5d3090ec66e63a,2026-08-01,1,2,0.09550854
2,7e89f04f46132dbd,2026-08-01,0,4,0.05952026
2,7ea4948a8ad53a56,2026-08-01,1,2,0.19520493
2,7ed9c0c5ecb15405,2026-08-01,0,3,0.0472548
2,7edd43658bc1f4da,2026-08-01,0,1,0.053301122
2,7eeb69a63ce327f4,2026-08-01,0,3,0.11704323
2,7f0b872c14158f2c,2026-08-01,0,3,0.07053253
2,7f269a4786138d54,2026-08-01,0,3,0.05033927
2,7f2873c06f979315,2026-08-01,0,4,0.025972137
2,7f4efdcbb3cdaa6a,2026-08-01,0,5,0.093004435
2,7f7f3ce60b445b35,2026-08-01,1,4,0.32791018
2,7fa0af531179680b,2026-08-01,0,3,0.063460425
2,7fa1548ca33e6543,2026-08-01,0,5,0.035499156
2,7fcfda8d270bb332,2026-08-01,0,1,0.05378492
2,7fd80728dc44093d,2026-08-01,0,1,0.107160285
2,80048051c58e38c2,2026-08-01,0,3,0.17498206
2,802201740e6d00f9,2026-08-01,0,4,0.29500586
2,802f5ce0cec5b906,2026-08-01,0,3,0.095182404
2,8067f1c947bf228d,2026-08-01,0,3,0.050215863
2,8084c031e1cd0618,2026-08-01,0,1,0.038677823
2,80f8e4ee3deff31a,2026-08-01,0,4,0.057639547
2,8139e35835b7beed,2026-08-01,0,5,0.039603077
2,8150a2f6f2673d75,2026-08-01,0,5,0.044716224
2,816680bf5af1e2f8,2026-08-01,0,4,0.05623323
2,817313cb13cc74c4,2026-08-01,1,5,0.09187076
2,8177c85436b79c51,2026-08-01,0,1,0.038189176
2,81c5266f5abb87c0,2026-08-01,0,5,0.032866232
2,81d09bb7b16c78ef,2026-08-01,1,5,0.097308755
2,81f6d7dd74af1482,2026-08-01,0,3,0.057737447
2,81f74b5b62dd9e44,2026-08-01,0,3,0.038076114
2,82749a7b2d0e4b34,2026-08-01,0,5,0.034263577
2,8296f91c979238cd,2026-08-01,0,3,0.05082127
2,82c207b9cb03182d,2026-08-01,0,3,0.047473136
2,82e1c50a6c88d9cc,2026-08-01,1,3,0.19420084
2,8301aa2e1d36c999,2026-08-01,0,2,0.049257863
2,831d9ec4da0648f5,2026-08-01,1,3,0.06486177
2,83251e024802305e,2026-08-01,0,2,0.056832723
2,832acf6c072e9499,2026-08-01,0,1,0.026549213
2,83384850613003ab,2026-08-01,0,4,0.054676566
2,836c920836dca7aa,2026-08-01,0,1,0.3141301
2,83be74df26b20712,2026-08-01,1,3,0.093151376
2,83e81b0991e57715,2026-08-01,0,4,0.41278395
2,84528937bd74e8b0,2026-08-01,0,1,0.047639463
2,8453ccc349f843a6,2026-08-01,0,5,0.07132096
2,846c3419bf9e9bd1,2026-08-01,0,5,0.05801491
2,847e1d65b29cba09,2026-08-01,1,1,0.23056708
2,84902ab0afb0e90a,2026-08-01,0,5,0.1012396
2,84927d5278e976fd,2026-08-01,0,1,0.10578604
2,851780071d1faa1a,2026-08-01,0,4,0.10899961
2,854c3173cba2a0f6,2026-08-01,0,1,0.057358526
2,855b92e7240895b8,2026-08-01,0,3,0.02994754
2,855cddd032d5e88a,2026-08-01,0,3,0.06427665
2,856cc96f52df3ce8,2026-08-01,0,5,0.026263129
2,856d8eaf13242fb3,2026-08-01,0,5,0.037542883
2,859197d6184a3749,2026-08-01,0,1,0.05094439
2,85acd02bd3ddf8b1,2026-08-01,0,5,0.031269554
2,85c6585de92c1585,2026-08-01,0,1,0.039146643
2,8610ac51fea63c8f,2026-08-01,1,4,0.43377164
2,8656e1f43f240ffa,2026-08-01,0,1,0.120757274
2,865f5cc676b4e36d,2026-08-01,0,1,0.065125644
2,866943486c79c5d6,2026-08-01,0,5,0.026745627
2,8687359667a6b24d,2026-08-01,0,3,0.23176049
2,86b1cfb68113759d,2026-08-01,0,4,0.047755536
2,871422e76ea72bca,2026-08-01,1,5,0.30450234
2,873382c4b6554d8e,2026-08-01,0,1,0.51996964
2,877707f6b4733fad,2026-08-01,0,3,0.07609185
2,8788245188d850b3,2026-08-01,0,5,0.055233873
2,87d620d890291908,2026-08-01,0,4,0.22618705
2,87dc4c73a0e9a12d,2026-08-01,0,1,0.04046526
2,87f8021a08ad6559,2026-08-01,0,5,0.14740467
2,881541c27d0c5c5b,2026-08-01,0,1,0.03696503
2,884ba1a0b130e1e8,2026-08-01,1,5,0.4382077
2,88897071fd06c10f,2026-08-01,0,2,0.04483959
2,88adef67fdddacf5,2026-08-01,1,3,0.21963538
2,88b5bcd440a2cbb0,2026-08-01,0,3,0.05023026
2,88c7bf691911f471,2026-08-01,0,2,0.045472216
2,88e7e3b9de00b57f,2026-08-01,0,3,0.035630006
2,88f56d3e888dd3fb,2026-08-01,1,1,0.17889732
2,89103928e8e4b52d,2026-08-01,0,5,0.039623294
2,894ad321785ecdaa,2026-08-01,0,1,0.06232775
2,89980c490bf41ba7,2026-08-01,0,1,0.06099883
2,89d3839c7c7b9c61,2026-08-01,0,2,0.040753763
2,89d455a60bec434b,2026-08-01,1,3,0.060336836
2,89d7c1d506dafdcd,2026-08-01,0,2,0.06857195
2,89d8614a14451feb,2026-08-01,0,2,0.05184902
2,89dae9ebcb30f9cd,2026-08-01,0,5,0.39468488
2,89f9764d877684a3,2026-08-01,0,5,0.03566552
2,8a3b32d1252f1c1c,2026-08-01,0,5,0.16171657
2,8a6de3217b58743b,2026-08-01,0,5,0.031904206
2,8a7d8db7a098c54e,2026-08-01,0,2,0.3948875
2,8ac69bfc921edead,2026-08-01,0,2,0.15956655
2,8b3123f7af047f27,2026-08-01,0,1,0.05777448
2,8b729743fd7d1003,2026-08-01,0,3,0.027044438
2,8bc723d803d7ef65,2026-08-01,1,2,0.4612516
2,8bd8e7aa3596e79d,2026-08-01,0,5,0.05454058
2,8c244533caa95a40,2026-08-01,0,1,0.06623949
2,8c2480a57d00fce7,2026-08-01,1,5,0.07142462
2,8c27dd0363373870,2026-08-01,0,5,0.19473816
2,8c575c088297d8d1,2026-08-01,0,3,0.06819928
2,8c68ccc72e2618a9,2026-08-01,0,5,0.054577943
2,8c7773175edf8d9f,2026-08-01,1,5,0.17509857
2,8c9b979b7e5a292c,2026-08-01,0,5,0.08753575
2,8cdef75f1fe34077,2026-08-01,0,2,0.13156478
2,8ced09b8ddea57cd,2026-08-01,0,4,0.4056879
2,8d0cd61e28b8209b,2026-08-01,0,4,0.046129957
2,8d195e30b904d9f2,2026-08-01,0,1,0.04711678
2,8d32884dd4f791ca,2026-08-01,0,2,0.06233069
2,8d4f982fa7db555e,2026-08-01,0,1,0.05944832
2,8d58a56d3fee9da0,2026-08-01,0,5,0.10081837
2,8dbcffefb68b6dd7,2026-08-01,0,3,0.037698362
2,8dc54af95a03eb2a,2026-08-01,0,5,0.13703549
2,8e018e1cf59e297b,2026-08-01,0,1,0.11593613
2,8e8c02f5b92efcf8,2026-08-01,0,4,0.049339905
2,8ee245c568edb66a,2026-08-01,0,3,0.046538126
2,8ee9c751fa1d27bf,2026-08-01,1,1,0.04314937
2,8f0a62da8d5c2e0a,2026-08-01,0,1,0.07928492
2,8f0f6987a99d6e63,2026-08-01,0,2,0.06442176
2,8f4c9076bc78d03e,2026-08-01,0,1,0.1834156
2,8f6fb5b3588fbe6b,2026-08-01,0,4,0.0699737
2,8f9dae2f81376be4,2026-08-01,0,4,0.19610047
2,8fab20cf9a53b064,2026-08-01,0,2,0.16942275
2,8fb19b6befb10034,2026-08-01,0,5,0.034773823
2,8fb4d6763deddfbe,2026-08-01,0,5,0.16790843
2,8fbc1736f2c099ce,2026-08-01,0,5,0.040929124
2,8fbd91da59c6db4a,2026-08-01,0,3,0.040551834
2,8fd93b1055d39f00,2026-08-01,0,1,0.044128463
2,903512811c0604a0,2026-08-01,1,1,0.044434488
2,904dfbb01d368bea,2026-08-01,0,3,0.03621002
2,90abf670b93becca,2026-08-01,0,3,0.039997537
2,90ace711cdca997e,2026-08-01,0,3,0.05285492
2,90ba0dd4c907606d,2026-08-01,0,4,0.05565306
2,90c936290168ae7a,2026-08-01,0,4,0.086681984
2,90d3e97098e20a3e,2026-08-01,0,2,0.05322775
2,90dae62d8b76ea31,2026-08-01,0,1,0.04169213
2,90dcd74dad1b0919,2026-08-01,0,1,0.052743696
2,9108a9cb8850a9b1,2026-08-01,0,4,0.0292732
2,9150cad48ad74666,2026-08-01,1,5,0.09262137
2,9160aeeb1909f466,2026-08-01,0,4,0.085104
2,91659fc75cc65828,2026-08-01,0,3,0.052372348
2,91c114c18ceb8323,2026-08-01,0,5,0.11918906
2,91c6ddc159ca4f56,2026-08-01,0,1,0.048486806
2,91d4ab501e1b1f7f,2026-08-01,0,4,0.057975758
2,923212e50044d305,2026-08-01,0,4,0.046434067
2,923c1866554d3fe8,2026-08-01,0,3,0.06558059
2,927db2ad7951aaec,2026-08-01,0,3,0.038145553
2,92e370939bee4471,2026-08-01,0,4,0.065488026
2,92fc1b40427b5c14,2026-08-01,0,2,0.0317394
2,931359d15e10408c,2026-08-01,0,5,0.051314104
2,9323e43c015b9bdc,2026-08-01,0,3,0.04194728
2,9324409800f96072,2026-08-01,0,5,0.05896037
2,9328d83df0c7225c,2026-08-01,0,3,0.04371583
2,933168e0a722f493,2026-08-01,0,2,0.07005392
2,93ae766eeeb3caf7,2026-08-01,0,1,0.055071853
2,93d2dc932375f6b0,2026-08-01,0,3,0.033582184
2,9415a58ad83e09c6,2026-08-01,0,2,0.057646114
2,943033c4664f5a50,2026-08-01,0,2,0.060411245
2,94429b51fff73601,2026-08-01,0,5,0.06794898
2,9494484234b4aa76,2026-08-01,0,2,0.056320235
2,94c5ab49f4d74468,2026-08-01,0,5,0.028945044
2,94e0a6a5898d2ca8,2026-08-01,0,4,0.18449904
2,94fa6616f7950bf7,2026-08-01,0,5,0.05509825
2,950168ea2fe30257,2026-08-01,0,5,0.18416472
2,9523d34e48642da6,2026-08-01,0,3,0.05855955
2,9563a1b9660943f8,2026-08-01,0,5,0.091830485
2,95642bbea1078de2,2026-08-01,0,2,0.05898865
2,95ca11896bf52c08,2026-08-01,0,3,0.043105617
2,96062a339e1b8e2d,2026-08-01,0,4,0.046732
2,9609310fe0c53c61,2026-08-01,0,2,0.05541469
2,962da81cce17765a,2026-08-01,0,4,0.19617549
2,96b06d048cab233b,2026-08-01,0,3,0.17877612
2,96c36fa337984982,2026-08-01,0,3,0.4501758
2,96ddabc1d78a5c95,2026-08-01,0,5,0.030797604
2,97172d0ad2efb13c,2026-08-01,0,1,0.03026858
2,9743740677615bfd,2026-08-01,0,1,0.02522702
2,97aae12d9333edb1,2026-08-01,0,4,0.029694928
2,97c6bc5468ba1099,2026-08-01,0,3,0.10986842
2,97ef780afb9fa959,2026-08-01,0,3,0.041175645
2,98003ac372be47a8,2026-08-01,0,1,0.07925044
2,9840235fa3b1118c,2026-08-01,0,1,0.043683212
2,98790ea50a402a9a,2026-08-01,0,2,0.085695565
2,9889ef7d78ebf5f0,2026-08-01,0,1,0.037699368
2,988a9993ae7afdf6,2026-08-01,0,2,0.07541506
2,98b33f1dac028c7e,2026-08-01,1,4,0.07355311
2,98b47a68306cbd7c,2026-08-01,0,1,0.0353226
2,98f60ce5feb70786,2026-08-01,0,2,0.054020315
2,991ee284886adc0a,2026-08-01,0,1,0.05434754
2,993019c1e0a71da5,2026-08-01,0,2,0.17375597
2,99700ddbed7e7a2e,2026-08-01,0,3,0.054735843
2,99b8c431ff10b671,2026-08-01,0,2,0.04250883
2,99fb559b1bb4b897,2026-08-01,0,2,0.15708351
2,9a3097d4d8cef285,2026-08-01,0,3,0.05114082
2,9a7848a403532ad2,2026-08-01,0,2,0.089202486
2,9acfa8e7aebe3cfa,2026-08-01,0,1,0.047939293
2,9ad6b3b85962209d,2026-08-01,0,2,0.093148276
2,9aeda55867385ff6,2026-08-01,0,4,0.029716637
2,9af7905abd1bc36a,2026-08-01,0,4,0.14012936
2,9b45364df20bdb68,2026-08-01,0,3,0.06082988
2,9b95ab0019eb9c67,2026-08-01,1,2,0.051543057
2,9b95f7b87ebdffc6,2026-08-01,0,1,0.15269403
2,9bc36d8752964a9b,2026-08-01,0,2,0.04885072
2,9bc809a36a705942,2026-08-01,0,1,0.039986853
2,9c33f16a86a4982e,2026-08-01,0,2,0.041534234
2,9c6f75dbf7c8172d,2026-08-01,0,4,0.059708312
2,9cfdcce39c2eafb2,2026-08-01,0,2,0.07528586
2,9d17403d439cbc8a,2026-08-01,0,2,0.12441121
2,9d3830b380338fbf,2026-08-01,0,3,0.24157704
2,9d6179d34b00c6ad,2026-08-01,0,4,0.0525107
2,9d6e0205943753f4,2026-08-01,0,1,0.045785543
2,9d9eb6257a209e40,2026-08-01,1,1,0.03661206
2,9da9f0fb1fa8b8c8,2026-08-01,0,4,0.17082581
2,9dc141df1cf009a2,2026-08-01,0,4,0.03218703
2,9de7064da417f80f,2026-08-01,0,4,0.0784085
2,9deeaa1929bbfe55,2026-08-01,1,3,0.09104822
2,9df8a8136deab0c3,2026-08-01,0,1,0.042843543
2,9e188fc622581c21,2026-08-01,0,1,0.080049604
2,9e25262caa2c3cc6,2026-08-01,0,5,0.07203387
2,9e2a317310299a5c,2026-08-01,0,4,0.14160314
2,9e2c74704ee5731a,2026-08-01,0,5,0.032039627
2,9e56bea4487cf51a,2026-08-01,0,3,0.06806274
2,9e6b7e6fbc69b77f,2026-08-01,0,1,0.080577135
2,9ea8ba795abaa688,2026-08-01,0,4,0.07587297
2,9ebe7ce56bce9f2a,2026-08-01,0,5,0.12664911
2,9ef2f1fb9453dd9e,2026-08-01,0,2,0.21602881
2,9ef9930899dbac2f,2026-08-01,0,1,0.2285146
2,9f28aa48c3cb7cbf,2026-08-01,0,4,0.15711543
2,9f59d72388e4752f,2026-08-01,0,4,0.08765667
2,9f67443ff2604f42,2026-08-01,0,1,0.06546226
2,9f6d1f649ad7d8e0,2026-08-01,0,2,0.05856243
2,9f7acfe87eb3f068,2026-08-01,0,3,0.048730556
2,9f8e93b9b39832b0,2026-08-01,0,1,0.13360566
2,9f96af1f260930d9,2026-08-01,0,4,0.12707923
2,9f9732690bb27078,2026-08-01,1,1,0.105515756
2,9f97a3a59b40ca2d,2026-08-01,0,2,0.04619645
2,9f9e8a7b80d4a7fb,2026-08-01,0,5,0.04780644
2,9faef82e6cd6106f,2026-08-01,0,3,0.04981793
2,9ffa653bdbeb8e8a,2026-08-01,0,1,0.03676256
2,a01e86b6afe669b6,2026-08-01,1,1,0.06590236
2,a02d0fbd8245a4e1,2026-08-01,0,4,0.046733044
2,a03af240ad635dca,2026-08-01,0,3,0.03852138
2,a05c42e088e78df1,2026-08-01,0,5,0.08440315
2,a06d5f119e3aad96,2026-08-01,0,4,0.04248283
2,a0a01969b20e5640,2026-08-01,0,4,0.43463948
2,a0b031cb38b16092,2026-08-01,0,4,0.14312668
2,a0bc044a15fbe757,2026-08-01,0,1,0.11915176
2,a0e724a151584397,2026-08-01,0,1,0.05808371
2,a0f5cfda8a99733c,2026-08-01,0,2,0.041147348
2,a106421db5895643,2026-08-01,0,1,0.05137397
2,a10e0d6af1592b17,2026-08-01,0,4,0.04719821
2,a119ba0d75fb7c7c,2026-08-01,0,5,0.04144446
2,a126d8417b2ee369,2026-08-01,0,5,0.062100094
2,a128a329a175ed28,2026-08-01,0,1,0.15090515
2,a1382081e62159a4,2026-08-01,0,1,0.05798905
2,a1ad0a5382b58211,2026-08-01,1,4,0.0844079
2,a1b2b75ca633a540,2026-08-01,0,5,0.033742767
2,a1c8133c5da148a7,2026-08-01,0,5,0.046489842
2,a1db46265634ec32,2026-08-01,0,1,0.045443323
2,a1dbebb92f69153d,2026-08-01,0,5,0.0923969
2,a2143082683ea347,2026-08-01,0,1,0.058269393
2,a2600b94a9913dbc,2026-08-01,1,1,0.11328836
2,a2b719da995fe1e8,2026-08-01,0,5,0.06286877
2,a2cf53b50cb980ae,2026-08-01,1,5,0.11206713
2,a2d759e6977f2835,2026-08-01,0,2,0.042962793
2,a2da0a0b514b51b0,2026-08-01,0,5,0.027326299
2,a2de3eb1aa048e68,2026-08-01,0,2,0.074346244
2,a2e268b8f65ba783,2026-08-01,0,5,0.046205614
2,a2f42493fbbb8571,2026-08-01,0,3,0.1375327
2,a2f610d9637cc429,2026-08-01,0,2,0.033710048
2,a2fb0da3c836bbce,2026-08-01,0,2,0.09139923
2,a31d85b840c04ca3,2026-08-01,0,5,0.077795416
2,a383fe644a8451ed,2026-08-01,0,2,0.038006622
2,a3a03227558c41b5,2026-08-01,0,3,0.096289314
2,a3b5e0ba9deca188,2026-08-01,0,3,0.034565173
2,a3bb35abcff672c9,2026-08-01,0,5,0.02748667
2,a3cd2307e2dbc640,2026-08-01,0,1,0.031220915
2,a3cd6f7bd1986ba3,2026-08-01,0,1,0.07334549
2,a3dea23ed73f02ff,2026-08-01,0,5,0.07636431
2,a3fae5de5dfc2fd6,2026-08-01,0,5,0.0269977
2,a41e1a6f10e1c09a,2026-08-01,0,3,0.04775725
2,a420f67f72b6f8bf,2026-08-01,0,5,0.08221575
2,a4ec9e6224825e63,2026-08-01,0,5,0.23300692
2,a50deda2245e6b98,2026-08-01,0,2,0.29387864
2,a527d04cc7185d1a,2026-08-01,1,3,0.24718437
2,a560fb81ad3b118d,2026-08-01,0,1,0.028645398
2,a57466e6db115a5c,2026-08-01,0,4,0.041099347
2,a57975c6a6c474a2,2026-08-01,0,2,0.12598327
2,a5bf7d6fc937cef3,2026-08-01,0,4,0.029655173
2,a5c732a8ad69b057,2026-08-01,0,3,0.05131947
2,a5ecf0a392194af2,2026-08-01,0,1,0.031346906
2,a620697383af856b,2026-08-01,0,5,0.08023881
2,a65ded60242d1fb7,2026-08-01,0,2,0.15581055
2,a66c2ee1508f6338,2026-08-01,1,4,0.14076751
2,a6ae7c1d0d138cdd,2026-08-01,0,3,0.04350121
2,a6bc4a1347871e13,2026-08-01,0,4,0.03661553
2,a6c00b2d91564a32,2026-08-01,0,3,0.04760193
2,a6d1d092ae338fde,2026-08-01,0,5,0.055099152
2,a6e155e17b879c8d,2026-08-01,0,3,0.27551618
2,a733dade19ae53f4,2026-08-01,0,5,0.037518192
2,a78af37ceec5a193,2026-08-01,0,1,0.04268103
2,a78beb5a4101dd7c,2026-08-01,0,4,0.282044
2,a7cc5158acc697cb,2026-08-01,0,5,0.08748967
2,a830edabe7a9d797,2026-08-01,0,5,0.045428447
2,a84b0280e1396fcd,2026-08-01,0,5,0.050308336
2,a88a38d20bcece54,2026-08-01,0,1,0.086864226
2,a8c89d44d53dc856,2026-08-01,0,4,0.15062295
2,a8cb283d3c7797c6,2026-08-01,0,2,0.03683587
2,a8d9da62f6b4eae9,2026-08-01,0,4,0.08697799
2,a8e03c4fdf4e5e42,2026-08-01,0,3,0.047897767
2,a8ec6d9131404507,2026-08-01,1,4,0.4041796
2,a8edaf9b9236b36f,2026-08-01,0,2,0.05647423
2,a93a7778af354e76,2026-08-01,0,5,0.050707232
2,a9853773d97be2e9,2026-08-01,0,1,0.07148619
2,a99167563b2408f9,2026-08-01,0,3,0.040479485
2,a993c3f829a18225,2026-08-01,0,5,0.0756272
2,a9e4a58003a4cc09,2026-08-01,0,2,0.04249896
2,a9e5625f46ed2be1,2026-08-01,0,3,0.04949124
2,aa2b7237ea0c164e,2026-08-01,0,5,0.0714948
2,aa3e70d385b22efe,2026-08-01,0,5,0.03837245
2,aa5dd31b583c2bb2,2026-08-01,0,3,0.036411047
2,aaa6cb645c2339f5,2026-08-01,0,2,0.031090315
2,aac7f68d84e822e6,2026-08-01,0,4,0.19195737
2,ab02eb3311ed268d,2026-08-01,0,3,0.084813654
2,ab105ccea8dee108,2026-08-01,0,2,0.03918063
2,ab14992e71e63f65,2026-08-01,0,1,0.051890887
2,ab4a5e3a1a88f1a4,2026-08-01,0,4,0.036917485
2,ab54f33cd1aedc2c,2026-08-01,0,4,0.1955778
2,ab5bd6d97c272e7b,2026-08-01,0,4,0.05538506
2,ab6a31fd6cf3514c,2026-08-01,0,2,0.04456833
2,ab6d577dc0367aa3,2026-08-01,0,4,0.15786456
2,ab91e2e9d97a490d,2026-08-01,0,4,0.089956805
2,aba0c74f8c8c1e58,2026-08-01,0,4,0.027744377
2,abaaa5500f004974,2026-08-01,0,1,0.04228912
2,abd80393a4d031b3,2026-08-01,0,3,0.063441776
2,abefbeacf8d837a6,2026-08-01,0,5,0.30291334
2,abfb637f85e686aa,2026-08-01,0,3,0.1590958
2,ac0a3438c4b266f1,2026-08-01,0,2,0.05387641
2,ac3c445e800aa1ca,2026-08-01,0,4,0.18191984
2,ac3e30d321d93bc9,2026-08-01,0,2,0.031788107
2,ac7bbb249775f80e,2026-08-01,0,3,0.048442256
2,ac86ab6bbd16ae2d,2026-08-01,0,3,0.04777318
2,ac9cb06aafc55bb7,2026-08-01,0,1,0.02883046
2,acd5fb670b947a7c,2026-08-01,0,3,0.04998363
2,ace2fd0ec6cd17c0,2026-08-01,0,2,0.52611583
2,aceb9166e6ea9e3c,2026-08-01,0,2,0.20087983
2,ad294aaf9163f411,2026-08-01,0,4,0.036198214
2,ad4cfa5bc1bc9952,2026-08-01,0,2,0.04005683
2,ad620dc1c1a23289,2026-08-01,0,5,0.30537915
2,ad68c61c8527db89,2026-08-01,0,3,0.060584757
2,ad9f9ad46f76ef1a,2026-08-01,0,3,0.058728114
2,adcac29554ca0420,2026-08-01,0,1,0.044167064
2,adcf0e9b54c9b3d1,2026-08-01,0,2,0.16104981
2,add39e8f9f54127f,2026-08-01,0,2,0.046873465
2,addffe80d041bee3,2026-08-01,0,4,0.077528246
2,ae0c422aff17b6e6,2026-08-01,0,5,0.073859945
2,ae4f44d54274af02,2026-08-01,0,5,0.041255187
2,ae513f4774ee4bea,2026-08-01,0,1,0.043668415
2,ae63af666e5152a3,2026-08-01,0,5,0.109627254
2,ae74c65a1d980abe,2026-08-01,1,3,0.04968946
2,ae88dc33b2033f34,2026-08-01,0,4,0.20989409
2,ae90a961187d7517,2026-08-01,0,3,0.04662618
2,aee09aabaa3a6089,2026-08-01,0,3,0.037028514
2,aee65690bae5c744,2026-08-01,0,5,0.06115505
2,aef9e42c8b317e99,2026-08-01,0,1,0.054651357
2,af00549412802d77,2026-08-01,0,5,0.037840787
2,af1b9e6506b47c46,2026-08-01,0,3,0.035980444
2,af34bbf275360e12,2026-08-01,0,3,0.12198957
2,af66cf622bb7d855,2026-08-01,0,5,0.033846896
2,af8dac02ac7a80fa,2026-08-01,0,3,0.081181616
2,afbaece3e015cb85,2026-08-01,0,3,0.0519367
2,afbcaa167f760f41,2026-08-01,0,1,0.046723347
2,afcc19bea829c337,2026-08-01,0,2,0.048047088
2,afdc6f91473e162f,2026-08-01,0,2,0.049496774
2,afdd5a32b08fe4ed,2026-08-01,0,5,0.13929603
2,aff862107be61687,2026-08-01,0,1,0.08220543
2,b00593d46073b080,2026-08-01,1,2,0.29988256
2,b042d553f34670e9,2026-08-01,0,2,0.06421262
2,b04d8293e23014ac,2026-08-01,0,2,0.3004989
2,b0636ef7540b9562,2026-08-01,0,3,0.095329955
2,b08225648afd2617,2026-08-01,0,3,0.057088617
2,b08f396d0d912b19,2026-08-01,1,1,0.38607502
2,b0c11fdccd5602f8,2026-08-01,0,4,0.034803957
2,b0df88abee12229f,2026-08-01,0,1,0.043898866
2,b0f42905841a6279,2026-08-01,0,1,0.03475753
2,b1021ac20024a336,2026-08-01,0,4,0.053954463
2,b135a726e1406faf,2026-08-01,0,3,0.049084928
2,b18b1ed814b96a6f,2026-08-01,0,5,0.08032164
2,b191d8beda8323fc,2026-08-01,0,5,0.05425768
2,b1e456adc93a6691,2026-08-01,0,4,0.050712883
2,b200d82868c3c948,2026-08-01,0,3,0.03357081
2,b2298fafe71cf582,2026-08-01,0,5,0.12125343
2,b268b655f053d44e,2026-08-01,1,4,0.29913214
2,b2817abfeabc595c,2026-08-01,0,2,0.05945956
2,b2bc58c5faba8549,2026-08-01,0,1,0.241603
2,b2cf2ee8036de490,2026-08-01,0,2,0.066779494
2,b2e8545e3ba42f5b,2026-08-01,0,4,0.6304119
2,b3067369708e5062,2026-08-01,0,2,0.05427978
2,b328afb6b381f6b4,2026-08-01,0,1,0.38935548
2,b38441e4cce50fc0,2026-08-01,0,4,0.0218296
2,b3946ea1653a3d03,2026-08-01,0,5,0.3336591
2,b39cf66f9ddc0969,2026-08-01,0,2,0.07069192
2,b3b4a68bd81a9c56,2026-08-01,0,2,0.044591717
2,b3cb4260c1897c9f,2026-08-01,0,5,0.27520177
2,b3e79e2eeab3da78,2026-08-01,0,4,0.032212626
2,b440d575a07a7ae7,2026-08-01,0,3,0.05077839
2,b480be0e73cfba26,2026-08-01,0,1,0.029619375
2,b4b766d3f6f07b19,2026-08-01,1,3,0.12240239
2,b4bbb3f9b50e5758,2026-08-01,0,2,0.3438688
2,b500c1702b0d40bf,2026-08-01,0,4,0.069767766
2,b543ed956b53fb21,2026-08-01,0,4,0.17406191
2,b55690549255225b,2026-08-01,0,5,0.07803851
2,b55a54bce52529d3,2026-08-01,0,4,0.039580096
2,b587eabf9fc27b46,2026-08-01,0,4,0.055243168
2,b5b3b8c06f921d5b,2026-08-01,0,4,0.10392591
2,b5ba6841e623d38b,2026-08-01,0,3,0.059184384
2,b5cabf6fb97cd423,2026-08-01,0,5,0.03609848
2,b5d50f170b7d2dda,2026-08-01,0,4,0.112294696
2,b5ea57dade3035e1,2026-08-01,0,2,0.035597686
2,b61fe0a600e53e67,2026-08-01,0,5,0.093394436
2,b6227957f4a46b15,2026-08-01,0,3,0.06257377
2,b628a13f92c582fb,2026-08-01,0,5,0.027865864
2,b6432297ebb680d9,2026-08-01,0,5,0.035788607
2,b66de7dc99a03b75,2026-08-01,0,5,0.06758917
2,b6784732cfa9033b,2026-08-01,0,3,0.076461144
2,b685e41c8bab731f,2026-08-01,1,4,0.13526858
2,b68bf369323284ab,2026-08-01,0,4,0.093297035
2,b6a2c6ae226605c4,2026-08-01,0,5,0.08280062
2,b6ab316e78ea33aa,2026-08-01,0,5,0.04080931
2,b6bab12a94a39c91,2026-08-01,1,5,0.047239464
2,b6e52720aa621b7b,2026-08-01,0,4,0.50234306
2,b72539c4f784d677,2026-08-01,0,3,0.18660395
2,b73e5b7e3749b4c1,2026-08-01,0,4,0.07425685
2,b76754734cf1d3f1,2026-08-01,0,4,0.055125143
2,b77ceefec05f5052,2026-08-01,0,5,0.07845341
2,b7813ac4e381057a,2026-08-01,0,2,0.038672637
2,b785a16e5adc6e6e,2026-08-01,0,2,0.044798445
2,b79af5c11bf23821,2026-08-01,0,3,0.053181443
2,b7ca88c8ee1db257,2026-08-01,0,4,0.38429427
2,b84d23bef55fb27d,2026-08-01,0,2,0.11152053
2,b84de724029ff043,2026-08-01,1,2,0.034454223
2,b866c4c79541dd80,2026-08-01,0,4,0.038543496
2,b88e14602c1cca91,2026-08-01,0,5,0.036142893
2,b8ba5d622f78701d,2026-08-01,0,2,0.055576917
2,b91142da717bf492,2026-08-01,0,2,0.061321784
2,b915260c55ad110e,2026-08-01,0,4,0.035968505
2,b97bc685924b2b14,2026-08-01,1,4,0.40735558
2,b995213c5f454619,2026-08-01,0,3,0.41887295
2,b99d139ba5745fae,2026-08-01,0,2,0.07282564
2,b99dacd6876b11f1,2026-08-01,0,4,0.031788576
2,b9bb668c4619a9d3,2026-08-01,0,1,0.052773245
2,b9bc9ad70e8844e5,2026-08-01,0,5,0.16387618
2,ba0b1332199a75ef,2026-08-01,0,3,0.039044328
2,ba507e426e306fa8,2026-08-01,0,1,0.055274934
2,ba56366041a0ee65,2026-08-01,0,4,0.03938451
2,bab9743e9262c581,2026-08-01,0,2,0.032885898
2,badaaef4a5f8a37c,2026-08-01,0,4,0.053403053
2,badd80f748ea5ba7,2026-08-01,0,2,0.053638116
2,bae2ad75d1edbadc,2026-08-01,0,2,0.042950876
2,baf7a0ba49e262f5,2026-08-01,0,1,0.06846319
2,bb32b79ffc219bb5,2026-08-01,0,3,0.068956204
2,bb36ac794b49610f,2026-08-01,0,1,0.05381341
2,bb589db368d5a61b,2026-08-01,0,2,0.109583326
2,bb73707694903ca1,2026-08-01,1,2,0.1676494
2,bb808329b557e7a4,2026-08-01,0,1,0.121015355
2,bbca35f5aa585e71,2026-08-01,0,3,0.04601173
2,bbe42c7d65c18409,2026-08-01,0,2,0.037694022
2,bbe5f6df6e65ebcf,2026-08-01,0,5,0.1039903
2,bbf638f1188b3213,2026-08-01,0,4,0.048357427
2,bc0516377fd0c789,2026-08-01,1,3,0.5405358
2,bc0f36540d98c664,2026-08-01,0,3,0.03574087
2,bc35ef03fd206f95,2026-08-01,0,3,0.044723287
2,bc52f54016f9754f,2026-08-01,1,3,0.1509418
2,bc9daa107d015da2,2026-08-01,0,1,0.3850801
2,bca5f75d75e6b903,2026-08-01,0,1,0.05462274
2,bca7323c776cf361,2026-08-01,0,2,0.046353392
2,bcd72042a69d4400,2026-08-01,0,3,0.03713086
2,bcea6e49d5f12117,2026-08-01,0,5,0.028368536
2,bd196adbbbe6d272,2026-08-01,0,3,0.05294848
2,bd3bbba5db668ee4,2026-08-01,0,1,0.029882573
2,bd3ee64cace2f233,2026-08-01,0,4,0.038735263
2,bd47e665f8c8fd80,2026-08-01,0,4,0.06185394
2,bd5f3c0a753f6d46,2026-08-01,0,4,0.28541204
2,bd786391f3063121,2026-08-01,0,2,0.11610653
2,bdd0687bfef2c769,2026-08-01,0,5,0.32976407
2,be2763acb14928c9,2026-08-01,0,1,0.045148972
2,be31f9fe19958dcd,2026-08-01,0,3,0.04485395
2,be55bfc57fcb1ecc,2026-08-01,0,4,0.030067926
2,be99309423146bc9,2026-08-01,0,4,0.04486473
2,bec242379df0f164,2026-08-01,0,4,0.08000707
2,bee383b051728700,2026-08-01,0,5,0.068960294
2,bf49b6ce11a0d8f2,2026-08-01,0,1,0.07442773
2,bf4e277ca8e326f0,2026-08-01,0,1,0.062778205
2,bf4f5bb0fb0aac47,2026-08-01,0,1,0.07977653
2,bf6b0f6da3f1211f,2026-08-01,0,4,0.04705699
2,bf80315c6b93b0bd,2026-08-01,0,3,0.09063483
2,bf96aae12dab5cea,2026-08-01,0,3,0.033231143
2,bfbefea4f3d54c2b,2026-08-01,0,2,0.049562793
2,c03f0ccfc4b1e691,2026-08-01,0,5,0.065973766
2,c0b0908c83a52af3,2026-08-01,0,5,0.051663183
2,c0fb3a6ebaf7471b,2026-08-01,0,3,0.04426756
2,c18e5108c7114ea2,2026-08-01,0,1,0.05323105
2,c1a24df67a6729b9,2026-08-01,0,2,0.0874074
2,c1cf1d3e38ece0a3,2026-08-01,0,5,0.089775816
2,c1ec39e84e01b13d,2026-08-01,0,4,0.045295727
2,c21c163c2bc4340f,2026-08-01,0,2,0.04738538
2,c22285f25c000941,2026-08-01,0,1,0.04489686
2,c237361491d8aec6,2026-08-01,0,1,0.046740104
2,c269c42c707c1226,2026-08-01,0,2,0.039106004
2,c2ac788fff250f62,2026-08-01,0,2,0.08473258
2,c2aea665a3684745,2026-08-01,0,1,0.045290314
2,c2b872c39e93e5e8,2026-08-01,0,5,0.050473303
2,c2c8767a669e45f7,2026-08-01,0,2,0.042386107
2,c341811d0f584892,2026-08-01,0,2,0.18481208
2,c34cdf43a9bf0e3f,2026-08-01,1,1,0.2634143
2,c3566876df20aacd,2026-08-01,0,2,0.04970654
2,c391ce936f43e12d,2026-08-01,0,4,0.03983044
2,c39cf225e095c5d6,2026-08-01,0,1,0.052385896
2,c3b37f01052ed126,2026-08-01,0,1,0.06380417
2,c3ee74fc801610a1,2026-08-01,0,5,0.054640826
2,c3eedfeabc3c1e29,2026-08-01,0,5,0.112417296
2,c4a068592a0c7efa,2026-08-01,0,5,0.04588838
2,c4a3b83b84cf4e5d,2026-08-01,0,2,0.03661487
2,c4aff94c150b5f0c,2026-08-01,0,3,0.052881952
2,c4ebe37e01dbbaf1,2026-08-01,0,2,0.048452146
2,c506c90dc3fa6cf7,2026-08-01,0,4,0.13038589
2,c52fb2600f4882f5,2026-08-01,0,5,0.07182248
2,c544bff715a83ec5,2026-08-01,0,2,0.040778387
2,c56c2124fb807c05,2026-08-01,0,4,0.04197611
2,c57a12c804964398,2026-08-01,0,4,0.4898892
2,c5941363aa6aa374,2026-08-01,0,3,0.047284674
2,c5a8a90bf1e3f3a2,2026-08-01,0,4,0.084194735
2,c5b02ff7eea02877,2026-08-01,0,4,0.11475499
2,c6010701eda5d7c7,2026-08-01,1,2,0.051955853
2,c6136db46d5978df,2026-08-01,1,5,0.09890752
2,c61673cec8bcafea,2026-08-01,0,3,0.044492926
2,c65305b7ac5e3e4a,2026-08-01,0,1,0.026803343
2,c65428b7334127e2,2026-08-01,0,2,0.046881557
2,c655419f15aeaf32,2026-08-01,0,3,0.058192067
2,c68693ecd7c335dc,2026-08-01,0,5,0.089780614
2,c6886c535378c0c6,2026-08-01,0,1,0.037361033
2,c6e82197c2f36695,2026-08-01,0,1,0.05204253
2,c6ff018dcc2bffb1,2026-08-01,0,2,0.042445622
2,c72eec1ae4762763,2026-08-01,0,1,0.037483934
2,c740168dbe204354,2026-08-01,0,1,0.03331753
2,c758ada5f2176097,2026-08-01,0,1,0.06332715
2,c78ca395209ddf86,2026-08-01,0,5,0.058361784
2,c78fc8d3bec6f090,2026-08-01,1,5,0.36140606
2,c7c36392d8399090,2026-08-01,0,4,0.04141643
2,c7cee8aa3e1ddf9d,2026-08-01,0,5,0.07574812
2,c8458372ca1c8529,2026-08-01,0,4,0.040629424
2,c846f3b00f33a7f4,2026-08-01,0,4,0.05499598
2,c848bfb279ad17ab,2026-08-01,0,1,0.103354454
2,c873f5884dcf797d,2026-08-01,0,3,0.31920412
2,c8a9d532139601cf,2026-08-01,0,1,0.14638348
2,c8f3261b0643ede7,2026-08-01,0,3,0.18079971
2,c931750751dca250,2026-08-01,0,4,0.057996243
2,c96cd77ea0aafd0a,2026-08-01,0,2,0.04492404
2,c98c1097d6fccede,2026-08-01,0,3,0.05501451
2,ca0d54473b815e77,2026-08-01,0,3,0.03796738
2,ca2f51ba2ac6b361,2026-08-01,0,2,0.073191516
2,ca52c268f98cb46e,2026-08-01,1,2,0.07376565
2,ca6fbaea615ae8f1,2026-08-01,0,3,0.06586968
2,ca806908304d10dc,2026-08-01,1,3,0.4826352
2,caaab56740921539,2026-08-01,0,5,0.032710273
2,caea4e9151d2c846,2026-08-01,0,5,0.07349675
2,caeff3143d04e56c,2026-08-01,0,2,0.14534071
2,caf95081a190441d,2026-08-01,0,5,0.090483144
2,caf967e104ba54a4,2026-08-01,0,5,0.6607613
2,cb05e2d1aba9337b,2026-08-01,1,3,0.29453465
2,cb27467b1f8a695e,2026-08-01,0,2,0.07388958
2,cb2b1648a2c7de74,2026-08-01,0,5,0.07599625
2,cb2fcd72a8dfff8f,2026-08-01,1,4,0.10069718
2,cb42d0af969afda4,2026-08-01,0,5,0.07762556
2,cb57c13fcc674c89,2026-08-01,0,1,0.080960065
2,cb8c11bc85b48a58,2026-08-01,0,3,0.04467725
2,cbad63a83bfd1054,2026-08-01,0,3,0.08789848
2,cbc128242137c397,2026-08-01,0,4,0.11119821
2,cbc1aa2fe228a11e,2026-08-01,0,2,0.04211241
2,cbfb0bf89664a8a9,2026-08-01,0,5,0.06628978
2,cc18d23dd71df0ef,2026-08-01,0,3,0.053403728
2,cc32a218ffe8a097,2026-08-01,0,4,0.039652083
2,cc492ab838450975,2026-08-01,0,2,0.044252716
2,cc4da7fac0d79781,2026-08-01,0,1,0.03400616
2,cc7ee4594c42ef5d,2026-08-01,0,3,0.04767829
2,cc8c102183a8cd78,2026-08-01,0,2,0.040911216
2,ccea94d0b23bed23,2026-08-01,0,5,0.07044519
2,cd15c6340c591e78,2026-08-01,0,4,0.48263392
2,cd1719b670ee0b27,2026-08-01,0,2,0.07226568
2,cd66c14ce697ffc7,2026-08-01,0,5,0.053223755
2,cd6ce5eed7f1286e,2026-08-01,0,2,0.06279193
2,cd70488cd98f16c5,2026-08-01,0,1,0.06926737
2,cd803438a6e6bcf7,2026-08-01,0,2,0.07423797
2,cdc99d6b72de5a2f,2026-08-01,0,2,0.08741011
2,cde002779a102924,2026-08-01,0,5,0.114255056
2,cdefb8abac5b1ad8,2026-08-01,1,2,0.09274086
2,ce0192f085949305,2026-08-01,0,2,0.035841104
2,ce073daec7af1f64,2026-08-01,0,2,0.27158278
2,ce0b39ede76edda3,2026-08-01,0,5,0.12373819
2,ce3baa91488e1c7e,2026-08-01,1,2,0.3155702
2,ce447328571488a2,2026-08-01,1,3,0.2891905
2,ce4733e30cfe648c,2026-08-01,0,2,0.03905825
2,ce4b26eb1f4d3720,2026-08-01,0,3,0.31713155
2,ce98e63e08d79aa8,2026-08-01,0,1,0.084097065
2,ceb978d91b6acf53,2026-08-01,0,1,0.033035044
2,cedb36482da99557,2026-08-01,0,3,0.07948276
2,cee0b81d67fc521a,2026-08-01,0,3,0.077279024
2,cf0e8ecbaef57bd0,2026-08-01,0,1,0.028866107
2,cf4ebe5f8b151c36,2026-08-01,0,3,0.041858576
2,cf7b8472dd7c5265,2026-08-01,0,2,0.070613936
2,cfa34661458026b4,2026-08-01,0,4,0.08205631
2,cfe9ab974be2a3fb,2026-08-01,0,5,0.076291636
2,cff27e651303a36e,2026-08-01,0,3,0.046960115
2,d00e7b5be819521b,2026-08-01,1,4,0.17507562
2,d020dbdeed8e6273,2026-08-01,0,5,0.04858679
2,d0247eca0633a769,2026-08-01,0,5,0.07140094
2,d0469a65b7e371ac,2026-08-01,0,1,0.40659612
2,d0652202134e01c9,2026-08-01,0,4,0.064516984
2,d09092d3a90cb6e2,2026-08-01,0,5,0.047055796
2,d0d6e456125a7b48,2026-08-01,0,4,0.02495404
2,d1095ae6aac81c01,2026-08-01,0,2,0.090497114
2,d10b53c6ee16fe90,2026-08-01,0,1,0.030748738
2,d118cffc2003276f,2026-08-01,0,4,0.030434998
2,d11b0b9599c37572,2026-08-01,0,1,0.05907537
2,d13641a2f77cbe57,2026-08-01,0,3,0.03700587
2,d13d8fcd7702b2f4,2026-08-01,0,3,0.12529308
2,d1553c652e426e7a,2026-08-01,0,3,0.04673627
2,d159d5703def5786,2026-08-01,0,4,0.050521776
2,d17cfc12f7d59048,2026-08-01,0,5,0.055315822
2,d197dbad181ab2d7,2026-08-01,0,1,0.042030025
2,d19a6f20d35486bf,2026-08-01,0,3,0.036436517
2,d1b6be818fe5e66b,2026-08-01,0,4,0.032193426
2,d1cf93d0896b4b21,2026-08-01,0,2,0.051512983
2,d200132d22f60acd,2026-08-01,1,2,0.08611653
2,d22c7db255e9718c,2026-08-01,0,2,0.1768216
2,d2337f043929077b,2026-08-01,0,3,0.03736754
2,d23e81db4f9dd1eb,2026-08-01,0,1,0.050980806
2,d2d51497be442a8a,2026-08-01,0,2,0.048458226
2,d32c2edb76bcd393,2026-08-01,0,2,0.059368744
2,d36006c4916ae4ff,2026-08-01,0,4,0.07113039
2,d3ac9b613b12ff2b,2026-08-01,0,1,0.0778053
2,d3ba9669e8595142,2026-08-01,0,2,0.16951779
2,d3bb1c61e7bf52f8,2026-08-01,0,4,0.05285522
2,d3c58b03b50e535c,2026-08-01,0,5,0.3086322
2,d3cb32a5943b6907,2026-08-01,0,4,0.047129855
2,d3dfdf86b29fb0fe,2026-08-01,0,5,0.041010737
2,d414a239b86107d9,2026-08-01,0,1,0.09987403
2,d433bb53810a2012,2026-08-01,0,4,0.04240352
2,d43e2bb009f5bc91,2026-08-01,0,2,0.07723592
2,d455df5d8c4c6219,2026-08-01,0,4,0.21590592
2,d47a2df939b02844,2026-08-01,0,5,0.122515604
2,d4b1b029faea2717,2026-08-01,0,5,0.0374268
2,d4b75911aca226e4,2026-08-01,0,4,0.6134587
2,d4b8622052a089b0,2026-08-01,0,5,0.043366875
2,d4ebaff61f01eb7c,2026-08-01,0,2,0.062061377
2,d5521f10f4119861,2026-08-01,0,4,0.055481546
2,d55f38c735ea9e08,2026-08-01,0,5,0.045390025
2,d58401de5a8f99a6,2026-08-01,0,4,0.046944827
2,d5b3c52b2810c656,2026-08-01,0,5,0.040532947
2,d64959903d661250,2026-08-01,1,3,0.15459162
2,d65d402c3dc5ba33,2026-08-01,0,2,0.10261875
2,d6cec2de94669b1f,2026-08-01,0,2,0.05284734
2,d704592d8764a35a,2026-08-01,1,1,0.088461764
2,d752907de1be901b,2026-08-01,0,5,0.069665305
2,d762cfc1876c21a2,2026-08-01,0,2,0.058076635
2,d7873e62cc1ad19f,2026-08-01,0,1,0.059400424
2,d7a0ff718ed919d4,2026-08-01,0,5,0.38341293
2,d7c098d45cba134f,2026-08-01,0,1,0.075046554
2,d7c9bf845fae6266,2026-08-01,0,5,0.041137822
2,d8153a4180fe02db,2026-08-01,0,4,0.09717071
2,d821ae3cda370911,2026-08-01,0,5,0.10595166
2,d82895d0dc149889,2026-08-01,0,4,0.035384532
2,d885eef4ba58dbfd,2026-08-01,0,2,0.06584829
2,d88eb706657fb6d9,2026-08-01,0,3,0.035641756
2,d8d0b9e3569f2d8c,2026-08-01,0,1,0.049103998
2,d8e05853a5a086f2,2026-08-01,0,2,0.048493207
2,d8e429d45dc48ff7,2026-08-01,0,4,0.14704779
2,d912ea6721aae1b0,2026-08-01,0,4,0.036963675
2,d95d60d6ba88f1db,2026-08-01,0,5,0.10688833
2,d963e3f5f28361ae,2026-08-01,0,1,0.07096479
2,d96f714a500b4e14,2026-08-01,0,4,0.040614817
2,d982a9eea53bf26d,2026-08-01,0,1,0.055563863
2,d9b5a63ecd1efbad,2026-08-01,0,3,0.04383974
2,d9c11abe11104f58,2026-08-01,1,2,0.07308492
2,d9c65bc44b380478,2026-08-01,1,5,0.04043923
2,d9e82491653a703a,2026-08-01,1,3,0.06520096
2,d9ff3b449cbfd837,2026-08-01,0,3,0.32536435
2,da32b3f3f54c8b95,2026-08-01,1,2,0.15803482
2,da49f31b200b7e14,2026-08-01,0,2,0.053682886
2,da4a6c835039b4cf,2026-08-01,0,3,0.051843196
2,da4e4eda787a95a1,2026-08-01,1,2,0.03864418
2,da51a1b06dd8e475,2026-08-01,0,4,0.07860406
2,da81a3589936e18d,2026-08-01,0,1,0.034851152
2,da9d9419cf71ef96,2026-08-01,0,1,0.058092576
2,daeaf2e59f24f6f8,2026-08-01,0,3,0.13907598
2,db1b839b8f697dc5,2026-08-01,0,4,0.053440742
2,db357dc8a96fe540,2026-08-01,0,2,0.07363667
2,db72348bede2e803,2026-08-01,0,3,0.040064447
2,db75536eaa8607b5,2026-08-01,0,5,0.054620832
2,db76d3eb650baf43,2026-08-01,0,4,0.048098683
2,db80e952ad4806e9,2026-08-01,0,4,0.13630639
2,dbb3dff5cd3e87bf,2026-08-01,0,3,0.30755386
2,dc27a17f97c9999f,2026-08-01,0,1,0.04529176
2,dc50e0ad7d76cbcb,2026-08-01,0,1,0.088993326
2,dc657e8880ad46f7,2026-08-01,0,2,0.056188345
2,dc9314285851258f,2026-08-01,0,2,0.07817039
2,dc96c4b19288c67e,2026-08-01,0,4,0.2716416
2,dcecd5702b81e427,2026-08-01,0,5,0.115587115
2,dcfb09de9c9b7657,2026-08-01,0,1,0.05048079
2,dd055d8a9df29869,2026-08-01,1,2,0.11658702
2,dd45127b81a41d2c,2026-08-01,0,4,0.04124461
2,dd46110b54cea3d6,2026-08-01,0,4,0.13363224
2,dd644cdaeb5b4273,2026-08-01,0,3,0.14018328
2,dd85ae4e77c99b6e,2026-08-01,0,4,0.03679267
2,dda9a01437552e19,2026-08-01,0,2,0.0517815
2,ddbe875e48fd4603,2026-08-01,0,4,0.034295138
2,ddc58b3cba274960,2026-08-01,0,4,0.026572287
2,ddccf7bd8ecc3b0e,2026-08-01,0,3,0.04957763
2,dddd4ca0ce42a1db,2026-08-01,0,1,0.10293066
2,de058e1c8250c1f1,2026-08-01,0,4,0.05045537
2,de7a0850d3c1a8d2,2026-08-01,0,3,0.09159216
2,de8e371f9617e921,2026-08-01,0,3,0.09863716
2,def1b5ba78f28587,2026-08-01,0,5,0.06036572
2,df02099efa532a09,2026-08-01,0,3,0.06631211
2,df15825802fab8cc,2026-08-01,0,5,0.025952058
2,df2c1073b48b5e0f,2026-08-01,0,1,0.22464596
2,df4da807224fae44,2026-08-01,0,3,0.035349198
2,df720996ec180d46,2026-08-01,0,3,0.075964935
2,df816c7ff77a1d0f,2026-08-01,1,5,0.3467293
2,dffa05a13d6658a7,2026-08-01,0,5,0.05806962
2,e0036651db570a49,2026-08-01,0,3,0.29019967
2,e00c6ca759a26a1c,2026-08-01,0,1,0.06618781
2,e02d377096cb39e7,2026-08-01,0,4,0.0866582
2,e03b5fdfd8756819,2026-08-01,0,2,0.05500293
2,e0de95821fcd6427,2026-08-01,0,2,0.26794347
2,e0e417bd238ac6d4,2026-08-01,0,2,0.071139984
2,e13a3e13415fc6c2,2026-08-01,0,4,0.048406497
2,e16231440cf50eb9,2026-08-01,0,3,0.03301478
2,e18062ddc29aff75,2026-08-01,0,2,0.072006606
2,e1cb05ba0b3c982e,2026-08-01,0,3,0.06398768
2,e209698ebde51d8f,2026-08-01,0,3,0.29436347
2,e20d2d41cac91406,2026-08-01,0,4,0.12422438
2,e20ec284e1cf3853,2026-08-01,0,5,0.034618896
2,e21a3e964a6c2712,2026-08-01,0,2,0.041078568
2,e2d911ec09621d3e,2026-08-01,0,5,0.24469356
2,e2e54325b0b8531e,2026-08-01,0,4,0.117709026
2,e2e8de3053e12936,2026-08-01,0,4,0.035430085
2,e31681b532cec67d,2026-08-01,0,5,0.079299316
2,e3c072f632659efe,2026-08-01,0,5,0.046421386
2,e3f4a44b5cb07b91,2026-08-01,0,4,0.1508273
2,e3f8d93ebae0dd09,2026-08-01,0,2,0.035491955
2,e45f92288e9fe024,2026-08-01,1,2,0.122280836
2,e469a2b4b89f06e4,2026-08-01,0,1,0.41578162
2,e483230cb05e02c4,2026-08-01,0,5,0.31563005
2,e49dd054adea4bdc,2026-08-01,0,5,0.0543802
2,e4a7110c5d85898a,2026-08-01,0,3,0.027430553
2,e4e4f97564e3c677,2026-08-01,0,5,0.060360342
2,e51285e3bf4ef904,2026-08-01,0,2,0.07825324
2,e53ed47d4e6ad8e7,2026-08-01,0,4,0.2653544
2,e53fb1e10036abf4,2026-08-01,0,2,0.0770039
2,e544bca75e1f8213,2026-08-01,1,5,0.24594784
2,e56cf8b0be39120d,2026-08-01,0,5,0.10442137
2,e58f599511875482,2026-08-01,0,2,0.07426395
2,e59995251947603d,2026-08-01,0,4,0.026324242
2,e5da007f94c3d50c,2026-08-01,0,1,0.13321236
2,e5e318c9c04751b5,2026-08-01,0,1,0.42896423
2,e5e5565784c41afd,2026-08-01,0,3,0.13484454
2,e646f00b48fe69a6,2026-08-01,0,2,0.049725756
2,e64d1b068d9c84dc,2026-08-01,0,5,0.10334721
2,e664956ca808a4fc,2026-08-01,1,1,0.2281569
2,e67e06c7802b77b3,2026-08-01,0,5,0.026433377
2,e6e93c9f7312a5f0,2026-08-01,0,4,0.19862181
2,e6f0ba9ab2f41c4e,2026-08-01,0,5,0.08499482
2,e6f356c46675053b,2026-08-01,0,2,0.045072194
2,e71ae69b4e36ec09,2026-08-01,0,5,0.13189185
2,e72b5b62dc2c0213,2026-08-01,0,2,0.061686095
2,e73a7f75d871ef0b,2026-08-01,0,1,0.047672465
2,e754a891e76b8713,2026-08-01,0,2,0.057243243
2,e7859343705e9abf,2026-08-01,0,3,0.061083417
2,e7889c2bd9e899aa,2026-08-01,0,3,0.1898782
2,e79df005a5d196bb,2026-08-01,0,4,0.25914896
2,e7bfe06d611bb47e,2026-08-01,0,4,0.24670914
2,e8256b53c1909d3a,2026-08-01,1,1,0.10915281
2,e86ac2a220204042,2026-08-01,0,2,0.037897408
2,e872ef49805a282d,2026-08-01,0,5,0.068179004
2,e88b10f578cdc540,2026-08-01,1,1,0.0427948
2,e8a34755ae4631ad,2026-08-01,0,4,0.08481995
2,e8bae89dc8e68f3e,2026-08-01,0,5,0.083406374
2,e91f25fc2c7b62cc,2026-08-01,0,2,0.038712688
2,e940767d2f913c89,2026-08-01,0,5,0.13710096
2,e971a5ed2bc5606e,2026-08-01,0,1,0.049763933
2,e994343174492450,2026-08-01,0,4,0.12423716
2,e998063965f22eb1,2026-08-01,0,2,0.058841698
2,e9a7c89619841761,2026-08-01,0,1,0.056190163
2,e9c374cf26088b52,2026-08-01,0,2,0.09965247
2,e9cdc7f1823e724c,2026-08-01,0,1,0.041231822
2,e9fd156382f4a392,2026-08-01,0,4,0.07401764
2,ea0b61f7d6b824ef,2026-08-01,0,3,0.07457629
2,ea208e41f6132ea0,2026-08-01,0,3,0.122259036
2,ea318e78c0dc5c23,2026-08-01,0,1,0.07273407
2,ea339600541dcec4,2026-08-01,0,4,0.20531616
2,ea489bba445985ba,2026-08-01,0,1,0.040632684
2,ea4e34ff5c7a2fb1,2026-08-01,0,4,0.37961563
2,ea7bb723d54d7194,2026-08-01,0,3,0.08466027
2,eb0a2a7e48c134f0,2026-08-01,0,1,0.047944956
2,eb453ca9d6935d8d,2026-08-01,1,5,0.13615808
2,eb5a2cd630c99ef9,2026-08-01,0,1,0.041219294
2,eb80180c5c6958cb,2026-08-01,0,3,0.06293193
2,ebb0938c60ef5f27,2026-08-01,0,5,0.036431063
2,ebeb4aa720ca0b3e,2026-08-01,0,2,0.12681186
2,ebfdb71fc07e0fcb,2026-08-01,0,3,0.34008998
2,ec0ed92a304e8db2,2026-08-01,0,4,0.030334832
2,ec2b0bfdcc369bda,2026-08-01,1,4,0.65509033
2,ec317ae50e0f0e22,2026-08-01,0,1,0.039120052
2,ec3c07105b009d71,2026-08-01,0,3,0.03513378
2,ec4270bda48cd8d0,2026-08-01,0,5,0.042615764
2,ec50fe70891c2c4a,2026-08-01,0,3,0.04750987
2,ec6a62dc20f2d051,2026-08-01,0,2,0.036514085
2,ec76208b8a0d2b28,2026-08-01,0,1,0.033297073
2,ec89a52e44871ee1,2026-08-01,0,2,0.09376707
2,ec8b976c5c25c00c,2026-08-01,0,4,0.04020926
2,ec99e61eb25f8a8f,2026-08-01,0,5,0.028901404
2,eca15a7f32aef462,2026-08-01,0,4,0.28568196
2,ecbfac13cf5350d3,2026-08-01,0,5,0.033949032
2,ecd37907806cc0ec,2026-08-01,0,3,0.04701525
2,ed3b0a84482d807b,2026-08-01,0,1,0.39364392
2,ed4aa6dd738d9791,2026-08-01,0,5,0.034001436
2,ed7a6f1763f008fd,2026-08-01,0,1,0.036444686
2,edafab4c8b4f78c5,2026-08-01,0,3,0.05365506
2,edbcc0afa75832e8,2026-08-01,0,2,0.04424211
2,edc187b668bc8589,2026-08-01,0,5,0.033196032
2,ede9c1b2e9e47501,2026-08-01,0,3,0.07837212
2,ee00b7eff3165815,2026-08-01,0,1,0.033836693
2,ee1b287db7178a8f,2026-08-01,1,5,0.14629303
2,ee1f1b478eba7038,2026-08-01,1,4,0.24568205
2,ee3c3eab4caf4a38,2026-08-01,0,3,0.026788145
2,ee486dd4624a201e,2026-08-01,0,2,0.083508804
2,ee6c16e2cba319a6,2026-08-01,0,3,0.08731447
2,eeb061ad8f746b78,2026-08-01,0,4,0.051126406
2,eed0471c3c376379,2026-08-01,0,5,0.097225435
2,eef7e63e01f9f7f0,2026-08-01,0,5,0.033109058
2,ef089ec05fd4816c,2026-08-01,0,1,0.049554024
2,ef18ad7c536b7222,2026-08-01,0,1,0.050892808
2,ef3dc28ccf6b80dd,2026-08-01,0,1,0.23993325
2,ef6123652670cfdb,2026-08-01,0,4,0.21663159
2,ef8a4bb2ae2fc7aa,2026-08-01,0,1,0.031034667
2,ef9159ad416d41ae,2026-08-01,0,2,0.05065423
2,efd156127d074d61,2026-08-01,1,5,0.13111213
2,f0385feab22c1fa8,2026-08-01,0,1,0.11422036
2,f08a7608116afea8,2026-08-01,1,4,0.07112757
2,f08e478d4894dad5,2026-08-01,0,3,0.18449733
2,f0960757a26e4636,2026-08-01,0,5,0.2274859
2,f0ef712c3572aa09,2026-08-01,0,2,0.4476853
2,f14e5b1df48bff4e,2026-08-01,0,5,0.027141448
2,f1589c52e532270c,2026-08-01,0,1,0.04051297
2,f16434b543e3b8ec,2026-08-01,0,5,0.03264476
2,f1890602c4fa0fa2,2026-08-01,0,5,0.07973718
2,f19c76203590f17c,2026-08-01,0,4,0.02950188
2,f1b248081340ebbc,2026-08-01,1,1,0.038122136
2,f246720fbc2b296e,2026-08-01,0,5,0.03773499
2,f24ae8de0fc3cdaf,2026-08-01,0,1,0.047685564
2,f258a167ab54476a,2026-08-01,0,2,0.035363447
2,f25e0710356b99e3,2026-08-01,0,4,0.21352196
2,f268a1e3ea6329f9,2026-08-01,0,4,0.09322497
2,f2865814a46d61b9,2026-08-01,0,5,0.076673016
2,f2b60f7125002147,2026-08-01,0,1,0.03609581
2,f2bfe0d7bd01209a,2026-08-01,1,5,0.060222883
2,f2c39cddd05b29f1,2026-08-01,0,1,0.14250252
2,f2e12db360475af9,2026-08-01,0,3,0.04844464
2,f2f3e8b8e134255c,2026-08-01,0,5,0.117845125
2,f312c0ca275c1a98,2026-08-01,0,1,0.085514136
2,f3152fe14455dc72,2026-08-01,0,4,0.048263706
2,f319f94ad84e694a,2026-08-01,0,5,0.093658835
2,f3342644297985e7,2026-08-01,0,2,0.15515998
2,f35b88945b0746f8,2026-08-01,0,4,0.04736504
2,f386c83f6ca949b9,2026-08-01,0,2,0.05562892
2,f3aafd31c4c5250c,2026-08-01,0,3,0.03132742
2,f3cfbdf90954795f,2026-08-01,0,1,0.044482224
2,f410b177629bd7eb,2026-08-01,0,5,0.07158557
2,f491d2e05335a118,2026-08-01,0,3,0.05297896
2,f498fe809470f5bc,2026-08-01,0,5,0.15258232
2,f4aac3c943c8437a,2026-08-01,0,3,0.2909073
2,f4cb7819ac487981,2026-08-01,0,4,0.038383815
2,f4cdc2d7ca957111,2026-08-01,0,3,0.16090024
2,f503a105e6af961d,2026-08-01,0,4,0.4491193
2,f50674bfed9dbc6c,2026-08-01,0,2,0.14925002
2,f536c8048a5ab8a9,2026-08-01,0,3,0.04677916
2,f53b0762c6ad000b,2026-08-01,0,3,0.056055117
2,f53fffbe28bc6353,2026-08-01,0,5,0.10248352
2,f54965605ad2e085,2026-08-01,0,5,0.06516552
2,f5568f2c68e7c74d,2026-08-01,0,1,0.037086714
2,f57e0f208888c4c3,2026-08-01,0,3,0.047508057
2,f58acc27341fe7cc,2026-08-01,0,2,0.04823443
2,f60df0a21ddcc30c,2026-08-01,0,2,0.038266912
2,f643e969cbd14247,2026-08-01,0,3,0.092337
2,f66beb8c208458c1,2026-08-01,0,4,0.2319004
2,f691cd3a8bbcf06b,2026-08-01,1,4,0.30147132
2,f6e44b8ad8207d2e,2026-08-01,0,4,0.03762715
2,f71cd91c475ecca8,2026-08-01,1,5,0.31904662
2,f72eb30f4103d68c,2026-08-01,0,5,0.058197226
2,f746832c6e950c03,2026-08-01,0,4,0.032676682
2,f7aeb3e7370d15a2,2026-08-01,0,2,0.04844286
2,f7b256f8a3dfb961,2026-08-01,0,4,0.27117983
2,f82387411b7b85ca,2026-08-01,0,5,0.060445186
2,f84ee2a94ec04912,2026-08-01,0,5,0.050442107
2,f85ee5aa6082e845,2026-08-01,0,3,0.055874757
2,f8732470ae7b547f,2026-08-01,0,2,0.044069987
2,f87e01972c062749,2026-08-01,0,5,0.18074271
2,f8906aa10353b87e,2026-08-01,0,1,0.046734814
2,f8c4a72bed23549b,2026-08-01,0,1,0.09846852
2,f8e4b3bd7a4f4249,2026-08-01,0,3,0.13860457
2,f8ed750a3cfa0966,2026-08-01,0,4,0.03244583
2,f8f5d5ac14f4dd7a,2026-08-01,0,5,0.046641283
2,f8f6bc396c856e6c,2026-08-01,0,3,0.0687562
2,f8fc82bc01c9b4f5,2026-08-01,0,4,0.05682526
2,f9097ff8fd63859c,2026-08-01,0,4,0.04557071
2,f92919d9a10188d3,2026-08-01,0,3,0.029611517
2,f9b09850b08a1a09,2026-08-01,0,1,0.035686746
2,f9cf288be3904039,2026-08-01,0,2,0.051714886
2,f9de000148aff812,2026-08-01,1,2,0.66042536
2,fa94b34450c240ee,2026-08-01,0,4,0.021017103
2,fac3967943152bcd,2026-08-01,0,3,0.058244225
2,facf11416938b5de,2026-08-01,0,5,0.06357851
2,fae21d4ec3979163,2026-08-01,0,5,0.071460016
2,fb2800ef040a7165,2026-08-01,0,1,0.135906
2,fb4789afae979d69,2026-08-01,0,1,0.050420165
2,fbfec11256103ec2,2026-08-01,0,4,0.5723263
2,fc1338e87e0bfd41,2026-08-01,0,4,0.16167772
2,fc2d9f0c4f042358,2026-08-01,0,1,0.04406334
2,fc3e8acb1157f18e,2026-08-01,0,4,0.05159725
2,fc5c4e6269bd85cc,2026-08-01,0,4,0.06259864
2,fc9b5995b5341a23,2026-08-01,0,5,0.031385697
2,fca7ab780dd30101,2026-08-01,0,2,0.06046946
2,fccff1896f6db85b,2026-08-01,0,3,0.04232403
2,fcd974f757f5393c,2026-08-01,0,4,0.055647314
2,fd03b2adda65fe3b,2026-08-01,0,3,0.05299473
2,fd4003ce77985cec,2026-08-01,0,3,0.095671184
2,fd45accbe60b1022,2026-08-01,0,4,0.047276024
2,fd4d0b03ce992804,2026-08-01,0,4,0.055909306
2,fd58a020ca82dba9,2026-08-01,0,1,0.474772
2,fddd3b61d250b726,2026-08-01,0,3,0.079610504
2,fdf99cdcecdb3e16,2026-08-01,0,1,0.048879597
2,fe15279b0160812c,2026-08-01,0,3,0.058002133
2,fe18f9cda6156a41,2026-08-01,0,2,0.040691007
2,fe36bb1bc56b3957,2026-08-01,0,5,0.28128284
2,fe3da5d11c28a32c,2026-08-01,0,2,0.05622482
2,fe47ec173e1b89e3,2026-08-01,0,3,0.045169212
2,fe4e7bb1ea354abf,2026-08-01,0,5,0.060555197
2,fe5b1a1f9f6dbd1a,2026-08-01,0,1,0.04050935
2,fe6bba490ffb4b42,2026-08-01,1,1,0.036900498
2,fea52414f6f2c191,2026-08-01,0,4,0.05699563
2,fea99dc6f7d98e64,2026-08-01,0,4,0.297073
2,fefbf5fa11a48682,2026-08-01,1,5,0.26081157
2,ff134a73518a556c,2026-08-01,0,5,0.1320373
2,ff5f0ec6df1a71de,2026-08-01,0,1,0.027166812
2,ff70cea65d7a9274,2026-08-01,0,5,0.049204964
2,ff75413420fe9f77,2026-08-01,0,2,0.30046865
2,ff842f6e58da5e0a,2026-08-01,0,2,0.05383207
2,ff9d2d808dc847a3,2026-08-01,0,2,0.05975112
2,ffa6aac0c0be4e2c,2026-08-01,0,1,0.0453998
2,ffbe690492de3eb7,2026-08-01,0,5,0.066074915
2,ffd75b93dcd028e3,2026-08-01,0,4,0.059980296
3,000326259f038096,2026-08-01,0,4,0.05997128
3,00094590abfe430d,2026-08-01,0,5,0.05570111
3,000998b044e34765,2026-08-01,0,5,0.15939929
3,003e907929cd0158,2026-08-01,0,5,0.04043167
3,00546da6f5f418dd,2026-08-01,0,2,0.06589791
3,005e8258e7c9ac7b,2026-08-01,1,2,0.44706798
3,006935cedb973db7,2026-08-01,0,3,0.03153
3,00df5d911e6f6a85,2026-08-01,0,1,0.041155003
3,00e3a2213dfd8b32,2026-08-01,0,1,0.032571603
3,00e4e1bc1f24bd4b,2026-08-01,0,4,0.047637787
3,0106f6a56f308f57,2026-08-01,0,1,0.17624027
3,0182d85d717ad467,2026-08-01,1,3,0.19029418
3,01cb5da7ceedf0ac,2026-08-01,0,5,0.0611181
3,01f0d6c4b5cae2d6,2026-08-01,0,2,0.04138576
3,01f557505e7fa016,2026-08-01,1,4,0.10159277
3,0200fefcc4ced090,2026-08-01,0,4,0.053073157
3,02253a51dbcedaa8,2026-08-01,0,2,0.038171716
3,022d3eda584a0bd6,2026-08-01,0,1,0.03858639
3,023d5456ec7a6e48,2026-08-01,0,1,0.036660254
3,024869551a251743,2026-08-01,1,4,0.03878414
3,02b01bd168ff7827,2026-08-01,0,1,0.12051684
3,02bdc8b6d11cd161,2026-08-01,0,1,0.03853938
3,0327b8a26f2fdb5c,2026-08-01,0,2,0.05355168
3,0330bc0412175f4f,2026-08-01,1,2,0.05545574
3,033c146a94cb9c18,2026-08-01,1,1,0.274918
3,03455db41c062e31,2026-08-01,0,1,0.05465111
3,0398fe7ce3f99568,2026-08-01,0,1,0.07201992
3,03a33b00ccc0f124,2026-08-01,0,5,0.04965814
3,03b850707bc28a67,2026-08-01,0,3,0.036708042
3,03f18525e5839bf4,2026-08-01,0,4,0.17514405
3,0409946a8d1aee83,2026-08-01,0,1,0.058731854
3,0436c00255d600bf,2026-08-01,0,4,0.06667015
3,043c193f1e7a2176,2026-08-01,0,4,0.14247416
3,04641be11899bf03,2026-08-01,0,4,0.06753018
3,04844acbdb4d032d,2026-08-01,0,3,0.22799188
3,048cff6de463e27e,2026-08-01,0,3,0.058748532
3,04c0441a52d4ae31,2026-08-01,0,3,0.081505224
3,04d43b36d10bcbe0,2026-08-01,0,5,0.058669426
3,04e24228169feab8,2026-08-01,1,3,0.05754445
3,04e92dad2ed0ee2f,2026-08-01,0,4,0.038031682
3,04f4f75df71fa335,2026-08-01,0,1,0.034146782
3,05170ae5d9d5bb7a,2026-08-01,0,1,0.04947569
3,0526640e5c66a7b4,2026-08-01,0,5,0.075851575
3,05578a9f67fac73f,2026-08-01,0,2,0.053860627
3,057e4b5674951c86,2026-08-01,0,2,0.077572845
3,05cbce03f424e814,2026-08-01,0,5,0.030397443
3,05cdd3988fde7c7d,2026-08-01,0,3,0.031698033
3,05f21e8bb8680bf2,2026-08-01,0,5,0.06430658
3,060c7cbe9dcddb6a,2026-08-01,0,5,0.060828716
3,06149af9c732896c,2026-08-01,0,3,0.1402085
3,062a19228242c9f1,2026-08-01,0,4,0.04135175
3,067cd8bdd8a746a0,2026-08-01,0,3,0.04127278
3,06869390bf91cdb3,2026-08-01,0,5,0.075871654
3,06cf66cb1f091add,2026-08-01,0,3,0.05675965
3,06f1602df4ad7121,2026-08-01,1,2,0.51510984
3,073e731c0fe412b7,2026-08-01,0,5,0.069458716
3,0763fc41928cf511,2026-08-01,0,2,0.03723206
3,0785656080efd06c,2026-08-01,0,4,0.025760332
3,07b44675d54aca31,2026-08-01,0,1,0.041624036
3,07c4e3534a7f9996,2026-08-01,0,1,0.19253491
3,07e4ad5ea7c86d5c,2026-08-01,0,1,0.03289343
3,07eefb228a28d9f8,2026-08-01,0,2,0.029729867
3,0852ac25394a9bbe,2026-08-01,0,2,0.17489384
3,0852f44617478667,2026-08-01,0,4,0.047917373
3,087d2710756b9cb5,2026-08-01,0,1,0.05747899
3,08cb765954ba4d56,2026-08-01,0,2,0.041649688
3,08d8f0f1c333d81b,2026-08-01,0,5,0.03339221
3,08f2ae28aab152c1,2026-08-01,0,3,0.039946496
3,0933245ab1c6595e,2026-08-01,0,3,0.092411496
3,097442ce778be72e,2026-08-01,0,1,0.037764132
3,099cb48c3482d494,2026-08-01,0,2,0.057135876
3,09cfa28f468dd3fa,2026-08-01,0,5,0.048779473
3,09fc0ea177712278,2026-08-01,0,5,0.035750378
3,0a2d7d572dbb2851,2026-08-01,0,4,0.0680783
3,0a536827c5437b53,2026-08-01,0,4,0.12277004
3,0a7546f931f42b5f,2026-08-01,0,4,0.051348258
3,0a8b3f513b39e521,2026-08-01,0,4,0.13190761
3,0a9b2bf69f0b9fe6,2026-08-01,0,1,0.07012193
3,0ab34bba0e95c67a,2026-08-01,0,2,0.08019519
3,0ab9f23d4cf15c9b,2026-08-01,0,2,0.09651126
3,0b0debe198761e66,2026-08-01,0,2,0.11842076
3,0b1dc5f16a7fdd35,2026-08-01,0,5,0.06172476
3,0b4585529793aaa8,2026-08-01,0,3,0.038233962
3,0b4efcfd33121b44,2026-08-01,1,2,0.16756196
3,0b7870afdff180c4,2026-08-01,0,1,0.030858535
3,0bd07d158a5050bc,2026-08-01,0,2,0.18744543
3,0bdf8d14e70133a0,2026-08-01,0,5,0.030826766
3,0c20908c9b637a77,2026-08-01,0,4,0.06720633
3,0c3a0cb2abab5393,2026-08-01,0,3,0.099625684
3,0c3efd78c368afc6,2026-08-01,0,1,0.04146778
3,0c6f3791d9664345,2026-08-01,0,4,0.09658357
3,0c845c4834d77cbb,2026-08-01,0,4,0.082878076
3,0c981ec81f5cfcc2,2026-08-01,0,5,0.12305806
3,0c9f7836b549bbf2,2026-08-01,0,3,0.056621026
3,0ca5bafa49a27f26,2026-08-01,0,1,0.06443819
3,0cb52cddd97b9214,2026-08-01,0,4,0.058652133
3,0cf8c1f36193497b,2026-08-01,0,1,0.03246581
3,0d310598525241b0,2026-08-01,0,3,0.030905947
3,0d563a735782b3b1,2026-08-01,1,3,0.31216764
3,0d6a6132b404fe66,2026-08-01,0,3,0.032834385
3,0d96167017322b2f,2026-08-01,0,2,0.038496364
3,0db1dfa918f86e22,2026-08-01,0,5,0.072683915
3,0db4f28d4280dde4,2026-08-01,0,5,0.04399217
3,0de21fd4b780b677,2026-08-01,0,3,0.033101145
3,0e16069ca1fcf41b,2026-08-01,1,3,0.27002272
3,0e23d1eb4de9f22b,2026-08-01,0,1,0.08835103
3,0e51786348a57e25,2026-08-01,0,3,0.041478723
3,0e5d0977d6d6008f,2026-08-01,0,3,0.0486408
3,0e6c418eaebefacb,2026-08-01,0,3,0.20504408
3,0e761632eb2d0e87,2026-08-01,0,4,0.23695712
3,0e8bcf6dfee50046,2026-08-01,0,3,0.042762876
3,0e8e34acdde0c48f,2026-08-01,0,3,0.05369719
3,0eb77799ab19c886,2026-08-01,0,1,0.036508273
3,0ef560148ad0bec9,2026-08-01,0,1,0.044675205
3,0f1d73b9f8059747,2026-08-01,0,2,0.48035917
3,0f2bdba0b38999c2,2026-08-01,0,4,0.05137112
3,0f40829f57981d16,2026-08-01,0,2,0.034140985
3,0fabbe4d38b8c187,2026-08-01,0,5,0.10864937
3,0fe8c469686afc13,2026-08-01,0,3,0.047398232
3,0ffc63cf079ceb01,2026-08-01,0,4,0.19838437
3,10285096396eadfb,2026-08-01,0,4,0.03553581
3,1059978c8fc3cb04,2026-08-01,0,5,0.04101129
3,106f931dc742accf,2026-08-01,0,2,0.063409165
3,1092e4927aaa4bd7,2026-08-01,0,5,0.030691627
3,10ad1a00b4fa5ecd,2026-08-01,0,2,0.05800803
3,10c06af53e8f973e,2026-08-01,0,4,0.10755569
3,10c0f2871fe56918,2026-08-01,0,2,0.05715787
3,10cbfe59da7766be,2026-08-01,0,5,0.073928244
3,10dcc8a2fae98680,2026-08-01,0,3,0.06841944
3,10dd8ffe8ca1bd78,2026-08-01,0,4,0.031019049
3,111b3adf6fb141c9,2026-08-01,0,5,0.086033255
3,113a0facba800c0f,2026-08-01,0,5,0.047070604
3,118a9fa10c23da3a,2026-08-01,0,5,0.20256837
3,11b6d51d2f6ce6b1,2026-08-01,0,3,0.030636042
3,11c2f1458a332a71,2026-08-01,1,2,0.27036038
3,11e7c04e8181e113,2026-08-01,1,1,0.06773375
3,123324da5cd7db74,2026-08-01,1,3,0.056224313
3,1269f990bdddda23,2026-08-01,0,3,0.045294523
3,128ab93598af32ff,2026-08-01,0,5,0.03061947
3,128f4ba38ab0bbd8,2026-08-01,0,4,0.4677206
3,12a67cddf5d6f0b2,2026-08-01,1,3,0.21764022
3,12b1f81eaff952d9,2026-08-01,0,4,0.06544749
3,12e0d8e91463d410,2026-08-01,0,4,0.08479916
3,12fe81c424c83fd1,2026-08-01,0,1,0.045516547
3,1306809fb0fe125e,2026-08-01,0,3,0.042379923
3,132820fe45333f01,2026-08-01,0,3,0.13677646
3,133c48a63ad273cc,2026-08-01,0,2,0.05044098
3,134b5ccf7555a3de,2026-08-01,0,3,0.04648372
3,1354102b5ef93db8,2026-08-01,0,1,0.05304116
3,13578e233552b557,2026-08-01,0,2,0.03687502
3,137f74b12ac3cc4d,2026-08-01,0,4,0.06333062
3,13ae7ae57a1ccde4,2026-08-01,0,5,0.04247608
3,13b606a8b6f331a0,2026-08-01,0,5,0.04401754
3,13b89e2e2c4f278e,2026-08-01,0,4,0.03085271
3,13b8bdc160dc15c9,2026-08-01,0,5,0.060490817
3,140b4640dcb6e0e3,2026-08-01,0,2,0.044436324
3,14140a36ad4a52b1,2026-08-01,0,5,0.28498262
3,1418298ca1fa2e6b,2026-08-01,0,4,0.17565931
3,14378416a66eeff2,2026-08-01,1,4,0.21249148
3,14475dadfc55c9d7,2026-08-01,0,5,0.09206452
3,14d1430d4a183b7d,2026-08-01,1,5,0.07898401
3,14efe7ea1e275190,2026-08-01,0,3,0.032489154
3,14f98f1241a934c7,2026-08-01,0,1,0.062413722
3,14fb6707b423a6a5,2026-08-01,0,3,0.06396189
3,1506810a2cff8dd3,2026-08-01,0,4,0.02115327
3,1516e9862fbcb11f,2026-08-01,0,4,0.03940721
3,156c01cfcaa886ca,2026-08-01,0,2,0.06354273
3,15a1feeddbe61b9a,2026-08-01,0,2,0.052453116
3,15c8d70d7a2d47db,2026-08-01,0,5,0.055343166
3,15caedcb733dc5de,2026-08-01,0,2,0.06138794
3,15cef3c657e13799,2026-08-01,0,3,0.03535777
3,1600ec1425bc48ef,2026-08-01,0,4,0.2764533
3,160a3fba6acd0702,2026-08-01,0,1,0.037002854
3,1617b8c9f4bdef9e,2026-08-01,0,3,0.032577705
3,161dea4d120bfa0f,2026-08-01,0,2,0.04043983
3,162e42ce40703773,2026-08-01,0,4,0.05108108
3,168e09095e7fe790,2026-08-01,0,4,0.037142932
3,16968d20b383996c,2026-08-01,0,4,0.031891525
3,16e47655b7a36da0,2026-08-01,0,2,0.047915697
3,1769bb50782c3b40,2026-08-01,0,2,0.040850304
3,176c56bc8e7b6728,2026-08-01,0,5,0.041911047
3,177a02b14a0960b8,2026-08-01,0,1,0.06674594
3,179e42ea70299d50,2026-08-01,0,2,0.04999897
3,17bfbdbddc596f6e,2026-08-01,0,4,0.071098685
3,18069beac9514910,2026-08-01,1,2,0.06754821
3,18105af6823fabbc,2026-08-01,0,5,0.038749583
3,1892e65d61e805a5,2026-08-01,0,3,0.041617855
3,18a1a09578d81c5d,2026-08-01,0,5,0.031937774
3,18d76a6442da44bb,2026-08-01,0,4,0.043263853
3,18e08f6b0f820d1b,2026-08-01,1,3,0.26890686
3,18f9cbc8427a0d5f,2026-08-01,0,3,0.060414843
3,18fe883d84e708f7,2026-08-01,0,3,0.100494154
3,1960f7de5b4f29b7,2026-08-01,0,1,0.048679553
3,198091eee710c839,2026-08-01,0,5,0.060703993
3,19d2fc4e591b1d2a,2026-08-01,0,1,0.03982424
3,19f4a9cdf3caabf5,2026-08-01,0,1,0.058113582
3,1a1ae42d1bcab31e,2026-08-01,0,1,0.5179975
3,1a249d2be37b4b0c,2026-08-01,0,4,0.03498231
3,1a2f5607b2b18444,2026-08-01,0,3,0.04152184
3,1a41e6fb399a86cd,2026-08-01,0,5,0.06243114
3,1a865c608646f625,2026-08-01,0,3,0.05841323
3,1aaf745a53260dc2,2026-08-01,0,5,0.029791446
3,1aafc576b158a36d,2026-08-01,0,2,0.08238562
3,1ae0520afd8f0a62,2026-08-01,1,1,0.17853138
3,1ae537814c2bb3ff,2026-08-01,0,5,0.02538924
3,1aed538ccd94a143,2026-08-01,0,1,0.039190196
3,1af21c2f29485696,2026-08-01,0,1,0.06329529
3,1b087626e0f6df00,2026-08-01,0,2,0.05902471
3,1b29042124a1a663,2026-08-01,0,4,0.0580109
3,1b8104ffa9f80b08,2026-08-01,0,5,0.030724254
3,1bfaf664a62a47ad,2026-08-01,0,2,0.054521192
3,1c451dc1e0499dde,2026-08-01,0,1,0.052119177
3,1c6236651596a10a,2026-08-01,0,2,0.2276856
3,1c76d01e1d05bfa6,2026-08-01,1,2,0.23827606
3,1c7866e53eb262bf,2026-08-01,0,2,0.058252383
3,1ca61506c75a7954,2026-08-01,0,3,0.0714607
3,1cbb90c4c8d33d1e,2026-08-01,0,4,0.027985686
3,1cbf936b776ecbf9,2026-08-01,0,2,0.07940297
3,1cf473f572096ab9,2026-08-01,0,3,0.03315118
3,1cfb80763c7de1ea,2026-08-01,0,4,0.06212205
3,1d027c1a78e3c15c,2026-08-01,0,5,0.044663135
3,1d21dfaa1c1ac21c,2026-08-01,0,2,0.073060684
3,1d3f492659dcb6c9,2026-08-01,0,3,0.04951828
3,1d7cc60edf77e92c,2026-08-01,1,4,0.054060217
3,1de92aaa6177edfc,2026-08-01,0,5,0.046401355
3,1e05fccb80775c20,2026-08-01,0,2,0.05214749
3,1e0f7c096046e73f,2026-08-01,0,3,0.050197743
3,1e1c38a8a08c2fc3,2026-08-01,0,4,0.06781068
3,1e2658d656210938,2026-08-01,0,1,0.036824375
3,1e3dd2049693e32c,2026-08-01,0,1,0.06331688
3,1e6a86c99b8daab2,2026-08-01,0,1,0.10746903
3,1e7c0e06f8ff7762,2026-08-01,0,4,0.2735017
3,1e8c3fc27ff20ca2,2026-08-01,0,2,0.035794746
3,1ed9651d549f7941,2026-08-01,0,2,0.09950781
3,1f6d1b3718fc041f,2026-08-01,0,2,0.057507273
3,1fa357185a1a4d62,2026-08-01,0,5,0.06432793
3,1fb0dea450db36f9,2026-08-01,0,1,0.074424475
3,1fb7bad911521417,2026-08-01,0,4,0.25838572
3,1fbd513f04d514b6,2026-08-01,0,1,0.09445441
3,1fef30128ead3df9,2026-08-01,0,2,0.10173815
3,20248c67ba3f47cd,2026-08-01,0,2,0.0610004
3,202740edb3c60c0e,2026-08-01,0,2,0.04806942
3,20386d99d9f6c5e5,2026-08-01,0,3,0.12437013
3,20757a6a3a9806d4,2026-08-01,0,5,0.09484555
3,208095916d6e0bc2,2026-08-01,0,1,0.10276338
3,20a134658dd8348d,2026-08-01,0,3,0.04892825
3,20b280ed0822eeeb,2026-08-01,0,4,0.03575513
3,20b3dbeca739c19a,2026-08-01,0,4,0.039929993
3,20e0ea0b7e3d5f73,2026-08-01,0,3,0.051221944
3,20ebdeaa8e203f06,2026-08-01,0,2,0.102438726
3,212e64bb603fbe8d,2026-08-01,0,2,0.050608147
3,217b8fd457d1ee54,2026-08-01,0,4,0.027747182
3,218aa59fc222b48a,2026-08-01,0,4,0.026813623
3,2195ceba39fe180b,2026-08-01,0,4,0.04782089
3,21a3a9238cde31d4,2026-08-01,0,4,0.02650464
3,21cc8dbbd7d1fe14,2026-08-01,0,2,0.04395732
3,21df84122884a6cd,2026-08-01,0,5,0.09750168
3,21f8e96c2e0c12a3,2026-08-01,0,5,0.027011387
3,21f93301ec0c560b,2026-08-01,0,3,0.31572497
3,21f9cad92badc57b,2026-08-01,0,4,0.064991444
3,21fa64b3c61b7783,2026-08-01,0,3,0.041212104
3,21fc573bb23cff8d,2026-08-01,0,3,0.06381967
3,2267f536feae6a68,2026-08-01,0,2,0.051835634
3,22763fbd903764ab,2026-08-01,0,4,0.06394244
3,2287f4e548301879,2026-08-01,0,4,0.05040869
3,229394f4e3fc5078,2026-08-01,0,2,0.06946476
3,22cebc06d06deb0d,2026-08-01,0,5,0.03959776
3,22ee6ca71eb19e9f,2026-08-01,0,4,0.08399791
3,22f5c01747797321,2026-08-01,0,1,0.11806936
3,230471c5449fc67f,2026-08-01,0,1,0.4934704
3,2329e73c80b64492,2026-08-01,0,1,0.03926458
3,23396da0ea24e4b7,2026-08-01,0,4,0.26169604
3,2392ceb9a13f1ac2,2026-08-01,0,4,0.02753396
3,23d5ba7c2c330fac,2026-08-01,0,3,0.12043929
3,23f715018ac1b8bb,2026-08-01,0,3,0.032419328
3,23fd510fa8d00ca7,2026-08-01,0,3,0.35293937
3,2414fb58baae6ef0,2026-08-01,0,5,0.041672435
3,2437a3a6b17dc47e,2026-08-01,0,4,0.03386009
3,243dcd7035389fc2,2026-08-01,0,5,0.027614133
3,2485f971f58c8656,2026-08-01,0,2,0.05186454
3,24d5435ca0b46dc9,2026-08-01,0,3,0.2293303
3,24e1cd51cffecbeb,2026-08-01,0,2,0.08630225
3,24f6067ffc8b0eb5,2026-08-01,0,3,0.03610413
3,251d0383474dc4d4,2026-08-01,0,4,0.040279813
3,2520b47a5394d8b1,2026-08-01,0,2,0.097027026
3,2523b486ad3323f0,2026-08-01,0,4,0.061409857
3,2549c55263b61a7c,2026-08-01,1,5,0.04641248
3,257d0fee192f061e,2026-08-01,0,5,0.08771303
3,25b786f3d81da4f9,2026-08-01,0,4,0.103222065
3,25f129fb0157eb2c,2026-08-01,0,3,0.03586267
3,26052593ca45dc52,2026-08-01,0,1,0.045249358
3,262050c407f4b64d,2026-08-01,1,4,0.10211649
3,263f4e0fa404d1ac,2026-08-01,0,3,0.35535097
3,264d067fd92b3fd0,2026-08-01,0,4,0.055754066
3,265932d2d3d5a969,2026-08-01,0,1,0.09326474
3,266252da17e69a7f,2026-08-01,0,3,0.038386643
3,266af0ffd58dbaab,2026-08-01,0,5,0.042246297
3,266d9727b5135de2,2026-08-01,0,2,0.053198643
3,26e039f9d5eb7d42,2026-08-01,0,1,0.080509074
3,26ed4ed34e5a702a,2026-08-01,0,5,0.03333753
3,271016b8f7a183b3,2026-08-01,0,5,0.032088436
3,27112c31112ba083,2026-08-01,0,5,0.032096326
3,2747219c67e7b341,2026-08-01,0,2,0.045408037
3,2773362f1f71dd6a,2026-08-01,0,4,0.47077152
3,2785d778f12b9709,2026-08-01,1,2,0.07571929
3,27a3b5f3a3ff9c28,2026-08-01,0,1,0.088394284
3,27c4383835e9035d,2026-08-01,0,4,0.04300163
3,27ca487325a6104a,2026-08-01,0,3,0.09439808
3,281010f69f996c34,2026-08-01,0,1,0.038969036
3,28280a2f2364e812,2026-08-01,0,4,0.3299103
3,283fa06759b49bb3,2026-08-01,0,4,0.040234786
3,28442b1927618005,2026-08-01,0,2,0.04011534
3,28a8d001b6bdc0a8,2026-08-01,0,4,0.105364256
3,28acb25a8326ccca,2026-08-01,0,5,0.049079902
3,28ad7b0beb3cbf46,2026-08-01,0,4,0.06506083
3,290fec4333cfcf9a,2026-08-01,0,1,0.03584847
3,296908f7b2e6ebfe,2026-08-01,1,3,0.074314155
3,296fa67b3bf95033,2026-08-01,0,2,0.05445153
3,297a75b80ab346c4,2026-08-01,0,5,0.20162639
3,2988b552b715ff07,2026-08-01,0,2,0.04547888
3,298b867b2f3c8dff,2026-08-01,0,2,0.051221933
3,29a86c310f727bf4,2026-08-01,0,2,0.035086554
3,2a191c9f48e96d58,2026-08-01,0,3,0.04653335
3,2a2b39444425af16,2026-08-01,0,5,0.051751763
3,2a3a91b13cbc307e,2026-08-01,0,4,0.03449161
3,2a73dde34162a8fe,2026-08-01,0,4,0.11469835
3,2ac863288f4082be,2026-08-01,0,4,0.051707964
3,2af28c6ec326fe5d,2026-08-01,0,5,0.04934352
3,2afa571e7062cae7,2026-08-01,0,5,0.04855299
3,2b1080000087328f,2026-08-01,0,4,0.1401014
3,2b4e0089822aaa77,2026-08-01,0,2,0.091686726
3,2bd6e5dbf4867fc6,2026-08-01,0,1,0.034067836
3,2bfe490321daabb1,2026-08-01,0,5,0.052214112
3,2c19ec734f47ab33,2026-08-01,0,4,0.028749421
3,2c4e96398d3becd2,2026-08-01,0,4,0.091781005
3,2c689da8939c4021,2026-08-01,0,1,0.054167245
3,2cc09e3c9d6f4114,2026-08-01,0,1,0.04038029
3,2d21a30daf1ee747,2026-08-01,0,1,0.29232377
3,2d21ab1901453bca,2026-08-01,0,1,0.048897136
3,2d26dd2cc08c4527,2026-08-01,0,1,0.104357526
3,2d35f42718d60432,2026-08-01,0,4,0.07121173
3,2d4b54f60904663e,2026-08-01,0,1,0.03441325
3,2da89679ddbb5168,2026-08-01,0,1,0.04797616
3,2db2bafd1570e9cd,2026-08-01,0,2,0.040856965
3,2e071d8fc9fae550,2026-08-01,0,5,0.037125457
3,2e4b6d3659f46337,2026-08-01,0,2,0.073090255
3,2e504f6878387695,2026-08-01,0,4,0.04806074
3,2e882358cf932d7b,2026-08-01,0,2,0.04487702
3,2e95f8856569a7c8,2026-08-01,0,2,0.035663668
3,2ea59cc760760b49,2026-08-01,0,5,0.51835114
3,2ec750dd71fc9257,2026-08-01,0,4,0.018429646
3,2f03316b629ed2fc,2026-08-01,0,5,0.042397518
3,2f48c205a308092b,2026-08-01,0,1,0.08497016
3,2f674d9a2218e756,2026-08-01,0,4,0.028167507
3,2f802cafa68a7a93,2026-08-01,0,2,0.041218907
3,2f88352227fddbfc,2026-08-01,1,5,0.20209348
3,2f9aeac262c4c911,2026-08-01,0,2,0.046425298
3,2faf209e1dc73ff1,2026-08-01,0,5,0.50922555
3,2fb7342736ba988a,2026-08-01,0,3,0.036423326
3,2fc74f627a576e6f,2026-08-01,0,4,0.06654374
3,2ffbd00dab57d7db,2026-08-01,0,5,0.07345801
3,2fff9fb41c92e9e4,2026-08-01,0,2,0.059590764
3,300e25f5df0d3324,2026-08-01,0,4,0.30362052
3,302a1d103cfda506,2026-08-01,0,3,0.045171395
3,303576e498ab25e0,2026-08-01,0,1,0.036907744
3,305657f45e1babdf,2026-08-01,0,4,0.09344501
3,30575b421e3ee6bb,2026-08-01,0,1,0.041870646
3,309bc21c4be65739,2026-08-01,0,2,0.034021012
3,30ab7edfefd05ad8,2026-08-01,0,2,0.047669426
3,30b51652bd30d7f3,2026-08-01,0,3,0.048652906
3,30c11bba58c6913d,2026-08-01,0,5,0.10952142
3,30cef560caff5804,2026-08-01,0,5,0.025896326
3,30e9543b0655930f,2026-08-01,1,2,0.06933714
3,311c4cf179546def,2026-08-01,0,3,0.03452373
3,312deb51eca56a9e,2026-08-01,0,5,0.11125949
3,313643f64ea076bb,2026-08-01,0,1,0.044253536
3,3159ee2cbfe5f888,2026-08-01,1,2,0.30027786
3,3170c0625de6eb0b,2026-08-01,0,3,0.13208629
3,31aded826419f3b2,2026-08-01,0,5,0.036346458
3,31dddbec41e89f22,2026-08-01,0,5,0.038752925
3,31eb3b3395e7fd98,2026-08-01,0,3,0.032711886
3,31f86c4844a9e1ac,2026-08-01,0,2,0.054979812
3,31f99064e58b7161,2026-08-01,0,1,0.049149215
3,326af0e724ee0649,2026-08-01,0,2,0.061046988
3,326cc224b068a62b,2026-08-01,0,1,0.043700807
3,32787db450f56afe,2026-08-01,0,2,0.24221167
3,329677fc50ca3e47,2026-08-01,0,4,0.027585275
3,329c214fd89124db,2026-08-01,0,1,0.035540987
3,333be327673e71b2,2026-08-01,0,3,0.09008549
3,33519e26f92c7b23,2026-08-01,0,2,0.062281437
3,33a4c262746574a3,2026-08-01,0,2,0.18881544
3,33b0d6c9d6986179,2026-08-01,0,1,0.03997686
3,33d37a5fefa54b05,2026-08-01,0,2,0.040634386
3,33d7cca947f341af,2026-08-01,0,2,0.1809321
3,33f4aa2aaa6f2e62,2026-08-01,0,5,0.06744895
3,341dce90be393c28,2026-08-01,0,2,0.044885103
3,343616f221b82a44,2026-08-01,0,1,0.04314277
3,3437b467460612b9,2026-08-01,0,1,0.052722227
3,345a459ec6676b9a,2026-08-01,0,3,0.042461738
3,345e7297479daaa5,2026-08-01,0,5,0.037473105
3,34614059140da0c2,2026-08-01,1,4,0.09835456
3,3476a2ed4b2e5cec,2026-08-01,0,2,0.050610874
3,34def2d93a7da9cc,2026-08-01,0,5,0.05274502
3,351191c9b12acb83,2026-08-01,0,5,0.024098497
3,352c458ff5d9d235,2026-08-01,0,2,0.15865195
3,353fb3e6b143f371,2026-08-01,0,5,0.062326513
3,35a561ff1b8c50d5,2026-08-01,0,4,0.05896667
3,35e2dd09015280c1,2026-08-01,0,2,0.0398076
3,360a16694e6e4d76,2026-08-01,0,5,0.060684036
3,362853abd36ddd02,2026-08-01,0,2,0.077468775
3,364e35d8d7c9f295,2026-08-01,0,1,0.05832986
3,3655fe5906ced313,2026-08-01,0,2,0.05854578
3,365eafd64beb48fb,2026-08-01,0,4,0.031624373
3,367fe0679fdc76bf,2026-08-01,0,2,0.039228145
3,37118b9837d5fa75,2026-08-01,0,2,0.067222334
3,3719a41ea3b221e9,2026-08-01,0,3,0.03837186
3,3721e1f91cd8e53f,2026-08-01,0,5,0.028960207
3,372772d7453bbb9b,2026-08-01,0,2,0.082408026
3,37437f16d60de745,2026-08-01,0,2,0.052048586
3,376a0e83f66998a9,2026-08-01,0,5,0.05367309
3,37ba9f726a0939b7,2026-08-01,0,1,0.037555162
3,37c8506f9378346f,2026-08-01,0,3,0.050160993
3,3856d1789a6fee29,2026-08-01,0,4,0.06629595
3,3860358a0d3fa308,2026-08-01,0,5,0.030349782
3,38617a39d333e3da,2026-08-01,0,2,0.05860576
3,38d492fa2f703462,2026-08-01,1,3,0.11070559
3,391d104c0cfe9fd7,2026-08-01,0,1,0.03176836
3,3937620c028717ab,2026-08-01,0,4,0.044507746
3,393e65484d96a9d9,2026-08-01,1,3,0.12754357
3,393ebb629c08de6d,2026-08-01,0,1,0.068747774
3,3941ee317708664e,2026-08-01,0,5,0.031021893
3,39690c9aeb1a8b61,2026-08-01,0,4,0.100553915
3,396a5c34afa9f8b3,2026-08-01,0,2,0.061780684
3,39b83f2e444af0a5,2026-08-01,0,3,0.2713687
3,39b8e01550e9273c,2026-08-01,0,5,0.041611798
3,39bc9c66767aa3db,2026-08-01,0,4,0.14766265
3,3a01200ac43f3d7f,2026-08-01,0,5,0.073477805
3,3a22c48075e1c8a3,2026-08-01,0,4,0.025412573
3,3a2330e8273c20d8,2026-08-01,0,3,0.027207509
3,3a45833df2a6a662,2026-08-01,0,5,0.042273674
3,3a7b20de812e67bd,2026-08-01,0,3,0.10177643
3,3a8c2ea00aa8e298,2026-08-01,1,5,0.11981658
3,3aad6a32a0daa9f3,2026-08-01,0,1,0.03130719
3,3ab3dbf182b0bfaf,2026-08-01,0,4,0.07355072
3,3aca12b7d3269690,2026-08-01,0,5,0.040120713
3,3adddd2ace5a69d6,2026-08-01,0,1,0.16302976
3,3adf494e62cf489b,2026-08-01,0,2,0.063898444
3,3b37c32ea932fd42,2026-08-01,0,2,0.04101214
3,3b53af30d8af246b,2026-08-01,0,4,0.05657148
3,3b6d0de9aa481d2a,2026-08-01,0,1,0.053925082
3,3bb6269bbb086287,2026-08-01,0,3,0.036135573
3,3c210e58b27551cf,2026-08-01,0,4,0.05126017
3,3c295db2bf3c6910,2026-08-01,0,4,0.028232204
3,3c2f2a2fc854af33,2026-08-01,0,2,0.05988447
3,3c35978e8e8de976,2026-08-01,0,5,0.07504438
3,3c400277a483f1b4,2026-08-01,0,5,0.033415627
3,3c5f412bd740144c,2026-08-01,0,1,0.37884098
3,3c640891b0b92a52,2026-08-01,0,5,0.063935205
3,3c7a794a5793fc03,2026-08-01,0,3,0.24582607
3,3cada4421cadd87d,2026-08-01,0,4,0.03594592
3,3ce814b74a0d2feb,2026-08-01,0,5,0.2290449
3,3d290213df0015b5,2026-08-01,0,1,0.2040638
3,3d320156c5b69f6f,2026-08-01,0,4,0.03572487
3,3d49b21cd0c2053d,2026-08-01,0,2,0.04220848
3,3d57b54b8868531e,2026-08-01,0,4,0.062181186
3,3d5d2aab796af685,2026-08-01,0,4,0.113261476
3,3d95273c8838e8a9,2026-08-01,0,4,0.07033767
3,3dedf628881fd1e9,2026-08-01,0,3,0.15834942
3,3e021e7358375391,2026-08-01,0,2,0.1516531
3,3e2742cdf0c0bc70,2026-08-01,0,3,0.0523072
3,3e274effb3f045f8,2026-08-01,0,4,0.028390953
3,3e53f02deba0a50f,2026-08-01,0,2,0.12228115
3,3e58bc60ffd70959,2026-08-01,0,2,0.18508753
3,3eabc8f3890c730d,2026-08-01,1,4,0.06524568
3,3ed84ca905ca888a,2026-08-01,0,5,0.61143255
3,3ef85db76da7c91b,2026-08-01,0,5,0.08656857
3,3f02a030241afcd7,2026-08-01,0,1,0.041282177
3,3f24fc8ab688c745,2026-08-01,0,3,0.038033854
3,3f76f8d5f8a24429,2026-08-01,0,5,0.037950896
3,3f9e92f8bcafafef,2026-08-01,1,5,0.085242644
3,3fb531b170acccf4,2026-08-01,0,5,0.043594107
3,3fc964416c5aacdd,2026-08-01,0,3,0.2800344
3,3fe229c620ce7752,2026-08-01,0,2,0.1351423
3,40107d24119142e4,2026-08-01,0,2,0.055615596
3,4015b89c1bc0bfc6,2026-08-01,0,4,0.05267704
3,401d4f3f5303abf7,2026-08-01,0,4,0.029482314
3,405c165f3aa1214d,2026-08-01,1,3,0.19224602
3,408b816a7d7393b0,2026-08-01,0,3,0.03701017
3,409e79c6b28740a2,2026-08-01,0,2,0.052961454
3,40d2edb6c05693f2,2026-08-01,1,4,0.38178968
3,40d4cc64abf99afb,2026-08-01,0,4,0.16703394
3,40dc015c755ecb72,2026-08-01,0,1,0.06475264
3,4100d2f03b456ea4,2026-08-01,0,5,0.04076139
3,413a96adfd39b627,2026-08-01,0,2,0.035202585
3,4155c614086b000c,2026-08-01,0,5,0.06056758
3,41915209e0979ace,2026-08-01,0,3,0.029973691
3,4194f51b6fd46f3a,2026-08-01,0,3,0.025839515
3,41ad13f359de8ece,2026-08-01,0,1,0.03047506
3,41b32f2a944e15b6,2026-08-01,0,4,0.039095305
3,41e0036a7a3d47d4,2026-08-01,0,1,0.048675906
3,41fbbe31ebd88322,2026-08-01,0,5,0.03338167
3,42129b4048016115,2026-08-01,0,1,0.031164708
3,421cf070351f9764,2026-08-01,0,3,0.05196735
3,422334fefa6ca4cc,2026-08-01,0,4,0.2024734
3,427351685bd196b4,2026-08-01,0,5,0.02950205
3,427bb65b64f387b9,2026-08-01,0,3,0.027383016
3,428503bb5c09be44,2026-08-01,0,1,0.0406097
3,42bc719ee2695e41,2026-08-01,0,2,0.080217525
3,432f9f3b69d24d87,2026-08-01,0,2,0.04688894
3,436c62450a0c4ce8,2026-08-01,0,3,0.027551612
3,437f1713a4fc29e5,2026-08-01,0,4,0.06755977
3,43a4d4388d1c9754,2026-08-01,0,1,0.03886585
3,43dfc8da4defd924,2026-08-01,1,1,0.25015283
3,442be64b4bd999d5,2026-08-01,0,5,0.027753249
3,442d3bd139e8f2bc,2026-08-01,0,1,0.038254946
3,445992b16b2f4c15,2026-08-01,0,3,0.040837724
3,446555f196ffcca5,2026-08-01,0,1,0.03147979
3,4479555cd0c8ba5d,2026-08-01,0,4,0.07263011
3,44bf84c61fa17513,2026-08-01,0,2,0.060865276
3,44cd2612bdb2c9ea,2026-08-01,0,2,0.14669038
3,44d6365a6cfbd35e,2026-08-01,1,5,0.5449057
3,4552d3402caa9e79,2026-08-01,0,1,0.04147518
3,456d6ee2c430c565,2026-08-01,0,5,0.045233496
3,4572b35cf6eccc82,2026-08-01,0,3,0.0990951
3,45864395db5190a8,2026-08-01,0,4,0.16334371
3,458a1052bb1dc80a,2026-08-01,0,5,0.034370217
3,45932c042c6306a2,2026-08-01,0,1,0.13139069
3,4665071f25fae16c,2026-08-01,0,1,0.038525317
3,4666688af4c97c31,2026-08-01,1,2,0.08610715
3,468b18862a2d5a3e,2026-08-01,0,2,0.32096067
3,468e096fc731dc12,2026-08-01,0,4,0.08116721
3,46c4b0d4379d7928,2026-08-01,0,1,0.0457915
3,46c6756309ab6679,2026-08-01,0,3,0.045871753
3,46c72e5c641eee03,2026-08-01,0,5,0.059164193
3,46c8acc2056ff058,2026-08-01,0,1,0.037238564
3,46d65571cdfe017d,2026-08-01,0,3,0.03253058
3,46de47519977dda3,2026-08-01,0,4,0.083469786
3,470cb4aa16699246,2026-08-01,0,5,0.051337693
3,471124d5506c5046,2026-08-01,0,3,0.030616427
3,4717c439b62876f7,2026-08-01,0,5,0.113482326
3,47202c67a6b6bba5,2026-08-01,0,4,0.054727
3,4747aaf0a763c5fc,2026-08-01,0,5,0.0636775
3,477681c04f803e51,2026-08-01,0,5,0.052397035
3,4810f9a151eae8da,2026-08-01,0,5,0.09048112
3,481d0f771a377b13,2026-08-01,0,2,0.06387339
3,4836c877caf561a1,2026-08-01,0,5,0.05098577
3,4869681e07f988ca,2026-08-01,0,5,0.053196047
3,48793647d814595d,2026-08-01,0,4,0.024456317
3,487f2e6378a4ab54,2026-08-01,0,3,0.19770356
3,488e17ac32824096,2026-08-01,0,5,0.05087471
3,48ab73f45057af57,2026-08-01,0,5,0.1713825
3,48bf38f2dc9bd5c4,2026-08-01,0,1,0.13176918
3,48dd75745c9e47a5,2026-08-01,0,2,0.036775723
3,48e4d3515b533092,2026-08-01,0,1,0.04646967
3,49169d6e4dbebf13,2026-08-01,0,5,0.124183536
3,494d7f93541a3d64,2026-08-01,0,4,0.09253573
3,4958334f29fc3496,2026-08-01,0,5,0.48011294
3,497645c20fa19563,2026-08-01,0,5,0.05636615
3,4979182d6093f2c9,2026-08-01,0,5,0.044203747
3,49fafa34a3c75137,2026-08-01,0,5,0.056444608
3,4a4737acbe533004,2026-08-01,0,3,0.09893088
3,4a7771c7da3d1fdd,2026-08-01,0,1,0.44021764
3,4a821ff2622682c0,2026-08-01,0,1,0.030613067
3,4abb94a7b612d072,2026-08-01,0,3,0.32905146
3,4ac39df9aafd1cd0,2026-08-01,0,4,0.31216785
3,4add7ea837547e3d,2026-08-01,1,4,0.08299583
3,4af2c430dc4ad56f,2026-08-01,0,5,0.4297149
3,4b14a63038b2b6c0,2026-08-01,0,4,0.06279837
3,4b43d7fe4ea73751,2026-08-01,0,3,0.05938214
3,4b5bf7c6012f3502,2026-08-01,0,5,0.06544488
3,4b85e617d6dbe380,2026-08-01,0,2,0.20623286
3,4b9203c040cac93a,2026-08-01,0,5,0.03178008
3,4ba30d1e6fac0ec7,2026-08-01,0,3,0.17799376
3,4bb201b4d18baaac,2026-08-01,0,1,0.069331154
3,4be18850ca1cdb3e,2026-08-01,0,2,0.06778192
3,4c5b86a56c5df2b9,2026-08-01,0,5,0.054941934
3,4c5bea6369cf57be,2026-08-01,0,4,0.06314481
3,4c9ea24576afb666,2026-08-01,0,1,0.09573671
3,4ca582e2a1c199b4,2026-08-01,0,4,0.062173996
3,4ca67e6747639029,2026-08-01,0,1,0.08546263
3,4cb370d53e429e63,2026-08-01,0,3,0.03645415
3,4cf114d9663483c2,2026-08-01,0,2,0.074266024
3,4d1f770529b1eaa2,2026-08-01,0,4,0.11904391
3,4d453a450b7f1696,2026-08-01,0,3,0.06162387
3,4da31aef782691f4,2026-08-01,0,2,0.09571255
3,4da43460e9b7d1d1,2026-08-01,0,2,0.12059147
3,4dc260dad920533f,2026-08-01,0,2,0.035626423
3,4df14413b551fab7,2026-08-01,0,3,0.043764148
3,4e48d0ae9a8b28b4,2026-08-01,0,2,0.12273914
3,4e7571f0d9a9a52b,2026-08-01,0,5,0.039576724
3,4eb6d19c42d194c5,2026-08-01,0,3,0.13700919
3,4f289a2a079446b2,2026-08-01,0,1,0.12598434
3,4f3f0906a7bed000,2026-08-01,0,1,0.16079473
3,4f5d24729622d0e2,2026-08-01,0,3,0.09091395
3,4f7406380c48d916,2026-08-01,0,2,0.03642871
3,4f9d464226bdce08,2026-08-01,0,5,0.062336095
3,4ff191835250608b,2026-08-01,0,4,0.032902364
3,50399287a8030cf1,2026-08-01,0,2,0.07199649
3,505797e298a69269,2026-08-01,0,4,0.035758592
3,509341855959b123,2026-08-01,0,1,0.047001205
3,50ac88c1e4d90c83,2026-08-01,0,3,0.05270057
3,50b7e0f164635b00,2026-08-01,0,2,0.054965854
3,50bfb1d73354ba69,2026-08-01,0,3,0.045654662
3,50fd3a8f6fc8c572,2026-08-01,0,3,0.034402937
3,51242402cf6c938e,2026-08-01,0,2,0.06712723
3,5136db771ed7c160,2026-08-01,0,1,0.06824718
3,516a49c6f4269753,2026-08-01,0,2,0.035787802
3,516d48d49945a260,2026-08-01,0,4,0.040376715
3,517a7e66de4ca111,2026-08-01,0,2,0.040134322
3,519ece2fcb4e00b3,2026-08-01,0,1,0.048087932
3,51a98924f46a1d14,2026-08-01,0,3,0.04258966
3,51b506ac46d66236,2026-08-01,0,5,0.042562895
3,51bbec83fb68550a,2026-08-01,0,2,0.084315084
3,51e01124438f150e,2026-08-01,0,2,0.1153551
3,51f856e9c626b976,2026-08-01,1,1,0.34801403
3,52051ee48a97d93e,2026-08-01,0,2,0.044949185
3,5209ce1d1a2ea7e3,2026-08-01,0,1,0.035719294
3,52105dc550dca845,2026-08-01,0,4,0.031939942
3,5224870ce04dcc43,2026-08-01,0,1,0.03807295
3,5256f8d2b75f2a09,2026-08-01,0,2,0.045437478
3,525de3e2323179e1,2026-08-01,0,3,0.063842036
3,52616f5f4295e400,2026-08-01,0,5,0.036750548
3,5268a46a034a739f,2026-08-01,0,3,0.06603581
3,528f22caa8f0f0bc,2026-08-01,0,5,0.077371776
3,52b566e8b0783d85,2026-08-01,0,3,0.039346
3,52cda522c75e75c1,2026-08-01,0,1,0.082319394
3,52d596e56912afbc,2026-08-01,0,5,0.043850284
3,53126b4b55abf6c7,2026-08-01,0,2,0.06736961
3,5314b139298298d1,2026-08-01,0,2,0.21354052
3,533b2bf0135db46c,2026-08-01,0,1,0.038366105
3,535594fefc06e62a,2026-08-01,0,4,0.031402554
3,5377c05898842fea,2026-08-01,0,5,0.03375158
3,537aa52de7c6310f,2026-08-01,1,2,0.08133982
3,53e4d1a222d070a5,2026-08-01,1,1,0.32599473
3,5422f09ac5145f62,2026-08-01,0,5,0.25314093
3,543752809758e52b,2026-08-01,0,2,0.030632565
3,5466a81ec27fa22b,2026-08-01,0,5,0.095373504
3,546955959dd8171c,2026-08-01,0,2,0.053546075
3,54906087d085361e,2026-08-01,0,2,0.041768976
3,54a791a82a5b40f0,2026-08-01,1,5,0.1476258
3,54c2f2b02373fa1b,2026-08-01,0,1,0.03746658
3,54f632fc1ae718e6,2026-08-01,0,1,0.07611301
3,550545eecbc3bf67,2026-08-01,0,4,0.023141664
3,5537d06120f3d634,2026-08-01,0,3,0.038153384
3,55594d1d0a09e4d5,2026-08-01,0,3,0.036873452
3,555985f6dc7dba8d,2026-08-01,1,2,0.07654406
3,5563649d7ec08bf2,2026-08-01,0,1,0.07696704
3,55dd9fbf7952c813,2026-08-01,0,4,0.13200694
3,55df14409a1c2182,2026-08-01,0,2,0.040296532
3,560063648e706b19,2026-08-01,1,1,0.1250239
3,5661bd727e59887f,2026-08-01,0,3,0.05851339
3,56669d82a91c7059,2026-08-01,0,3,0.07078994
3,56d051e9493cd2b3,2026-08-01,0,4,0.0618778
3,578a287788101b59,2026-08-01,0,2,0.19605762
3,578e1a0ad69af84f,2026-08-01,0,5,0.056305617
3,5790143c88cfc66b,2026-08-01,0,4,0.08208949
3,57924900120516eb,2026-08-01,0,3,0.22020872
3,57b14765bd4d16a3,2026-08-01,0,2,0.046326615
3,57b228dff530742a,2026-08-01,0,1,0.051971957
3,57c5158adb8fe5a4,2026-08-01,0,5,0.03413464
3,580d69512b3d1591,2026-08-01,0,5,0.034511723
3,581aee4fe8db385e,2026-08-01,0,3,0.04668025
3,5821dc3a7cec4d51,2026-08-01,0,4,0.0663105
3,58468e18043d035c,2026-08-01,0,5,0.045549642
3,58516adc65369d10,2026-08-01,0,4,0.1231542
3,5862aed705ae003f,2026-08-01,0,4,0.03501924
3,586811ece77bdea3,2026-08-01,0,1,0.034354325
3,589be2cd7aaeb2b9,2026-08-01,0,2,0.044105798
3,58bda2d39dfd3949,2026-08-01,0,4,0.04908738
3,58d3a30fab02433c,2026-08-01,0,5,0.040620986
3,58f2adb90f75d20b,2026-08-01,0,3,0.042245783
3,5915732ec71f992b,2026-08-01,0,3,0.05505612
3,5945c8dabf905d8c,2026-08-01,0,2,0.06175662
3,599f48295cb41d37,2026-08-01,0,4,0.05938105
3,59a3e9fd73fafa4c,2026-08-01,0,4,0.025022164
3,59a65f7f13131e3d,2026-08-01,0,5,0.084083475
3,59ebabe7ec08e5ca,2026-08-01,0,3,0.32096726
3,5a087cd0498765d2,2026-08-01,0,4,0.18596554
3,5a8800bb863e6dfa,2026-08-01,1,5,0.1433715
3,5afc1f8a9386c217,2026-08-01,0,4,0.061563935
3,5b039f0e29b29195,2026-08-01,0,5,0.44208318
3,5b7080fb2d6ffcef,2026-08-01,0,1,0.3028278
3,5b80f3953b40ff93,2026-08-01,0,4,0.1443749
3,5b868482f8018cca,2026-08-01,0,2,0.32316154
3,5b9063f977886618,2026-08-01,0,5,0.103422195
3,5b90a31de5b69907,2026-08-01,0,5,0.074850656
3,5baadf07644f2d51,2026-08-01,0,4,0.19288468
3,5bc1c7684de7f9cb,2026-08-01,1,3,0.23435144
3,5c41349080ae5059,2026-08-01,0,1,0.062429108
3,5c87d029eac1a34a,2026-08-01,0,2,0.037756503
3,5c9df5a905c47f75,2026-08-01,0,2,0.06910929
3,5cd4d49a1e616a03,2026-08-01,0,5,0.03900524
3,5d07219f0cb653e3,2026-08-01,1,3,0.60074556
3,5d27647521aa8de8,2026-08-01,0,1,0.059427343
3,5d3905daab645d12,2026-08-01,0,1,0.19356944
3,5d448a3b812c9989,2026-08-01,1,2,0.14822544
3,5d66ff4b1df0bd1b,2026-08-01,0,1,0.030774295
3,5d7a7719c99466ec,2026-08-01,0,2,0.04529607
3,5d8bd3d8769f5b4a,2026-08-01,0,2,0.039984148
3,5dc78c68a93074b8,2026-08-01,0,3,0.076772556
3,5e8ab530108850ed,2026-08-01,0,4,0.04245355
3,5e9ba2724bdf5897,2026-08-01,0,1,0.073750645
3,5ec2baa32c14d438,2026-08-01,0,1,0.060498293
3,5ece8981bf4352bf,2026-08-01,0,4,0.0818274
3,5ede8205150e53a1,2026-08-01,0,5,0.16565615
3,5ee8f21b84787106,2026-08-01,1,5,0.1566601
3,5f7a2d6de69d7ede,2026-08-01,0,2,0.1518096
3,5fa2a7fa8b1047b0,2026-08-01,0,1,0.548341
3,5fce35780c34f4b1,2026-08-01,0,4,0.3038306
3,6002048381910721,2026-08-01,0,5,0.14680302
3,60251b089a43d7d4,2026-08-01,0,4,0.077249326
3,60a7f9f82b7b44aa,2026-08-01,0,1,0.12582292
3,60af106a7299e7b7,2026-08-01,0,2,0.06563523
3,60f66055c403de1a,2026-08-01,0,5,0.05156663
3,6145b7935a2a8fd9,2026-08-01,0,5,0.10431987
3,615c9f49ea949e2d,2026-08-01,0,5,0.035569757
3,617e07ab2284fb7f,2026-08-01,0,3,0.045591008
3,61d7ab3556409caa,2026-08-01,1,4,0.61882484
3,62a5bf367513e892,2026-08-01,0,2,0.030896463
3,62bbf1ad4a65705f,2026-08-01,0,2,0.040184937
3,62f75deae5e37cdb,2026-08-01,0,3,0.03305706
3,630627cb78a867a3,2026-08-01,0,5,0.02569888
3,630e7830cf069cdd,2026-08-01,0,4,0.12299954
3,63aae24330d6243a,2026-08-01,0,3,0.07372199
3,63c08e6bcfe357cd,2026-08-01,0,5,0.15266399
3,64276f48b7f040ab,2026-08-01,0,4,0.16501576
3,64347532b9b13da8,2026-08-01,0,4,0.06601615
3,645469bfe408c529,2026-08-01,0,2,0.21572721
3,6483b5359cedf06f,2026-08-01,0,2,0.051395737
3,64961fb7036391ca,2026-08-01,0,1,0.050775874
3,650633b7d415a7f7,2026-08-01,0,2,0.3217933
3,6517d043ad732a3d,2026-08-01,0,4,0.06174363
3,651f694241a41871,2026-08-01,0,2,0.04489931
3,659533fc4f8f9b96,2026-08-01,0,2,0.04088817
3,6595dc860cdb11cb,2026-08-01,0,4,0.035579804
3,660dc136de6699be,2026-08-01,0,2,0.10936414
3,6611d1e8d9a12713,2026-08-01,0,2,0.039165795
3,663b508bc185b182,2026-08-01,0,5,0.06351376
3,663ece8c586c3646,2026-08-01,0,2,0.04362406
3,664dc953607197fa,2026-08-01,0,5,0.06276442
3,6680d0791b52e25a,2026-08-01,0,5,0.16931431
3,668fd6e7b340c9a3,2026-08-01,0,1,0.349662
3,66aef99cba1ab258,2026-08-01,0,3,0.03131155
3,66afc6cca56e7e02,2026-08-01,0,4,0.040167022
3,66b6e233d52bb6fb,2026-08-01,0,2,0.06105927
3,66ef83d39f9dac4e,2026-08-01,0,5,0.2537222
3,66f7ee672cea6fdd,2026-08-01,0,5,0.052051175
3,672627e2a90b263f,2026-08-01,0,1,0.52548546
3,6740349224c3382f,2026-08-01,0,2,0.034827255
3,6752822ecf72e9b4,2026-08-01,0,5,0.06971763
3,67601fbffcbf28e0,2026-08-01,0,1,0.107221566
3,676a5d0e467210f9,2026-08-01,0,4,0.14584847
3,67f1719e0467546e,2026-08-01,0,4,0.06409053
3,67ff6817dd51ccf8,2026-08-01,0,3,0.050487213
3,68178ee8f0273fd5,2026-08-01,0,2,0.034981266
3,682e5a86c682bac2,2026-08-01,0,1,0.041504953
3,68335dc00481e816,2026-08-01,0,1,0.030752886
3,6857c0d11718f12d,2026-08-01,0,4,0.06014948
3,686b463e47344ef1,2026-08-01,0,1,0.044179335
3,689c7119c5508d95,2026-08-01,0,2,0.35047394
3,68a1de0a38f0de95,2026-08-01,0,4,0.24910551
3,68a3b36d760c71a1,2026-08-01,0,2,0.043848675
3,68bab66987668b38,2026-08-01,0,5,0.047108218
3,68c44d261c1daf9f,2026-08-01,0,5,0.047795787
3,68cd24af09ef8486,2026-08-01,0,2,0.05802177
3,68f5581962ef662d,2026-08-01,0,1,0.04724422
3,696bc6c78487ca87,2026-08-01,0,4,0.10305764
3,69867fc23477e9f7,2026-08-01,0,4,0.022907738
3,69a36343bfc492dc,2026-08-01,0,5,0.053840704
3,69dad16e93634b7c,2026-08-01,0,1,0.04325875
3,6a1c3bfaddf3f962,2026-08-01,0,3,0.101581916
3,6a2a566aed5547f2,2026-08-01,0,1,0.13719088
3,6a4c8dd40363408d,2026-08-01,0,1,0.028436113
3,6a5fc6788e12fec1,2026-08-01,0,5,0.06595567
3,6a81b7bbfb0833b7,2026-08-01,0,3,0.03303579
3,6a88affe41a66ee0,2026-08-01,0,4,0.27889147
3,6a9643e156dbd36a,2026-08-01,0,3,0.046299607
3,6acd3f485741197b,2026-08-01,0,3,0.04479695
3,6ad8ce3ab705f68e,2026-08-01,0,3,0.057333842
3,6ad9bc63ce7c79fb,2026-08-01,1,1,0.33972436
3,6af6b57306e776a2,2026-08-01,0,4,0.10999581
3,6b085ecef629a9e2,2026-08-01,0,5,0.3239863
3,6b273883d1fa6518,2026-08-01,0,2,0.041003004
3,6b55e89553e6a69b,2026-08-01,0,2,0.067582995
3,6b6712c13a0b8795,2026-08-01,0,4,0.030903608
3,6b7a1e1f37856ca8,2026-08-01,0,5,0.058335073
3,6bb407bfb69cc238,2026-08-01,0,3,0.25347134
3,6bc3c71bfbace810,2026-08-01,1,4,0.24228297
3,6c39b3b92439ea2d,2026-08-01,0,4,0.046481494
3,6c4998dbdc47ac5b,2026-08-01,0,5,0.10148933
3,6c688ae2986b23e6,2026-08-01,0,2,0.049621314
3,6cc111629b17bb80,2026-08-01,0,5,0.06679884
3,6cccc0e2eb5a7fd4,2026-08-01,0,4,0.20571002
3,6cfaaf5008e3a368,2026-08-01,0,1,0.07522807
3,6d0fabf2737acd96,2026-08-01,0,4,0.0413128
3,6d54882c089c738c,2026-08-01,0,2,0.07479652
3,6d763acede05a57e,2026-08-01,0,2,0.047594376
3,6d7d1ac65b8e2b71,2026-08-01,0,2,0.18139501
3,6e03d30cfa2d4d7d,2026-08-01,0,4,0.06594703
3,6e2e0d3333366da8,2026-08-01,0,1,0.06258132
3,6eaf56faf92d6e1e,2026-08-01,0,1,0.03718597
3,6ebe5700ae86bd83,2026-08-01,0,2,0.06062438
3,6ef045018206cb55,2026-08-01,0,5,0.04586376
3,6f204569aa37516e,2026-08-01,1,1,0.37886629
3,6f4eca54c3aa2bc1,2026-08-01,0,1,0.0833257
3,6f651f986293dafb,2026-08-01,0,2,0.032674618
3,6f6792f3a97dfb88,2026-08-01,0,1,0.05673102
3,6fb63fe98bb40d41,2026-08-01,0,1,0.06247494
3,6fca9eb62235956e,2026-08-01,0,3,0.064322576
3,6fe3c44dd9cbfaae,2026-08-01,0,2,0.07841629
3,706992daca2df278,2026-08-01,0,5,0.0752548
3,70a7c83a4072d170,2026-08-01,0,2,0.04680202
3,70b99ef3175db7f4,2026-08-01,1,5,0.06024981
3,70c23b94718456df,2026-08-01,0,3,0.03707591
3,70d8f56bb47fa695,2026-08-01,0,1,0.09083034
3,70f858452af19f8f,2026-08-01,0,2,0.044397242
3,712b15cc1a16f40e,2026-08-01,0,4,0.020755433
3,7135bf0f61d1ff45,2026-08-01,0,5,0.03885804
3,71911ead7fc487a2,2026-08-01,1,4,0.042909734
3,71a3beeadba4a14a,2026-08-01,0,1,0.06712934
3,71bdbeae06c611da,2026-08-01,0,2,0.2426686
3,71e0918bc947a70f,2026-08-01,0,2,0.045569196
3,71ecf623274b969a,2026-08-01,0,4,0.10078382
3,7209492d1bab4bcd,2026-08-01,0,2,0.039445512
3,7242018ba1a33d45,2026-08-01,0,2,0.09479669
3,72532fb94c54c265,2026-08-01,0,3,0.055975538
3,725628e4a7596910,2026-08-01,1,5,0.114158675
3,7256b09caa899831,2026-08-01,0,5,0.10022684
3,725b37b1907b50d9,2026-08-01,0,3,0.028803408
3,72a3bc4213e3cb58,2026-08-01,0,2,0.067931786
3,72d46fb38d14c41c,2026-08-01,0,4,0.097647585
3,72e138216d4c1087,2026-08-01,0,2,0.034053694
3,72f676aec235e7cf,2026-08-01,0,5,0.06174885
3,72fdaadd4906219c,2026-08-01,0,5,0.08850022
3,732b3a0cded95339,2026-08-01,0,1,0.104340084
3,73965092d34d2b9a,2026-08-01,0,4,0.038388304
3,739a8078e2c0c28a,2026-08-01,0,1,0.14800888
3,73a854d1911e1c4d,2026-08-01,0,3,0.070430525
3,73d76b6ac182487f,2026-08-01,0,1,0.05612448
3,73db54883334e447,2026-08-01,0,5,0.03364249
3,73ea7b72742dc5e8,2026-08-01,0,4,0.02809211
3,748d0b09094c9b01,2026-08-01,0,2,0.11259088
3,748f832ff17635e3,2026-08-01,0,1,0.17289126
3,749650f04260b5e6,2026-08-01,0,2,0.034002423
3,74a08a598a032a1d,2026-08-01,1,3,0.07297624
3,74a7b4ba1282ee47,2026-08-01,0,2,0.05714667
3,74d47a9d4a58942e,2026-08-01,0,1,0.05791841
3,74f247c17039f90d,2026-08-01,0,4,0.25285527
3,7528e5d9aa2facb1,2026-08-01,0,2,0.05138888
3,753cdea395d239a5,2026-08-01,0,1,0.04192796
3,75447c40e61cecf0,2026-08-01,0,5,0.037776604
3,755745df95ff0a69,2026-08-01,0,2,0.108915985
3,75703715f50699db,2026-08-01,0,3,0.09939254
3,75e414784ebd7f51,2026-08-01,0,2,0.048384227
3,75e80b55e66c2732,2026-08-01,0,1,0.075484365
3,75f30f73370c6e9a,2026-08-01,1,3,0.6348969
3,764797b1db1412fb,2026-08-01,1,2,0.6109046
3,76ce46b1f40e9db0,2026-08-01,0,3,0.030591834
3,76d79330dc07537e,2026-08-01,0,3,0.0426044
3,774e9a8d1feecf4e,2026-08-01,0,2,0.05515854
3,7756f7a33eb9742c,2026-08-01,0,3,0.04236721
3,776384347af07be1,2026-08-01,0,1,0.088045076
3,77ad16d00dd7763f,2026-08-01,0,4,0.08330166
3,77ba0a399e463009,2026-08-01,0,3,0.09411412
3,7822f667387b29c7,2026-08-01,0,4,0.28719762
3,783f1435d067b6da,2026-08-01,0,2,0.06294448
3,7858913f63d751db,2026-08-01,0,1,0.034919403
3,786148badc8885a8,2026-08-01,0,5,0.09426909
3,787a54c685eb4905,2026-08-01,0,5,0.03307897
3,78c5b2be3b57a635,2026-08-01,0,1,0.046678953
3,78c6df26f6e60deb,2026-08-01,0,4,0.033131193
3,790575c250daebeb,2026-08-01,0,5,0.08835383
3,7924fc7a33a94fd7,2026-08-01,0,5,0.04072207
3,794117e30646a384,2026-08-01,1,1,0.09261034
3,7993b9d06cc9138f,2026-08-01,0,5,0.038123164
3,79a073738a1eea2d,2026-08-01,0,4,0.053011984
3,79bef50ddebf7136,2026-08-01,0,3,0.031560216
3,79ca13d5cab1c005,2026-08-01,0,4,0.05182626
3,79e792ebe61208d4,2026-08-01,0,3,0.0604133
3,7a13a0eea6307278,2026-08-01,0,5,0.22081675
3,7a20dae074f2a9d7,2026-08-01,0,2,0.041876588
3,7a931f36e2766186,2026-08-01,0,5,0.13057026
3,7a99096be88051ee,2026-08-01,0,5,0.13710096
3,7ac219791398ad90,2026-08-01,0,3,0.060948823
3,7ae5153c103cae58,2026-08-01,0,3,0.10661254
3,7b22593523b7444c,2026-08-01,0,5,0.31338283
3,7b404a403b4f0e5c,2026-08-01,0,1,0.079551965
3,7b6c1d974eb1a170,2026-08-01,0,4,0.20818062
3,7bb11dc51ba9c97b,2026-08-01,0,3,0.075320825
3,7bb45507640e3943,2026-08-01,0,4,0.47644225
3,7bd6dc51f38f2c44,2026-08-01,0,3,0.08882799
3,7c04e7b054e0c124,2026-08-01,0,2,0.035009656
3,7c8aeacf1fa72ab3,2026-08-01,0,3,0.16203214
3,7ca9ed9e32ddf851,2026-08-01,0,3,0.055602614
3,7cc77d4f9904a8e1,2026-08-01,0,2,0.325791
3,7ce4c945061f643a,2026-08-01,0,5,0.097458445
3,7cfdede4400eea59,2026-08-01,0,2,0.031891294
3,7d33acd56b024065,2026-08-01,0,1,0.19486797
3,7d3747c4378d47ae,2026-08-01,0,1,0.051356215
3,7d76df379326eab1,2026-08-01,0,5,0.036408212
3,7d9db37e1ed6e427,2026-08-01,0,5,0.101907045
3,7dc1ddf462be6bc5,2026-08-01,0,5,0.03849358
3,7dcb9ef8bbf9e4e4,2026-08-01,0,4,0.048507698
3,7dcfcdc409e502cd,2026-08-01,0,1,0.043948945
3,7dda8c1dc22c4ce6,2026-08-01,0,4,0.06397787
3,7e5e11ddc426f774,2026-08-01,0,4,0.045227624
3,7e641fe4afaf0d70,2026-08-01,0,1,0.13177767
3,7ebfbf3457024c73,2026-08-01,0,4,0.054089673
3,7ec747f977d6f5bf,2026-08-01,0,2,0.046424314
3,7ec7bbac1751f2d1,2026-08-01,0,1,0.060366306
3,7ee1753da5cce9b8,2026-08-01,0,4,0.08423442
3,7eeba9b9bbdcc619,2026-08-01,0,3,0.046440873
3,7f1d9a9904632eb6,2026-08-01,0,1,0.08758091
3,7f507a92e65dadad,2026-08-01,0,4,0.42548215
3,7f722281a4db3b1d,2026-08-01,0,2,0.26482344
3,7f7d5b9a789b4387,2026-08-01,0,4,0.048370037
3,7faf5dfae7e7e597,2026-08-01,0,2,0.09079182
3,80186fe21865b3d1,2026-08-01,0,5,0.03745481
3,804a36bdcb7df426,2026-08-01,0,3,0.11290789
3,808c916fdd731cf6,2026-08-01,0,1,0.074034736
3,809fff685f55ddeb,2026-08-01,0,5,0.052019488
3,80aa9adc593a379c,2026-08-01,0,5,0.061907012
3,80d8f3e6920c9954,2026-08-01,0,5,0.051047727
3,80ef2265eeefbe6c,2026-08-01,0,1,0.057042852
3,80f63d7faf3932ab,2026-08-01,0,3,0.041784372
3,8102e2532d334c1e,2026-08-01,0,4,0.034770638
3,8145d4f50b3ab222,2026-08-01,0,1,0.03266816
3,817fc433b6ecaefc,2026-08-01,0,4,0.1372002
3,818a79bdaba6a37a,2026-08-01,0,3,0.05577875
3,819af7d8ff2d924c,2026-08-01,1,2,0.109141886
3,81dfa6629c13b316,2026-08-01,0,5,0.08451251
3,81fc9d3d51ce5366,2026-08-01,0,2,0.09881661
3,822612270af518cb,2026-08-01,0,3,0.046221748
3,8295da3b3202abdf,2026-08-01,0,2,0.16321102
3,82e8a5b54f692f94,2026-08-01,0,1,0.054071803
3,832278673db18633,2026-08-01,0,5,0.081838995
3,83525327a673c197,2026-08-01,0,3,0.08781538
3,83546176b0fe51c7,2026-08-01,0,5,0.03681668
3,83ff9714b05d041a,2026-08-01,0,5,0.071052074
3,841103cabc0b106c,2026-08-01,0,4,0.043464925
3,842246e106b1ea8d,2026-08-01,0,4,0.054130852
3,84324e772d11375c,2026-08-01,0,2,0.37840852
3,84559f8bdecfee77,2026-08-01,0,1,0.2194235
3,84a7be9849355a05,2026-08-01,0,4,0.0572826
3,84dc0b9a87a8ea12,2026-08-01,0,4,0.06345843
3,853d3ab6559631e2,2026-08-01,0,4,0.053224735
3,855ca47819cf5703,2026-08-01,0,1,0.047110453
3,8584cf7a70a6d3e8,2026-08-01,0,5,0.026765054
3,85d4d56603523e44,2026-08-01,0,3,0.11753088
3,85dd641f03eb059f,2026-08-01,0,5,0.09280661
3,86194b8ed4ade423,2026-08-01,0,1,0.045671474
3,86730df7a6fe999e,2026-08-01,0,5,0.050936796
3,86a177935d232c69,2026-08-01,0,3,0.05143777
3,86c5d82112d4d61d,2026-08-01,0,3,0.046731673
3,86d2c6ecab138e80,2026-08-01,0,3,0.058774184
3,86e300d62fdd81b0,2026-08-01,0,3,0.044592183
3,870ea517056d67bb,2026-08-01,0,1,0.04055597
3,875477673c8ee3d9,2026-08-01,0,5,0.026857046
3,877351281acec94c,2026-08-01,0,1,0.031124841
3,87981be00758ff81,2026-08-01,0,3,0.43939474
3,87a32ed9d666e99a,2026-08-01,0,1,0.048901513
3,87b8024da9dde6d3,2026-08-01,0,2,0.055812974
3,87c30bc09bcbe6cd,2026-08-01,1,5,0.3160091
3,87dec59167ad256d,2026-08-01,1,4,0.08873156
3,8814713a2c820302,2026-08-01,0,4,0.037445698
3,88227a7d741a5260,2026-08-01,0,5,0.05900009
3,88295cb9b31fcb1e,2026-08-01,0,5,0.0389721
3,887366c9a288cbb6,2026-08-01,0,4,0.027520834
3,888d5ebb6dcd54fd,2026-08-01,1,3,0.09865665
3,888d6adec828fd25,2026-08-01,0,1,0.06412175
3,889d0484e4c25c25,2026-08-01,0,2,0.09123187
3,890a8bf387658eb5,2026-08-01,0,3,0.14607862
3,89390d6c06cac3f5,2026-08-01,0,3,0.026586572
3,89611552d0174ff6,2026-08-01,0,5,0.10500677
3,8996f01d262ba875,2026-08-01,0,5,0.23341109
3,899d7d64c2b83f21,2026-08-01,0,3,0.084511824
3,89e2040aeb415707,2026-08-01,0,5,0.07210176
3,8a22101fe12eb2c5,2026-08-01,1,5,0.1242217
3,8a5c0b5ad8e104a8,2026-08-01,0,1,0.03661715
3,8a8414e70a6de5f7,2026-08-01,0,1,0.05697886
3,8aa167ad0208b0ea,2026-08-01,0,4,0.057357218
3,8ad6d6cb7cee43e7,2026-08-01,0,5,0.069412775
3,8ae4f0381f513699,2026-08-01,0,3,0.043590378
3,8b0c143fd843722e,2026-08-01,0,2,0.076347254
3,8b220a0384032bf0,2026-08-01,0,5,0.03218046
3,8b315dc1730da0c8,2026-08-01,0,5,0.03579776
3,8b98028b5219338f,2026-08-01,0,3,0.04817852
3,8bebc9cb93533252,2026-08-01,0,2,0.053246938
3,8bfaf4973eaba339,2026-08-01,0,4,0.035497054
3,8c15590e040d6608,2026-08-01,0,4,0.03369617
3,8c18a30e67e714ab,2026-08-01,0,3,0.069364525
3,8c379c4d88316b5f,2026-08-01,0,4,0.35618922
3,8c3f87304731746f,2026-08-01,0,5,0.05633731
3,8ca039b7cae4ded8,2026-08-01,0,5,0.056439724
3,8cacac70e0c8a431,2026-08-01,0,2,0.19547677
3,8cd01036387d0033,2026-08-01,0,2,0.03841061
3,8d01315db3bfa9c6,2026-08-01,0,5,0.080223784
3,8d3f82827b0890e0,2026-08-01,0,4,0.024535444
3,8d5c703afcec1b99,2026-08-01,0,1,0.041858345
3,8d7602c3974b0aaa,2026-08-01,0,1,0.027963802
3,8d8c09db3b765544,2026-08-01,0,5,0.038784005
3,8db86abd14e45e77,2026-08-01,0,5,0.033497892
3,8dd83465d46be50c,2026-08-01,0,5,0.047191232
3,8e27eb733ed058bd,2026-08-01,1,1,0.19358717
3,8e9cef6d191d4f78,2026-08-01,0,5,0.0695601
3,8ec0b262a25f0213,2026-08-01,0,2,0.060888812
3,8efd717c8e956434,2026-08-01,0,3,0.06599349
3,8f174cfed26bfe06,2026-08-01,0,1,0.29253006
3,8f58eb42e4bcff39,2026-08-01,1,5,0.2231683
3,8f6a6863ef27d373,2026-08-01,0,4,0.035336804
3,8f742a6486a107c2,2026-08-01,0,2,0.05984377
3,8f98efb75d639716,2026-08-01,0,4,0.03503352
3,8fae729a975e1589,2026-08-01,0,4,0.05856562
3,8fba9069c0ba45ea,2026-08-01,0,3,0.04670038
3,908929396ab4c953,2026-08-01,0,5,0.06075924
3,908bfa9116756ee7,2026-08-01,0,2,0.036649503
3,90c3e825e848b5d0,2026-08-01,0,2,0.04296903
3,91211fd51a1d48d9,2026-08-01,0,3,0.035376485
3,91266c03880b12d6,2026-08-01,1,5,0.13685033
3,919f51fbf57512f7,2026-08-01,0,5,0.033805296
3,91b0e87278726e3e,2026-08-01,0,2,0.05349061
3,91bc5d5ff8d66a5e,2026-08-01,0,1,0.025907725
3,92018e6142f69623,2026-08-01,0,2,0.08063574
3,921c76f30a27b4b2,2026-08-01,1,1,0.3393719
3,924b34d606674713,2026-08-01,0,5,0.047370616
3,92530b14bcd89ab8,2026-08-01,0,4,0.07505713
3,9258832c9b88feac,2026-08-01,0,3,0.03836732
3,926ec48829999094,2026-08-01,1,3,0.059735462
3,92711c93d6c31bb1,2026-08-01,1,1,0.12453763
3,929628966cbe9c3a,2026-08-01,1,2,0.26931125
3,92c085f436bf40d1,2026-08-01,1,3,0.1268308
3,92cebf4c31ba3c0c,2026-08-01,1,2,0.07174791
3,92da135370e30e2b,2026-08-01,0,5,0.05773208
3,92df5b40c9b72000,2026-08-01,0,4,0.04530734
3,934e417989cac234,2026-08-01,1,5,0.046242665
3,9364a2910ec8b1a4,2026-08-01,0,3,0.06008953
3,93c99cdb34a71512,2026-08-01,0,1,0.02671057
3,93d4300f1f5d6d8b,2026-08-01,0,1,0.043468315
3,941719fc6af54272,2026-08-01,0,1,0.047525775
3,942cb5d293dbe546,2026-08-01,0,2,0.040493313
3,943a597d4017b8f6,2026-08-01,0,2,0.057327606
3,94510d88d6e7c1ae,2026-08-01,0,5,0.23867323
3,94523b841f1b13b1,2026-08-01,0,1,0.035267357
3,9455d2c2247eab6b,2026-08-01,0,1,0.0473833
3,9469e0f7b0485d15,2026-08-01,0,3,0.029292274
3,947a15456539216e,2026-08-01,0,5,0.04775292
3,947bfb88e3f67301,2026-08-01,0,1,0.107258454
3,9481ce77250d5699,2026-08-01,0,3,0.0338905
3,9482ac37fbb2a459,2026-08-01,0,4,0.034976598
3,949e497d556a3207,2026-08-01,0,2,0.039614957
3,94c0710f018fc21b,2026-08-01,0,1,0.035278372
3,94cda231ad7ec1ee,2026-08-01,0,2,0.061658382
3,95196236233b18e9,2026-08-01,1,2,0.11893451
3,9556185d4a18924b,2026-08-01,0,1,0.11836421
3,9564e1164ee5d4c0,2026-08-01,0,4,0.04547861
3,9593a23a5878163b,2026-08-01,0,2,0.064727984
3,959b7d01ad823ebb,2026-08-01,0,2,0.061249394
3,95aebe7d44494d9a,2026-08-01,1,2,0.1420678
3,95d59c6a8b8bbaaf,2026-08-01,0,4,0.4832743
3,960c2c84d850f3fb,2026-08-01,0,4,0.049509685
3,96209a3993cf3589,2026-08-01,0,5,0.043226305
3,962e163e3f95007b,2026-08-01,0,2,0.07035088
3,9632063f88d1b734,2026-08-01,1,3,0.17288785
3,9648adebd74c0369,2026-08-01,0,5,0.04370161
3,964da491f09ae5f5,2026-08-01,0,5,0.031022819
3,9663ee03693bc1ba,2026-08-01,0,2,0.031482708
3,966686038b842717,2026-08-01,0,3,0.11098873
3,967b807ffdbc4561,2026-08-01,0,3,0.04793229
3,968087a462e73a1b,2026-08-01,0,1,0.04231889
3,969760fcba2e6fbe,2026-08-01,0,1,0.04290016
3,96a08eafa1db1917,2026-08-01,0,3,0.04731169
3,96c0cbad3cc5e46b,2026-08-01,0,3,0.053936735
3,96c849cde5fc3d4e,2026-08-01,1,4,0.3518288
3,96d3524f7227cf9c,2026-08-01,0,3,0.03726683
3,9722c1d065130712,2026-08-01,0,4,0.19751163
3,9726e7cc4d6e5754,2026-08-01,0,5,0.088309504
3,9745ae02e62b0106,2026-08-01,0,4,0.21375509
3,97b8ff70808c0e69,2026-08-01,0,3,0.15987732
3,97ea16ed330e2396,2026-08-01,0,2,0.049271677
3,9809ca7837e35ebf,2026-08-01,0,1,0.11875712
3,982e07eee88de864,2026-08-01,0,2,0.05043155
3,9830f37af2db872b,2026-08-01,0,2,0.042189475
3,98787dce6bc02858,2026-08-01,0,5,0.09111547
3,987b8c526fb64ca1,2026-08-01,1,3,0.13235678
3,98c29edc6d96f11c,2026-08-01,1,4,0.26395524
3,98e7e3143907bb04,2026-08-01,0,1,0.033346955
3,990baafc86600963,2026-08-01,0,1,0.061689112
3,992f51527d4c91c3,2026-08-01,0,5,0.037513956
3,999fe38a8576f561,2026-08-01,0,4,0.047286022
3,99c4b3182e4d885f,2026-08-01,0,4,0.026170652
3,99dc5b286d4131d4,2026-08-01,0,4,0.045895863
3,99ee6f601f914330,2026-08-01,0,5,0.2707975
3,99eef8f5517a4d2f,2026-08-01,0,3,0.07697687
3,9a06fcdab7395033,2026-08-01,0,4,0.08280362
3,9a5db952f96c0e77,2026-08-01,1,4,0.061511733
3,9aa724ed02c28f5a,2026-08-01,0,5,0.030338507
3,9ab0134baa1960ab,2026-08-01,0,4,0.07434524
3,9ab21b39b641882d,2026-08-01,0,3,0.045063872
3,9ad3d93d4eadfa97,2026-08-01,0,3,0.025768476
3,9af028b11d5809f7,2026-08-01,0,5,0.08519627
3,9b30c24c590ecb82,2026-08-01,0,3,0.063755594
3,9b3211a99e6d77d8,2026-08-01,0,5,0.053244885
3,9b8a9738aa705079,2026-08-01,0,3,0.1135675
3,9b91d34e1fdd50e2,2026-08-01,0,2,0.04878058
3,9bbc013dfa84d784,2026-08-01,0,1,0.22060409
3,9be023aa553759d1,2026-08-01,0,2,0.09064896
3,9c0719790b187ef8,2026-08-01,0,3,0.03897064
3,9c511f9c2f44ce78,2026-08-01,0,1,0.033392217
3,9c8ec09e67afbb35,2026-08-01,0,4,0.032987993
3,9c8f9a92cb948fee,2026-08-01,0,4,0.053186517
3,9d040be315a8707f,2026-08-01,0,1,0.04320313
3,9d3a61eb9aa261e8,2026-08-01,0,4,0.026592115
3,9d4c32ed4590ed6c,2026-08-01,0,4,0.06728925
3,9db146f013d7d60a,2026-08-01,1,2,0.08779837
3,9e0438deaf9d2e3f,2026-08-01,0,1,0.052483484
3,9e39138651a820c2,2026-08-01,0,2,0.043815322
3,9e6115ab696893c8,2026-08-01,0,1,0.061534807
3,9e7542a6acb94bc0,2026-08-01,0,4,0.05753427
3,9e8cd0bf75b33dde,2026-08-01,0,5,0.03901305
3,9ed92e4106337b9b,2026-08-01,0,2,0.04179741
3,9efb040fb451034b,2026-08-01,0,2,0.064400814
3,9f91a16c548bbf9f,2026-08-01,0,2,0.028406605
3,9fc184516d4b6874,2026-08-01,0,4,0.03150963
3,9ff8f19000625311,2026-08-01,0,1,0.07068299
3,9ff99277aef0660c,2026-08-01,0,4,0.045190968
3,a085cdd4630c804b,2026-08-01,1,1,0.26018414
3,a0c462f731b98a5c,2026-08-01,1,5,0.08268331
3,a0f93a44d8792479,2026-08-01,0,2,0.042179108
3,a1b24bb7b36a50f9,2026-08-01,0,4,0.023745053
3,a1c7b698d9cbc450,2026-08-01,0,3,0.02980564
3,a1dc3d3af0ac184b,2026-08-01,0,5,0.080105156
3,a1f3d64342d58daa,2026-08-01,0,2,0.04441534
3,a25d9c30008629ce,2026-08-01,0,2,0.32699004
3,a2d0b3f9212aa1ab,2026-08-01,0,5,0.087971635
3,a2d1ac3f3c933304,2026-08-01,0,5,0.071941
3,a30fd7b395ee1986,2026-08-01,0,5,0.10319943
3,a325f646da7b1417,2026-08-01,0,2,0.036684908
3,a34175ec1f03a8e4,2026-08-01,0,5,0.060656417
3,a34c251f8d9d84cb,2026-08-01,0,3,0.032005034
3,a385c8dcff65b440,2026-08-01,0,4,0.12363446
3,a38efc6024f21269,2026-08-01,0,5,0.029664634
3,a3bfda7044bacc59,2026-08-01,0,5,0.04848872
3,a3d2511aa13a37ca,2026-08-01,0,1,0.26643616
3,a3e6d25504844590,2026-08-01,0,5,0.04719214
3,a41758e7d634c664,2026-08-01,0,5,0.06675427
3,a45d21bd449a09df,2026-08-01,1,4,0.21188337
3,a46193d604bed5f3,2026-08-01,0,4,0.025969518
3,a47b76de2c81984d,2026-08-01,1,2,0.17307566
3,a49036d69aec05b9,2026-08-01,0,4,0.059005566
3,a4904a7d608d5daf,2026-08-01,0,4,0.05385318
3,a4a1d85bb9bff4eb,2026-08-01,0,5,0.059883315
3,a4bfa61a90ed5365,2026-08-01,0,2,0.047638588
3,a4d5699111e3af72,2026-08-01,0,4,0.027371086
3,a50b08b6e8e6df22,2026-08-01,0,5,0.039461937
3,a55d9ee9673125c5,2026-08-01,0,3,0.059402477
3,a58564a46d57c180,2026-08-01,0,5,0.056303445
3,a595e2e70cfe7a47,2026-08-01,0,2,0.036959145
3,a5c070bc702094fa,2026-08-01,0,1,0.03147418
3,a5dd509365d64f15,2026-08-01,0,2,0.045432597
3,a6288040cf6ef247,2026-08-01,0,2,0.11590148
3,a6c4257d648a354d,2026-08-01,0,4,0.3316117
3,a6e66824f8966007,2026-08-01,0,4,0.14985871
3,a6fd336a1407c117,2026-08-01,0,4,0.08020526
3,a70b8e3c08cd20e4,2026-08-01,0,4,0.32122695
3,a77469d18535a4be,2026-08-01,0,2,0.06900995
3,a793ae9d4775896f,2026-08-01,0,4,0.06408395
3,a7995607e7dc4a5f,2026-08-01,0,3,0.031805832
3,a7e05fbdf77e7d46,2026-08-01,0,3,0.035382822
3,a80a2f90e8d71f0e,2026-08-01,0,4,0.031516906
3,a81f05f8e0ae2bf4,2026-08-01,0,3,0.05704541
3,a82fcae34ae3339b,2026-08-01,0,2,0.08129264
3,a8340db25ad37cbe,2026-08-01,0,2,0.049485028
3,a834f3663fb1e615,2026-08-01,0,3,0.03182919
3,a862892d62c72766,2026-08-01,0,1,0.16595462
3,a8925e8f6d5494e9,2026-08-01,0,2,0.14555842
3,a8b101a86f455744,2026-08-01,0,2,0.38225016
3,a8d309f5e65bc8ea,2026-08-01,0,5,0.17007102
3,a8e4b4d6bbd879c6,2026-08-01,0,4,0.3096414
3,a9295b1117787b73,2026-08-01,0,3,0.045508858
3,a96c0b9c67d2d973,2026-08-01,0,5,0.076171175
3,a970b7a1c87289f7,2026-08-01,0,3,0.0995102
3,a977e1422ddb24e4,2026-08-01,0,5,0.08415642
3,a9839c22a7429607,2026-08-01,0,5,0.042172443
3,a998a3471aa33926,2026-08-01,0,2,0.0431949
3,aa05409e91de5463,2026-08-01,0,2,0.06775396
3,aa49b38a1a9a506d,2026-08-01,0,4,0.03187949
3,aa973d6e1ec57a3b,2026-08-01,1,1,0.17542323
3,aaa60e0692a61d69,2026-08-01,0,5,0.3324638
3,aab6cbbd9f004a8e,2026-08-01,0,2,0.037269384
3,aaeb5b9a9c7290ea,2026-08-01,0,2,0.059331264
3,aaf4518f9a97077d,2026-08-01,0,5,0.029916894
3,aaf58c407934cc00,2026-08-01,0,4,0.064896
3,ab018adf1fda41d2,2026-08-01,0,1,0.05818373
3,ab1a05e1b589e0d8,2026-08-01,0,3,0.046692
3,ab473cdfdea50b90,2026-08-01,0,5,0.10362499
3,ab48a16fc4e89ffb,2026-08-01,0,4,0.42441198
3,ab49db7daaa03b02,2026-08-01,0,1,0.06513726
3,ab5e266ca2d39a35,2026-08-01,0,4,0.032023303
3,ab6109b126687f81,2026-08-01,0,5,0.10886902
3,ab6574359ebb2a52,2026-08-01,0,1,0.038879186
3,ab6f4b9dcaa5d9d6,2026-08-01,0,2,0.101770915
3,ab883e4c89cb2d8f,2026-08-01,1,2,0.21325102
3,abda01a6fb188c95,2026-08-01,0,1,0.085989535
3,abeec4b51563f76a,2026-08-01,0,1,0.035849683
3,abfad212a161a1ec,2026-08-01,0,5,0.048045427
3,ac1f9d1eddbf7c1a,2026-08-01,0,5,0.16312641
3,ac346947a848454f,2026-08-01,0,3,0.04616163
3,ac4bc2d45eda2808,2026-08-01,0,3,0.045200054
3,ac7a93543c3b8cae,2026-08-01,0,2,0.040818207
3,ac8383a4a4b95c3a,2026-08-01,0,3,0.053423725
3,acc0428f720bd4ef,2026-08-01,0,3,0.077880554
3,acf2d120ed640fc9,2026-08-01,0,4,0.42225105
3,acfd849875323dc8,2026-08-01,0,1,0.07540216
3,ad481422e1f30881,2026-08-01,0,5,0.06353694
3,ad54974d4e94e913,2026-08-01,0,1,0.19643933
3,ad84df4a1494275c,2026-08-01,0,1,0.04991917
3,ad8fbf8b7202dcab,2026-08-01,0,2,0.050899755
3,ada7ac7f67f9b310,2026-08-01,0,4,0.055872764
3,adcd4a27330439d4,2026-08-01,0,1,0.051855337
3,add27dbe86745be7,2026-08-01,0,2,0.043406837
3,ade3b4ed35b4855f,2026-08-01,0,5,0.103132896
3,adee7fe5d8dfd349,2026-08-01,0,4,0.027945105
3,adf28196863522bb,2026-08-01,1,1,0.047680832
3,ae0a5928a980ed2a,2026-08-01,0,3,0.070228204
3,ae1a0fc5f40071cd,2026-08-01,1,1,0.33662027
3,ae253c75810fb951,2026-08-01,0,3,0.03620817
3,ae2ae0b850b43025,2026-08-01,1,1,0.060150962
3,ae64653ec6fb828c,2026-08-01,0,4,0.03472241
3,ae7bfc32807e2254,2026-08-01,0,1,0.28867525
3,aecb15c87b539a87,2026-08-01,0,4,0.03598778
3,aecbd08c6083dc15,2026-08-01,0,1,0.16789371
3,aed6c6ae972e65b1,2026-08-01,1,4,0.10137393
3,aee08e42f0ebd181,2026-08-01,0,5,0.040251084
3,af2fc23dcfd9a840,2026-08-01,0,1,0.032928105
3,af561b09fd9c36c7,2026-08-01,0,2,0.06787401
3,af7f641dcf613257,2026-08-01,0,4,0.08967076
3,af833e343dd62a40,2026-08-01,0,2,0.33603176
3,afa145b02ae2dc97,2026-08-01,0,3,0.06664294
3,b029312eaeefe98f,2026-08-01,0,4,0.06060426
3,b046fc94551a7ac2,2026-08-01,0,3,0.033721153
3,b07275d3a6de233d,2026-08-01,0,3,0.038917415
3,b0ad5881901b319c,2026-08-01,0,3,0.056550145
3,b0b4ddc1465a1906,2026-08-01,0,4,0.443163
3,b0c39aaf38b4dabf,2026-08-01,0,3,0.02626543
3,b0d18645fbb34773,2026-08-01,0,1,0.04934157
3,b102526594e3c520,2026-08-01,0,4,0.16236724
3,b156f7256ee43dd6,2026-08-01,0,2,0.03834947
3,b161e909a16233c8,2026-08-01,0,2,0.09769627
3,b1832ed47d58e701,2026-08-01,0,2,0.070426516
3,b1acbbf3874d0291,2026-08-01,1,4,0.07431092
3,b1f55b2e43c84264,2026-08-01,0,5,0.075407885
3,b211b25c19775854,2026-08-01,0,4,0.031525962
3,b243735ddbb74ebc,2026-08-01,0,3,0.04727625
3,b24a0f881b2d8a33,2026-08-01,0,3,0.03187949
3,b24ed9bbf4ab4c87,2026-08-01,0,5,0.041148778
3,b2927a8dfe1a10fa,2026-08-01,0,5,0.03382743
3,b2969e7523f2b7f8,2026-08-01,0,4,0.048943426
3,b2b6d912d1b117c1,2026-08-01,0,4,0.20568746
3,b2c3f04a683df3ce,2026-08-01,0,1,0.06754828
3,b2f2013f1db1043d,2026-08-01,0,2,0.4277921
3,b3323902b6938774,2026-08-01,0,2,0.038493443
3,b345ea2c910ecd7e,2026-08-01,0,3,0.032359157
3,b355ba35c6d55754,2026-08-01,0,2,0.06023871
3,b39a1e6fcdb48862,2026-08-01,0,1,0.04790029
3,b3fc88f44a27f9a1,2026-08-01,0,1,0.029688312
3,b4226aea486adac8,2026-08-01,0,2,0.039022814
3,b435b0fb540ced26,2026-08-01,0,3,0.034478985
3,b43bbae04101e267,2026-08-01,0,3,0.11954467
3,b43e6d90bfd8b455,2026-08-01,0,1,0.08233782
3,b496b4f53f340fc9,2026-08-01,0,4,0.027820894
3,b4cda78a16f981b6,2026-08-01,0,4,0.0220806
3,b4dbf17e5305b625,2026-08-01,1,1,0.04077266
3,b50cb2bf11fca9ce,2026-08-01,0,3,0.028123876
3,b52b26e70a5ed87f,2026-08-01,0,2,0.064765155
3,b532f53cd987c773,2026-08-01,0,2,0.05173826
3,b54e8c986816f2fc,2026-08-01,0,3,0.033470787
3,b554ace63b2f6f95,2026-08-01,0,5,0.030226922
3,b60015259ac7c7d7,2026-08-01,0,2,0.10479811
3,b60c1869f1a3b26b,2026-08-01,0,4,0.06068654
3,b67f06ace8153b39,2026-08-01,0,2,0.05810206
3,b69967c862efc158,2026-08-01,0,4,0.1256965
3,b6e83a2890b9c55c,2026-08-01,0,5,0.20932786
3,b784a39375205451,2026-08-01,0,3,0.051427536
3,b79ab15d99180066,2026-08-01,0,1,0.15597248
3,b7adcc6f90eb583f,2026-08-01,0,5,0.050625905
3,b7ce0c81a047219e,2026-08-01,0,5,0.08882371
3,b7d21663ad7adaa6,2026-08-01,0,1,0.09491101
3,b7e4735b2a1a03f5,2026-08-01,0,4,0.08042641
3,b8062c17895b3973,2026-08-01,0,5,0.11287101
3,b81b5cd416c17013,2026-08-01,1,2,0.04971196
3,b833774146e4eecc,2026-08-01,0,5,0.057744727
3,b858d8c997f386fa,2026-08-01,0,1,0.049716353
3,b8bd73ca0600bc95,2026-08-01,0,3,0.26390517
3,b8cce02d47f12180,2026-08-01,0,5,0.03928542
3,b8f4af2a7e22ff84,2026-08-01,0,4,0.048921745
3,b8f81daab4517c6a,2026-08-01,0,4,0.04471534
3,b923ee56b487623a,2026-08-01,0,1,0.04199271
3,b937b5a9c55c2cdd,2026-08-01,0,1,0.026866551
3,b93bcc0e93df0491,2026-08-01,0,1,0.1588888
3,b9445c7bd2e161ea,2026-08-01,0,2,0.06363049
3,b963c9f43a68d0bd,2026-08-01,0,2,0.055707905
3,b96c62b5ab7c881a,2026-08-01,1,3,0.08660911
3,b96e22539b2e628c,2026-08-01,0,2,0.4593584
3,b9f11ba2a950e582,2026-08-01,0,5,0.08682151
3,ba3a2ccf81eebf86,2026-08-01,0,1,0.074324
3,ba557dee4917045d,2026-08-01,0,2,0.06401774
3,baaba68a70ce6d73,2026-08-01,1,3,0.05047261
3,baad00b3be7ccdec,2026-08-01,0,3,0.17069875
3,baaf6ad5e976b0f3,2026-08-01,0,3,0.06416908
3,bb0b04c697710928,2026-08-01,0,3,0.033846248
3,bb273459a6449f4e,2026-08-01,0,4,0.08047298
3,bb310da94bfa795b,2026-08-01,0,1,0.062045243
3,bb4cbe3d71426b68,2026-08-01,0,4,0.05179392
3,bb523db7dad7ef0b,2026-08-01,0,1,0.032898784
3,bb61b84beabcbddb,2026-08-01,0,2,0.1692534
3,bbb8c159517c06a5,2026-08-01,0,2,0.056265697
3,bbcd3a81c4fd3631,2026-08-01,0,3,0.030794522
3,bbdcea5ce68f30ab,2026-08-01,0,3,0.1375161
3,bbe7ed9adf77c9bc,2026-08-01,0,1,0.041698534
3,bbe94781cdf34a80,2026-08-01,0,3,0.16577871
3,bbfbdebc9bf64428,2026-08-01,0,3,0.07568382
3,bc2c28c3baaedf99,2026-08-01,0,1,0.37978336
3,bc3f8d42afb7e68e,2026-08-01,0,3,0.03898763
3,bc42cc92438707fe,2026-08-01,0,3,0.044412944
3,bca4d84c6f4d8555,2026-08-01,0,3,0.03174721
3,bcc74d1d1ad3cfd3,2026-08-01,0,4,0.28436
3,bcf7533afc5a3568,2026-08-01,0,1,0.03907403
3,bcff67cbdc7e19e7,2026-08-01,0,4,0.050070707
3,bd16f8e37fd6ab2c,2026-08-01,0,2,0.03711414
3,bd4c94c3207910cc,2026-08-01,0,3,0.2207983
3,bd5460a73770cfad,2026-08-01,0,3,0.053855985
3,bd63c2a298ca6404,2026-08-01,0,1,0.03293822
3,bd9a6cdda4ae9770,2026-08-01,0,5,0.037279326
3,be0fd32339648de2,2026-08-01,0,5,0.08455175
3,be35ec896fc59cad,2026-08-01,0,3,0.049688373
3,be3876e9fbe77193,2026-08-01,0,5,0.06023139
3,be42ea36e2fd2029,2026-08-01,0,4,0.08985895
3,be72dd69d434cbe2,2026-08-01,0,2,0.08852426
3,be819dc4ef83e4b9,2026-08-01,0,2,0.13363318
3,be8dca1d779bff9a,2026-08-01,0,4,0.47232297
3,beee47cf00066631,2026-08-01,0,1,0.03152778
3,bf322de127725dc2,2026-08-01,0,1,0.056718107
3,bfcf9e25f697fbdb,2026-08-01,0,3,0.031892486
3,bfd2b95adee977c7,2026-08-01,0,5,0.07503705
3,c012ab98e40eb552,2026-08-01,0,1,0.043432076
3,c0335d3e15be8c68,2026-08-01,1,2,0.056631226
3,c04d92da5a8aacf5,2026-08-01,0,1,0.052716866
3,c07690dcad1d6c44,2026-08-01,0,4,0.15856741
3,c07eb6b91a68ed69,2026-08-01,0,3,0.035484176
3,c0a44e31c8ca2dde,2026-08-01,0,2,0.0628344
3,c0e4d063e6ed5264,2026-08-01,0,2,0.30606258
3,c0f3b73eebb05229,2026-08-01,0,4,0.08240255
3,c0fe4013840df43c,2026-08-01,1,1,0.6296521
3,c10a46362a5a8eb3,2026-08-01,0,3,0.046450943
3,c11636afc804eaea,2026-08-01,0,4,0.061237168
3,c12ee61fa354ad9f,2026-08-01,0,1,0.05679607
3,c159016f148d87cc,2026-08-01,0,5,0.036593523
3,c166c4299622cdef,2026-08-01,0,3,0.048531715
3,c17a04d615bc0e4c,2026-08-01,0,4,0.09978447
3,c185b69cfdbed08a,2026-08-01,1,4,0.116784304
3,c189255a7a240522,2026-08-01,1,4,0.07581345
3,c1d69958117780f5,2026-08-01,0,4,0.2668901
3,c1e6bad479b1ea4b,2026-08-01,0,4,0.05423285
3,c1ecaa7fe1ecd375,2026-08-01,0,3,0.037594866
3,c21d27c04b83632e,2026-08-01,0,5,0.047660746
3,c247ec08524c40b4,2026-08-01,0,1,0.09234042
3,c26823dd6c125109,2026-08-01,0,4,0.12873739
3,c27da98b5b92a0bf,2026-08-01,0,3,0.06290346
3,c2a745a9a0e3501d,2026-08-01,0,3,0.034403805
3,c2b74433a5c4ba78,2026-08-01,0,2,0.06938481
3,c2ec0e3cfbad6880,2026-08-01,1,3,0.07083726
3,c2f7c46c434f9792,2026-08-01,0,1,0.0420113
3,c2f856d6bd816347,2026-08-01,0,5,0.16337308
3,c2f9adee3bc814a3,2026-08-01,0,5,0.08713522
3,c2f9d439b4f396cb,2026-08-01,0,4,0.21679547
3,c3153148bf14ddbd,2026-08-01,0,4,0.14052965
3,c341ac405f802d01,2026-08-01,0,5,0.044904467
3,c3535c552d965bda,2026-08-01,0,1,0.027495988
3,c360105bd98adec2,2026-08-01,0,4,0.1931267
3,c37637e579c8001b,2026-08-01,0,5,0.063168086
3,c391d7ce56fac7ad,2026-08-01,0,5,0.08263979
3,c3fc43ac32c7b9c8,2026-08-01,0,5,0.040890902
3,c41330925d5be8f2,2026-08-01,0,3,0.031435028
3,c417503646cd1442,2026-08-01,1,1,0.13357112
3,c45fd949cea80243,2026-08-01,0,3,0.31833377
3,c46ba2edd5e0bc8a,2026-08-01,0,2,0.074510455
3,c483dc84b4c670d0,2026-08-01,0,3,0.06496874
3,c491f1e5fc8bf73d,2026-08-01,0,1,0.04195027
3,c4adadead364033e,2026-08-01,1,3,0.41452843
3,c4b1ddb5d6c3d768,2026-08-01,0,3,0.049072992
3,c4bbda1b9c7fb014,2026-08-01,1,3,0.08798753
3,c4cdb810d6a75acf,2026-08-01,0,2,0.047633335
3,c4e07beae6aba384,2026-08-01,0,5,0.05809564
3,c50d29bdc483a60c,2026-08-01,0,2,0.03043111
3,c5241175dc43645a,2026-08-01,0,1,0.026462955
3,c541447076d1987f,2026-08-01,0,1,0.062196456
3,c547ca2948aab6b0,2026-08-01,0,1,0.04423922
3,c579f9b42a7cf2bb,2026-08-01,0,4,0.06412892
3,c57b7c9110450808,2026-08-01,0,4,0.06961637
3,c589c0f81c02c3a6,2026-08-01,0,1,0.037057497
3,c59723bf8f7e3dd0,2026-08-01,0,2,0.09526374
3,c5aac25ed6d555cd,2026-08-01,0,5,0.13951191
3,c5cb3010ef088ffb,2026-08-01,0,4,0.09361521
3,c616ce7528a6c38f,2026-08-01,0,5,0.044599097
3,c624070689ed7527,2026-08-01,0,5,0.036162097
3,c679c0766d91cfde,2026-08-01,0,3,0.03264945
3,c6bdb83397785450,2026-08-01,1,4,0.20663588
3,c6c59dde1d0dcca7,2026-08-01,0,1,0.03750744
3,c6e8bd22f69cdd3c,2026-08-01,0,3,0.07329224
3,c745d9844dd188de,2026-08-01,0,5,0.036020666
3,c760f378704ad5bd,2026-08-01,0,3,0.10407375
3,c778f637b5e5cc94,2026-08-01,1,2,0.20563686
3,c77d97df74d9b0b8,2026-08-01,0,5,0.051195767
3,c7a3289b08f36bb5,2026-08-01,0,1,0.040629417
3,c7a79c9f337b4e8b,2026-08-01,0,2,0.042124484
3,c7c59e77e40166c2,2026-08-01,0,2,0.0514998
3,c7cc94995053ffae,2026-08-01,0,1,0.09580485
3,c7e75a834c211006,2026-08-01,0,4,0.031231083
3,c7fa0ef606e12744,2026-08-01,0,1,0.04576288
3,c7fe76530a3f12d1,2026-08-01,0,1,0.16537699
3,c80a1b5f26418e00,2026-08-01,0,1,0.033475846
3,c84b41f8bcaabab0,2026-08-01,0,3,0.08231058
3,c86d0f3d19db3da8,2026-08-01,0,2,0.040251676
3,c877cfb983be63ca,2026-08-01,0,4,0.071205325
3,c8785b7b94b6e0d5,2026-08-01,0,1,0.07404698
3,c8ec1d35f51969b7,2026-08-01,0,4,0.04983714
3,c8f02f647791f871,2026-08-01,0,1,0.03948989
3,c925b77ca7232677,2026-08-01,0,1,0.058934264
3,c92f259f4e7ce52e,2026-08-01,0,1,0.040015746
3,c9857f5257291cce,2026-08-01,0,1,0.25110188
3,c99705cedcc0fd70,2026-08-01,0,2,0.06283885
3,c9cde92dc888c743,2026-08-01,0,4,0.32364148
3,c9d24dc3c7bb39f1,2026-08-01,1,4,0.18884304
3,c9e98fb255ccf650,2026-08-01,0,2,0.456803
3,ca03b65f2d48f1db,2026-08-01,0,5,0.04389266
3,ca5a2589c025b0c8,2026-08-01,1,3,0.20847024
3,ca712aa8e7e07cb0,2026-08-01,0,1,0.053812183
3,cababc027099b371,2026-08-01,0,1,0.043860164
3,cafb197d86347af1,2026-08-01,0,4,0.038114984
3,cb0e4b12df6742d4,2026-08-01,1,5,0.29519948
3,cb1d0d50a97e2f09,2026-08-01,0,2,0.2555896
3,cb3211aa260baa05,2026-08-01,0,1,0.04468312
3,cb5bfd4de4a24a39,2026-08-01,0,5,0.04552778
3,cbb0682b3e5baa3e,2026-08-01,1,1,0.049960967
3,cbf78c1d76f71599,2026-08-01,0,2,0.05492598
3,cbffefa0793c0cf6,2026-08-01,0,2,0.18377447
3,cc5fc078752a2d9e,2026-08-01,0,3,0.045529984
3,cc67012a8db11b6e,2026-08-01,1,3,0.41769904
3,cc6dee7039591838,2026-08-01,0,2,0.055427887
3,cc94b1cad9af0439,2026-08-01,0,2,0.06517147
3,cca80f56884dd56c,2026-08-01,0,5,0.07709438
3,cd367ebb7a56db2a,2026-08-01,0,3,0.16769716
3,cd74971e18701a42,2026-08-01,0,3,0.06489328
3,cd78dbef19460d37,2026-08-01,0,1,0.087194845
3,cd8039ce8d069a74,2026-08-01,0,1,0.05755228
3,cda1d48ee2909503,2026-08-01,0,2,0.034873847
3,cda85ba9030e58de,2026-08-01,0,1,0.06773503
3,cdbe37af63426988,2026-08-01,0,5,0.06066872
3,cdc1dae41c300e8b,2026-08-01,0,4,0.25700822
3,cddc2535b41fa7d3,2026-08-01,0,5,0.05460645
3,cde395003811b073,2026-08-01,0,2,0.06411086
3,ce0940a3cb7f1d66,2026-08-01,0,2,0.038940016
3,ce1ea19550c4554c,2026-08-01,0,1,0.0580038
3,ce223577f555e770,2026-08-01,1,4,0.25533652
3,ce8513ae6ca01431,2026-08-01,0,1,0.13280462
3,ce8b0435ac9c9a41,2026-08-01,0,4,0.035452954
3,ce8b6f896b3991b4,2026-08-01,0,3,0.31782004
3,cea63f28cb229c32,2026-08-01,0,3,0.053469487
3,ceb995c3a78287d7,2026-08-01,0,5,0.14698586
3,cece8ee94919b060,2026-08-01,0,4,0.060532995
3,cf6039a8add9f119,2026-08-01,0,3,0.08120395
3,cf675adfe261b830,2026-08-01,0,5,0.06739118
3,cfa4d9aabe461095,2026-08-01,0,2,0.04965493
3,cfc301d34195508a,2026-08-01,0,4,0.044331096
3,cfea2b34b7aa8638,2026-08-01,0,4,0.100133605
3,cffa28db6211a6b5,2026-08-01,0,2,0.04037328
3,d002b1fa86b7fb8b,2026-08-01,0,1,0.05357572
3,d00c8115c5af8f60,2026-08-01,0,2,0.03565514
3,d0115054cd352deb,2026-08-01,0,3,0.041491657
3,d031155b9a3e61f0,2026-08-01,0,5,0.029235158
3,d03fd847f36b6fe2,2026-08-01,0,3,0.043875255
3,d05e6a6c00739c99,2026-08-01,0,5,0.06498637
3,d06460d7dcc86d36,2026-08-01,0,3,0.07333165
3,d06a3b55d51978b2,2026-08-01,0,1,0.07524516
3,d0839beb713314b9,2026-08-01,0,4,0.03413867
3,d0c08f39aa1d3208,2026-08-01,0,5,0.03635836
3,d0dcd7c3621f1586,2026-08-01,0,4,0.022577627
3,d1109c96abee7fac,2026-08-01,0,1,0.02864163
3,d1730a85ab24bc60,2026-08-01,0,5,0.07309461
3,d186d0a38906944d,2026-08-01,1,1,0.40389717
3,d18f9cc38378d4a4,2026-08-01,0,4,0.12705365
3,d1b1ce66b97597cb,2026-08-01,0,2,0.04428083
3,d1df9fcc70f265b6,2026-08-01,0,2,0.12781608
3,d22901ccc57a7932,2026-08-01,0,4,0.041018773
3,d22cd22e863c193b,2026-08-01,0,3,0.044812296
3,d2c84b3021b9b7e1,2026-08-01,0,3,0.13576095
3,d2d47b41db34b331,2026-08-01,0,2,0.11594789
3,d2f58acd12a3c252,2026-08-01,0,1,0.041472916
3,d2f66f95dd531cbc,2026-08-01,0,4,0.030555716
3,d314ff3760261bb7,2026-08-01,0,5,0.042112093
3,d31e3f1a08798e2c,2026-08-01,0,1,0.09426575
3,d31fc1ae55b59b70,2026-08-01,0,5,0.045983296
3,d331a5c5e24846dd,2026-08-01,0,4,0.056012854
3,d3567b3f2d0f42b9,2026-08-01,0,2,0.45034844
3,d35fca40cbd12ab1,2026-08-01,0,3,0.3184839
3,d3663db6c48aed9b,2026-08-01,0,4,0.030890025
3,d3886146bd64a402,2026-08-01,0,5,0.031118369
3,d396a8d07ece7916,2026-08-01,0,5,0.20680287
3,d3f112d60060851d,2026-08-01,0,3,0.038899645
3,d3fc3a0f59d58eb3,2026-08-01,0,1,0.04587909
3,d43597a77f8d1a19,2026-08-01,0,3,0.041917834
3,d44b1eb158d4c168,2026-08-01,1,4,0.072050795
3,d44f8c54b4a5b0e1,2026-08-01,0,4,0.3706453
3,d458534be259ab07,2026-08-01,0,1,0.094107576
3,d461e2841ff3a85f,2026-08-01,0,4,0.09094919
3,d4a9ae08542688c7,2026-08-01,0,1,0.06629168
3,d4bbcea36223164b,2026-08-01,0,4,0.029204506
3,d4da00b1e7b60f52,2026-08-01,0,3,0.39011672
3,d4ffcb29c70c1c2a,2026-08-01,0,4,0.10724267
3,d5076de70fb57034,2026-08-01,0,2,0.04338023
3,d51123f2f15f74db,2026-08-01,0,3,0.04949013
3,d51143c7d687c902,2026-08-01,0,2,0.091312304
3,d52fb3aab5d5ad6a,2026-08-01,0,4,0.18644112
3,d5655b8ac2d26aac,2026-08-01,0,5,0.05168758
3,d59d8a9ea95e65d0,2026-08-01,0,3,0.036551613
3,d64f2cd72deb56f4,2026-08-01,0,1,0.07732312
3,d68a5660e0dc1c10,2026-08-01,0,4,0.061780468
3,d6b760e6a64d61fc,2026-08-01,0,2,0.055334043
3,d6c97733b0d8afde,2026-08-01,0,1,0.047471542
3,d73ccdbe2a0d1c69,2026-08-01,0,4,0.112877935
3,d745b7fbb54ede2d,2026-08-01,0,4,0.04416054
3,d76e97cf2da40203,2026-08-01,0,5,0.053283557
3,d7725382363674aa,2026-08-01,0,5,0.030621791
3,d77b1a296ab74f3f,2026-08-01,1,1,0.33090165
3,d784a3950c1f1c20,2026-08-01,0,1,0.052824162
3,d7d87785535e17b6,2026-08-01,0,2,0.36863548
3,d7ee22bbad92b7b8,2026-08-01,0,5,0.19453453
3,d80957a60034c86c,2026-08-01,0,2,0.041740272
3,d80dca2673945fb8,2026-08-01,0,1,0.034750186
3,d8289618d25b5479,2026-08-01,0,3,0.109545276
3,d83cc1093e7ccb69,2026-08-01,0,1,0.04619684
3,d87186aa0fe44a34,2026-08-01,1,5,0.29149058
3,d89d54c24de9dff0,2026-08-01,0,1,0.0320858
3,d8a4c88c6db3dcb6,2026-08-01,0,4,0.048822857
3,d8b642ab76e51e27,2026-08-01,0,3,0.042793524
3,d8bdd813395645ef,2026-08-01,0,1,0.064857945
3,d900a6573dac2fd3,2026-08-01,0,3,0.073044375
3,d90acc0ee2f9b047,2026-08-01,0,5,0.06687581
3,d94c0aa09639eb28,2026-08-01,0,3,0.04326467
3,d95b49000de70581,2026-08-01,0,1,0.19775191
3,d97a114b73be118f,2026-08-01,0,4,0.13117443
3,d99cd594585c75bc,2026-08-01,0,1,0.04951556
3,d9b9a99c928faf8c,2026-08-01,0,2,0.04011
3,d9c59a7632bafd25,2026-08-01,0,3,0.07836002
3,d9d393d15a0bb7ae,2026-08-01,0,1,0.3374901
3,d9e2bc1633ecbbb4,2026-08-01,0,2,0.07943083
3,d9ef86d8828b1bfd,2026-08-01,0,4,0.16102429
3,d9f334ed35470c91,2026-08-01,0,2,0.035328206
3,da1bc874f2ff7b3b,2026-08-01,0,3,0.030633407
3,da429c22a8f9ef21,2026-08-01,0,3,0.04282636
3,dab5b89013ae494b,2026-08-01,0,2,0.042300228
3,dada57d6494bd2c7,2026-08-01,0,5,0.11984331
3,dae222b9451444ab,2026-08-01,0,3,0.04113534
3,dae8ca4802f0d292,2026-08-01,0,1,0.050198108
3,db479b2699ec894a,2026-08-01,0,3,0.09488281
3,dba507c4fc7124f8,2026-08-01,0,4,0.030528229
3,dbdfec3e13e2dcc0,2026-08-01,0,1,0.051944047
3,dc0e09e639393409,2026-08-01,0,4,0.046274383
3,dc127599821e3999,2026-08-01,0,5,0.05934114
3,dc1440f6028a463d,2026-08-01,0,3,0.055834327
3,dc380c55d2091afb,2026-08-01,0,2,0.035955314
3,dc3d25e8d08b00c3,2026-08-01,0,4,0.123975515
3,dc6713761ddfa876,2026-08-01,1,5,0.05968139
3,dc73458dab629567,2026-08-01,0,3,0.036671266
3,dc8271fe3a83ff9e,2026-08-01,0,4,0.06735472
3,dc96558dc2abc4c7,2026-08-01,0,4,0.059016712
3,dcb4bd56d1976fa8,2026-08-01,0,1,0.034705766
3,dcdd35b762eebd94,2026-08-01,0,5,0.13358518
3,dcfad0a85ff8cd42,2026-08-01,0,1,0.047908228
3,dd606793ffa63ee7,2026-08-01,0,4,0.024705874
3,dd673266333a80e8,2026-08-01,0,5,0.033214428
3,dd76e88ecd0d758f,2026-08-01,0,5,0.060576208
3,dd78744d874a9086,2026-08-01,0,5,0.0735839
3,ddd3359bde937d40,2026-08-01,0,1,0.040838666
3,de110aeb005f1155,2026-08-01,0,1,0.05291468
3,de1cbfda71e97f58,2026-08-01,0,2,0.056359656
3,de2195a9e406e922,2026-08-01,0,2,0.0586341
3,de2be78e7c9a7fad,2026-08-01,0,1,0.035185326
3,de323d7597616091,2026-08-01,1,1,0.081374854
3,deb4eb8d52b76d45,2026-08-01,0,5,0.052901395
3,ded2b8107f2f4164,2026-08-01,0,1,0.036360692
3,dee0c348249c23a2,2026-08-01,0,5,0.20824099
3,def42e794d7f04e6,2026-08-01,0,2,0.04538984
3,defb67d4009862c0,2026-08-01,0,3,0.23780854
3,df131441fb6df011,2026-08-01,0,1,0.054318186
3,df13ffc2f9a278df,2026-08-01,0,1,0.11011653
3,df1f0eb5b0bb26e8,2026-08-01,0,2,0.046924353
3,df218b8d1adb2e13,2026-08-01,1,4,0.04545572
3,df2bf66d4e0c7c19,2026-08-01,1,4,0.64309716
3,df512b82ae6fa274,2026-08-01,0,2,0.04398727
3,df8a1f6223cf5956,2026-08-01,0,3,0.057118975
3,df94bbf6630be87e,2026-08-01,1,1,0.083482854
3,dff6a4b4e3d19e24,2026-08-01,0,5,0.041765913
3,e00603847303bea9,2026-08-01,0,2,0.04960666
3,e0497bb75c414b92,2026-08-01,0,1,0.056391124
3,e073507739c36099,2026-08-01,0,1,0.56836396
3,e0a4f09370ee423e,2026-08-01,0,5,0.07126786
3,e0a855828414f326,2026-08-01,0,1,0.055944607
3,e0d338ecf95282ff,2026-08-01,0,5,0.05094535
3,e0e132fa6048fbde,2026-08-01,0,1,0.1089616
3,e0fc91b7138f96de,2026-08-01,0,3,0.028224781
3,e1035c4923fafcdf,2026-08-01,0,3,0.05339663
3,e1132d4fa2288a1e,2026-08-01,0,2,0.20821828
3,e11ad5c0aa951661,2026-08-01,0,2,0.09834849
3,e11f7eef68629708,2026-08-01,0,1,0.045499884
3,e13cf1c171c074a0,2026-08-01,0,2,0.042047203
3,e16e25ac48f5cff5,2026-08-01,0,3,0.03778358
3,e1b00750f80918b0,2026-08-01,0,4,0.033730082
3,e23cdb6525234f1b,2026-08-01,0,2,0.08911663
3,e25a3e3d2be0978a,2026-08-01,0,3,0.0668951
3,e261043c45eab006,2026-08-01,0,3,0.040269572
3,e26335296cd4b1df,2026-08-01,0,1,0.03451526
3,e2d929f8c4cdbd64,2026-08-01,0,4,0.035820726
3,e3321164226ca0e9,2026-08-01,0,1,0.1046813
3,e3499c25f879324a,2026-08-01,0,5,0.03708765
3,e35cc64cee64b3fd,2026-08-01,0,2,0.03765807
3,e365043d62d2dfd7,2026-08-01,1,2,0.19401644
3,e38c21bc6d8c2753,2026-08-01,1,3,0.11261254
3,e3a9e46ef99b4a32,2026-08-01,0,1,0.051991917
3,e3b746c0bc34c7ac,2026-08-01,0,4,0.06272752
3,e3ecbba5160c99f5,2026-08-01,1,1,0.1442951
3,e40dbdd31317dfaf,2026-08-01,0,3,0.14068863
3,e45eac0e69bf908e,2026-08-01,0,2,0.18175972
3,e462e65c212b8f84,2026-08-01,0,2,0.51520216
3,e4747c2bcabd32f7,2026-08-01,0,5,0.048177306
3,e4839bbb04f3cebd,2026-08-01,0,1,0.029664207
3,e4aae22e226df2d3,2026-08-01,0,1,0.048229646
3,e4b889aa5bf75a71,2026-08-01,0,3,0.15547882
3,e4e059354164c6a5,2026-08-01,0,4,0.034825332
3,e55c037c87e06c84,2026-08-01,0,2,0.034284644
3,e56bf70c61f09772,2026-08-01,0,5,0.055628642
3,e592dc63cc81f695,2026-08-01,0,2,0.06453624
3,e593372da32c82fd,2026-08-01,0,1,0.038171988
3,e5d21fef5a1f970e,2026-08-01,0,4,0.03673962
3,e5e8a8623ed35b3c,2026-08-01,0,3,0.04946998
3,e5fc560a248f156f,2026-08-01,0,4,0.04168856
3,e606ffaf154fb548,2026-08-01,0,5,0.061254237
3,e61b0b83e614a5c0,2026-08-01,0,2,0.0995732
3,e61db2934f709d23,2026-08-01,1,5,0.047582958
3,e62adc2de58a75ae,2026-08-01,0,1,0.04380079
3,e6483b7d8df0eebc,2026-08-01,0,3,0.06480436
3,e65e9641c753cc75,2026-08-01,0,3,0.032861844
3,e66c61cae76af2e4,2026-08-01,0,4,0.025974669
3,e69b33dc3d1605aa,2026-08-01,0,3,0.03375868
3,e6a543a953c5519c,2026-08-01,0,4,0.03382663
3,e6c086787ee8af76,2026-08-01,0,1,0.036327105
3,e6c50a69bd21771d,2026-08-01,0,1,0.18782781
3,e715b3a335dcb05d,2026-08-01,0,5,0.14811411
3,e71ef14acaf89607,2026-08-01,0,5,0.04663631
3,e71f493be2f6b17f,2026-08-01,0,5,0.44947425
3,e72fc9fd16cc9723,2026-08-01,0,5,0.051426638
3,e75de9bc70ac3780,2026-08-01,0,1,0.06025602
3,e7746b5df1c989c1,2026-08-01,0,2,0.048727702
3,e7a372884126a098,2026-08-01,0,2,0.038779072
3,e7c84f806edcf380,2026-08-01,0,3,0.080130756
3,e7dbf61956872aa1,2026-08-01,0,3,0.13563985
3,e7fab300b3d9be7a,2026-08-01,0,2,0.07663557
3,e80191d2e72bd60c,2026-08-01,0,3,0.03305146
3,e8111be46f0acadf,2026-08-01,0,1,0.0825363
3,e846048aca7000e7,2026-08-01,0,3,0.051386062
3,e84e8effb79829f1,2026-08-01,0,4,0.04107329
3,e8c7001061a757e6,2026-08-01,1,3,0.11095617
3,e8d630de466e296e,2026-08-01,0,3,0.038423464
3,e98f4f8dc0b0ca5f,2026-08-01,0,1,0.03951512
3,e9c4100932721d54,2026-08-01,1,3,0.034634594
3,ea267ff14906c369,2026-08-01,0,5,0.034406736
3,ea2c5a70aeb778e2,2026-08-01,0,4,0.049917985
3,ea7dbba03c36ff30,2026-08-01,0,3,0.0549828
3,ea99e0c6d1de2bd6,2026-08-01,0,1,0.045817655
3,eaa962dfbf56fcb6,2026-08-01,0,1,0.03608255
3,eab3b6b512d37fca,2026-08-01,0,1,0.058739357
3,eafd0027eccadab1,2026-08-01,0,3,0.02763889
3,eb47a0b582f1715f,2026-08-01,0,3,0.13108072
3,eb68ddd006369605,2026-08-01,0,5,0.09148712
3,eb7f015f486b9e29,2026-08-01,0,4,0.018158495
3,eb8c2a4b3846484f,2026-08-01,0,2,0.04374031
3,eb93e266b18da9bf,2026-08-01,0,3,0.03542399
3,eb9857f9f2407381,2026-08-01,0,5,0.043154795
3,eba5f2fc2336ab7f,2026-08-01,1,1,0.048187837
3,ebd49450af9db9a2,2026-08-01,0,2,0.11630179
3,ebff1a3d16cf7a86,2026-08-01,0,1,0.061026692
3,ec36e74c007b6c75,2026-08-01,0,1,0.034454532
3,ec519ea42d0d027b,2026-08-01,0,5,0.079829074
3,ec5d8da8fb7eb269,2026-08-01,0,2,0.07521007
3,ec6ef9a51ee00145,2026-08-01,0,2,0.0845597
3,ec78042f241a67e1,2026-08-01,0,3,0.08539
3,ec916ea8504b9efc,2026-08-01,0,3,0.2626388
3,ecbe8f14a80fd48c,2026-08-01,0,1,0.6823966
3,ecdb3dff84aaec56,2026-08-01,0,3,0.035041936
3,ecfa51c9511e8ffe,2026-08-01,0,4,0.027042372
3,ecfc34d7d3084013,2026-08-01,0,5,0.09293101
3,ed10df13e8c3d6a4,2026-08-01,0,3,0.06631223
3,ed4aa2538a7dbf62,2026-08-01,0,3,0.13863994
3,ed558d8a01f233f0,2026-08-01,0,5,0.039164502
3,ed5b7cd4aeaae690,2026-08-01,0,3,0.060427163
3,ed7ad77c96ca3142,2026-08-01,0,1,0.05122425
3,eda7ed52ae491f81,2026-08-01,0,4,0.021663345
3,edaef082727da6cb,2026-08-01,0,3,0.13570099
3,ee07196a4e304f1f,2026-08-01,0,5,0.09308431
3,ee2fe0668b4d7621,2026-08-01,0,3,0.18965739
3,ee7a884974a9d88e,2026-08-01,0,5,0.04966011
3,eea0a35e47747e8b,2026-08-01,0,3,0.052807633
3,eeb42e625ddb66d4,2026-08-01,0,3,0.26461375
3,eedcc58c535ba88b,2026-08-01,0,4,0.040524844
3,eef354ddf1eb98df,2026-08-01,0,3,0.030007958
3,ef057e3acd34e1e8,2026-08-01,0,5,0.03543366
3,ef08e24e110afde5,2026-08-01,1,2,0.25164744
3,efb2877b79d9ce43,2026-08-01,0,1,0.036260758
3,f0030ebd26f6244f,2026-08-01,0,5,0.0598269
3,f014e13926c9cfcf,2026-08-01,0,3,0.04562684
3,f0269981cf5d27d6,2026-08-01,0,1,0.0836169
3,f04b85166805266a,2026-08-01,0,5,0.03888136
3,f059acd2d0b42179,2026-08-01,0,4,0.041296996
3,f0e2d776db3a6d41,2026-08-01,0,1,0.03180162
3,f149e01a0f125a0a,2026-08-01,0,5,0.037887655
3,f14a80b2c1a257c0,2026-08-01,0,4,0.03238718
3,f157b08d6651c126,2026-08-01,0,2,0.44515252
3,f1627953332ba38d,2026-08-01,0,3,0.040131252
3,f16879c34b9df4b2,2026-08-01,0,3,0.036555827
3,f17ba29af2df25c5,2026-08-01,0,4,0.1028604
3,f18eba8787886103,2026-08-01,0,2,0.053236954
3,f1a9484dba0b11ad,2026-08-01,0,3,0.19410811
3,f1acb9f343b0a3c0,2026-08-01,0,3,0.027243292
3,f1c0d1cb541b9fb0,2026-08-01,0,5,0.060287174
3,f1c63cc651047664,2026-08-01,0,1,0.032389507
3,f221a38ea7173a13,2026-08-01,0,1,0.22187854
3,f22201fca8c422a4,2026-08-01,0,5,0.037192494
3,f260a10706ebbb88,2026-08-01,0,2,0.054894555
3,f2b6a03815ddf4f1,2026-08-01,0,2,0.07034831
3,f2beaad8cbbbcfc8,2026-08-01,0,4,0.037388988
3,f2c760cb55b348c8,2026-08-01,0,1,0.06802872
3,f31399646e26bd2a,2026-08-01,0,3,0.069786616
3,f33a69bc978b1d41,2026-08-01,1,2,0.07775519
3,f39e8825a4df2f1a,2026-08-01,0,4,0.14053059
3,f3cde82a11242053,2026-08-01,0,1,0.038418785
3,f3e6817ff4ef2981,2026-08-01,1,4,0.19868624
3,f3ebcc131ad9ca79,2026-08-01,0,1,0.02973763
3,f3f6044c237558ad,2026-08-01,0,5,0.041072868
3,f4033214c06ae401,2026-08-01,0,2,0.03599994
3,f40f5844be3626a3,2026-08-01,0,5,0.056722637
3,f432c1ce96556a66,2026-08-01,0,5,0.17401583
3,f439e4607e27dbb6,2026-08-01,0,1,0.056640502
3,f44d227300881edd,2026-08-01,0,2,0.07137678
3,f45746c65185bbef,2026-08-01,0,1,0.27573702
3,f458e1a66c29e26d,2026-08-01,0,1,0.03290639
3,f48c2e37f0b902d9,2026-08-01,1,5,0.26949584
3,f48c2e547efc235e,2026-08-01,0,1,0.043639798
3,f4b6a7557aaf035a,2026-08-01,0,4,0.08038179
3,f4be5643e799cab4,2026-08-01,1,5,0.09744815
3,f4c772b27e52d652,2026-08-01,0,1,0.03255487
3,f4d5b8b3fb3e2676,2026-08-01,0,4,0.028481038
3,f4efa936f6c7f6b4,2026-08-01,0,5,0.12260981
3,f50a475522b1a695,2026-08-01,0,1,0.23975118
3,f50bd67a138f7094,2026-08-01,1,1,0.08534706
3,f5292ac8b1f26f74,2026-08-01,0,4,0.12554589
3,f55563fd3c19b752,2026-08-01,0,2,0.0508738
3,f55ce5e2a5651d9f,2026-08-01,0,1,0.031836163
3,f55cfa50b0f6a792,2026-08-01,0,2,0.033477876
3,f58b014562f6c99f,2026-08-01,0,1,0.07174754
3,f58f965a982df7b6,2026-08-01,0,2,0.045554142
3,f5a065510dcd0433,2026-08-01,0,3,0.06533272
3,f61812771fe10eb5,2026-08-01,0,4,0.029099075
3,f62012fecc21a2f9,2026-08-01,0,1,0.11847406
3,f644215ebd5d828d,2026-08-01,0,4,0.028430218
3,f644d98f6bf99918,2026-08-01,0,3,0.030889705
3,f67ecebfacb45c3b,2026-08-01,0,2,0.2799175
3,f6af2fd7432707f8,2026-08-01,0,1,0.27994442
3,f6bdca9136c22a8e,2026-08-01,0,4,0.07590879
3,f6ddf90ada0eb0b7,2026-08-01,0,4,0.35615122
3,f6dffbb00874d5a6,2026-08-01,0,4,0.07230325
3,f6e9cbe434a580f9,2026-08-01,1,2,0.21336162
3,f6f7a24eb7774c65,2026-08-01,0,5,0.06069429
3,f73f0aad5afce152,2026-08-01,0,2,0.15503633
3,f74b69f6473edb13,2026-08-01,0,4,0.079458304
3,f76c30d598bd36e5,2026-08-01,0,2,0.062051293
3,f77741bcb5b14788,2026-08-01,0,5,0.08551879
3,f77ee2fe126a897c,2026-08-01,0,2,0.057405915
3,f791d8b7b0710968,2026-08-01,0,1,0.05890977
3,f7cde9d0b350713c,2026-08-01,0,2,0.05193507
3,f7cecf2c00c1819d,2026-08-01,0,2,0.03307511
3,f7eea07d7aff2d0d,2026-08-01,1,3,0.13075373
3,f83cc16ad925f20b,2026-08-01,0,1,0.057714093
3,f877968a9fe0ec25,2026-08-01,0,3,0.027171683
3,f880fba46709cd90,2026-08-01,0,2,0.10451298
3,f89c86987d743674,2026-08-01,0,2,0.087215096
3,f8af60474a4cd023,2026-08-01,0,3,0.0906683
3,f8b89e7cbb1cf588,2026-08-01,1,1,0.20324343
3,f8f61eaee8ebbdc8,2026-08-01,0,5,0.041691035
3,f91fd86082356094,2026-08-01,0,3,0.029187344
3,f922701411b5eef6,2026-08-01,0,3,0.06920575
3,f930193b394ad7c6,2026-08-01,0,2,0.05460515
3,f973fe9cc07d10c2,2026-08-01,0,4,0.22677417
3,f99153a6a21d7383,2026-08-01,1,4,0.5219685
3,f99cb33f5b71541c,2026-08-01,0,4,0.1803764
3,f9b8106f4cd92395,2026-08-01,0,5,0.037782393
3,f9bb716aa202b9e7,2026-08-01,0,5,0.12113202
3,f9d469aba8b024f1,2026-08-01,0,1,0.026705602
3,f9d49565267a7292,2026-08-01,0,4,0.029364632
3,fa3b9c2fb58ca024,2026-08-01,0,2,0.2721723
3,fa689e072c7c3c2d,2026-08-01,0,3,0.036096945
3,fa6b62fef25c3d09,2026-08-01,0,4,0.030901628
3,fa6d469111b8718b,2026-08-01,0,5,0.043586176
3,fa7c9bf4012e9f38,2026-08-01,0,4,0.02841123
3,faa0571618565b95,2026-08-01,0,2,0.032777753
3,fac4722117e2a013,2026-08-01,0,2,0.21255022
3,fb1581f2bf471e85,2026-08-01,0,5,0.06598643
3,fb1a3d1aa4d34b80,2026-08-01,0,2,0.078844756
3,fb1fbf868e9efed5,2026-08-01,1,3,0.07522966
3,fb5afe9bcb1c1bb3,2026-08-01,0,2,0.03600854
3,fba2180942644c4a,2026-08-01,1,4,0.36476973
3,fbcbfe7a16a73048,2026-08-01,0,3,0.082146056
3,fbcc0cf9ffca368c,2026-08-01,0,2,0.067275785
3,fbcca9ebc83c62ed,2026-08-01,0,4,0.04934515
3,fc2058d4d98dcc8a,2026-08-01,0,1,0.48647672
3,fc3c8a50eefcde12,2026-08-01,0,5,0.037060823
3,fc49ba836bcdeb34,2026-08-01,0,5,0.044957247
3,fc56a22d3c12818f,2026-08-01,0,3,0.11344355
3,fca14a2f1d78c98a,2026-08-01,0,4,0.12955613
3,fcb1eea2188e017f,2026-08-01,0,2,0.057506055
3,fcdc500e666668c3,2026-08-01,0,5,0.030920675
3,fcf40720187dc4de,2026-08-01,0,2,0.03837091
3,fd3ff18c855927d5,2026-08-01,0,2,0.06895469
3,fd713e849f3f1905,2026-08-01,0,1,0.061833568
3,fd74d7de71c9d49e,2026-08-01,0,5,0.28122023
3,fd7a7089db028722,2026-08-01,0,3,0.040740885
3,fdbd8efa8c6eb478,2026-08-01,0,4,0.0886673
3,fdc244aad2d501f4,2026-08-01,0,4,0.03178193
3,fdd03f77cbf5466f,2026-08-01,0,5,0.042508986
3,fddefba040d79b32,2026-08-01,1,1,0.050882697
3,fdea8be6b392717e,2026-08-01,0,3,0.056925487
3,fdeb4e6863b31d90,2026-08-01,0,1,0.09759334
3,fe01de103ed06503,2026-08-01,0,3,0.06402534
3,fe2c0d77ca4235ca,2026-08-01,0,2,0.04231728
3,fe3c8553a0258252,2026-08-01,0,3,0.054794297
3,fe7c9afb81ed1701,2026-08-01,0,1,0.1391232
3,fe87abc960767736,2026-08-01,0,4,0.04470743
3,ff09b03a5e8b51da,2026-08-01,1,3,0.15266761
3,ff24bb4caf77c871,2026-08-01,0,1,0.04784919
3,ff334ba8100df479,2026-08-01,0,4,0.06084828
3,ff3940ba72b8d3c4,2026-08-01,0,3,0.041874073
3,ff687a1a0772c6d9,2026-08-01,0,4,0.024420165
3,ff975ff15a86a1ea,2026-08-01,0,3,0.20352823
3,ffabe38013f62f9b,2026-08-01,0,1,0.034689642
3,ffad1c93ed6268c6,2026-08-01,0,1,0.040612374
3,ffaf2d56cc963564,2026-08-01,0,5,0.08427798
3,ffd207ff73f6d04f,2026-08-01,0,1,0.038263746
3,fffc21d1686bad3a,2026-08-01,0,2,0.050206188
4,003dff44bb035f94,2026-08-01,0,3,0.052600678
4,007c4152a626220f,2026-08-01,0,4,0.033308093
4,0087b38c11c345fe,2026-08-01,0,4,0.07402916
4,00fb68bdcbdf9831,2026-08-01,0,1,0.076901
4,00ff48e92ce36c02,2026-08-01,0,5,0.0518915
4,01011d6a33f29ce4,2026-08-01,0,5,0.06479873
4,01931b333584918c,2026-08-01,0,1,0.044976007
4,01ca9eaeaa13b8bd,2026-08-01,0,2,0.24131526
4,01dd01c2beb93afd,2026-08-01,0,4,0.030689934
4,01e2918b377d478d,2026-08-01,0,2,0.047771413
4,01e2fa583cd5ee0f,2026-08-01,0,1,0.027783448
4,02323b998690e3cf,2026-08-01,0,3,0.038331553
4,024fdf1931b79b2d,2026-08-01,0,1,0.07443456
4,027a04b92bf01d15,2026-08-01,0,2,0.04123258
4,0291abc382cd2520,2026-08-01,0,4,0.08795167
4,02aa0450880a170c,2026-08-01,1,2,0.27416587
4,02d704b7c6db5c36,2026-08-01,0,5,0.10294958
4,02da04f9dddbf43e,2026-08-01,1,5,0.2558759
4,02e61cd5ee2ac311,2026-08-01,1,4,0.5985471
4,02e80a2290e428ea,2026-08-01,0,3,0.20399526
4,02f263fb134b213c,2026-08-01,0,2,0.25454217
4,03350f283185b484,2026-08-01,0,1,0.10723656
4,03381668918ac00c,2026-08-01,0,4,0.03496912
4,03910eb439d1e832,2026-08-01,0,3,0.029692495
4,03a04256e6ca66fc,2026-08-01,0,3,0.047988262
4,03a2bf880fcec3dd,2026-08-01,0,1,0.057968687
4,03af17d417fe98d5,2026-08-01,0,2,0.04724717
4,03bd9424504d8f82,2026-08-01,1,4,0.29334003
4,03dd4c288847f104,2026-08-01,0,1,0.04070595
4,03f24a5739765bab,2026-08-01,0,2,0.05794599
4,0418aadcc732b12c,2026-08-01,0,2,0.039359756
4,0424b0a2b07b7cad,2026-08-01,0,2,0.04567872
4,043d316a84266449,2026-08-01,0,2,0.03836644
4,049b6682bcef2888,2026-08-01,0,2,0.056606613
4,04d319becc8ad4c4,2026-08-01,0,4,0.050092746
4,04eadda387a64c19,2026-08-01,0,5,0.13814376
4,0502685a736a80a3,2026-08-01,0,2,0.049021248
4,051ff465c1447c26,2026-08-01,0,1,0.03044244
4,054a5ed1536eb00f,2026-08-01,0,1,0.056223884
4,05b7596487829c35,2026-08-01,0,2,0.04456226
4,061d5038aa8112db,2026-08-01,0,3,0.050476633
4,0657a2cdc075a177,2026-08-01,0,2,0.15250754
4,0659b4e995f9de58,2026-08-01,0,2,0.08230839
4,071200be1b958442,2026-08-01,0,1,0.033121973
4,07b644f877c2a74a,2026-08-01,0,5,0.06984525
4,07c3e06329bde539,2026-08-01,0,1,0.05220203
4,07c849ca2a1a930a,2026-08-01,0,4,0.030517794
4,081a4ff78fefabc0,2026-08-01,0,3,0.10351533
4,082a4ceb329f8d16,2026-08-01,1,4,0.13985291
4,084a4bf69c56aeee,2026-08-01,0,1,0.14890353
4,08597494bc841e31,2026-08-01,0,3,0.04691147
4,085ad10ca17eea09,2026-08-01,0,1,0.11976439
4,08c78a834b857d72,2026-08-01,0,4,0.03885431
4,090139f1189de981,2026-08-01,0,4,0.07234737
4,0930757aaeeaebfa,2026-08-01,0,2,0.060967818
4,095db03f45b0ce55,2026-08-01,0,4,0.040394567
4,096a087971a43c60,2026-08-01,0,1,0.06535576
4,0978230101d5de85,2026-08-01,0,3,0.047310196
4,097ed0b71992702d,2026-08-01,0,4,0.09390389
4,0999320f94723842,2026-08-01,1,4,0.30922568
4,099a8184ef18ddc9,2026-08-01,0,2,0.17067228
4,09a2a63364b55c57,2026-08-01,0,1,0.090131424
4,09a6a863b9cacb81,2026-08-01,0,5,0.06496199
4,09c58b090a3ffbce,2026-08-01,1,5,0.048126634
4,09e1262e84fd3841,2026-08-01,0,4,0.10065306
4,0a15b22d5ac55b15,2026-08-01,0,3,0.033902977
4,0a44ad88738b0311,2026-08-01,0,2,0.08252089
4,0a4cb0ddcdd0c8c2,2026-08-01,0,5,0.03554001
4,0a52ff64f1443802,2026-08-01,0,5,0.029894251
4,0ab7b254b5782ae2,2026-08-01,0,2,0.049537953
4,0ae52db92ac27d8c,2026-08-01,0,1,0.030860366
4,0b20624577ba4646,2026-08-01,0,4,0.06526235
4,0b49e0c4173b1283,2026-08-01,0,2,0.34986377
4,0b5d536357e847ed,2026-08-01,0,1,0.037987795
4,0b95055d0c571240,2026-08-01,0,1,0.14702925
4,0ba03c9bddde3466,2026-08-01,1,4,0.23014624
4,0bb4750ad23b07ad,2026-08-01,1,1,0.24626525
4,0bb4c1518d9cff90,2026-08-01,0,4,0.033200044
4,0bb56b29c02e6abd,2026-08-01,0,1,0.030492675
4,0bbb18dce6b389ea,2026-08-01,0,2,0.043178648
4,0bebf56c66d1d55e,2026-08-01,0,5,0.03788465
4,0bf9ce729e3b2639,2026-08-01,0,1,0.059000313
4,0c602a538b824355,2026-08-01,0,3,0.031013438
4,0c79f93836c235ef,2026-08-01,0,2,0.06784977
4,0cab2d865e0581e2,2026-08-01,0,3,0.050085735
4,0cb42e72a5656054,2026-08-01,0,2,0.061903488
4,0cc663a921621614,2026-08-01,0,4,0.059252195
4,0cc996363c0a24ab,2026-08-01,0,4,0.053549364
4,0ce1d50c7fe89d94,2026-08-01,0,4,0.041660544
4,0cec959166e1e602,2026-08-01,0,4,0.02463232
4,0d4b1a562cfa772f,2026-08-01,0,4,0.17205608
4,0d4c341b1c1392db,2026-08-01,0,2,0.1085141
4,0d50812e49656790,2026-08-01,1,4,0.29205045
4,0d634193e1a80ef5,2026-08-01,0,1,0.04543335
4,0d6e53b82e5292c5,2026-08-01,0,2,0.15913413
4,0d7132f117f7e80d,2026-08-01,0,3,0.032247253
4,0d773bf5a137ed3c,2026-08-01,0,1,0.028919062
4,0d8397975d8b06c0,2026-08-01,0,4,0.08359673
4,0d8a788ed39dca5b,2026-08-01,0,5,0.11704756
4,0d97e3c1f366c75e,2026-08-01,0,1,0.028491706
4,0da5935f0b1eeac9,2026-08-01,0,5,0.045696657
4,0dd2a4fd6c5f8bdd,2026-08-01,0,4,0.12558271
4,0dfd7b295cff6e7e,2026-08-01,0,2,0.056251585
4,0e1dc2f350d502ed,2026-08-01,0,5,0.08890855
4,0e256f771502feb5,2026-08-01,0,4,0.02189389
4,0e53db0d3fbed6e7,2026-08-01,0,1,0.039851055
4,0e64bae2a42679ee,2026-08-01,0,3,0.25220326
4,0e684c471a717446,2026-08-01,0,5,0.053722326
4,0e87775f25a189d8,2026-08-01,0,5,0.05287882
4,0e9b710dc9fe4597,2026-08-01,0,2,0.061231732
4,0ea6196135d03d16,2026-08-01,0,5,0.18618579
4,0ed589c270774997,2026-08-01,0,4,0.07915421
4,0ee7c3103d027bc9,2026-08-01,0,2,0.08926317
4,0f34cd5358ede917,2026-08-01,0,1,0.09089975
4,0f3c9faec3d5550b,2026-08-01,0,3,0.05150761
4,0f40b70536e1812a,2026-08-01,1,3,0.055255454
4,0f80ccd12f426a91,2026-08-01,0,1,0.039451607
4,0fa054a7f9eee0f7,2026-08-01,0,1,0.067243524
4,1033b7ed2e2b27ac,2026-08-01,0,3,0.046034142
4,10576ad846871f6e,2026-08-01,0,1,0.051700134
4,106355d7cc37068c,2026-08-01,0,5,0.042058717
4,10a0027a558e4143,2026-08-01,0,3,0.06691135
4,10a1fbf7e2142097,2026-08-01,0,2,0.04980156
4,1173f07cdcc69285,2026-08-01,0,1,0.049534798
4,119b797ff0b26ae5,2026-08-01,0,5,0.11063456
4,11a05e8de1f545a3,2026-08-01,0,3,0.0680775
4,11b7334c529b0456,2026-08-01,1,1,0.12545249
4,11d1f12f120ea96e,2026-08-01,0,3,0.15612522
4,126530ae2f1c7e84,2026-08-01,0,1,0.034759622
4,12d4d2441731262f,2026-08-01,0,4,0.22316973
4,12f261dd905b8bd6,2026-08-01,0,4,0.032203946
4,131b3b53b7bd6c7b,2026-08-01,0,3,0.16946094
4,13245e15f185f1b1,2026-08-01,0,4,0.031836707
4,135649f37cd26743,2026-08-01,0,5,0.5008819
4,1392854ed74fcd1c,2026-08-01,0,4,0.062282354
4,13a788ae647cea48,2026-08-01,0,2,0.038084313
4,13e77e6358b1178c,2026-08-01,0,3,0.057609882
4,1456c68e29c8a7b3,2026-08-01,0,1,0.044013713
4,1471999f46d223cf,2026-08-01,0,5,0.04553049
4,1482e137d927715a,2026-08-01,0,1,0.048991702
4,14c01c20f834728f,2026-08-01,0,5,0.1771745
4,14daaccf5170ee1f,2026-08-01,0,2,0.046853635
4,14ee9e03dad7ece8,2026-08-01,0,4,0.27728173
4,15196236628f9eca,2026-08-01,0,3,0.1188201
4,156fc33e7d352f83,2026-08-01,0,1,0.041923475
4,15bba3601bca4303,2026-08-01,0,2,0.040965024
4,15c70348f63af13c,2026-08-01,1,2,0.050968178
4,15cc15fb91e373f7,2026-08-01,0,4,0.10905921
4,15e26c22e75d0327,2026-08-01,0,5,0.054022845
4,15ec20d873c47cd3,2026-08-01,0,5,0.03937639
4,15f671b7a635fbb8,2026-08-01,0,4,0.16537382
4,164fbcbd8a3cd874,2026-08-01,0,1,0.04454117
4,1665185b0cca1907,2026-08-01,0,2,0.09018261
4,16662ff58bdc2d9e,2026-08-01,0,3,0.030852303
4,16a80e2646f5c6c9,2026-08-01,1,3,0.06265914
4,16ae9748ba12296c,2026-08-01,0,3,0.28310427
4,16e9600f8dc0b903,2026-08-01,0,1,0.05465132
4,16eddc6398337938,2026-08-01,1,2,0.20072678
4,170b1887461b2ad8,2026-08-01,0,4,0.034887638
4,171156f0e4679c17,2026-08-01,0,3,0.03952281
4,171b9a18e1d1f5f9,2026-08-01,0,1,0.04277225
4,175e194389f78800,2026-08-01,0,4,0.043163896
4,175eadc25f5b3389,2026-08-01,0,5,0.0416546
4,17961588f079b498,2026-08-01,0,3,0.1278415
4,17a851703d6d0012,2026-08-01,0,1,0.051659435
4,17b499b2d1852006,2026-08-01,0,4,0.31563437
4,17c9d1d44245214a,2026-08-01,0,4,0.30478567
4,17d14ecfc7b15143,2026-08-01,0,5,0.045311205
4,17d176c2c21ab561,2026-08-01,0,3,0.07223907
4,17d7e541db5e4b08,2026-08-01,0,1,0.028197706
4,181caf7cc65080a8,2026-08-01,0,5,0.09638375
4,182b1b9ca4f197c4,2026-08-01,0,5,0.024329506
4,183089cee2cf85fb,2026-08-01,0,3,0.09284688
4,18471babfc828dfc,2026-08-01,0,3,0.07838995
4,1862356eb33bc027,2026-08-01,0,5,0.020671578
4,1879606555e38bd3,2026-08-01,0,4,0.35184842
4,1880dc74296d0cfa,2026-08-01,0,4,0.24862874
4,18ce04bc597e2847,2026-08-01,0,5,0.09251365
4,19148ed2b0c06472,2026-08-01,0,2,0.03369582
4,1919262e80c5f25b,2026-08-01,1,3,0.074650586
4,194cf550b3fa862e,2026-08-01,0,2,0.036449008
4,195ae92aa2e66451,2026-08-01,0,5,0.03975046
4,1976891f1e3c15b4,2026-08-01,0,5,0.025280356
4,197f0fec636b0f81,2026-08-01,0,3,0.03530896
4,19a8fa7f8d5b8bc2,2026-08-01,1,2,0.3370254
4,19fa2b5e5693502a,2026-08-01,0,1,0.056309342
4,1a0c539714f90980,2026-08-01,0,1,0.03568047
4,1a104ce41b51d391,2026-08-01,0,3,0.10627316
4,1a40fba1297a7077,2026-08-01,0,1,0.05874865
4,1a86e49a3784af3e,2026-08-01,0,5,0.032159183
4,1ae0db4a5532db3b,2026-08-01,0,3,0.032938614
4,1ae8a05a31d7dbb8,2026-08-01,0,3,0.029888207
4,1b5e51df1972e7a5,2026-08-01,1,4,0.21676393
4,1b5f7eba40f67612,2026-08-01,0,1,0.06449145
4,1b7d597d86c22fcc,2026-08-01,1,5,0.30118382
4,1ba968991ab9e484,2026-08-01,0,4,0.055238705
4,1bb5b1d75a533d6b,2026-08-01,0,3,0.18838374
4,1bbab17a4d154370,2026-08-01,0,5,0.051456925
4,1bcb594c89383b13,2026-08-01,0,3,0.04491632
4,1c112b1443df2ab1,2026-08-01,0,5,0.056644157
4,1c2b3ffea84a6a25,2026-08-01,0,2,0.058550663
4,1c656dbbe33a6149,2026-08-01,0,3,0.05279934
4,1c7c9b5480e09b97,2026-08-01,0,3,0.057196133
4,1c946293083a8951,2026-08-01,0,2,0.34468886
4,1cb88bf483912a65,2026-08-01,1,5,0.43769264
4,1cd16568a0702722,2026-08-01,0,1,0.0514022
4,1cd82036dcb7cce6,2026-08-01,0,3,0.057249345
4,1d9f58f4c64318f2,2026-08-01,0,5,0.091379136
4,1dc58be705428dce,2026-08-01,0,3,0.10288777
4,1dd9edc7fb8ceca0,2026-08-01,0,3,0.047963496
4,1e0a0d02eed2ffb4,2026-08-01,0,4,0.034180366
4,1e64dc128cb958a9,2026-08-01,0,5,0.07927203
4,1e8e64614cda21df,2026-08-01,0,5,0.14474423
4,1ebe042f307af5b7,2026-08-01,0,1,0.032570463
4,1eda5b019b3191f9,2026-08-01,0,1,0.04346424
4,1f2384023017844e,2026-08-01,0,1,0.054752897
4,1f578da493b40ef8,2026-08-01,0,4,0.1994755
4,1f6c5783cc90b5df,2026-08-01,0,5,0.086445734
4,1f8512dcc8a12abb,2026-08-01,0,2,0.05970655
4,1f94c5d02264c243,2026-08-01,0,2,0.046039924
4,1f9c741b849a078b,2026-08-01,0,1,0.2884979
4,1fbee37d12a8b485,2026-08-01,0,1,0.06147815
4,1fc4cc720cebbdf8,2026-08-01,0,4,0.060850568
4,1fe6e5caa87a9439,2026-08-01,0,3,0.03453278
4,1fed880efd3187ab,2026-08-01,0,2,0.04668533
4,1fef13d5b3936f28,2026-08-01,1,2,0.078451686
4,1fff7bf38e397e1b,2026-08-01,0,1,0.05186516
4,2001824e72a458fc,2026-08-01,0,2,0.06126585
4,200cf4c65accccb4,2026-08-01,0,5,0.0596173
4,201dddb16dfc9922,2026-08-01,0,4,0.053425234
4,201ebaa41c188af5,2026-08-01,0,4,0.029961115
4,207c0e47a421dfe7,2026-08-01,0,2,0.03129005
4,208aa9f9b298ad0b,2026-08-01,0,5,0.035887748
4,209c5c52c7d8a613,2026-08-01,0,3,0.0379976
4,20c6a708d1e34ff0,2026-08-01,0,1,0.038776755
4,20d6acd6f691d4fd,2026-08-01,0,5,0.07047023
4,210c2672c721b438,2026-08-01,0,3,0.033146113
4,21114003b1a79644,2026-08-01,0,1,0.3253418
4,211b22349d581e5d,2026-08-01,0,1,0.06783168
4,2145327dd856767f,2026-08-01,1,1,0.1619572
4,217a80592eb6a2fb,2026-08-01,0,2,0.039707474
4,21c01d9e8d965664,2026-08-01,0,5,0.033258267
4,21fb8e9de9d9ddd8,2026-08-01,0,5,0.10059243
4,22243c7e1e2d4d0f,2026-08-01,0,1,0.038206432
4,223d76e50e5e7030,2026-08-01,0,3,0.04286895
4,2260856d7d550bdf,2026-08-01,0,4,0.034472566
4,2262c954f3ff0615,2026-08-01,0,5,0.03629848
4,226fe1ad156fe00a,2026-08-01,0,3,0.043483265
4,2293a7e760e60bf4,2026-08-01,0,4,0.025697704
4,22f677848ede9b34,2026-08-01,1,4,0.040009968
4,230522ad26c17225,2026-08-01,0,3,0.042756632
4,232835e00f6032be,2026-08-01,0,3,0.045891073
4,2354df575a371860,2026-08-01,0,1,0.059013005
4,235a751bd5d66004,2026-08-01,0,5,0.036456797
4,236bb6c0f87382e8,2026-08-01,0,5,0.06623464
4,23848bd2b6e309ab,2026-08-01,0,3,0.041041385
4,23a4003afb1e54f7,2026-08-01,1,1,0.08978977
4,23a42f256cd6a909,2026-08-01,0,5,0.07479848
4,23eaa9b15cf4ba72,2026-08-01,0,4,0.047178507
4,23ed4bec9154f57b,2026-08-01,0,3,0.06142904
4,23f1ee5fa0d1be68,2026-08-01,0,3,0.0653814
4,2415740722ea22f1,2026-08-01,0,5,0.11624235
4,2432105be515b8a9,2026-08-01,0,2,0.03732398
4,243b27ad63680bef,2026-08-01,0,3,0.036365837
4,243cd8f338ae59b1,2026-08-01,0,1,0.07747893
4,244674969f11663d,2026-08-01,0,1,0.07109999
4,24bd41b9ac35e6eb,2026-08-01,0,4,0.09183094
4,24e47216e29dfddf,2026-08-01,0,4,0.043603897
4,251c47e6991d071b,2026-08-01,0,5,0.08622873
4,256b061e379abd2a,2026-08-01,0,2,0.060336627
4,2586bf23bd43441a,2026-08-01,0,3,0.05284468
4,2593de552019143c,2026-08-01,1,2,0.07922627
4,25987c8de8c39984,2026-08-01,0,5,0.3826085
4,25afe0cf056ce102,2026-08-01,0,2,0.04444758
4,25f38382fc5a4a06,2026-08-01,0,4,0.11906854
4,2692cf1e54a6ed8f,2026-08-01,0,4,0.24797466
4,26ca77dd2bc429e9,2026-08-01,0,5,0.033595797
4,272d8ba83d6d08e5,2026-08-01,0,1,0.09331517
4,2780d9e4dce89a38,2026-08-01,0,4,0.08985045
4,2785996ba6e611cd,2026-08-01,0,2,0.04227803
4,27b4605cb70f5783,2026-08-01,0,3,0.07086193
4,27d49405700b7f14,2026-08-01,0,2,0.05143284
4,27e65903d898cff5,2026-08-01,0,1,0.045145225
4,28369db8d540121b,2026-08-01,0,5,0.04373209
4,283fac19f7caf4ce,2026-08-01,1,3,0.03884771
4,2840cfc5157e42d5,2026-08-01,0,5,0.022439362
4,28bfbf1cd6ad38af,2026-08-01,0,2,0.049763393
4,28e11ac5b5e879f7,2026-08-01,0,3,0.030534863
4,28e42064ffc5b6f9,2026-08-01,0,2,0.15331964
4,290081d022acc550,2026-08-01,0,1,0.04781251
4,294ea872733840ba,2026-08-01,0,2,0.09729747
4,29722864de80a7a8,2026-08-01,0,2,0.46196327
4,297af7ef6a739bf9,2026-08-01,0,1,0.102865525
4,29b335b2f1d9edeb,2026-08-01,0,3,0.07329224
4,29d4eb41a9fb51af,2026-08-01,0,1,0.032936294
4,29dd24cf93149928,2026-08-01,0,1,0.031694572
4,29fefcfbfa904c44,2026-08-01,0,5,0.0818749
4,2a0757fa52353806,2026-08-01,0,2,0.044310614
4,2a6e995d1d710f1e,2026-08-01,0,4,0.10624775
4,2ac9bca6ebdba849,2026-08-01,0,2,0.039426588
4,2acca47d7c7617ea,2026-08-01,0,3,0.39924332
4,2ae4843d90b34579,2026-08-01,1,4,0.24809341
4,2ae9ac3127603c73,2026-08-01,0,3,0.033281095
4,2b40e3a95d9e4235,2026-08-01,0,3,0.033415943
4,2b4f532883f382e9,2026-08-01,1,4,0.3613575
4,2b8b7f0d6dc93d31,2026-08-01,0,2,0.07753701
4,2bcc60c0d2e743f1,2026-08-01,0,4,0.039730035
4,2c3a2191840cfd85,2026-08-01,0,3,0.11097074
4,2c40224927e62dfd,2026-08-01,0,2,0.05878907
4,2c46854282faac91,2026-08-01,0,2,0.17757416
4,2c824747cc138197,2026-08-01,0,2,0.056468714
4,2cc58ef79e4c30b4,2026-08-01,0,4,0.14063844
4,2cc97d88649af95e,2026-08-01,0,4,0.07820669
4,2cff63919ef808b1,2026-08-01,0,1,0.15646338
4,2d2801de3502c44a,2026-08-01,0,5,0.2907228
4,2d41689a2f73fb69,2026-08-01,0,5,0.06338068
4,2d4646d760d83598,2026-08-01,0,5,0.035283156
4,2d6417930bd97c48,2026-08-01,0,5,0.23358253
4,2d8cb43f88514c9c,2026-08-01,0,4,0.08174133
4,2dbae3ab66c6c9ee,2026-08-01,0,1,0.51967883
4,2dbe1d7dd28e8ab0,2026-08-01,0,5,0.25857967
4,2dd89f349088588f,2026-08-01,0,5,0.03897615
4,2e53857e628c4f99,2026-08-01,0,2,0.06405999
4,2e63998b0bf0bacd,2026-08-01,0,5,0.032932736
4,2e89989cb32a370e,2026-08-01,0,3,0.03322376
4,2eb0aade426ce92a,2026-08-01,0,4,0.033077873
4,2ed055f5aad1607b,2026-08-01,0,4,0.1176094
4,2ed824ebd56c546c,2026-08-01,0,5,0.06890202
4,2ee2a560bdfab227,2026-08-01,0,4,0.03122698
4,2ee7db9247487a0d,2026-08-01,0,3,0.39243168
4,2ef5268f39de40e5,2026-08-01,0,2,0.07780812
4,2f4393aa46781c08,2026-08-01,0,1,0.07670081
4,2f950c5981acb432,2026-08-01,0,3,0.06041071
4,2f9683d645f14723,2026-08-01,0,1,0.07146649
4,2fb57adb4fecd870,2026-08-01,0,4,0.044390444
4,2fcdb5619dd8c2e3,2026-08-01,0,1,0.03430802
4,2fd2b15a0dbec90a,2026-08-01,0,3,0.03168057
4,30448efe011952e4,2026-08-01,0,3,0.039555136
4,3075ff35a1d922a1,2026-08-01,0,3,0.03709275
4,3078c192f242d8a5,2026-08-01,0,3,0.057799634
4,3080b6a19fb1b4be,2026-08-01,0,2,0.087334216
4,309212bec88c8ae2,2026-08-01,0,1,0.0626079
4,30a1a1a3d58c7656,2026-08-01,0,4,0.55976444
4,30c342a4260531be,2026-08-01,0,1,0.12846276
4,30c4b6430c3cfa29,2026-08-01,0,1,0.11954742
4,30cc94d467535dc4,2026-08-01,0,4,0.028664969
4,30d360594379c9fa,2026-08-01,1,5,0.055796735
4,311029bde4456d6a,2026-08-01,0,4,0.05398532
4,315cfbfca781d273,2026-08-01,0,1,0.03401609
4,316d804254b40540,2026-08-01,0,4,0.07566263
4,3176ca05ca60a9ac,2026-08-01,0,4,0.06114598
4,3181e0839f2c78c2,2026-08-01,0,3,0.19078425
4,3195f466ee35f1e2,2026-08-01,0,2,0.0623595
4,31b3d08135707313,2026-08-01,0,5,0.04598355
4,31bf95434a40a22b,2026-08-01,0,1,0.03194584
4,31f99f83ef7d163a,2026-08-01,0,4,0.03031285
4,32088b29e7a2988e,2026-08-01,0,5,0.040882412
4,326f4a8b4e941238,2026-08-01,0,4,0.14116715
4,327fc087ff994c13,2026-08-01,0,5,0.026352508
4,329c8de1bf4f6dae,2026-08-01,0,5,0.026942208
4,32a1c35fc71856d6,2026-08-01,0,3,0.031878196
4,32cf371554065451,2026-08-01,1,2,0.12040324
4,32d6fdbe898eb8ad,2026-08-01,0,3,0.03604367
4,32e69f4804884b90,2026-08-01,0,1,0.039365035
4,33085e4ed06338ac,2026-08-01,0,2,0.18734206
4,331a16e4a28bb8d5,2026-08-01,0,5,0.04147887
4,331d6581315445ce,2026-08-01,0,4,0.03370016
4,33297a3d66f423c1,2026-08-01,1,5,0.107761994
4,332bc2c4e9e3c479,2026-08-01,1,5,0.20474522
4,333cca11d8b161b2,2026-08-01,0,1,0.060428772
4,337efba1d28f5e7b,2026-08-01,0,3,0.047728393
4,33b399c6e08fa990,2026-08-01,0,3,0.064252175
4,3404879940cc68fe,2026-08-01,0,4,0.05984632
4,340a92d5cb051509,2026-08-01,0,5,0.05599158
4,3463c5bbfcce4762,2026-08-01,1,2,0.10887314
4,346daed0e656cb2c,2026-08-01,0,1,0.03948686
4,347a96efe25830aa,2026-08-01,0,3,0.03867466
4,347aa28704eccdfe,2026-08-01,1,4,0.16270758
4,34c3fec3e99b0377,2026-08-01,0,3,0.06251857
4,34e36df045351494,2026-08-01,0,2,0.03624489
4,353048b2a7024a02,2026-08-01,0,2,0.03851986
4,353ad444345ac403,2026-08-01,0,4,0.045518566
4,3551b501573f7d89,2026-08-01,0,4,0.058157172
4,3555213bd2f8ddef,2026-08-01,0,3,0.12019895
4,355de9d9d74d4642,2026-08-01,0,3,0.07575232
4,3596f4eaefecb18f,2026-08-01,0,4,0.20397304
4,35ba3a4f968ec21d,2026-08-01,1,1,0.044763964
4,35c889aa7fe8578f,2026-08-01,0,1,0.049130976
4,35e280ef04deef3e,2026-08-01,0,3,0.030361164
4,361e7f49a128b1c9,2026-08-01,0,2,0.056945123
4,3653dd2358bbca5e,2026-08-01,0,5,0.057188407
4,3663429aed93624d,2026-08-01,0,4,0.041664697
4,368c1d00dbd3e137,2026-08-01,0,5,0.06265893
4,36a3cf77bd4b77a5,2026-08-01,0,3,0.04647868
4,3724947ad2a8d4cc,2026-08-01,0,4,0.20413826
4,373843cd6d4bfffa,2026-08-01,0,1,0.037272695
4,373849e64ee2fea7,2026-08-01,0,5,0.03710344
4,379cfe648f827b90,2026-08-01,0,3,0.24944572
4,37ae584752cc8d0d,2026-08-01,1,5,0.029979259
4,37e83304d73574ec,2026-08-01,0,1,0.054540284
4,385d6ed7891184ca,2026-08-01,0,5,0.05057418
4,388fec8ebdaefb1a,2026-08-01,0,4,0.13724567
4,38974ba09893ee03,2026-08-01,1,1,0.10396027
4,38e879e7f12686d4,2026-08-01,0,5,0.024357252
4,392416ed445fe2ca,2026-08-01,0,2,0.046525363
4,393031e0826f8f83,2026-08-01,0,2,0.040564112
4,394ee054ef5645cf,2026-08-01,0,2,0.3610585
4,3954728de86e7367,2026-08-01,0,3,0.15320249
4,398f565db6e53618,2026-08-01,0,1,0.03674443
4,39d1cc4131b01576,2026-08-01,1,2,0.14158054
4,39f3b3277527438b,2026-08-01,0,1,0.04727232
4,3a24efff1f5c063e,2026-08-01,0,5,0.10589177
4,3a4b80c694d02e67,2026-08-01,0,2,0.060038637
4,3a52ae5eb572abc5,2026-08-01,0,1,0.06508021
4,3a84bd992596e8b4,2026-08-01,0,3,0.03100782
4,3b086a0254f42591,2026-08-01,0,2,0.31365225
4,3b0a6c2aca96473d,2026-08-01,1,4,0.47171903
4,3b1f6e880e01bc49,2026-08-01,0,5,0.12259451
4,3b3303d566130021,2026-08-01,0,4,0.07193646
4,3b58fc76af0c9fe0,2026-08-01,0,4,0.043814246
4,3b59fb4fc8357367,2026-08-01,0,2,0.051306468
4,3b6d9399a98c1bab,2026-08-01,0,4,0.06369214
4,3b77dfb434916a47,2026-08-01,0,1,0.06162287
4,3b8efbf49ab5ea96,2026-08-01,0,3,0.057554614
4,3b99b630eb7b4423,2026-08-01,0,3,0.17254083
4,3bb973769e667c7e,2026-08-01,0,1,0.050359108
4,3bba9640d2aca900,2026-08-01,0,3,0.032501478
4,3bd715edab244867,2026-08-01,0,4,0.09663124
4,3c07ad16cb4f2cd0,2026-08-01,0,4,0.03638105
4,3c1663b2498adcca,2026-08-01,0,1,0.2797267
4,3c37431cbb42ca2d,2026-08-01,0,5,0.06568763
4,3c45fb247fd44f51,2026-08-01,0,5,0.056577053
4,3c47516bcef0e3ed,2026-08-01,1,4,0.3044385
4,3cb21868eef4c1e6,2026-08-01,0,2,0.038827263
4,3cb983144f49282d,2026-08-01,0,2,0.043400757
4,3cc43b650df782c6,2026-08-01,0,4,0.24177511
4,3cc4bccbb27a99ab,2026-08-01,0,4,0.05665245
4,3ccdc7aff7f79996,2026-08-01,0,5,0.042293437
4,3cce56f11e38a0a8,2026-08-01,0,5,0.036868144
4,3cdecd5740bc7bb3,2026-08-01,0,4,0.0517143
4,3ce1c39d71c72985,2026-08-01,0,3,0.03492898
4,3cec0c309b3437f6,2026-08-01,0,4,0.04603579
4,3cede8380e51e5a3,2026-08-01,0,4,0.04822327
4,3cf6007f17ebc0cd,2026-08-01,0,2,0.056821246
4,3d25f4e81b8d1b11,2026-08-01,0,3,0.24168144
4,3d334c60ed48d7fe,2026-08-01,0,4,0.07966555
4,3d75b01859b4f4a4,2026-08-01,0,5,0.25841188
4,3d977acaf8cc0688,2026-08-01,0,4,0.042261407
4,3de3a53f4191b4e4,2026-08-01,0,5,0.17142513
4,3e0ad4bd45e505a1,2026-08-01,0,4,0.069478475
4,3e1c312afba15c8c,2026-08-01,0,5,0.13096762
4,3e5f6a79c26527dd,2026-08-01,0,4,0.041939177
4,3e6e9928e3478613,2026-08-01,0,3,0.03173314
4,3e6ee1c40f6b18b1,2026-08-01,0,5,0.040852357
4,3ed25a489cdc2408,2026-08-01,0,5,0.056228083
4,3f45e9fa77af0f16,2026-08-01,0,5,0.04717316
4,3f60c0d6c0bb298b,2026-08-01,0,1,0.07398965
4,3f814472e4d750b5,2026-08-01,0,5,0.06949244
4,3f9207a5658d7c1a,2026-08-01,0,5,0.045984454
4,3fbbd56efc5d0e94,2026-08-01,0,1,0.04141137
4,3fbbf57c2d9ae885,2026-08-01,0,5,0.02766591
4,3fd9c029949c7c3f,2026-08-01,0,4,0.18120976
4,3ff23cac429f5fe7,2026-08-01,0,3,0.038162325
4,3ffea6f2fb1446eb,2026-08-01,0,3,0.038593713
4,404232c565e0d48b,2026-08-01,1,5,0.1708554
4,4058f6192f8c37b8,2026-08-01,0,1,0.040283035
4,406cc4511552be47,2026-08-01,0,1,0.056947887
4,408917720cac4f45,2026-08-01,0,3,0.069769174
4,40954dbd9b211045,2026-08-01,0,2,0.0675802
4,4098bf057746f618,2026-08-01,0,4,0.068662085
4,40dda62134cd3e50,2026-08-01,0,4,0.037429143
4,411b2861cb30f4b1,2026-08-01,0,3,0.048563972
4,41a853d298d386c1,2026-08-01,0,2,0.03559785
4,41c1c06a4980a87a,2026-08-01,0,5,0.03280861
4,41c3f7b0704e9050,2026-08-01,0,3,0.044918202
4,41e550cde11bc570,2026-08-01,0,3,0.048946127
4,42466bf4f178c91c,2026-08-01,0,1,0.10553979
4,42969de5995ee03a,2026-08-01,0,2,0.08904111
4,42971d3c3f77358d,2026-08-01,0,3,0.03908266
4,42a3e323759a2ac6,2026-08-01,1,3,0.08676293
4,42b6b5e2e9212f48,2026-08-01,0,3,0.084139034
4,42f85ee5972de078,2026-08-01,0,5,0.1777999
4,42fc04d56fd15247,2026-08-01,0,3,0.040376965
4,430cbd0f651cba37,2026-08-01,0,2,0.06338637
4,431b1b088bcb458e,2026-08-01,0,4,0.3376189
4,4379b979bf41d2af,2026-08-01,0,3,0.06494546
4,43b292e5499a60bd,2026-08-01,0,3,0.035353962
4,43cf99f4303358f2,2026-08-01,0,3,0.055504177
4,43ecff422a6dbfba,2026-08-01,0,3,0.13438009
4,441b8364200e7524,2026-08-01,0,5,0.08912172
4,441c43fb37ca3b04,2026-08-01,0,4,0.10207247
4,44485f1c60dc18a7,2026-08-01,0,3,0.089412235
4,446dbcfe64988a75,2026-08-01,0,1,0.05088383
4,447692d1a3d3fc04,2026-08-01,0,3,0.05347295
4,4480aaf216343083,2026-08-01,0,5,0.15209748
4,44833232552fb5cd,2026-08-01,0,1,0.033525173
4,4495172f2cc3c904,2026-08-01,0,3,0.110742934
4,44c215ee22910c68,2026-08-01,1,5,0.49619862
4,45010dbfbc37df1c,2026-08-01,1,5,0.08008668
4,4514ca2cbfd4d27a,2026-08-01,1,1,0.18983781
4,453c49372b929d47,2026-08-01,0,3,0.04288715
4,4541e878fdd8927f,2026-08-01,0,4,0.029567303
4,4581d9ae350bb07f,2026-08-01,0,4,0.028144868
4,45cdf7053bf66b65,2026-08-01,0,3,0.060963467
4,45d257ec5ed578f6,2026-08-01,0,2,0.036657233
4,45da2ef772f18b21,2026-08-01,0,1,0.04245165
4,45ddc834293ef7e0,2026-08-01,1,4,0.120774634
4,45f7d5909b9e5f69,2026-08-01,0,2,0.05735849
4,4604fccd88184e11,2026-08-01,0,1,0.05824629
4,46266624a2a2c967,2026-08-01,0,3,0.06712998
4,462b9556e4a7e3e7,2026-08-01,0,5,0.031823687
4,465f460b9d1d8469,2026-08-01,0,2,0.04099019
4,465f9ebd144ad7f6,2026-08-01,0,5,0.051751763
4,466a419fa36c2165,2026-08-01,0,2,0.057375163
4,469f913bbf4d5e3f,2026-08-01,0,1,0.047417343
4,46a36d388347f642,2026-08-01,0,2,0.06779264
4,46b235908ca97fba,2026-08-01,0,1,0.044869356
4,46eff22687885715,2026-08-01,1,3,0.12370418
4,47119cd291f793a4,2026-08-01,0,1,0.057763774
4,47249238eeab5364,2026-08-01,0,4,0.039945614
4,473385b22ca80954,2026-08-01,0,3,0.045244563
4,4741313e146f7757,2026-08-01,0,5,0.0327528
4,477fd48f71ea9869,2026-08-01,0,5,0.04912441
4,47b29494d1e057e1,2026-08-01,0,3,0.0606615
4,47cdc0d573864538,2026-08-01,0,3,0.061339412
4,47e3f41a3cb6298e,2026-08-01,0,5,0.05598402
4,47eb5c0a5457a099,2026-08-01,0,2,0.14740284
4,483aa066732b3acd,2026-08-01,0,2,0.04576565
4,48508451cb54a710,2026-08-01,0,1,0.06383746
4,4878bfa143bd6a1c,2026-08-01,0,5,0.1458036
4,48f011a93c264a2d,2026-08-01,0,2,0.035227202
4,491222e5ae5a810b,2026-08-01,0,1,0.22326438
4,491549d44f2ac009,2026-08-01,0,3,0.033122562
4,492390e819a7f52c,2026-08-01,0,3,0.075077966
4,49421909e3bca389,2026-08-01,0,3,0.0650423
4,49478a8e7961ff63,2026-08-01,0,2,0.038437825
4,494c5352e5c936d6,2026-08-01,0,5,0.11733739
4,498322097ab921d2,2026-08-01,0,5,0.03385465
4,498e0098a7c33292,2026-08-01,0,3,0.042832047
4,49ddd18ee171a26b,2026-08-01,0,5,0.06719987
4,49f6aa15c7285da5,2026-08-01,0,3,0.061377417
4,4a406fc0161968c8,2026-08-01,0,5,0.042167496
4,4a594b33d2363ff8,2026-08-01,0,3,0.03156098
4,4a5d3e2c270a89b9,2026-08-01,0,2,0.050143126
4,4ac47525bd17cd6e,2026-08-01,0,5,0.09614052
4,4b61ceab6f2ff93e,2026-08-01,0,4,0.036324542
4,4b65095d8d9f4976,2026-08-01,1,5,0.12712774
4,4b68d10f6ce35e4c,2026-08-01,0,2,0.049259193
4,4b81a6a8f7256f90,2026-08-01,0,2,0.067186125
4,4bb37cc638dfdc07,2026-08-01,1,5,0.16536917
4,4bc414605aa9dd0d,2026-08-01,0,2,0.04908008
4,4bf4446ab579880a,2026-08-01,1,5,0.48190394
4,4bf723d5debc8e7b,2026-08-01,0,4,0.31271073
4,4c199013fb8b0138,2026-08-01,0,2,0.08550177
4,4c1a86c0daa244b7,2026-08-01,0,1,0.03921316
4,4c433505ea73617f,2026-08-01,0,3,0.033309206
4,4c6618c5b2addcf5,2026-08-01,1,3,0.14756328
4,4c6eaf624b580349,2026-08-01,0,1,0.115570955
4,4c748af20e45736c,2026-08-01,0,2,0.05329544
4,4c94fdffd05355a4,2026-08-01,1,2,0.08498998
4,4c952d7708124b24,2026-08-01,0,2,0.054956768
4,4cd1d3fc404a36e9,2026-08-01,0,1,0.040055975
4,4d69281d1307c779,2026-08-01,0,1,0.035517156
4,4d8710dde6c54072,2026-08-01,0,1,0.07488
4,4d987c0eb672af1b,2026-08-01,0,1,0.040307112
4,4df31172e7448ec3,2026-08-01,0,2,0.061930995
4,4e2942af520924b8,2026-08-01,0,5,0.036548432
4,4e379d9772288120,2026-08-01,0,5,0.06659525
4,4e7fd8bc9e814963,2026-08-01,0,5,0.07849596
4,4eba7b08932ff7ff,2026-08-01,0,4,0.055531465
4,4ece66cfa521761e,2026-08-01,0,1,0.06508307
4,4ed0a51fb521e68e,2026-08-01,1,2,0.050170533
4,4ed3f5150e367491,2026-08-01,0,2,0.04171072
4,4f226451d00f676c,2026-08-01,0,5,0.043278273
4,4f2900d5cd6eacba,2026-08-01,0,5,0.073735796
4,4f5f9533471ab829,2026-08-01,0,2,0.04472283
4,4f6f8dc16440a307,2026-08-01,0,3,0.13729991
4,4f90fa326add00c4,2026-08-01,0,3,0.04047039
4,4f946d2f8029e24d,2026-08-01,0,2,0.06628175
4,4fb9b3bd549d432e,2026-08-01,0,3,0.069685794
4,4fc569d5cf83b3d6,2026-08-01,0,4,0.08158317
4,4fd5264af66dc45a,2026-08-01,0,2,0.065860525
4,501dc497c76b6355,2026-08-01,0,3,0.09079294
4,5024b0c53b6656de,2026-08-01,0,5,0.22933541
4,5048b478ebb966c2,2026-08-01,0,3,0.049454086
4,50577f4e8566632c,2026-08-01,0,1,0.044866335
4,507bf2b6f7e3d349,2026-08-01,0,2,0.062213827
4,507d43ca3b3c694b,2026-08-01,0,2,0.04207559
4,51206444207839cc,2026-08-01,0,1,0.030510252
4,5121be72b086a0ec,2026-08-01,0,2,0.38753596
4,5126a91f5cc3239a,2026-08-01,0,4,0.058934912
4,5154b5c6b8bfbec2,2026-08-01,0,4,0.057565577
4,515a04286237f13d,2026-08-01,0,3,0.032372028
4,5195d7cb6250b20d,2026-08-01,0,3,0.034312103
4,51a13f8830050b04,2026-08-01,0,4,0.13999341
4,51fb35c6ad8f8484,2026-08-01,0,1,0.069130935
4,522b40618cf5e6ba,2026-08-01,0,2,0.06077274
4,5234fcc64472fc3b,2026-08-01,0,2,0.0845466
4,52577d853ea056cb,2026-08-01,0,2,0.031812582
4,5264420e71bd1f1f,2026-08-01,0,2,0.054580413
4,527ada3a90d34b02,2026-08-01,0,1,0.044021342
4,528abb2a2a5256d2,2026-08-01,0,5,0.14326778
4,528c30e4d95cecc7,2026-08-01,0,5,0.11443651
4,529b274fceceeb0b,2026-08-01,0,3,0.039102685
4,52cea67a456d3ea8,2026-08-01,0,2,0.0373968
4,52fa33e4459689ed,2026-08-01,1,1,0.3708805
4,531252749a0e87f6,2026-08-01,0,1,0.062201515
4,533024394fc80dde,2026-08-01,0,3,0.049548663
4,534ca5cef88c8ae8,2026-08-01,0,4,0.046552133
4,5350abe23e5b6d5c,2026-08-01,0,1,0.03883292
4,537d0d1d156fb52b,2026-08-01,0,5,0.51995885
4,53f0d80a1b1ded3a,2026-08-01,0,1,0.12176077
4,5410eb7881bf142e,2026-08-01,0,3,0.18036884
4,543a1b4cee67ca9d,2026-08-01,0,4,0.037107825
4,547f47fa4438704b,2026-08-01,0,5,0.030238852
4,5487acc416381e19,2026-08-01,0,3,0.03814571
4,54a8e61fa992a976,2026-08-01,0,3,0.037694566
4,54b829b4ae4435da,2026-08-01,0,4,0.027080538
4,54d36691ed310bb0,2026-08-01,0,2,0.050086528
4,54e87bf52bc7bd74,2026-08-01,0,5,0.03513386
4,54f4e565b3aca0a3,2026-08-01,0,2,0.038909655
4,54f8e85ab127dd76,2026-08-01,0,4,0.07334152
4,553bb4ca0bdec86c,2026-08-01,0,3,0.13772582
4,5577f0e4b5bbd2f6,2026-08-01,0,1,0.033533644
4,558d75ae4b37b312,2026-08-01,0,2,0.11512878
4,55932ff6b6db6137,2026-08-01,0,4,0.06572484
4,55c62301b7fb2096,2026-08-01,0,5,0.027733857
4,55dc20d7bc1b6d41,2026-08-01,0,5,0.07537903
4,55e10aab4b3b665f,2026-08-01,0,3,0.0360933
4,562bfe4315641308,2026-08-01,0,2,0.05739228
4,567af06aa756be6b,2026-08-01,0,1,0.2496044
4,567f81ab84b471ab,2026-08-01,0,3,0.26610982
4,56bdb90979230372,2026-08-01,0,3,0.028226605
4,56d4f2e61b5af6aa,2026-08-01,0,5,0.027667211
4,56d69bdb5f758cd2,2026-08-01,0,3,0.052566852
4,56decc429e4eec8a,2026-08-01,0,2,0.28616536
4,56e6a1c91e7c45e5,2026-08-01,0,5,0.08728609
4,56f4fe4387e325ee,2026-08-01,0,5,0.0856387
4,56f5124bd11b1640,2026-08-01,0,2,0.059872333
4,573a17dc18af2a1b,2026-08-01,0,5,0.13974018
4,578b8199b469800c,2026-08-01,0,1,0.04466351
4,5796610e0b2023cf,2026-08-01,0,1,0.032837257
4,57b4ad449f4243df,2026-08-01,0,2,0.30862242
4,57c06b078633c67b,2026-08-01,0,3,0.03656489
4,57efce2151d57cb6,2026-08-01,0,5,0.08347399
4,582d38a0da97095d,2026-08-01,1,3,0.25980186
4,584cfc177c498556,2026-08-01,0,2,0.046015006
4,586392abf9ad9d1d,2026-08-01,0,2,0.03503659
4,5864ecb3207a3c51,2026-08-01,0,2,0.06445171
4,58df3dc88789b9f4,2026-08-01,0,1,0.056953344
4,59064fa6bd5cc085,2026-08-01,0,5,0.029357282
4,591e7c25e7db4215,2026-08-01,0,2,0.044692516
4,593f6b659b72c938,2026-08-01,0,4,0.09364299
4,595de99cdd79435d,2026-08-01,0,1,0.05265179
4,5979e5a582892307,2026-08-01,0,3,0.098708875
4,59a05af41ee0934a,2026-08-01,0,2,0.046310607
4,59bc08d7baaa7758,2026-08-01,1,4,0.16438375
4,59be1b3e23625cf8,2026-08-01,0,3,0.034202456
4,59fe602c96bf0b43,2026-08-01,0,2,0.061742734
4,5a01770e73816c01,2026-08-01,0,2,0.15702349
4,5a1d57760563b2af,2026-08-01,0,2,0.06633669
4,5a280759f0a20838,2026-08-01,1,5,0.1297282
4,5a81b4f09ebeaea8,2026-08-01,0,4,0.027585428
4,5b86a3b758c0c444,2026-08-01,0,4,0.04932633
4,5b961a3a69a32bdb,2026-08-01,0,5,0.06340578
4,5bb1dd5adb67512e,2026-08-01,0,4,0.09985573
4,5c3718a6934f654e,2026-08-01,0,3,0.42071593
4,5c5ceb2cc4822edb,2026-08-01,0,4,0.111268185
4,5d08cc68f8320ae0,2026-08-01,0,1,0.034374308
4,5d299be6f6188b12,2026-08-01,0,1,0.050028313
4,5d42f970043953f5,2026-08-01,1,5,0.31503072
4,5d654f140a21ce62,2026-08-01,0,5,0.058774512
4,5d9d67ed46cae17f,2026-08-01,0,1,0.029892605
4,5da8913710574bdd,2026-08-01,0,4,0.052487504
4,5db402efb7bf1511,2026-08-01,0,5,0.05048766
4,5dba0d5e0119ca66,2026-08-01,0,4,0.041229147
4,5dbc1baee86749b2,2026-08-01,0,5,0.02703307
4,5dcc4c599a3f6c33,2026-08-01,0,2,0.12083746
4,5de7ea40011e365f,2026-08-01,0,1,0.100186296
4,5dee5d0ddec52220,2026-08-01,0,4,0.2022187
4,5dfe54fdcc4cb095,2026-08-01,0,4,0.029602978
4,5e0776fb04dfb714,2026-08-01,0,4,0.13298236
4,5e396c17e47aa502,2026-08-01,0,2,0.029558247
4,5e5ef45624a9213d,2026-08-01,0,5,0.5456574
4,5e88a964e1dc3ac7,2026-08-01,0,3,0.04632433
4,5e929b6d874e9289,2026-08-01,0,1,0.0758748
4,5ead7d53847b01fd,2026-08-01,0,1,0.04486058
4,5ec07ab892790426,2026-08-01,0,5,0.095449194
4,5ed16d77931d2ed4,2026-08-01,0,1,0.028012378
4,5edd2f3c7e869414,2026-08-01,0,3,0.04422029
4,5ef2e96bca7b71ce,2026-08-01,0,5,0.108561926
4,5f1ec9a55e63103c,2026-08-01,0,1,0.18248472
4,5f7fee907b63c350,2026-08-01,0,1,0.06603625
4,5f96a60f75c6b49c,2026-08-01,0,4,0.042595804
4,5fc2c17467b3cc9a,2026-08-01,0,1,0.027945397
4,60020c42309a06b3,2026-08-01,0,2,0.040395286
4,601e48ebd881f65a,2026-08-01,0,4,0.066946164
4,6043f4b7a6b2e797,2026-08-01,0,1,0.08490738
4,607f65f0fab65043,2026-08-01,0,2,0.03688664
4,6089ba5c0b991273,2026-08-01,0,1,0.039815456
4,60a243ad14680453,2026-08-01,0,5,0.028849924
4,60e729967036215a,2026-08-01,0,1,0.039106663
4,60f4ed77ed78ef87,2026-08-01,0,3,0.15743919
4,6120d33315fa19c1,2026-08-01,0,3,0.03294071
4,6121b1d3358511b7,2026-08-01,0,5,0.028600924
4,612a2493a68c2786,2026-08-01,0,2,0.07629568
4,612d511978aee556,2026-08-01,0,3,0.24856566
4,615e51bee2e51f43,2026-08-01,0,3,0.035968207
4,61816b5e4ffe8b72,2026-08-01,0,2,0.074772835
4,619418dc4c21dac6,2026-08-01,0,4,0.099644914
4,6197efab8faa9f42,2026-08-01,0,2,0.2546453
4,61a114a6d9907ec7,2026-08-01,0,5,0.088403724
4,61b67d3d4684d5c8,2026-08-01,0,2,0.15080975
4,6245e388b1ca2404,2026-08-01,1,5,0.047826156
4,624d1995725b289e,2026-08-01,0,2,0.062847584
4,625d164d0bc770b6,2026-08-01,0,5,0.06377094
4,62c1e7c5034f7e06,2026-08-01,0,1,0.039081212
4,62d15be2fd9d903f,2026-08-01,0,3,0.034679126
4,630552c82c21b666,2026-08-01,0,3,0.03917318
4,63457c6f9255b10e,2026-08-01,1,5,0.12517408
4,6368f741c5c3e099,2026-08-01,0,5,0.12247857
4,6375e50285534cd3,2026-08-01,0,2,0.07124973
4,639819d42a212454,2026-08-01,0,2,0.09280913
4,63a8ca345e9d9aba,2026-08-01,0,3,0.08313193
4,63cd7e8bac36643c,2026-08-01,0,2,0.06758035
4,63e5cf7a745a13db,2026-08-01,0,4,0.04491581
4,6444e59cfee6858e,2026-08-01,0,2,0.044484213
4,646be24488f724c9,2026-08-01,0,4,0.16766477
4,64e5883c13cdedae,2026-08-01,0,5,0.17684686
4,6535ee2dbd982e70,2026-08-01,0,2,0.044061814
4,6592941866fb9a8b,2026-08-01,0,3,0.066209845
4,6597b5c2832a1f0b,2026-08-01,0,4,0.04267843
4,65bd89df93cce51c,2026-08-01,0,2,0.04520948
4,65d199cd46fa6c04,2026-08-01,0,3,0.03270371
4,65ef5976da678ef1,2026-08-01,0,2,0.055350766
4,65fa7e14d7b26f10,2026-08-01,0,1,0.12246765
4,66400e25ea9143f0,2026-08-01,0,5,0.038055588
4,6646dc9450e2d1cc,2026-08-01,0,1,0.047846768
4,66472e85c3591289,2026-08-01,0,1,0.22780462
4,6647635af385f41a,2026-08-01,0,2,0.03834255
4,666ba8679ea73b63,2026-08-01,0,3,0.04821914
4,666cf1c30547eff3,2026-08-01,0,3,0.04483434
4,66818e11ed8b7578,2026-08-01,0,4,0.05908523
4,66886ce5d1be0283,2026-08-01,0,1,0.046895806
4,669a72367eee7488,2026-08-01,0,4,0.08396377
4,66b1542542b54ffa,2026-08-01,0,1,0.11655911
4,66d77f54ea6ed69d,2026-08-01,1,3,0.050284624
4,66f932644bf59c9b,2026-08-01,0,2,0.03408336
4,6721cd7b19456c59,2026-08-01,0,5,0.057957243
4,673a3091e3ad7ea1,2026-08-01,0,5,0.13288887
4,67651410876787f7,2026-08-01,1,3,0.1488622
4,676f60b9391356f8,2026-08-01,0,2,0.14333794
4,67a8eda8eff4dd93,2026-08-01,0,4,0.18439294
4,68067ca1927daeed,2026-08-01,0,5,0.19793318
4,682abe48e86b7899,2026-08-01,0,5,0.08325468
4,683a27b22146e14b,2026-08-01,0,3,0.04369919
4,683a6570276ff829,2026-08-01,0,5,0.043103073
4,6854a6ede4cbc6fe,2026-08-01,0,3,0.083761886
4,689739a7b6151763,2026-08-01,0,5,0.14801936
4,68abad538f103ae7,2026-08-01,0,5,0.0942354
4,68d838a5a4edeb26,2026-08-01,0,2,0.05036775
4,68fa26fba053c547,2026-08-01,0,1,0.0901197
4,690f514f5ba2e9db,2026-08-01,0,2,0.040080424
4,6971b7636e248ebc,2026-08-01,0,4,0.099082686
4,69ea9268fa08b787,2026-08-01,0,4,0.047722925
4,69ee61f05b5c7601,2026-08-01,1,5,0.1081515
4,6a82cd439f4a9e67,2026-08-01,0,4,0.19779633
4,6a84dd19b55fe235,2026-08-01,0,4,0.35220546
4,6aa0065772f94d94,2026-08-01,0,4,0.044696044
4,6ab9b8aa6d365f89,2026-08-01,1,3,0.046256315
4,6ac08a1f2df62054,2026-08-01,1,1,0.36719957
4,6afc1edd85d1de99,2026-08-01,0,1,0.26032278
4,6b4f9507b7a798fd,2026-08-01,0,3,0.039213903
4,6b75bf556a7ae109,2026-08-01,0,2,0.044369534
4,6b980c0b9687520b,2026-08-01,0,3,0.027294725
4,6bbae772982730fa,2026-08-01,0,4,0.19966854
4,6be2aaa3e7701251,2026-08-01,0,1,0.038789053
4,6c10d2764bd32bd5,2026-08-01,0,4,0.09312751
4,6c12557ae3be5ae7,2026-08-01,0,1,0.051864877
4,6c52055f49cc4aba,2026-08-01,0,1,0.031550772
4,6c66ae3f6d11f493,2026-08-01,0,1,0.04990104
4,6c87a0416e3c9e0c,2026-08-01,0,2,0.048953462
4,6ccbf90af6873ec1,2026-08-01,0,5,0.023958076
4,6d340b7f7be42750,2026-08-01,0,1,0.08307446
4,6d39965a52e526a7,2026-08-01,0,5,0.0282039
4,6d802e39c1567584,2026-08-01,0,4,0.09147224
4,6d8d448d8e1730b2,2026-08-01,0,2,0.0583381
4,6da5e977896183ff,2026-08-01,1,2,0.09665131
4,6e164e89a5f012eb,2026-08-01,0,4,0.05731485
4,6e30360546f38548,2026-08-01,0,4,0.039223444
4,6e61d4dd3c4b64e4,2026-08-01,0,4,0.1334875
4,6e8ddebcff868b26,2026-08-01,1,1,0.3273385
4,6e9464bcf41423f4,2026-08-01,0,3,0.056646746
4,6eae429a533d3cf3,2026-08-01,0,3,0.03217634
4,6f87b7579107dee1,2026-08-01,0,3,0.22458944
4,6f900714c998fee8,2026-08-01,0,3,0.041509107
4,6fd4715ca479103e,2026-08-01,0,4,0.07804194
4,6fd9b527ea359aae,2026-08-01,0,2,0.04012601
4,6fdbd567da11f303,2026-08-01,0,2,0.04364886
4,6fecd7de1e00cd1c,2026-08-01,0,4,0.099560864
4,6ffd8c90763370e6,2026-08-01,0,2,0.21027444
4,7020e268d6ad6d55,2026-08-01,0,5,0.07136794
4,70337ad30de07905,2026-08-01,0,2,0.07303986
4,70471c76b3538e60,2026-08-01,0,4,0.035897378
4,70521944b6dde28d,2026-08-01,0,2,0.06732748
4,7082c3bdf06172d9,2026-08-01,0,5,0.060030162
4,7088980fed27f1fd,2026-08-01,0,3,0.045967717
4,709c295fdd1dafde,2026-08-01,0,2,0.055402946
4,712ef4969f0ec8a2,2026-08-01,0,1,0.07086404
4,71325f7d952397cb,2026-08-01,0,4,0.20234737
4,7138a63e5d0ec817,2026-08-01,0,3,0.08903188
4,714b46de3dbf53a3,2026-08-01,0,5,0.050113928
4,7167047194ca9e81,2026-08-01,0,4,0.27847055
4,7172a09032966e8b,2026-08-01,0,4,0.5767706
4,717f9b258847ff7f,2026-08-01,0,5,0.064484656
4,71a6285be1f7128f,2026-08-01,0,3,0.02676584
4,71b013c0ce5e145a,2026-08-01,0,3,0.03807007
4,71d1654f082f3379,2026-08-01,0,2,0.07151357
4,7203c13a0d11598d,2026-08-01,0,1,0.035014905
4,7209a01bb39fc1b9,2026-08-01,1,4,0.3206529
4,7211e16691edebf4,2026-08-01,0,3,0.35929167
4,723456efff1c11aa,2026-08-01,0,1,0.047677036
4,724aaa65cb0e7c7f,2026-08-01,0,5,0.13993986
4,72944a7971d33761,2026-08-01,0,2,0.25892568
4,72b7fd7949442c41,2026-08-01,0,3,0.11127671
4,72b9b16e5e4f1536,2026-08-01,0,1,0.45698622
4,72db7305e6f63dc5,2026-08-01,0,2,0.05255558
4,72de310a32d69226,2026-08-01,0,3,0.20767249
4,72e6c4a827333d8a,2026-08-01,0,4,0.044718646
4,72e945036dbf7efc,2026-08-01,1,1,0.074724436
4,72f2cf6160adba6b,2026-08-01,0,1,0.03292132
4,72fed6145b8e88b0,2026-08-01,0,5,0.04730106
4,732c59a3bf5fa3ab,2026-08-01,0,5,0.08372189
4,734a8697072b3516,2026-08-01,1,4,0.16116394
4,73672a75f34b887d,2026-08-01,0,5,0.03278977
4,739037d626687cf2,2026-08-01,0,1,0.04970579
4,743bddba281f4b4d,2026-08-01,0,2,0.05663753
4,744ef37ff3103836,2026-08-01,1,2,0.32983354
4,748293bf156a3325,2026-08-01,0,3,0.3950228
4,74e1b8682916cc6c,2026-08-01,0,3,0.08655826
4,75394cc102d9033c,2026-08-01,0,3,0.03704558
4,753a5dcb26610c6d,2026-08-01,0,3,0.03819697
4,754982c4f6b42dcb,2026-08-01,0,4,0.04790564
4,7553e4106a7f18ab,2026-08-01,1,3,0.07187035
4,755430b7f6b5f82d,2026-08-01,0,4,0.030168297
4,755c685f1d2e3aa5,2026-08-01,0,2,0.07398462
4,7560ead0fbf92fea,2026-08-01,1,1,0.37463677
4,7581f0b67310daea,2026-08-01,1,1,0.041400716
4,75f0c1ee2ebee85a,2026-08-01,0,3,0.039145842
4,75f71bfab657a686,2026-08-01,0,3,0.05472006
4,7607e2595ff454ff,2026-08-01,0,5,0.03798359
4,76188eba1d446aa2,2026-08-01,0,3,0.052029584
4,766e25848489b186,2026-08-01,0,2,0.09864365
4,768104980c4f277a,2026-08-01,0,4,0.3918673
4,76be1dbcd3789291,2026-08-01,0,3,0.055548716
4,76caad6e6cd1ce31,2026-08-01,1,5,0.04959582
4,76ceea8473ad9f8c,2026-08-01,0,1,0.37371543
4,770ece33339677bf,2026-08-01,0,4,0.021022877
4,77231f43e269572f,2026-08-01,0,2,0.07702562
4,777d8a4a2e31dd77,2026-08-01,0,2,0.042213604
4,77856ec74ccb347a,2026-08-01,0,3,0.13503861
4,77a5b8b230d553ac,2026-08-01,0,4,0.035904054
4,77e7a15809be6958,2026-08-01,0,4,0.12603055
4,782399c1491edbe1,2026-08-01,0,4,0.18974298
4,78363f1b04a6f872,2026-08-01,0,5,0.031658627
4,787eb5624ff5fa8e,2026-08-01,0,4,0.020953884
4,7899bd29ab5a23a4,2026-08-01,0,4,0.039646816
4,78ad54ae48692810,2026-08-01,0,1,0.029055413
4,78ba6d58349ef2f3,2026-08-01,0,2,0.09086695
4,78be0e66fc8267be,2026-08-01,0,4,0.05342221
4,78c481ba73b2c2d1,2026-08-01,1,5,0.17222494
4,78c6d5da2aaaf87a,2026-08-01,0,2,0.057394408
4,78f0bab81fd0c92d,2026-08-01,0,1,0.4573402
4,78f344b29762b4f9,2026-08-01,0,1,0.063386895
4,79206083aeab7b3e,2026-08-01,0,5,0.058049057
4,7947d52ade2c4691,2026-08-01,0,2,0.23003025
4,79782fdcae363761,2026-08-01,0,4,0.17710637
4,7978c290d4b67a20,2026-08-01,0,2,0.17594041
4,79c4da58d5f2f3d9,2026-08-01,0,4,0.37150273
4,79f1a685d454a881,2026-08-01,0,3,0.042123113
4,7a0a36f48d20e575,2026-08-01,0,1,0.05458348
4,7a4cc0d51190a47f,2026-08-01,0,3,0.03310407
4,7a4e066ec27df623,2026-08-01,1,3,0.058116112
4,7a80a3d2a7559bbd,2026-08-01,0,3,0.061118457
4,7a828bed8ca4e808,2026-08-01,0,2,0.2284422
4,7a85bba4a3a3542b,2026-08-01,0,4,0.030058146
4,7a8f3d5e8fa56e48,2026-08-01,0,2,0.057628967
4,7ab62db82f4e5c73,2026-08-01,0,4,0.04316789
4,7ac4610aacf00776,2026-08-01,0,3,0.050254744
4,7adcbd5e0c1c7c26,2026-08-01,0,1,0.107336946
4,7b04647afa6ac5ab,2026-08-01,0,1,0.051217478
4,7b3a06ca2bc9593e,2026-08-01,0,1,0.035913553
4,7b76059f37404fca,2026-08-01,0,2,0.040827256
4,7b853ac7025438b2,2026-08-01,0,4,0.07979446
4,7be1361136e936f3,2026-08-01,0,3,0.109867156
4,7c4e4ca3775ec8bb,2026-08-01,0,1,0.027317047
4,7ca10bc58707f5b3,2026-08-01,0,2,0.065342195
4,7ca3bb37a12c9a35,2026-08-01,0,4,0.33673647
4,7cde934c6f7b1625,2026-08-01,0,1,0.0386195
4,7cf154529d96337a,2026-08-01,0,1,0.073202915
4,7d023a47b0890f8a,2026-08-01,0,2,0.05419356
4,7d3a78baea44db30,2026-08-01,0,3,0.28800806
4,7d6402054f3ad7f4,2026-08-01,0,2,0.04249697
4,7d69ec49e74f1003,2026-08-01,0,2,0.04160137
4,7d8c20c75702263d,2026-08-01,0,5,0.11090248
4,7e040a9f5db5de1c,2026-08-01,0,5,0.055191405
4,7e2a7ef35beaa4d7,2026-08-01,0,4,0.074272424
4,7e468c88c61262fa,2026-08-01,0,4,0.03315294
4,7e6631b140569b78,2026-08-01,0,1,0.23891833
4,7e74e0a32983950b,2026-08-01,0,5,0.08249914
4,7e77e3af565109ab,2026-08-01,0,5,0.081870995
4,7ec17bee55514fc1,2026-08-01,0,2,0.042312194
4,7ed9c3919f889a17,2026-08-01,0,5,0.04237322
4,7ef29d7f2f698196,2026-08-01,0,4,0.28147396
4,7ef6e0314220ad91,2026-08-01,1,3,0.09310945
4,7f2e27ae50c8a030,2026-08-01,0,3,0.057558645
4,7f572b9773f4ce9a,2026-08-01,0,4,0.054284554
4,7fa1bd0f38542361,2026-08-01,0,2,0.076440096
4,7fdad5f8a66ff63d,2026-08-01,0,5,0.10155719
4,7fe1ba027ea49348,2026-08-01,0,2,0.048633683
4,80312e486a43b66c,2026-08-01,0,5,0.08001087
4,8054c905f32a9c97,2026-08-01,0,2,0.095922165
4,80777b47f80e01b1,2026-08-01,0,2,0.051641554
4,80839a3c6322a0a8,2026-08-01,0,2,0.044974625
4,80a1ba479291dfc0,2026-08-01,0,4,0.08317391
4,80c299676803053d,2026-08-01,0,4,0.16761237
4,813f4a290d4f7ca0,2026-08-01,0,1,0.2462725
4,816a00d6681321f2,2026-08-01,0,1,0.02880709
4,8173578264621f7b,2026-08-01,0,5,0.053823568
4,819cfd6f01e7882a,2026-08-01,0,2,0.04495082
4,81e3712fcfb97eaf,2026-08-01,0,2,0.050574847
4,820fc1758894cbfb,2026-08-01,0,5,0.076426916
4,821509b68e904378,2026-08-01,0,4,0.065244265
4,824c11687ffd8d30,2026-08-01,0,4,0.094861194
4,827b9bdfeef77c89,2026-08-01,0,3,0.04318234
4,828454d92bc39ab2,2026-08-01,0,4,0.038112517
4,828ecfb088cb7295,2026-08-01,0,3,0.034447618
4,8295c1816c519844,2026-08-01,0,4,0.025725083
4,82ff5a2e9ec6645b,2026-08-01,0,5,0.38477904
4,832271153b77592d,2026-08-01,0,4,0.05612142
4,8340128a5315dcd1,2026-08-01,1,5,0.50840974
4,83b5f88f5dbc975d,2026-08-01,0,1,0.121587224
4,83b69101906824ee,2026-08-01,0,2,0.056696285
4,83c0e48fa608089f,2026-08-01,0,3,0.07250849
4,83c3afdf23cd357f,2026-08-01,1,5,0.055914957
4,842d51c7beda7679,2026-08-01,0,4,0.10438501
4,843f33583f8f2cee,2026-08-01,0,2,0.061527334
4,846c8ce72764b2d8,2026-08-01,0,5,0.038449183
4,84924cb9d0bc8aee,2026-08-01,0,4,0.05304793
4,84c3ecccad9e8035,2026-08-01,0,4,0.040108833
4,84ddc2cd680bef2b,2026-08-01,0,1,0.065083764
4,85272d4df3866f00,2026-08-01,0,3,0.04318303
4,85760dca5d969fed,2026-08-01,0,1,0.053081125
4,85bfe0aaf3f1a921,2026-08-01,0,2,0.05156789
4,85d841747ec0fd15,2026-08-01,0,2,0.05037321
4,85f818dba059c738,2026-08-01,0,4,0.65684676
4,8615e3316239cb39,2026-08-01,0,1,0.09533332
4,861676af7695b2f7,2026-08-01,0,5,0.043288883
4,8632e8f6a5d4376e,2026-08-01,0,4,0.03292904
4,863f4a3bbacc1692,2026-08-01,0,5,0.03396592
4,864094d810939a4d,2026-08-01,0,2,0.04488306
4,864457b8de3095c6,2026-08-01,0,3,0.043940682
4,8649cbf161bd7f4f,2026-08-01,0,1,0.045042895
4,8657b0de6ede5cc3,2026-08-01,0,5,0.0763561
4,8696a1b32ca40fdb,2026-08-01,0,2,0.2010469
4,86b9eab5beed4fb0,2026-08-01,0,5,0.04785634
4,86ba5d34a8be964d,2026-08-01,0,4,0.05502212
4,86ddd1b3e62e7576,2026-08-01,0,4,0.045345705
4,86df1b21b1b74be7,2026-08-01,0,5,0.13135038
4,86df88f330e859fb,2026-08-01,0,3,0.047717974
4,87029ef064e5770d,2026-08-01,0,4,0.06601624
4,871cf2dfe2558ff7,2026-08-01,0,3,0.03743806
4,871ec8fbb8a7fdca,2026-08-01,0,4,0.036971934
4,8791efcebf03f4aa,2026-08-01,0,2,0.70911664
4,879651e0639bbf26,2026-08-01,0,1,0.04798329
4,87a34ce39a5f1fcd,2026-08-01,0,2,0.06865047
4,87b53ae4fccc9e3e,2026-08-01,0,5,0.11164946
4,87eb062ca08b5fd9,2026-08-01,0,5,0.061609533
4,87ecd5bb1c321ec6,2026-08-01,0,4,0.06171113
4,87f4e34072d83e2b,2026-08-01,0,1,0.037287448
4,88017e795fd16be1,2026-08-01,0,4,0.03223772
4,8818f60a0a9ea4b7,2026-08-01,0,4,0.040269986
4,881dbf2198bf9761,2026-08-01,0,1,0.043762583
4,882dc89627fb9e5d,2026-08-01,0,3,0.045186885
4,8841f94017e31ab8,2026-08-01,0,1,0.19125031
4,8878139d82c81f5b,2026-08-01,0,4,0.09259208
4,88785f6444f6dbd6,2026-08-01,0,2,0.07321015
4,88bccb7cc6944388,2026-08-01,0,2,0.26461512
4,88ce8ff5ef57afac,2026-08-01,1,2,0.1678354
4,88e632017bdcb416,2026-08-01,0,1,0.075543486
4,88f8a851d780a7e5,2026-08-01,0,4,0.03335556
4,891efd905dab8c41,2026-08-01,0,1,0.09303994
4,8933fd8759e0b63c,2026-08-01,0,2,0.097974956
4,89978d6e7f5d04a4,2026-08-01,0,3,0.03619432
4,899eda3170821b6d,2026-08-01,0,3,0.04586227
4,89a767264a23a02c,2026-08-01,0,1,0.1268505
4,89be89634bb2acb9,2026-08-01,0,3,0.040655218
4,89dc7eb34695a882,2026-08-01,0,5,0.09675256
4,89eb6355e04ddcff,2026-08-01,0,4,0.049593955
4,8a619ca7b25795df,2026-08-01,0,4,0.07052969
4,8a7e1768820969eb,2026-08-01,0,3,0.054822434
4,8aa295b010434c48,2026-08-01,0,1,0.046796896
4,8aa755cc5ddbafc3,2026-08-01,0,5,0.03615119
4,8ad25a3501d408be,2026-08-01,0,3,0.032126635
4,8ad8c8f3114235d2,2026-08-01,1,4,0.46411845
4,8ae46465baae863a,2026-08-01,0,4,0.4463754
4,8b1543c7d28a0d97,2026-08-01,0,5,0.2618651
4,8b223d5acfa10b00,2026-08-01,0,1,0.038805492
4,8b6274d7fbc9d694,2026-08-01,0,5,0.038155176
4,8b6cdac0ed7571bd,2026-08-01,0,4,0.03558233
4,8bd7d0ff2606671f,2026-08-01,0,5,0.030712863
4,8be03eebed9bff2a,2026-08-01,0,4,0.2569089
4,8c1a94fc6aa44fbc,2026-08-01,0,3,0.061045054
4,8c32922cac5db305,2026-08-01,0,3,0.11616491
4,8c5d1d4e7f3aeaa2,2026-08-01,0,3,0.123327166
4,8c67694c6687c7cc,2026-08-01,0,4,0.100225374
4,8c72ec5ca6f58244,2026-08-01,0,4,0.20161721
4,8c7d9881e0f79ba6,2026-08-01,0,2,0.08884698
4,8d219220107ace1a,2026-08-01,0,5,0.5916458
4,8d2c706d0d1faaf0,2026-08-01,0,5,0.08513716
4,8d8e69cca84826e3,2026-08-01,0,5,0.20806983
4,8dbdf683d88dd8ac,2026-08-01,0,2,0.032918535
4,8df8e10d95dadbf0,2026-08-01,0,1,0.04942935
4,8e02f46d8d2d58b3,2026-08-01,0,4,0.05359553
4,8e1062159c56a086,2026-08-01,0,4,0.08389346
4,8e238fc84b0333a1,2026-08-01,0,1,0.043854404
4,8e31409dea5dcecd,2026-08-01,0,1,0.1527329
4,8e3616c25584dc38,2026-08-01,0,5,0.035283852
4,8e42e72013dad63e,2026-08-01,0,2,0.0489322
4,8e5d271d14e5adfb,2026-08-01,0,1,0.05240921
4,8e7aeeef4b820b39,2026-08-01,0,1,0.36532938
4,8ea7ad3aba6599d2,2026-08-01,0,4,0.050217863
4,8ed046af8da5c71f,2026-08-01,0,2,0.13131154
4,8ed8b73c6afc74ff,2026-08-01,0,3,0.06694056
4,8ee2c442abc469db,2026-08-01,0,2,0.041182112
4,8f43c286c0ca30cb,2026-08-01,1,2,0.046435125
4,8f4f541699372bfb,2026-08-01,0,1,0.037266824
4,8f8967123d5d73c1,2026-08-01,0,1,0.03767531
4,8fe9dfb23d49daac,2026-08-01,0,4,0.039688215
4,8fec834372344ce3,2026-08-01,1,1,0.060362358
4,8ff498fbd40f0f06,2026-08-01,0,1,0.049097683
4,90399c1ea88db953,2026-08-01,0,5,0.04506854
4,9043b5ddedd1d003,2026-08-01,0,5,0.02881715
4,904e8d50d3d6acf4,2026-08-01,0,3,0.03585029
4,90568869730b043e,2026-08-01,0,5,0.058487456
4,9062ef2774bcf5bb,2026-08-01,0,4,0.08565211
4,90b2fc3a2f01e6e6,2026-08-01,0,4,0.18633194
4,90b55e4026a9c198,2026-08-01,0,4,0.1189212
4,91015bca63a82bcd,2026-08-01,1,3,0.10021672
4,9112fca23eb5bc68,2026-08-01,0,3,0.05003266
4,916b8c710bdd891c,2026-08-01,0,3,0.04645833
4,918cb30b4cbccc84,2026-08-01,0,3,0.060927007
4,919e7c8ad9d5ac72,2026-08-01,0,5,0.024215603
4,91cbf400d6e519c2,2026-08-01,0,1,0.03251868
4,920cfd9bee089be8,2026-08-01,0,3,0.03825426
4,9253cd68c309dab8,2026-08-01,0,2,0.05034521
4,9272946d6feaed66,2026-08-01,0,4,0.037689835
4,92abbcfa0e8bb475,2026-08-01,0,3,0.036803722
4,92c84d0294e1ecc6,2026-08-01,0,2,0.039231934
4,92f218727f9de666,2026-08-01,0,3,0.036764216
4,931fa44cbf6c1ece,2026-08-01,0,3,0.12629654
4,9383ec009bc10aeb,2026-08-01,1,2,0.4978143
4,938d51db54858d27,2026-08-01,0,2,0.07356516
4,939492d08283da2e,2026-08-01,0,1,0.03610707
4,93c249c09a7896cf,2026-08-01,0,1,0.10184144
4,93d7293e0590c4f4,2026-08-01,0,4,0.032403238
4,93f9a4ae92017ea2,2026-08-01,0,1,0.12604311
4,941f566807f18216,2026-08-01,0,2,0.046807595
4,943d9d92a7e4e9f3,2026-08-01,0,1,0.07837207
4,94486c079b0771cf,2026-08-01,1,4,0.10737053
4,944dccbe6592c629,2026-08-01,0,5,0.030074518
4,94b099a9836dd4d6,2026-08-01,1,4,0.10954802
4,94ed3381566d370d,2026-08-01,0,2,0.0889037
4,953c10dcb7a67a8c,2026-08-01,0,1,0.15690288
4,956e59be6fa7f49c,2026-08-01,0,4,0.16156724
4,95932b3db2a689d2,2026-08-01,0,3,0.1321286
4,95b7efe3ca87a33a,2026-08-01,0,2,0.08042555
4,95e3d2f677d02626,2026-08-01,0,4,0.05350507
4,9613fe1d9ac3261a,2026-08-01,1,3,0.21031767
4,962fe682ddf911f8,2026-08-01,0,3,0.07467269
4,968e58bb88ff566f,2026-08-01,0,5,0.072121285
4,96b2ee4d8fabb57c,2026-08-01,1,2,0.09326162
4,96dd5412849f3696,2026-08-01,0,2,0.06545743
4,9714090ba47c5436,2026-08-01,0,1,0.028127467
4,9749298422c796d6,2026-08-01,0,2,0.09970033
4,9762037fa4e72aef,2026-08-01,0,3,0.062501006
4,976859b1cb2d3f64,2026-08-01,0,4,0.100888506
4,97804ad045edc8ff,2026-08-01,0,5,0.034533355
4,978fa93a83cea01d,2026-08-01,0,1,0.2682884
4,9799ee5b58ed6bf5,2026-08-01,1,3,0.21576832
4,97b288d045215feb,2026-08-01,0,5,0.09192157
4,97fd8c4c5196388b,2026-08-01,0,4,0.024988508
4,981166601623cc37,2026-08-01,1,5,0.21377546
4,982a066e113f7f72,2026-08-01,0,2,0.11389907
4,9867cef03d487dca,2026-08-01,0,3,0.7170887
4,9894e83ab4b73b67,2026-08-01,0,3,0.11951342
4,98b11622296e6e17,2026-08-01,0,2,0.07160502
4,98b8ca23b73c72a9,2026-08-01,0,1,0.095813155
4,98c157400d4c5891,2026-08-01,0,4,0.14835946
4,98cacbb4c9a8ec51,2026-08-01,1,3,0.031234227
4,98d506d12129a339,2026-08-01,0,4,0.11840769
4,990453d743d2ed28,2026-08-01,0,1,0.11293542
4,991a1bbdd9bd65f3,2026-08-01,0,5,0.04077108
4,992dc662ab531ac2,2026-08-01,0,1,0.04214001
4,996dd2149140bd07,2026-08-01,0,5,0.033717256
4,99d466be68603d4e,2026-08-01,0,3,0.038559847
4,9a0b397a87a61d69,2026-08-01,0,3,0.03207855
4,9a585978f11481cd,2026-08-01,0,4,0.11509675
4,9a63b9d62cb91eb7,2026-08-01,0,4,0.12462212
4,9a7710087596cf1d,2026-08-01,0,2,0.03548373
4,9a8b173edf75d99d,2026-08-01,0,1,0.2702592
4,9aba73e5a29bb346,2026-08-01,0,2,0.0717841
4,9b0c3fe2788bce95,2026-08-01,0,1,0.15433888
4,9b10fdd35bdd2452,2026-08-01,0,3,0.09956277
4,9b2a62b605573f61,2026-08-01,0,3,0.034966435
4,9b5627d0f1dca7b1,2026-08-01,0,4,0.06657149
4,9b57e0a935469a91,2026-08-01,0,3,0.042783666
4,9bb31ea5bbe981e9,2026-08-01,0,4,0.03944321
4,9bdd28bf4665eb06,2026-08-01,0,3,0.03132096
4,9c31b46d9d2d214a,2026-08-01,0,4,0.12521635
4,9c6dd133222b3b38,2026-08-01,0,1,0.56231976
4,9c72763e7aa91216,2026-08-01,0,5,0.2568445
4,9cb7c2b4daddd4c5,2026-08-01,0,3,0.03585683
4,9cbab3166f5585a6,2026-08-01,0,4,0.04798024
4,9ce4d30b3a52fe0a,2026-08-01,0,2,0.049362153
4,9cf3e6bd7fe69f55,2026-08-01,1,3,0.12650599
4,9d2ae48aae2545a6,2026-08-01,0,1,0.033083554
4,9d3d6efa278207fa,2026-08-01,0,2,0.05575488
4,9d485642c0f55c3f,2026-08-01,0,2,0.039268762
4,9d4f60e1c28816b3,2026-08-01,0,4,0.027682794
4,9d66ea67e2365932,2026-08-01,0,3,0.038674057
4,9d6c61e96a5f401a,2026-08-01,0,1,0.025821783
4,9d973612c633b65b,2026-08-01,0,5,0.03812406
4,9dd1b6d02c4d71a1,2026-08-01,0,5,0.05386635
4,9dd94e9b5ba9471d,2026-08-01,0,5,0.058445644
4,9de41d47198fec3e,2026-08-01,0,4,0.45286927
4,9de8e95d85a556f4,2026-08-01,0,1,0.056376945
4,9e29e218c44c16ea,2026-08-01,1,3,0.39248204
4,9e3e164cbedb46cd,2026-08-01,0,5,0.037631415
4,9e906e8f11f30903,2026-08-01,0,5,0.035211653
4,9ed8a571e604eb1d,2026-08-01,0,1,0.042010054
4,9f2d9fe440f4b138,2026-08-01,0,5,0.06543549
4,9f4eaea6fa546273,2026-08-01,0,3,0.06894598
4,9f676a1537c647eb,2026-08-01,0,4,0.09909516
4,9f93028d10da3abf,2026-08-01,0,5,0.040154275
4,9fb17e00732e2a27,2026-08-01,0,4,0.075289495
4,9fb2ccc201cea937,2026-08-01,0,3,0.054588895
4,9fc43208409944c1,2026-08-01,0,5,0.045366175
4,a00af053587b596e,2026-08-01,0,2,0.04444513
4,a01218af02658ae4,2026-08-01,0,4,0.04805256
4,a01effa35c5e96af,2026-08-01,0,3,0.16190094
4,a045bb22b2b4ab9c,2026-08-01,1,5,0.22998719
4,a049859ded77fe2d,2026-08-01,0,3,0.055111505
4,a0531934fad535f5,2026-08-01,0,3,0.038837012
4,a0a31ea3717839ac,2026-08-01,0,3,0.080624804
4,a0ced649da12b430,2026-08-01,0,5,0.5315971
4,a0fbc352ad05af30,2026-08-01,0,2,0.044815447
4,a132f7a1517f008e,2026-08-01,0,5,0.03131416
4,a149305d8d092873,2026-08-01,0,4,0.1708183
4,a174500b794f1739,2026-08-01,0,2,0.03678405
4,a18f933d9085b720,2026-08-01,0,3,0.03223264
4,a19f8b5d6883aed8,2026-08-01,0,1,0.047640514
4,a1abd6b053382c4f,2026-08-01,0,2,0.27835095
4,a1aeebc6fcf421e3,2026-08-01,1,1,0.12457818
4,a1e4ae343f57c5cb,2026-08-01,0,5,0.05290438
4,a273a4a4f870f3f0,2026-08-01,0,3,0.03936125
4,a3255fa9446b2c7c,2026-08-01,0,2,0.3491258
4,a3328819efa10045,2026-08-01,0,5,0.057493873
4,a3594f2a9115e74b,2026-08-01,0,3,0.027119342
4,a391ae6f537e59c5,2026-08-01,0,1,0.04064013
4,a3a54074b22b32b8,2026-08-01,0,2,0.20514803
4,a40f4c52191b3b4c,2026-08-01,1,5,0.21885425
4,a410d4be4af9ecba,2026-08-01,0,3,0.08065095
4,a443b48021de9cd7,2026-08-01,0,1,0.087279744
4,a456c8f833452899,2026-08-01,0,1,0.056548238
4,a4676d2df89d1385,2026-08-01,0,3,0.05890809
4,a47e6d0778841d2c,2026-08-01,0,2,0.16485864
4,a4b26010eaccfeef,2026-08-01,1,2,0.12623684
4,a4f1fd62f550d685,2026-08-01,1,2,0.10003009
4,a50a04fd37259122,2026-08-01,0,5,0.053246733
4,a512332610c7f178,2026-08-01,0,1,0.04140317
4,a51ce159b0f1d240,2026-08-01,0,3,0.083194345
4,a54b4eea240962d4,2026-08-01,0,3,0.0355703
4,a597a40dcd6cfa6e,2026-08-01,0,1,0.38225925
4,a5b6d77905227331,2026-08-01,0,1,0.14689437
4,a5deab790fe36b7b,2026-08-01,0,1,0.20976773
4,a600bcca58dc3fce,2026-08-01,0,3,0.044611648
4,a613023642915a03,2026-08-01,0,2,0.06239658
4,a65f0fa4c504ac30,2026-08-01,0,5,0.12504186
4,a6b14b07c97a0ab2,2026-08-01,0,3,0.04676567
4,a6b7cdb853ce1a71,2026-08-01,0,3,0.035972845
4,a6c58bc78c6d39bf,2026-08-01,0,5,0.045780867
4,a6c78a93fa571942,2026-08-01,0,2,0.082179554
4,a6d4e51e0bb96f5a,2026-08-01,1,5,0.1796952
4,a6e2e4836400c3ba,2026-08-01,0,1,0.03618854
4,a6e9325ae8489c81,2026-08-01,0,2,0.03404518
4,a6ead350c7dc447f,2026-08-01,0,3,0.054302745
4,a6f0e7267d6a0202,2026-08-01,1,4,0.24257633
4,a6fbba83dfc57a5c,2026-08-01,0,3,0.21202265
4,a6fd72ae74da7956,2026-08-01,0,5,0.02734358
4,a70ad0c617472928,2026-08-01,0,3,0.03508173
4,a70ededb57b80d31,2026-08-01,0,2,0.12260488
4,a71521852cd5612c,2026-08-01,0,4,0.056459732
4,a7259705931cbc32,2026-08-01,1,4,0.41575563
4,a73c6a22b2d38466,2026-08-01,0,1,0.043432195
4,a76d72bb319bff8e,2026-08-01,1,2,0.25181782
4,a7a2fb0568e27dde,2026-08-01,0,3,0.032901477
4,a82d02910822ec45,2026-08-01,0,4,0.1511878
4,a84127e69e03cc9b,2026-08-01,0,4,0.035169665
4,a8471410b68777f9,2026-08-01,0,4,0.56054956
4,a8634870630fd1e8,2026-08-01,1,5,0.38076356
4,a86bf0f193bd03b9,2026-08-01,0,5,0.036273234
4,a8912e1d9fc04444,2026-08-01,0,3,0.045462653
4,a891ff47970495d6,2026-08-01,0,2,0.0978203
4,a8b4920be38b35f0,2026-08-01,0,4,0.05799412
4,a8c0162bd035d7d9,2026-08-01,1,2,0.19789651
4,a8e150eb2ea766f0,2026-08-01,0,3,0.04586234
4,a8eb1f130e1c0516,2026-08-01,1,4,0.063395314
4,a8f501b9e13cbf6f,2026-08-01,0,2,0.1120049
4,a8fbdc207572ccd8,2026-08-01,0,2,0.03000913
4,a8fdaa45fe427962,2026-08-01,0,3,0.14053503
4,a946ef79a2012b39,2026-08-01,0,5,0.04063911
4,a94a8e317c32b561,2026-08-01,0,2,0.07343627
4,a953f6a94675d6ea,2026-08-01,0,1,0.12837936
4,a9a33fcb622c63aa,2026-08-01,0,3,0.23328112
4,a9fd9c7c96769b2d,2026-08-01,1,2,0.21626547
4,aa5051676dfb48de,2026-08-01,0,5,0.058057897
4,aa5696d6b1c9db3b,2026-08-01,0,1,0.2811239
4,aa75ed83333065cd,2026-08-01,0,4,0.053714383
4,aa7ff3ab7c8d7ae2,2026-08-01,0,5,0.40410456
4,aa8b631cf2a935ee,2026-08-01,0,5,0.037283786
4,aaab6ede8007989d,2026-08-01,0,1,0.034643754
4,aac8ce9de70068e3,2026-08-01,0,3,0.039450508
4,ab0b5e1a12f4a39f,2026-08-01,0,3,0.057569604
4,ab42e5ee286d6960,2026-08-01,0,4,0.12700559
4,ab48d867d85c466b,2026-08-01,0,1,0.031030238
4,ab5e1c70497d0666,2026-08-01,0,1,0.03574678
4,ab6ebd81feea3eda,2026-08-01,0,2,0.06581844
4,abb3fdd22bffdc76,2026-08-01,0,2,0.036774438
4,abcb6dd914d434d9,2026-08-01,0,2,0.0652371
4,abfa75c8e3169490,2026-08-01,0,3,0.09434687
4,ac452d189b94a20f,2026-08-01,0,3,0.2145994
4,ac65efd990e917dc,2026-08-01,0,5,0.08663139
4,acb96229236ff34e,2026-08-01,0,5,0.034789063
4,acd8b5b07fe57dc6,2026-08-01,0,5,0.08274597
4,ace112ad0b162c9a,2026-08-01,0,2,0.06610971
4,ad45516ca7bf47ab,2026-08-01,0,4,0.04593432
4,ad5e32b1022b3324,2026-08-01,0,5,0.091136195
4,ad626fa134817999,2026-08-01,0,4,0.04508186
4,ad8ee1962576d035,2026-08-01,0,2,0.045691483
4,ada4f040a93e0bbd,2026-08-01,0,4,0.021832218
4,adaf4dabb6b9e1cf,2026-08-01,0,5,0.03895432
4,adcadfc87646985f,2026-08-01,1,3,0.1777663
4,adefe8d69b8eed84,2026-08-01,0,2,0.03991871
4,ae263e5111eed81a,2026-08-01,0,2,0.10120761
4,ae2c0f02beb2ff2a,2026-08-01,0,3,0.63016
4,ae36ced4b926382a,2026-08-01,0,4,0.037740566
4,ae406847b4b5e539,2026-08-01,0,5,0.04318373
4,ae6a668b0840e1e0,2026-08-01,0,3,0.050436012
4,ae97544a2f0b3beb,2026-08-01,0,4,0.40963116
4,aeb845976b7605b6,2026-08-01,0,5,0.06808516
4,aec04322c586b3d2,2026-08-01,0,2,0.03770704
4,aee83b2c2e34c3f5,2026-08-01,0,4,0.11114517
4,af301b05f28b9e22,2026-08-01,0,3,0.033918895
4,af45d16cab179382,2026-08-01,0,4,0.084808014
4,af62c8811ae95a69,2026-08-01,0,5,0.2252407
4,b04e64fe2ad2c18f,2026-08-01,0,3,0.034354284
4,b086128a410e88e2,2026-08-01,0,3,0.037434433
4,b08bcbe41de0e1cd,2026-08-01,0,2,0.046517495
4,b0f3761555efc0fe,2026-08-01,0,4,0.05386501
4,b112d5392d2316d2,2026-08-01,0,3,0.03860718
4,b11687e6c1004b44,2026-08-01,0,2,0.46518296
4,b11ebfabd1444295,2026-08-01,0,3,0.062039223
4,b14caf094e4a87ab,2026-08-01,0,3,0.03416218
4,b165cba4a33c7d88,2026-08-01,0,2,0.12993596
4,b1811001856731f1,2026-08-01,0,1,0.068506934
4,b1880996df8ef290,2026-08-01,0,2,0.06543886
4,b198765aa5ee29ee,2026-08-01,0,4,0.034474622
4,b1b1130d49ead01d,2026-08-01,0,3,0.08760881
4,b1b94c94859b7f07,2026-08-01,0,4,0.039569512
4,b1cf02c01df2aacb,2026-08-01,0,3,0.082043074
4,b21755cc46cffafd,2026-08-01,0,4,0.042035457
4,b2336129f07661c6,2026-08-01,0,4,0.03635323
4,b276bf1266e26004,2026-08-01,0,3,0.22135703
4,b282a9e3baf70b58,2026-08-01,0,1,0.046889305
4,b2ae5c6caf7d1102,2026-08-01,0,4,0.11152167
4,b2dd0b716f6e15e9,2026-08-01,0,4,0.033935312
4,b2faae47f4a89dbd,2026-08-01,1,1,0.134063
4,b31164036d6009b7,2026-08-01,0,3,0.2294465
4,b324ffe27da08d57,2026-08-01,0,1,0.037294526
4,b3283e6cb13b7890,2026-08-01,0,4,0.03109766
4,b361229c0b23820c,2026-08-01,0,1,0.058279645
4,b396bd5e40298150,2026-08-01,0,2,0.13819914
4,b3c3ca453d650c27,2026-08-01,1,5,0.26111215
4,b45281366e799c1f,2026-08-01,0,1,0.046996653
4,b45f8dc4094299d1,2026-08-01,0,2,0.10866543
4,b4893f772a10de97,2026-08-01,0,1,0.04757162
4,b49193590a28d465,2026-08-01,0,3,0.07130868
4,b49309930b858fff,2026-08-01,1,1,0.100325204
4,b4991e2648293455,2026-08-01,0,5,0.065086976
4,b4c1e9c0fd311497,2026-08-01,0,1,0.05542272
4,b4fdd45d366ce954,2026-08-01,0,1,0.037560996
4,b51731091c706fc1,2026-08-01,0,5,0.09110317
4,b535b1bbb88f52a8,2026-08-01,0,5,0.22812717
4,b5627e5b4ec119a0,2026-08-01,0,4,0.16306002
4,b571aa37b3e9bcf1,2026-08-01,0,3,0.056670073
4,b58bfc87c61735eb,2026-08-01,0,5,0.044418223
4,b5abb47ea392ce15,2026-08-01,0,1,0.08821284
4,b5b006c4381cde39,2026-08-01,0,1,0.045074668
4,b66617a050c0bae1,2026-08-01,0,4,0.049871292
4,b666f41372f648b2,2026-08-01,0,5,0.05432278
4,b6858778cb7cd6a4,2026-08-01,0,5,0.035847668
4,b685f210b2306490,2026-08-01,0,5,0.04349874
4,b68e2d3cdd578842,2026-08-01,0,1,0.03696924
4,b6e02b699dd99222,2026-08-01,0,4,0.23777835
4,b70347c8dcec1e1a,2026-08-01,0,4,0.045574646
4,b722f1d1041fc5ab,2026-08-01,0,3,0.029734923
4,b7428f56a5b56290,2026-08-01,0,1,0.115353525
4,b79b78e5e7743556,2026-08-01,0,1,0.047146786
4,b7bbf916a592ee6f,2026-08-01,0,4,0.30006444
4,b7d476ddf329e9e5,2026-08-01,0,4,0.052294664
4,b7dfc5324ea32e2c,2026-08-01,0,4,0.03610365
4,b7fbbf29ef195c5d,2026-08-01,0,1,0.037118595
4,b82b86219e0533f6,2026-08-01,0,3,0.05056564
4,b83cb2c878f47439,2026-08-01,0,5,0.06849002
4,b862be0f89e13b8a,2026-08-01,0,3,0.41542417
4,b877c042dfa2d89d,2026-08-01,0,5,0.042054772
4,b87942f2aac9cb77,2026-08-01,0,2,0.06854321
4,b8c3e850e878ce8f,2026-08-01,0,2,0.04691568
4,b8f1496ffa236892,2026-08-01,0,4,0.14130996
4,b9225ac1891f9867,2026-08-01,0,3,0.041819427
4,b92bc832ea94e9fd,2026-08-01,0,4,0.025498593
4,b94b2797cbe715af,2026-08-01,0,4,0.04723955
4,b96928c8ce213676,2026-08-01,0,2,0.08287929
4,b97b9f6fc70c5fc1,2026-08-01,0,5,0.04494744
4,b984a1401d698b91,2026-08-01,0,5,0.11637583
4,b99def919028b441,2026-08-01,0,5,0.15884683
4,b9c45d57a08166c7,2026-08-01,0,1,0.028331738
4,b9da39719a4e4eea,2026-08-01,0,3,0.045707695
4,b9ef24b5896c16c7,2026-08-01,0,1,0.19400227
4,ba2fde02d5cfacc7,2026-08-01,1,5,0.04365146
4,ba4e6dfaea6e9f73,2026-08-01,0,3,0.13164556
4,ba9d254619d8918a,2026-08-01,0,3,0.032671243
4,badc8fc43a14b6f6,2026-08-01,0,3,0.03436649
4,baf8704dfb0a1b00,2026-08-01,0,1,0.027911123
4,bb451f31f183bb4a,2026-08-01,0,2,0.0972559
4,bb6e5845aeb2abda,2026-08-01,0,2,0.08418893
4,bc1fbef903c0b14a,2026-08-01,0,5,0.041679073
4,bc1fda494674a875,2026-08-01,0,4,0.052229337
4,bc3157d51e4e8913,2026-08-01,0,4,0.21057208
4,bc37eb866d94ee87,2026-08-01,0,1,0.14174673
4,bc3a38409268faa8,2026-08-01,0,5,0.11507997
4,bc5e989bd022b767,2026-08-01,0,5,0.03268645
4,bc858a89924b9fe7,2026-08-01,0,1,0.046592023
4,bcb07c6e496d7460,2026-08-01,0,2,0.06572375
4,bcb4ec2cca68f16d,2026-08-01,0,4,0.033101205
4,bce1fab7f0a68595,2026-08-01,0,3,0.08112401
4,bd06b08f6506e426,2026-08-01,0,2,0.10921807
4,bd2bf1b29a20b0a2,2026-08-01,0,3,0.037201185
4,bd2dec3159845bd7,2026-08-01,0,4,0.050726544
4,bd7bc48eda406aec,2026-08-01,0,3,0.07206792
4,bda105c8c0e0e0e3,2026-08-01,0,3,0.03861672
4,bdc14ff855e89e60,2026-08-01,0,4,0.08420657
4,bdc24cf6f001c0f2,2026-08-01,0,1,0.07256618
4,bdeda4f6ebbb6742,2026-08-01,0,2,0.4763568
4,be28e437789be0f9,2026-08-01,0,4,0.050599523
4,be56d5c50294aadc,2026-08-01,0,2,0.033447992
4,be85748ddae95cd4,2026-08-01,0,5,0.04024729
4,be8be3862c1d7550,2026-08-01,0,1,0.05492318
4,be91c2133f4d6466,2026-08-01,0,2,0.05351215
4,be982b7e591bf144,2026-08-01,0,5,0.15901688
4,be9d548515429f16,2026-08-01,0,4,0.059502203
4,bf029f5f3f99087b,2026-08-01,0,4,0.181539
4,bf1631266cab4741,2026-08-01,0,3,0.033677366
4,bf3007eafdd62930,2026-08-01,0,1,0.16495682
4,bf71eb07b34699e9,2026-08-01,0,3,0.0440682
4,bf97126326c6ee4e,2026-08-01,0,1,0.04603808
4,bfce5720d82d5baf,2026-08-01,0,2,0.57533616
4,bfec649b93be998d,2026-08-01,0,1,0.0559471
4,bfedef7e1b000e9e,2026-08-01,0,3,0.029222034
4,c0115dbb71e47552,2026-08-01,0,2,0.3172594
4,c01ac3b6707c9b00,2026-08-01,0,3,0.07777823
4,c027447c53888f90,2026-08-01,0,5,0.07512825
4,c03d0540ec589961,2026-08-01,0,4,0.035848435
4,c04ca0f39aebd980,2026-08-01,1,1,0.04821297
4,c0619d05b47270a8,2026-08-01,1,5,0.03653506
4,c07b7396a15a443b,2026-08-01,0,3,0.045799356
4,c099ca0086a8ebd4,2026-08-01,0,2,0.15252987
4,c0abe7ecb5264d24,2026-08-01,1,3,0.037676107
4,c0c4dfb458dfbaf2,2026-08-01,0,2,0.07585032
4,c0da726720dd0bc5,2026-08-01,0,4,0.04343146
4,c0e901ee0a8d47ef,2026-08-01,0,1,0.07086846
4,c1068f6b0e4efbed,2026-08-01,0,5,0.10872668
4,c14766eca9642fcd,2026-08-01,0,2,0.046504557
4,c199f9402f5d6412,2026-08-01,0,2,0.04629109
4,c1a5ff1926639e81,2026-08-01,0,1,0.04605426
4,c1daff55ee4ef9a6,2026-08-01,0,3,0.037271146
4,c1e109e1933ee23c,2026-08-01,0,3,0.033033542
4,c1f552fd67eed838,2026-08-01,0,5,0.04137586
4,c1f8acf0d88fef3e,2026-08-01,0,5,0.032490272
4,c20df2705d681ea7,2026-08-01,1,3,0.20503359
4,c2762eaab85668b7,2026-08-01,0,3,0.049091637
4,c29a362ccf68b81e,2026-08-01,0,1,0.043553874
4,c2b635417d6858be,2026-08-01,0,2,0.032809254
4,c2b72875aad991d2,2026-08-01,0,1,0.09565854
4,c31cb4f6772836ac,2026-08-01,0,1,0.12814981
4,c3658d9206e0d605,2026-08-01,0,4,0.04476057
4,c3853be6eccaae99,2026-08-01,0,1,0.045699693
4,c3c080e92e0c929e,2026-08-01,0,5,0.0563066
4,c3c9c4009535eecb,2026-08-01,0,1,0.053118695
4,c48dc3ed01f8eee1,2026-08-01,0,4,0.2084014
4,c49f24622f9c7fa2,2026-08-01,0,1,0.06417064
4,c4b70e4ce7a2532f,2026-08-01,0,5,0.06029179
4,c4e6ec4b2cd30782,2026-08-01,0,3,0.093190335
4,c4f6c69c78ad02fa,2026-08-01,0,5,0.07160453
4,c5047c973f9bf029,2026-08-01,0,1,0.030143278
4,c52e6793ce4c0253,2026-08-01,1,1,0.14710672
4,c53b8511a98c7eea,2026-08-01,0,5,0.03176226
4,c560e7676b660767,2026-08-01,0,5,0.05411723
4,c56913660bc2b848,2026-08-01,0,2,0.095009975
4,c573023ca9925363,2026-08-01,0,5,0.2581854
4,c57b24dda884d24a,2026-08-01,0,1,0.04275866
4,c5b180139f28f054,2026-08-01,0,2,0.055540472
4,c5b567928596e916,2026-08-01,0,2,0.24579811
4,c5d33e1f439eee28,2026-08-01,0,1,0.045038536
4,c5dddeb6b8f8237b,2026-08-01,0,1,0.1954056
4,c5e7af5d7e336b8e,2026-08-01,0,3,0.037709124
4,c64b9a4e5190981c,2026-08-01,0,5,0.04712662
4,c65957c9f79c970c,2026-08-01,1,5,0.30671766
4,c65f1faaff859241,2026-08-01,1,3,0.08537994
4,c67f10b66fa72095,2026-08-01,0,4,0.13362181
4,c6d3fc853a74705f,2026-08-01,0,4,0.074281536
4,c72ac79e1928b6e7,2026-08-01,0,1,0.05819102
4,c735066c530fbd73,2026-08-01,0,3,0.050214645
4,c74dd95783542c4c,2026-08-01,0,5,0.068879165
4,c76926391f7bdb43,2026-08-01,1,5,0.4565877
4,c76c52c13f2c1b30,2026-08-01,1,2,0.29242232
4,c770e614657a0b83,2026-08-01,0,4,0.028393783
4,c79f761a7d8718c4,2026-08-01,0,1,0.032637075
4,c7a8f97b35650744,2026-08-01,0,5,0.032645814
4,c7d44eba991d3add,2026-08-01,0,4,0.05995936
4,c8332fcdaff4e08a,2026-08-01,0,1,0.028004315
4,c850353d0cbb541f,2026-08-01,0,5,0.039053198
4,c8801c59c0cf58b6,2026-08-01,0,3,0.03073964
4,c8857b9f5b3ab5d0,2026-08-01,0,5,0.04876463
4,c8aa3a229686455a,2026-08-01,0,2,0.0470503
4,c8fcafef35131e58,2026-08-01,0,1,0.050007217
4,c92428f6bde4e2ea,2026-08-01,0,3,0.043188073
4,c948f726ff92f236,2026-08-01,0,5,0.06451468
4,c950f35b6d5a9523,2026-08-01,0,5,0.056688327
4,c9522ce3e103c0ff,2026-08-01,0,2,0.03842927
4,c957b10a1c773e1e,2026-08-01,0,1,0.09361222
4,c95983409d57fdce,2026-08-01,0,3,0.036355987
4,c9dc050c697542e8,2026-08-01,0,4,0.083678946
4,c9f6ccc85d72b92f,2026-08-01,0,1,0.102676526
4,ca4cde23a0d9060c,2026-08-01,0,5,0.06353087
4,ca7eb6145e273883,2026-08-01,0,2,0.033091348
4,ca8be0d8273a4efc,2026-08-01,0,5,0.032927934
4,caae72ebf3b61a24,2026-08-01,0,4,0.03662986
4,cabeaa95431ee8cc,2026-08-01,1,3,0.3422748
4,cac47640ff381bce,2026-08-01,0,5,0.031558488
4,cb80fb6216d8b72c,2026-08-01,0,1,0.05307035
4,cb941b7c0156e32c,2026-08-01,0,4,0.07666468
4,cb9c83f17be9d48c,2026-08-01,1,2,0.049058497
4,cba899723e09571b,2026-08-01,0,4,0.11015996
4,cbcb208ca3a306d4,2026-08-01,0,5,0.02557457
4,cbe2a07cd4433418,2026-08-01,0,2,0.0992988
4,cc00cfa3a8f1b17f,2026-08-01,0,3,0.060878344
4,cc061b4f3a0227c2,2026-08-01,0,5,0.032603744
4,cc0c932ba11d19c2,2026-08-01,0,1,0.43149066
4,cc1aa53fd3404aec,2026-08-01,0,5,0.06836917
4,cc568a710c5ef02f,2026-08-01,0,5,0.035457995
4,cc63f612737e93c4,2026-08-01,0,1,0.08865226
4,cc790da071bbdd86,2026-08-01,0,3,0.04838744
4,cc958754ef8902ff,2026-08-01,0,5,0.03073503
4,cca72e62934345a4,2026-08-01,0,1,0.06013757
4,cca8e1c14a496aa9,2026-08-01,1,3,0.1020426
4,ccce003b49cd64c3,2026-08-01,0,3,0.0293696
4,cd9abadc41aad343,2026-08-01,0,3,0.043906495
4,cda32b0712db7e35,2026-08-01,0,3,0.051813114
4,cdad03d7fd7a4ef3,2026-08-01,0,3,0.06896217
4,cdc630c6923ded4f,2026-08-01,0,4,0.023365526
4,ce43ff42ef06173e,2026-08-01,1,4,0.327763
4,ced81215708ad616,2026-08-01,0,4,0.027550071
4,cf00f72e694002fe,2026-08-01,0,5,0.04315591
4,cf2ca92d2d7ca2b0,2026-08-01,0,3,0.048908148
4,cf8ce9eb74c4a41b,2026-08-01,0,5,0.030985212
4,cf9ecbebddda97af,2026-08-01,0,2,0.050965063
4,cfa7a5e2d069b2f9,2026-08-01,0,1,0.22347653
4,cfceeff7e74b74b0,2026-08-01,0,5,0.029606089
4,cfcf50538f080c20,2026-08-01,0,2,0.04069879
4,cfe4d3284bbe8082,2026-08-01,0,3,0.04910854
4,d02aa162a3128d24,2026-08-01,0,1,0.033280283
4,d02e33686c0445e6,2026-08-01,0,3,0.034568682
4,d0430320ab5c8986,2026-08-01,0,3,0.2660538
4,d0648e3afe3e3288,2026-08-01,0,2,0.03528419
4,d08ce8370a1c1747,2026-08-01,0,4,0.03905295
4,d0a5b5da368eadb1,2026-08-01,0,2,0.040303078
4,d0eaf35afbd9a899,2026-08-01,0,4,0.028174536
4,d16e3f75be75c7ce,2026-08-01,0,4,0.037754737
4,d18db5e1de4b3a40,2026-08-01,0,3,0.16264515
4,d218fa2ea0b43fd1,2026-08-01,0,2,0.04549211
4,d21dc996424215a6,2026-08-01,0,3,0.11483781
4,d228ff53ec3e9c4d,2026-08-01,0,5,0.06148921
4,d2623565f9030aac,2026-08-01,0,5,0.041869335
4,d28841e8de5c5eed,2026-08-01,0,4,0.025867276
4,d28f25839231471b,2026-08-01,0,1,0.029294055
4,d2b51a74a52c06ee,2026-08-01,0,2,0.057367366
4,d2c083a0dcde111b,2026-08-01,0,2,0.07521199
4,d2dc4c29acf08840,2026-08-01,0,3,0.032536104
4,d31cd60330fea5ac,2026-08-01,1,4,0.050033875
4,d31f248a44370197,2026-08-01,0,2,0.03417577
4,d333cdc0313e995b,2026-08-01,0,3,0.055490065
4,d371bd69daebf379,2026-08-01,0,5,0.056086622
4,d3bb748a7504c008,2026-08-01,0,3,0.07661253
4,d3d7126776728071,2026-08-01,0,4,0.043880634
4,d41d05a700ca6446,2026-08-01,0,3,0.12378097
4,d41e754627067f96,2026-08-01,0,5,0.045397773
4,d4215b6d1dba6c14,2026-08-01,0,4,0.04105072
4,d42b1e98c85b63d2,2026-08-01,1,3,0.041704457
4,d42b75aef2ab65cf,2026-08-01,0,2,0.07613994
4,d42d85f020968d12,2026-08-01,0,4,0.10860423
4,d477f1ff4fa9dbea,2026-08-01,0,3,0.060802367
4,d4a0b1e07bcf3c57,2026-08-01,0,5,0.058490388
4,d4a630e8973ae835,2026-08-01,0,1,0.14058515
4,d4bd98cec9391fa5,2026-08-01,0,5,0.08740581
4,d4ce1a88cd087873,2026-08-01,0,5,0.038196515
4,d5009f1d5e529686,2026-08-01,0,5,0.056942526
4,d51a6bdb4fd1cd94,2026-08-01,1,4,0.083748415
4,d5497f544b415451,2026-08-01,0,1,0.031510785
4,d556e64c5e3e48cf,2026-08-01,0,5,0.048684034
4,d5584975a7e8fea4,2026-08-01,0,3,0.04133821
4,d56f715e7389d29a,2026-08-01,0,3,0.080669634
4,d571303f843c4c98,2026-08-01,1,3,0.31337002
4,d58ec5b975113032,2026-08-01,0,4,0.04814594
4,d591c052ffca95a9,2026-08-01,0,5,0.37101114
4,d5cec37aa8aeffa6,2026-08-01,0,5,0.13939331
4,d5fa0b1479cb2af9,2026-08-01,0,5,0.15929003
4,d64a0efc631d5191,2026-08-01,0,2,0.042748325
4,d658958b81bc5203,2026-08-01,0,4,0.06435749
4,d6cf77ed97399107,2026-08-01,0,5,0.041685272
4,d6d516f15539b6eb,2026-08-01,0,2,0.18571407
4,d6f05b420cf0f9ee,2026-08-01,0,5,0.16496214
4,d723a96eb913af50,2026-08-01,0,5,0.049746234
4,d730e2f50f15c96a,2026-08-01,1,2,0.057237044
4,d7318887ca1eac14,2026-08-01,0,2,0.05832545
4,d7332d2a6e939248,2026-08-01,0,3,0.043670166
4,d77aaa677cdc5ff7,2026-08-01,1,2,0.09445227
4,d7a3701864c7985d,2026-08-01,0,1,0.0502942
4,d7bff54502583aae,2026-08-01,0,2,0.065824054
4,d7c7cd083bb6e860,2026-08-01,0,2,0.045283813
4,d7d0b453ca3f0177,2026-08-01,0,3,0.086263604
4,d7da78394b1bcb61,2026-08-01,0,3,0.15429403
4,d7f828056e672fae,2026-08-01,0,1,0.035704646
4,d8406ea8410ae9c5,2026-08-01,0,4,0.027979787
4,d8550ebc8ffb74b6,2026-08-01,0,2,0.056603074
4,d88be0381d6a5029,2026-08-01,0,1,0.050600532
4,d8e08b321e6bb0e4,2026-08-01,0,5,0.07281448
4,d8e0ef8fb1b5c7f6,2026-08-01,0,5,0.09801709
4,d92e6784849defdf,2026-08-01,1,2,0.0557275
4,d94ca5f975c98d29,2026-08-01,0,2,0.07125233
4,d97a3046c6cae238,2026-08-01,1,1,0.08265409
4,d98be62e52f5158b,2026-08-01,0,1,0.03228743
4,d9c99fed8fa2c209,2026-08-01,0,2,0.15701592
4,d9d339985dc10b57,2026-08-01,0,2,0.037616428
4,d9e2f79467b32668,2026-08-01,0,3,0.052036002
4,da117413c9d9003c,2026-08-01,0,4,0.0883565
4,da3d1b76086db960,2026-08-01,0,1,0.062605746
4,da3fedeba54d9e07,2026-08-01,0,3,0.028329793
4,da48865f0ebdbc09,2026-08-01,0,1,0.08735396
4,da519b5cce6aaf71,2026-08-01,0,5,0.08191981
4,da982130a4f7bcd1,2026-08-01,0,3,0.036987253
4,da9d5ca3cf4b5555,2026-08-01,0,2,0.17001766
4,daa031fbb8291e5f,2026-08-01,0,1,0.03432161
4,dab3075db9d4773d,2026-08-01,0,3,0.033147532
4,dabbf1f1bef8f75c,2026-08-01,1,2,0.090011545
4,dacf050fbed07f26,2026-08-01,0,2,0.060515273
4,dadf2849fc66d48b,2026-08-01,0,4,0.03340711
4,dae15032d7d6d5a3,2026-08-01,0,1,0.04898543
4,daf02c928dffdc69,2026-08-01,0,4,0.19021878
4,db059d031269f03c,2026-08-01,0,3,0.052185033
4,db400a2d232160b2,2026-08-01,0,3,0.042962257
4,db570e696792aa97,2026-08-01,0,1,0.038195316
4,db6f01791783b71f,2026-08-01,0,3,0.100733355
4,dc6452d5729cbc29,2026-08-01,0,4,0.02893671
4,dc7b07bf303cd187,2026-08-01,0,5,0.040671803
4,dc7f3cd50defd7c7,2026-08-01,0,4,0.04425197
4,dc9fcdf4f06373e8,2026-08-01,0,2,0.0581834
4,dcb13ca0949aea31,2026-08-01,0,5,0.040703
4,dcfded541753956e,2026-08-01,0,2,0.13574778
4,dd0119af573acb84,2026-08-01,0,2,0.058738608
4,dd0d76555c292566,2026-08-01,0,4,0.03267985
4,dd20a9322dbf1d69,2026-08-01,0,4,0.12716508
4,dd55a5f6ebb6685b,2026-08-01,0,5,0.04712114
4,dd85cf844b9ff7b7,2026-08-01,0,3,0.07957645
4,dda57a46ed46f5a1,2026-08-01,0,5,0.060162246
4,dda9f6d767269a60,2026-08-01,0,5,0.05247273
4,ddb57afc90900771,2026-08-01,0,1,0.04332627
4,ddf081a4e72d242e,2026-08-01,0,5,0.12068915
4,de13019cd31e3ed2,2026-08-01,0,5,0.057449136
4,de217be9b3fc6630,2026-08-01,0,4,0.14258339
4,de247a73d5398e63,2026-08-01,1,1,0.13965034
4,de4fe4cc1c542525,2026-08-01,0,3,0.043833233
4,de6b8d67ba4afde1,2026-08-01,0,2,0.036871802
4,de6ba49d54a21c44,2026-08-01,0,1,0.046555445
4,de8c3de77cb407c8,2026-08-01,0,5,0.041682262
4,de8d12ce8eeaffa7,2026-08-01,0,3,0.04078765
4,de8ecd1352d2e06a,2026-08-01,1,2,0.14220695
4,debda029cc21cdc0,2026-08-01,0,3,0.088421956
4,decd0d1e1dd491ef,2026-08-01,0,2,0.088187724
4,defe695ffa10d715,2026-08-01,0,3,0.049153507
4,df410850cf72a63f,2026-08-01,0,3,0.02563175
4,df4ae5f75a823684,2026-08-01,1,5,0.12802868
4,df5cab1dac835f47,2026-08-01,0,1,0.0932123
4,df733c6b64b64790,2026-08-01,0,4,0.08994284
4,e0186a7c68fad9b1,2026-08-01,0,5,0.043851137
4,e01b474d1c3f4a26,2026-08-01,0,4,0.07878179
4,e02a67989c796bef,2026-08-01,0,2,0.06313813
4,e05c34fcd9b1c111,2026-08-01,1,2,0.086220734
4,e05fc93a876adb8e,2026-08-01,0,4,0.09527383
4,e0703f22b5cbed63,2026-08-01,0,3,0.087671645
4,e0acdbceabe14bb1,2026-08-01,0,3,0.0335363
4,e0b51bc64b330f8a,2026-08-01,0,5,0.10349756
4,e0d3efffe6451570,2026-08-01,0,5,0.026725054
4,e1226c703aef9a9c,2026-08-01,0,3,0.03564945
4,e12c45d3f23460ed,2026-08-01,1,4,0.19313231
4,e148a90eb8d3838b,2026-08-01,1,5,0.15322198
4,e15ec72a003c987b,2026-08-01,0,3,0.15965821
4,e15ffc1666615fc3,2026-08-01,0,2,0.060741957
4,e1731c0e2afb1199,2026-08-01,0,1,0.054219484
4,e190fb4102ff161e,2026-08-01,0,4,0.028124826
4,e1a83fd16f9c40cf,2026-08-01,0,4,0.039443832
4,e2628574cd093216,2026-08-01,0,3,0.029124536
4,e269ff252742bd76,2026-08-01,0,4,0.023087079
4,e26ba8b8e77b4407,2026-08-01,0,4,0.09789965
4,e2896bb368119f7c,2026-08-01,0,4,0.200817
4,e28fcfe614c4a454,2026-08-01,0,4,0.1063208
4,e2b9da31a13a827e,2026-08-01,0,1,0.07075517
4,e304d54637e5ece7,2026-08-01,0,1,0.052840218
4,e30afb71f4ef8526,2026-08-01,0,5,0.03320834
4,e3b817cc9fbc5c20,2026-08-01,0,4,0.13174316
4,e3c26faff72eed47,2026-08-01,0,2,0.07917275
4,e3cae2cc3edf63a2,2026-08-01,0,5,0.04506448
4,e3cb95a2ca557ad9,2026-08-01,0,3,0.05907223
4,e3ec94cafc8dd754,2026-08-01,0,1,0.041700285
4,e3eccd749ae93e4c,2026-08-01,0,4,0.05613185
4,e3eeb1b84ca96bc7,2026-08-01,0,4,0.043849535
4,e407727953c941cd,2026-08-01,0,2,0.03614142
4,e42a985f3372fe6e,2026-08-01,0,3,0.060809597
4,e43b3171d0edb870,2026-08-01,0,4,0.07457386
4,e47284ea4d859c9e,2026-08-01,0,2,0.07560704
4,e48f1e0c3554df16,2026-08-01,0,2,0.042022616
4,e4c87b55b5e8119d,2026-08-01,0,2,0.05428109
4,e50ea2b9e240a5a1,2026-08-01,1,5,0.25400627
4,e5ad3ecb52c0e909,2026-08-01,0,4,0.089271784
4,e5de91cf62eeff2d,2026-08-01,0,5,0.026898352
4,e5e6acbbc2ab1c17,2026-08-01,0,5,0.029099412
4,e5fa79919764d0b5,2026-08-01,0,3,0.08208911
4,e62040c8e08ec307,2026-08-01,0,5,0.2903339
4,e624cc7089e3b9e5,2026-08-01,0,4,0.099611
4,e62eb2951dba7780,2026-08-01,0,4,0.031469304
4,e63ce31da4666951,2026-08-01,0,2,0.08465979
4,e68eb989b724950a,2026-08-01,0,3,0.03585717
4,e698020be7e19a13,2026-08-01,0,2,0.08242872
4,e6a4d8608e959b99,2026-08-01,0,5,0.47854224
4,e6b3b58703f446aa,2026-08-01,0,2,0.03653424
4,e6e153d3b2d136c5,2026-08-01,0,2,0.06640811
4,e6ebcb5bbb501884,2026-08-01,0,5,0.1284361
4,e6f64805907401f1,2026-08-01,1,5,0.077118106
4,e6fa0b01c92fde94,2026-08-01,0,3,0.0614925
4,e7150c8e9664cb01,2026-08-01,0,3,0.038496185
4,e7213b0096461c87,2026-08-01,0,2,0.06790932
4,e723d916bd2da720,2026-08-01,0,4,0.043906838
4,e75787898f9e3b34,2026-08-01,0,5,0.2440639
4,e75a1f562869ef93,2026-08-01,0,1,0.15236787
4,e75dbbe157ab0836,2026-08-01,0,4,0.04963817
4,e77b19fe98194823,2026-08-01,0,3,0.030718055
4,e79626606f34bd34,2026-08-01,0,2,0.11325606
4,e7bd2e1bfac1af37,2026-08-01,0,5,0.0309686
4,e7c81055f4c33b7b,2026-08-01,0,5,0.10760985
4,e7d1fa59b2b73cdd,2026-08-01,0,5,0.072972044
4,e7f809061d526949,2026-08-01,0,2,0.04777171
4,e7fc54833c08d1fa,2026-08-01,0,5,0.041632265
4,e8245f4e44c3a719,2026-08-01,0,3,0.05163726
4,e83199561f0538c2,2026-08-01,0,4,0.058522716
4,e837af8b4a13e806,2026-08-01,0,1,0.03342722
4,e861822c4770dc77,2026-08-01,0,2,0.03793564
4,e8745ae4a9d8a700,2026-08-01,0,1,0.072264545
4,e87e9b38866321bb,2026-08-01,0,2,0.040355474
4,e886b7bb5ede34be,2026-08-01,0,5,0.056568604
4,e88e0e82a97918b4,2026-08-01,0,4,0.036163144
4,e88ee1903893029d,2026-08-01,1,1,0.49024618
4,e89c869546164c3b,2026-08-01,0,1,0.08919468
4,e8b36d9d5791199d,2026-08-01,0,4,0.044641312
4,e8e4cdb578a9164e,2026-08-01,0,1,0.09199691
4,e90a55261c07af5e,2026-08-01,0,4,0.034791682
4,e915243e5249a03e,2026-08-01,0,5,0.031382844
4,e916d296d52a4ae0,2026-08-01,0,1,0.039278198
4,e91b9a1c12f99b6a,2026-08-01,0,1,0.025621103
4,e92a345ec8a45166,2026-08-01,0,3,0.07148632
4,e931d8c92499bb99,2026-08-01,0,2,0.04753523
4,e939ec7c116b74c6,2026-08-01,0,4,0.045599587
4,e940c0bd966249d7,2026-08-01,0,5,0.099454224
4,e95bd2d888a47b14,2026-08-01,0,4,0.06293625
4,e95f321c8ae4c498,2026-08-01,0,2,0.110693224
4,e9821cd108767d6c,2026-08-01,0,2,0.069868825
4,e99910c43351f20a,2026-08-01,0,5,0.047179762
4,e9a04d781fac844a,2026-08-01,0,2,0.12323207
4,e9a32dd1c7b9b7b8,2026-08-01,0,5,0.057374563
4,e9d74952ab62822c,2026-08-01,0,1,0.046376772
4,ea2320faae6fafe0,2026-08-01,0,5,0.06239285
4,ea2ea8a2a79d5bcb,2026-08-01,0,3,0.053241357
4,eac5455bddd48541,2026-08-01,0,2,0.15817314
4,eae2c986b682492c,2026-08-01,0,4,0.037467755
4,eb2e296ea64ea230,2026-08-01,0,3,0.030535912
4,eb45c3e8b99492cf,2026-08-01,0,4,0.23522769
4,eb570e702413cb24,2026-08-01,0,5,0.0721529
4,eb7817cb83306b9a,2026-08-01,0,1,0.080644056
4,eba598843cc83415,2026-08-01,0,5,0.03985285
4,eba629cfe591e65f,2026-08-01,0,3,0.042022713
4,eba81825ad7b324a,2026-08-01,0,5,0.041108124
4,ebad7780ad5aafc0,2026-08-01,0,2,0.042157654
4,ec1659d9896ef949,2026-08-01,0,3,0.050570965
4,ec2bd8d42581a7ba,2026-08-01,0,5,0.13809676
4,ec67edabbfa61c1f,2026-08-01,0,4,0.07062894
4,ec7cf819809f77ba,2026-08-01,0,5,0.033546958
4,ecbb3af6db7d6d97,2026-08-01,0,4,0.14061958
4,ecdd0a2194af066e,2026-08-01,0,5,0.04286181
4,ed1609209d31c1de,2026-08-01,0,1,0.04424716
4,ed420aab4004757a,2026-08-01,0,5,0.04303838
4,ed52f2dd435dc842,2026-08-01,0,4,0.08420944
4,ed855e5b0230516b,2026-08-01,0,4,0.058005005
4,ed98401fe16ef2c4,2026-08-01,0,2,0.049369887
4,edaa3518f78284b4,2026-08-01,0,2,0.08576202
4,edab82a6f81d648c,2026-08-01,0,2,0.04291829
4,ede5465481142c68,2026-08-01,0,4,0.036730092
4,ee07c54fef82f8ed,2026-08-01,0,4,0.2941609
4,ee08574edbf6ea4a,2026-08-01,0,2,0.055733696
4,ee1d6543d3167874,2026-08-01,0,1,0.42005545
4,ee3c38186da9711c,2026-08-01,1,5,0.055909485
4,ee4850c04f353a1c,2026-08-01,1,2,0.041440543
4,eefb3b54f80771c5,2026-08-01,0,3,0.07017109
4,ef00fefbb0835a75,2026-08-01,0,2,0.6583211
4,ef19526e494f32c0,2026-08-01,0,4,0.09526138
4,efa0b2481a62f199,2026-08-01,0,1,0.16789784
4,efb2e3aadfe60d6f,2026-08-01,0,1,0.15019272
4,efe804eefaa96845,2026-08-01,0,5,0.29246047
4,f038068fdd3dce14,2026-08-01,0,4,0.05464878
4,f0439cdb28a4456b,2026-08-01,0,5,0.056610033
4,f05df960572a4a49,2026-08-01,0,3,0.056390308
4,f05e760f2f241a58,2026-08-01,0,4,0.028389448
4,f093d63a4ced0e2b,2026-08-01,0,1,0.05030348
4,f0a1a1585e905aad,2026-08-01,0,1,0.07375729
4,f0c131c48c27d998,2026-08-01,0,1,0.073727034
4,f0d6341cf854c1de,2026-08-01,0,5,0.06296261
4,f0db543caaa64bf3,2026-08-01,1,2,0.13816576
4,f11186db96935951,2026-08-01,0,5,0.033316806
4,f11c7195afa6c721,2026-08-01,1,5,0.06947487
4,f13263c7134051aa,2026-08-01,0,1,0.042872153
4,f1484bc2746d0dd4,2026-08-01,0,1,0.05729021
4,f17c9fc4d9725cde,2026-08-01,0,3,0.09585584
4,f27ac86d24111dc1,2026-08-01,0,4,0.03512565
4,f2dba4a920266f8d,2026-08-01,0,3,0.48476747
4,f2f40564972b9a5e,2026-08-01,0,4,0.07705751
4,f318170e7ed96f9e,2026-08-01,1,1,0.34712392
4,f34c3c02e554f93a,2026-08-01,0,5,0.073589
4,f35c1d7e955c9f9d,2026-08-01,0,1,0.05419871
4,f36d34bb78619427,2026-08-01,0,2,0.054097977
4,f375b307086b772d,2026-08-01,0,4,0.31654832
4,f37fed1992705733,2026-08-01,0,1,0.09783974
4,f38cec685d5d1464,2026-08-01,0,4,0.026137108
4,f3a6ceaf62fe8408,2026-08-01,0,5,0.08006009
4,f3c91b313e9b9788,2026-08-01,0,5,0.048728943
4,f3cfb762355f8aa6,2026-08-01,0,4,0.040701937
4,f3efd432026c7758,2026-08-01,0,2,0.11236295
4,f4163f26f37ab571,2026-08-01,0,3,0.028966073
4,f41aeed8edc96f06,2026-08-01,0,4,0.45757315
4,f4251d0b607ac17d,2026-08-01,0,2,0.052745234
4,f42d46412fa84cb6,2026-08-01,0,3,0.0384275
4,f449676549720e9f,2026-08-01,0,1,0.043245353
4,f450beb599c5b2cf,2026-08-01,0,3,0.046313632
4,f4cfb51fd62073de,2026-08-01,0,3,0.037959445
4,f4dd6eaadc428b14,2026-08-01,0,2,0.04490564
4,f4ddc7e630b7edb6,2026-08-01,1,2,0.07648954
4,f4f4c720f50eed78,2026-08-01,0,2,0.05584969
4,f504c935575048e1,2026-08-01,0,3,0.34306288
4,f53c36fba74c1f29,2026-08-01,0,5,0.0533701
4,f570d54040494fcf,2026-08-01,0,1,0.025315357
4,f5742195aa9774b2,2026-08-01,0,3,0.15136229
4,f59c22a00d4043b5,2026-08-01,0,1,0.032701492
4,f5b8282c03cb2834,2026-08-01,0,2,0.032037526
4,f5df5cdf395abca7,2026-08-01,0,2,0.07307687
4,f5f78cecfbdaf4c9,2026-08-01,0,4,0.35426706
4,f608acd8d9153360,2026-08-01,0,5,0.05956164
4,f62d459cc1b95470,2026-08-01,0,1,0.035934508
4,f6333bbf482ef375,2026-08-01,0,2,0.2285006
4,f644f756a175d536,2026-08-01,0,2,0.057090968
4,f661665ce9b9c930,2026-08-01,0,2,0.045046464
4,f675154bcfe0bef6,2026-08-01,0,1,0.08274626
4,f6751957def9b438,2026-08-01,0,2,0.040690366
4,f68eff9b73b67a52,2026-08-01,0,2,0.06135248
4,f697be9bd1e80268,2026-08-01,0,1,0.04391877
4,f69ddf3b0809a507,2026-08-01,1,3,0.03901054
4,f6a447f4d7e471d6,2026-08-01,1,1,0.16176963
4,f6d0758e34086c8e,2026-08-01,0,2,0.044836096
4,f6f04e2bfea3f7b0,2026-08-01,0,4,0.08443945
4,f6f7d448bcba7120,2026-08-01,0,5,0.057462074
4,f718f17bfb919bc1,2026-08-01,1,2,0.3709086
4,f7248cab2ec4569e,2026-08-01,1,3,0.11890066
4,f729872587f1f828,2026-08-01,0,3,0.042823173
4,f7666acca613cd8c,2026-08-01,0,5,0.10519205
4,f772757ec41e5176,2026-08-01,0,1,0.033773966
4,f7def9272924ff36,2026-08-01,0,3,0.050790157
4,f7e52e477c814985,2026-08-01,0,3,0.23287886
4,f7ee6a52f11f432e,2026-08-01,0,3,0.11419578
4,f84ec3833420d902,2026-08-01,0,2,0.050051656
4,f860d51c298e974e,2026-08-01,0,5,0.0762054
4,f8a378787c64c370,2026-08-01,0,1,0.049404
4,f8a5f20e07ce52e5,2026-08-01,0,2,0.27927873
4,f8ab84b3e13c0292,2026-08-01,0,4,0.060322493
4,f8b3ba884c087ed4,2026-08-01,0,3,0.04336483
4,f8e1b32cee10ed32,2026-08-01,0,2,0.1423998
4,f8e62e8d811b5258,2026-08-01,0,1,0.08726839
4,f933cbc232d74489,2026-08-01,0,2,0.036908075
4,f9a9ee21aa4a8d0d,2026-08-01,0,1,0.028587323
4,f9b35157eacf08cf,2026-08-01,1,3,0.36133948
4,fa0af2506b43b414,2026-08-01,0,2,0.04655323
4,fa342e1470178407,2026-08-01,0,2,0.037226327
4,faa75b55db33fcd1,2026-08-01,0,2,0.0660357
4,faca64690dc9d2e4,2026-08-01,0,1,0.035656624
4,fad5d30faedf3242,2026-08-01,0,1,0.03780897
4,fad7b5a82185103e,2026-08-01,0,3,0.037067637
4,fb125522e82e5320,2026-08-01,0,4,0.07085193
4,fb13627d4bbca485,2026-08-01,0,5,0.06242018
4,fb26e820adfcf2a4,2026-08-01,1,1,0.08348126
4,fb3ca18cf3deaf34,2026-08-01,1,1,0.08106755
4,fb7714c2edd8d214,2026-08-01,0,3,0.04105636
4,fb92284d655cddde,2026-08-01,0,3,0.030444637
4,fb9f55bb583b1725,2026-08-01,0,4,0.03484667
4,fbac4e530dff9854,2026-08-01,1,1,0.2679183
4,fbbc792dcf026c42,2026-08-01,0,1,0.1772844
4,fbf738f8c3bc94f6,2026-08-01,0,5,0.07345408
4,fc18828b02f608a1,2026-08-01,0,4,0.04119904
4,fc3a09e116bb571f,2026-08-01,0,4,0.029898336
4,fc47829d2017c147,2026-08-01,0,2,0.1092234
4,fc592a75b61e2135,2026-08-01,1,4,0.034101643
4,fcb24d40eb9e43fa,2026-08-01,0,5,0.096356615
4,fcb82fec22a99796,2026-08-01,1,4,0.09182547
4,fccb706cd74bedb5,2026-08-01,0,4,0.05247719
4,fccd35bd5a199e8c,2026-08-01,0,2,0.04913253
4,fce0e44d754fd10c,2026-08-01,0,1,0.051758807
4,fcf80c24c49f1488,2026-08-01,0,2,0.085288815
4,fd660bbee0b1dc6a,2026-08-01,1,1,0.11344246
4,fd8933e4d143950e,2026-08-01,0,1,0.15140983
4,fda6081d1d5aa1e0,2026-08-01,0,3,0.03248842
4,fdf97c1394f4718c,2026-08-01,0,3,0.0340958
4,fe658b0e707053e6,2026-08-01,0,3,0.06429687
4,fe86d39b7a28ae22,2026-08-01,0,5,0.06039379
4,fe87763944c649c7,2026-08-01,0,4,0.035392176
4,fe8e6601ef1aaa0f,2026-08-01,1,3,0.16576535
4,feeec72fff6f3835,2026-08-01,0,4,0.042264126
4,feff50280066758e,2026-08-01,0,4,0.13017495
4,ff30e8ded74df6d1,2026-08-01,0,1,0.033264708
4,ff38a66810501a73,2026-08-01,0,5,0.74367416
4,ff38db1fd0a249b4,2026-08-01,0,5,0.14006041
4,ff553633a96472b8,2026-08-01,0,3,0.04405693
4,ff7d851c34280a16,2026-08-01,0,3,0.0789942
4,ff8afbe0fc76d714,2026-08-01,0,4,0.07029417
4,ffb33eaa1cd3bd39,2026-08-01,0,4,0.06661243
4,ffc8756ab4545e95,2026-08-01,1,2,0.059946965
4,ffd2eeff2ddb1e07,2026-08-01,1,2,0.08217637
4,ffdbafcc07d9207f,2026-08-01,0,4,0.1183837
4,ffdf8a95c968efc7,2026-08-01,0,1,0.033979524
