team_id,player_id,cutoff_date,split
1,00053f88ff693715,2026-08-01,train
1,00104f15c4eeb24c,2026-08-01,test
1,00262f6f46580467,2026-08-01,test
1,002d72a7e7d6d086,2026-08-01,test
1,007123240fa282e5,2026-08-01,test
1,0074280e071acda5,2026-08-01,validation
1,0074ecebcddbd540,2026-08-01,train
1,007ca5b34f91f3be,2026-08-01,train
1,0083576eadd2e99c,2026-08-01,train
1,00851b6d3a490dc8,2026-08-01,train
1,00b379aac6b7c8fa,2026-08-01,validation
1,00cfea20a6d44c0f,2026-08-01,validation
1,01337ed4246c6ff0,2026-08-01,test
1,01347303be942f21,2026-08-01,train
1,01497e6106b3fe05,2026-08-01,validation
1,015cf439e75fc183,2026-08-01,train
1,0198d49491c124ce,2026-08-01,train
1,019d267e7a343618,2026-08-01,train
1,01b51c2aade33b4d,2026-08-01,train
1,01bbf176242629b2,2026-08-01,train
1,01bc5792cc32de57,2026-08-01,train
1,01e4e1b0bfbdfd79,2026-08-01,train
1,023374a8dd963cd7,2026-08-01,test
1,0238d88dce13d327,2026-08-01,validation
1,0247fc2229e20748,2026-08-01,train
1,0249ef177473a31f,2026-08-01,train
1,026b9a670d5c3afc,2026-08-01,train
1,0284cc51c2365ff2,2026-08-01,train
1,029e973742c53199,2026-08-01,train
1,02c86856c228e90c,2026-08-01,train
1,02c971e5120ef439,2026-08-01,train
1,02e2cdbca845a4d3,2026-08-01,test
1,02fd01e022d47cd6,2026-08-01,test
1,0301e9e2c22bb9ba,2026-08-01,train
1,030afb63554c2ffa,2026-08-01,train
1,03258645a3f0b144,2026-08-01,train
1,0350d99d576bd96a,2026-08-01,train
1,0379c701e19e98ea,2026-08-01,train
1,03856613b21f55db,2026-08-01,train
1,038b14de817b710b,2026-08-01,train
1,038ec3223546ddc2,2026-08-01,test
1,0396a3f7c70b1d42,2026-08-01,validation
1,03975fc61882c352,2026-08-01,train
1,03993d4dc53052e5,2026-08-01,test
1,0399fa248e1f3223,2026-08-01,train
1,03a40d0821f8e5ed,2026-08-01,train
1,03a486a67e5ced49,2026-08-01,validation
1,03b3166eb33baa40,2026-08-01,train
1,03bad2f9427df34f,2026-08-01,validation
1,03bf42c34382f152,2026-08-01,train
1,03ebce59fa795614,2026-08-01,train
1,0402df64460a3036,2026-08-01,train
1,040b40119d94e976,2026-08-01,validation
1,0442f410c3f1b0f4,2026-08-01,train
1,04465e6bd63c3a29,2026-08-01,train
1,048c7559a25ebacf,2026-08-01,train
1,04a7f98d85dffb90,2026-08-01,train
1,04af21e8e439198c,2026-08-01,train
1,04ba1c48d7b1d38c,2026-08-01,test
1,04d657611b4213ed,2026-08-01,train
1,04fc68ec33df7bea,2026-08-01,test
1,050ad544bdcc67cf,2026-08-01,test
1,0514a112b853a018,2026-08-01,validation
1,0540dabc9458ba67,2026-08-01,train
1,054e935b31cfc31c,2026-08-01,train
1,055708bd9d43313a,2026-08-01,train
1,056263c5a433bafb,2026-08-01,train
1,05757ca0d01312e4,2026-08-01,validation
1,0576672b43d2baa6,2026-08-01,train
1,057c0f326e9c55af,2026-08-01,train
1,05943bb38a437147,2026-08-01,train
1,0599cacd8a3afe18,2026-08-01,train
1,05a1575b1c5c182b,2026-08-01,train
1,05a341dde0a2ad7b,2026-08-01,test
1,05a345d69630eb32,2026-08-01,train
1,05af39e5e7f1b7e5,2026-08-01,validation
1,05ba8d78712d65d3,2026-08-01,train
1,05c3e64e6ba1abce,2026-08-01,train
1,05c6b1f3dc9e67f9,2026-08-01,train
1,060e8275726006b3,2026-08-01,train
1,06211849f92ce895,2026-08-01,train
1,064f7a3a5cac81b8,2026-08-01,train
1,0656d04f72e430ca,2026-08-01,test
1,067902c94672433e,2026-08-01,train
1,067a9a5290bf8996,2026-08-01,validation
1,068a6ce83713d7f2,2026-08-01,train
1,06cfc1ff8fc5091b,2026-08-01,train
1,071321399f23fdd3,2026-08-01,validation
1,0719b5a216f32698,2026-08-01,train
1,07307d7133e21bd2,2026-08-01,train
1,0734849aa329329a,2026-08-01,train
1,074ae41538679b07,2026-08-01,train
1,0752c6c33b705433,2026-08-01,train
1,077ea3660ab5f1a0,2026-08-01,train
1,0784aa490c45e6ea,2026-08-01,train
1,079342dd92016a6a,2026-08-01,train
1,07b9f043b995c0ea,2026-08-01,train
1,07c0e61bd2a3f5a2,2026-08-01,train
1,07dbff0d983b2564,2026-08-01,train
1,07e056474456dee7,2026-08-01,train
1,080923d8fa693625,2026-08-01,test
1,080e1a6fd8cfaaf1,2026-08-01,train
1,082ddf4d742bc7e2,2026-08-01,train
1,084ce3b4d285ba11,2026-08-01,train
1,08590260c3893878,2026-08-01,train
1,085d05ee8d513fce,2026-08-01,test
1,087d3f28916bddfa,2026-08-01,train
1,088033bc615104c3,2026-08-01,test
1,089bdfce2c7ad1b6,2026-08-01,train
1,08a34c1e68024966,2026-08-01,train
1,08a900b75dd27627,2026-08-01,test
1,08b5a3e0f832b4cd,2026-08-01,validation
1,08ccb9eaf13ad173,2026-08-01,train
1,08d0869205b88e6d,2026-08-01,train
1,08e304051f18d970,2026-08-01,train
1,08ea0c7ec0b75074,2026-08-01,train
1,091006f4d2ef5a1e,2026-08-01,train
1,092f2aa545d665bd,2026-08-01,train
1,0930d83f4063db4e,2026-08-01,validation
1,097120d110f969de,2026-08-01,train
1,09816711b86ffacf,2026-08-01,train
1,09a0aeb9a31b9be4,2026-08-01,train
1,09a3fc2348be0693,2026-08-01,train
1,09b16e0028b0c452,2026-08-01,train
1,09bfe4fee81be6e3,2026-08-01,train
1,09cca334ec2b292a,2026-08-01,train
1,09d81eed1a5f4d45,2026-08-01,train
1,0a09a55a758bd607,2026-08-01,train
1,0a11016fd4a25425,2026-08-01,train
1,0a114308327e2b1a,2026-08-01,validation
1,0a11a072cb2e1820,2026-08-01,train
1,0a5162be58a64bb4,2026-08-01,validation
1,0a87246afede3a00,2026-08-01,validation
1,0a8ba0bce1a82955,2026-08-01,test
1,0a9d01278b4da0e6,2026-08-01,validation
1,0aa6c5db3d37b971,2026-08-01,train
1,0aa8b2abdeadae7a,2026-08-01,train
1,0abedd141b929d48,2026-08-01,train
1,0ad7557f8ccc5e50,2026-08-01,train
1,0af9ae7d85cce469,2026-08-01,train
1,0afdd4606e1b7bbd,2026-08-01,train
1,0b0044d7c4695b19,2026-08-01,train
1,0b05cbe4ebc61c43,2026-08-01,train
1,0b1692f2cffb8589,2026-08-01,train
1,0b23a756dc6fbe00,2026-08-01,validation
1,0b82e34d7201a25d,2026-08-01,validation
1,0b9fa96349cb740e,2026-08-01,train
1,0babe59a0a66146f,2026-08-01,test
1,0bb6a3f97ee5bd3c,2026-08-01,validation
1,0bcb3fbc0e931156,2026-08-01,validation
1,0bd750c221845f6a,2026-08-01,train
1,0c17a52d89f2a200,2026-08-01,train
1,0c1896f01c35190f,2026-08-01,validation
1,0c28e67238afdb04,2026-08-01,train
1,0c31ee84f4084bba,2026-08-01,train
1,0c3c03f312b278eb,2026-08-01,test
1,0c54f43312f49305,2026-08-01,train
1,0c79a818826e19a5,2026-08-01,train
1,0c8287b48cdfdd57,2026-08-01,train
1,0c8dd8a71d52beab,2026-08-01,train
1,0c9bbc0eda10e797,2026-08-01,test
1,0ce102af49a24332,2026-08-01,validation
1,0cfbfb871ebb9037,2026-08-01,train
1,0d03a10abe765437,2026-08-01,train
1,0d050eee98793af7,2026-08-01,validation
1,0d130046f6b67845,2026-08-01,train
1,0d4791203a476d50,2026-08-01,train
1,0d52624a6c830db2,2026-08-01,validation
1,0dac8af5d3cd1c75,2026-08-01,train
1,0e3f86716e434981,2026-08-01,test
1,0e5472b8e8232a95,2026-08-01,train
1,0e5632e5f29fe272,2026-08-01,train
1,0e681a9f90098c85,2026-08-01,validation
1,0e6af17f32b0abb3,2026-08-01,validation
1,0e7bcb11a03f6697,2026-08-01,train
1,0e825c2f16c3133d,2026-08-01,train
1,0e87f5cc15b95ac1,2026-08-01,train
1,0eb769841c216339,2026-08-01,train
1,0ecf1aa61afc9932,2026-08-01,test
1,0ef889e6dc03990f,2026-08-01,test
1,0efed7c6389c956c,2026-08-01,train
1,0f21756ee086c050,2026-08-01,train
1,0f21d544651ea212,2026-08-01,train
1,0f3f5f7a9e38e9a9,2026-08-01,validation
1,0f45b3fe629b7b90,2026-08-01,train
1,0f5dd6f0f2214be9,2026-08-01,train
1,0f73e09cc25e94ea,2026-08-01,validation
1,0f8cfc220de73f90,2026-08-01,train
1,0f8e1344d807e4e7,2026-08-01,train
1,0f9dda06604ecee1,2026-08-01,test
1,0fa1890b9ee995af,2026-08-01,test
1,0faac551d13c5765,2026-08-01,train
1,0fadf4d2fd07f311,2026-08-01,train
1,0fcd08ae5d500fef,2026-08-01,train
1,1001f7c134d8fd8c,2026-08-01,train
1,10168c076d67b2c1,2026-08-01,train
1,101d3fb7bc5aaa81,2026-08-01,train
1,104db6f0a0a77680,2026-08-01,validation
1,104e47d2a546b9c4,2026-08-01,train
1,105b495289a00cb5,2026-08-01,train
1,1062f2e0989467a6,2026-08-01,train
1,107a1afecb5dd2ae,2026-08-01,train
1,10a8bc967692cb9e,2026-08-01,train
1,10be19f67b0391e5,2026-08-01,train
1,10ccb93ed28b5d97,2026-08-01,train
1,10ec0e4cb5816a10,2026-08-01,train
1,10f5cf6c0bdd1350,2026-08-01,train
1,111bae525cc1efa3,2026-08-01,train
1,112ebafaa833ff6e,2026-08-01,train
1,11361335a98108da,2026-08-01,train
1,115e40a531a88e52,2026-08-01,train
1,116bab7bea03c3ed,2026-08-01,train
1,11818a9367dcc013,2026-08-01,test
1,11e6c988b3828294,2026-08-01,train
1,120a25ad8032d042,2026-08-01,train
1,120a7f29a0963f54,2026-08-01,test
1,121bca027e31d085,2026-08-01,train
1,122aa085059bae01,2026-08-01,train
1,123b2e333d343d6f,2026-08-01,train
1,1249ec2cea0e36c9,2026-08-01,validation
1,125e1c1d4408d64c,2026-08-01,test
1,126560a6ad97166b,2026-08-01,test
1,126679137f1d468c,2026-08-01,train
1,127e73d579ab83f8,2026-08-01,train
1,12999521eac1b02d,2026-08-01,train
1,12df8457bf18fa09,2026-08-01,train
1,12e21a3ab9295a0e,2026-08-01,train
1,12e5649c249cc114,2026-08-01,train
1,1339b8ebafa766e9,2026-08-01,train
1,13514c41538440bd,2026-08-01,train
1,13858b53c464fb38,2026-08-01,train
1,13999f1efdbd050e,2026-08-01,test
1,139e837bc2507c33,2026-08-01,train
1,13d0bbd0b546038d,2026-08-01,train
1,13e6bfa8f5e0651e,2026-08-01,train
1,13f7559a895de90d,2026-08-01,train
1,1402ad11aa1095f0,2026-08-01,validation
1,140410bc413cc60e,2026-08-01,train
1,140c56e45b34e78c,2026-08-01,test
1,141530c84ee2fd7b,2026-08-01,train
1,142e41cf3e53ce73,2026-08-01,train
1,1430a24d6b9bd4d1,2026-08-01,train
1,14559b28d04eefc4,2026-08-01,train
1,14626f2387ac3a50,2026-08-01,validation
1,14706d3b162b9e4c,2026-08-01,test
1,1491f58e8b53fa86,2026-08-01,train
1,14e53ea0b407f418,2026-08-01,train
1,152b29424eb9136f,2026-08-01,validation
1,155c0ac273f53d74,2026-08-01,train
1,155ea6286de67afc,2026-08-01,train
1,155f3a9c23c72746,2026-08-01,train
1,15843d8f09901bfa,2026-08-01,test
1,158c759e65262806,2026-08-01,train
1,158e719afb98b854,2026-08-01,validation
1,15bea69ebaf214c3,2026-08-01,train
1,15d5cef4b09b467c,2026-08-01,train
1,15e496c731e52426,2026-08-01,train
1,15f2ede01252472a,2026-08-01,train
1,160c9bb76ef4345a,2026-08-01,train
1,161dd309118db859,2026-08-01,train
1,1623360151a2cdae,2026-08-01,train
1,1637fe5da548c384,2026-08-01,train
1,163f315a19acbffd,2026-08-01,validation
1,166dac273fe6bee7,2026-08-01,train
1,1682b0070e8a57f4,2026-08-01,test
1,16853afc475efe9d,2026-08-01,test
1,169693c5112a81e0,2026-08-01,train
1,16d097ab22980bf2,2026-08-01,train
1,16d62a0893c22d28,2026-08-01,train
1,16d63529cc231976,2026-08-01,train
1,16da2b96afe703b0,2026-08-01,train
1,16df3109b8559654,2026-08-01,train
1,16e5e24903db263a,2026-08-01,validation
1,16e6283d425810e0,2026-08-01,train
1,16f2ddd2d7f5e2c5,2026-08-01,train
1,172c3f843d20008f,2026-08-01,test
1,1740681a33fabe5f,2026-08-01,validation
1,1794a65d18e8d7bb,2026-08-01,train
1,179b444153e71de3,2026-08-01,train
1,17aa868445a6c65e,2026-08-01,train
1,17ba1b6d31ef1a1e,2026-08-01,train
1,17bae10d255baa62,2026-08-01,train
1,17edac413c761a2a,2026-08-01,train
1,18005c29e301aed3,2026-08-01,test
1,1809141471f54353,2026-08-01,validation
1,182c9ae1a66f9405,2026-08-01,train
1,1851b38bff04bcc5,2026-08-01,test
1,185744b293820e9d,2026-08-01,train
1,186c1bfe1d55dab6,2026-08-01,train
1,1888d1d93037648b,2026-08-01,train
1,18d8104fc3ecb5c5,2026-08-01,train
1,18de719d72ff8d47,2026-08-01,test
1,18e20c0280aea2a8,2026-08-01,test
1,18f52ee56fe2cd48,2026-08-01,train
1,191467b84deb1bb1,2026-08-01,train
1,19372ef84e65ddee,2026-08-01,train
1,1946ff53dd92cd3b,2026-08-01,train
1,195b3db7a42e28d9,2026-08-01,test
1,195b84a0f00902fd,2026-08-01,train
1,195e230ceb88e198,2026-08-01,train
1,195e4db2ba7b26fa,2026-08-01,train
1,198213cf6ccbda08,2026-08-01,train
1,199798e1f47f1def,2026-08-01,train
1,19abffd8ced3cabf,2026-08-01,train
1,19c50681b5d0d536,2026-08-01,train
1,19edc1757d065db7,2026-08-01,train
1,19f450b69ecece4c,2026-08-01,test
1,1a16e93e8fa71116,2026-08-01,validation
1,1a29d0aa8d36b80d,2026-08-01,train
1,1a2e0a14dfb6b8cc,2026-08-01,train
1,1a67b7c53f4f2c5c,2026-08-01,test
1,1a700db485eafcc5,2026-08-01,train
1,1a78cc73613141af,2026-08-01,train
1,1a7fbde1c1353e90,2026-08-01,train
1,1a88a5f6d67b558e,2026-08-01,train
1,1aa32eac0820beb8,2026-08-01,train
1,1ad4c328296acb97,2026-08-01,train
1,1b04472930655abd,2026-08-01,validation
1,1b0bc9591795b781,2026-08-01,train
1,1b0efbf9bcd03ac8,2026-08-01,train
1,1b177e7b978e1446,2026-08-01,validation
1,1b313ee4e47e5037,2026-08-01,train
1,1b383d1ad29948a5,2026-08-01,train
1,1b3943e2b3b0dc7a,2026-08-01,test
1,1b50a5e6fdb5c9a0,2026-08-01,train
1,1b6ecda3e3eba11d,2026-08-01,test
1,1b81ce518690b730,2026-08-01,train
1,1b8d6a246af6b75e,2026-08-01,test
1,1bb5392d34f82fa4,2026-08-01,train
1,1bc0ec9e7ae7450b,2026-08-01,train
1,1bca15841a89c72b,2026-08-01,validation
1,1c07fbe0ab9d0bc7,2026-08-01,test
1,1c14469026e9ada3,2026-08-01,train
1,1c1bc56fc289ce37,2026-08-01,train
1,1c4b0fbf9811692a,2026-08-01,train
1,1c4f899314dbf1f9,2026-08-01,train
1,1c5a51b39764a5de,2026-08-01,test
1,1c5ea1b9218c9bef,2026-08-01,test
1,1cb04773abf6f66b,2026-08-01,validation
1,1cb0ed8a4477dfc1,2026-08-01,train
1,1cc45ce7f643bbd1,2026-08-01,train
1,1cdcba847de94678,2026-08-01,train
1,1ce296f76c62ae05,2026-08-01,train
1,1d1c83ce167d3e84,2026-08-01,train
1,1d2356e80dfdcc16,2026-08-01,train
1,1d329fdf10e48a5c,2026-08-01,train
1,1d43eb2856e9404a,2026-08-01,train
1,1d50fd37e29d1115,2026-08-01,validation
1,1d518f863f48b142,2026-08-01,train
1,1d6c05962adf065d,2026-08-01,train
1,1d7c5aa91441991f,2026-08-01,train
1,1db63c56fe42b0e6,2026-08-01,train
1,1dc3a0d583dc590c,2026-08-01,train
1,1dce812eac231b9c,2026-08-01,train
1,1dd5e3ccfcfd4f13,2026-08-01,train
1,1de14bde8104b67b,2026-08-01,train
1,1dfeb463298597a8,2026-08-01,test
1,1e05d389da5d3ae6,2026-08-01,validation
1,1e1b68355b1f18af,2026-08-01,train
1,1e2777404fe73374,2026-08-01,train
1,1e3c8f6b1f97bd86,2026-08-01,train
1,1e5ebd836af056ce,2026-08-01,train
1,1e5f2e916fedb4ac,2026-08-01,test
1,1e77154778f13bac,2026-08-01,train
1,1e972691d3fd8b85,2026-08-01,train
1,1ea108537b9ae5a6,2026-08-01,train
1,1ea815e0eacb0598,2026-08-01,test
1,1eed41da3608734c,2026-08-01,test
1,1ef10c3a424645a8,2026-08-01,validation
1,1f06cbe62cfd05c7,2026-08-01,train
1,1f12dfa59cf8bbb0,2026-08-01,train
1,1f2547e0c4c16bdd,2026-08-01,train
1,1f26a63b5043a630,2026-08-01,train
1,1f29482aebcf100c,2026-08-01,validation
1,1f4063cb33bcee16,2026-08-01,train
1,1f7780f7a1e38521,2026-08-01,validation
1,1f911dc9d5e1d2b8,2026-08-01,validation
1,1fa9d53a5b976a9a,2026-08-01,train
1,1fafcbbe6fd94d1e,2026-08-01,train
1,1fc7a72f793ad09e,2026-08-01,validation
1,1fd4017a0f8f2259,2026-08-01,train
1,1fea12ac4190be38,2026-08-01,train
1,1ff4168557196188,2026-08-01,train
1,1ff94599fee0e515,2026-08-01,train
1,200a199b601203c0,2026-08-01,train
1,200b16c3fe37579e,2026-08-01,train
1,2013562e7cf175f1,2026-08-01,validation
1,2014604938de5c8f,2026-08-01,validation
1,20207058393d4568,2026-08-01,train
1,2030815c7047a049,2026-08-01,validation
1,20317f8c98874241,2026-08-01,train
1,20433f39710a6a65,2026-08-01,train
1,206b083f3cb39ccc,2026-08-01,train
1,20714a3e3c312714,2026-08-01,train
1,20912a673e03a0a5,2026-08-01,train
1,209a2809e0deee15,2026-08-01,train
1,209b36ea6115a743,2026-08-01,train
1,209c11231d5a9627,2026-08-01,train
1,2109c55c00f88254,2026-08-01,train
1,210bec3b62da6c2c,2026-08-01,validation
1,2117a75b8ce2d979,2026-08-01,train
1,211ab3bfbe412903,2026-08-01,train
1,2154c3cffe81397a,2026-08-01,train
1,2164aa85f01196ed,2026-08-01,test
1,2170d6cea7f97d4f,2026-08-01,test
1,219afbec61eca708,2026-08-01,train
1,21beff11bb585fc3,2026-08-01,validation
1,21ec2342c5dbf4b9,2026-08-01,train
1,21f376e0aee99245,2026-08-01,train
1,22177ea5fd5ff4e7,2026-08-01,train
1,22429544cf10ca5e,2026-08-01,train
1,225287476127dc4a,2026-08-01,validation
1,2263b62dc865d5de,2026-08-01,train
1,2264255cbe17c8d1,2026-08-01,test
1,226c0e686fa0bec2,2026-08-01,train
1,22b081edf88e310e,2026-08-01,train
1,22f257f29329a4e8,2026-08-01,train
1,23414271596039a4,2026-08-01,train
1,2355c99ff6669efd,2026-08-01,train
1,237aac790b3b8c35,2026-08-01,validation
1,23a4f936fd28abfe,2026-08-01,train
1,23bf48560b62d40d,2026-08-01,train
1,23da015ac23f8e0e,2026-08-01,train
1,23db5a4d7b6d6d7d,2026-08-01,train
1,23f484c7719386b3,2026-08-01,train
1,2400203a991b085d,2026-08-01,test
1,240da7ab4d0a1d26,2026-08-01,train
1,2410f559ab4f4259,2026-08-01,train
1,242602cd906236d1,2026-08-01,train
1,2456c5a8208a5b72,2026-08-01,train
1,2469d03059652ee7,2026-08-01,validation
1,2490b6c1df41f2c2,2026-08-01,train
1,249ea9b7e553fa95,2026-08-01,validation
1,24d14dd2fccf8a43,2026-08-01,train
1,24e18d81bf6f2bd9,2026-08-01,test
1,24e8994ceecbda07,2026-08-01,train
1,24ed93caf9a8dbe7,2026-08-01,train
1,250eb6f708c8d4dc,2026-08-01,train
1,2538087c782abd96,2026-08-01,train
1,2554b78230103064,2026-08-01,train
1,255fbdbb12249842,2026-08-01,train
1,257aa0e3a11335ae,2026-08-01,validation
1,2595c4ee81774443,2026-08-01,train
1,25c012b9ba71e957,2026-08-01,test
1,25de895530f83994,2026-08-01,test
1,25f8f72e4743667b,2026-08-01,train
1,25fe2ad5b495773f,2026-08-01,train
1,263bf3c30e48de99,2026-08-01,train
1,264c8699d2088eeb,2026-08-01,train
1,264f7ad2026247ff,2026-08-01,train
1,2664ac812b39e44e,2026-08-01,train
1,26994e5adb166106,2026-08-01,train
1,26a1df1f2abb2e3f,2026-08-01,train
1,270cbb1d6dc5ca45,2026-08-01,train
1,271d3a1066bbdb42,2026-08-01,validation
1,275864d3db2ab8e6,2026-08-01,test
1,276c7b1beeeb4315,2026-08-01,train
1,27803243c06d1e30,2026-08-01,train
1,2799dda8aab2e98d,2026-08-01,validation
1,27a08e186b105bdc,2026-08-01,train
1,27a145b6a294e832,2026-08-01,train
1,27be2660a350c332,2026-08-01,test
1,27edcb8e8a21d0a8,2026-08-01,validation
1,281a662bf998f1c3,2026-08-01,train
1,281f6a7a33ffd1c6,2026-08-01,train
1,28305dcb8946baf6,2026-08-01,train
1,283793518cfcb27b,2026-08-01,test
1,28382a6978ec5a83,2026-08-01,validation
1,2851285eeddbbc50,2026-08-01,train
1,285175ae247e3db4,2026-08-01,train
1,28632a5af3535073,2026-08-01,train
1,28688b3637e4bba8,2026-08-01,train
1,2875e80bb96a08f3,2026-08-01,train
1,287acce57c898f6e,2026-08-01,train
1,289263f972ae740c,2026-08-01,validation
1,2893f307ddc92656,2026-08-01,train
1,2899008059105c8d,2026-08-01,train
1,28e68b90a09079e1,2026-08-01,test
1,28f63bbdd362c7ea,2026-08-01,validation
1,291dcf0348a7ea3e,2026-08-01,train
1,292c7e5297e59fee,2026-08-01,test
1,292cdd54629ebbc4,2026-08-01,train
1,294a24eff00af289,2026-08-01,train
1,29698996f3f12a32,2026-08-01,test
1,29842502192f406a,2026-08-01,train
1,29932ac6fe815792,2026-08-01,test
1,29a3728420c75592,2026-08-01,train
1,29ae9bd18c44fa45,2026-08-01,validation
1,29c83b1fc98619aa,2026-08-01,train
1,29cf36ab408d39e9,2026-08-01,train
1,29fca0759a3740d4,2026-08-01,train
1,2a158c7ae8b28722,2026-08-01,train
1,2a4fa069c9341825,2026-08-01,validation
1,2a82ebb618522901,2026-08-01,train
1,2ad11866bfc5d5ae,2026-08-01,test
1,2ae0cf5544b1788a,2026-08-01,train
1,2af8f9ce1b59d8e2,2026-08-01,train
1,2b0ee00dec636852,2026-08-01,train
1,2b364e1b5446a43a,2026-08-01,train
1,2b5712d3cc285819,2026-08-01,validation
1,2b613780b31027f0,2026-08-01,train
1,2b65b49aafd7db02,2026-08-01,train
1,2b8debf87d44cb3a,2026-08-01,train
1,2b93391418cc9c7a,2026-08-01,test
1,2b9bdb50f44b44eb,2026-08-01,train
1,2ba026e982fdade0,2026-08-01,train
1,2baa1e25b361ec3e,2026-08-01,train
1,2bab01579c85d313,2026-08-01,test
1,2bb321bbce383897,2026-08-01,train
1,2bc2d48960c5d734,2026-08-01,train
1,2c07a845de4e63c3,2026-08-01,train
1,2c226eb86418f14e,2026-08-01,train
1,2c4277276d0bedeb,2026-08-01,train
1,2c4c36c985630e8e,2026-08-01,train
1,2c526106267fb14f,2026-08-01,train
1,2c5c6f9caefca4fd,2026-08-01,train
1,2c73903fac975dac,2026-08-01,train
1,2c80b8976dd0106b,2026-08-01,train
1,2c83d5607e6abb71,2026-08-01,test
1,2c9ce2792edb9cba,2026-08-01,test
1,2ca99446e54c2d42,2026-08-01,train
1,2cb89a231ad5d477,2026-08-01,train
1,2cbba94b42074d05,2026-08-01,test
1,2cd94cce28f84f27,2026-08-01,train
1,2cdad65130eec16e,2026-08-01,train
1,2ce46a1c987aabc0,2026-08-01,train
1,2cff964767839544,2026-08-01,train
1,2d13738c3e757e6c,2026-08-01,train
1,2d41bbbd1998682a,2026-08-01,train
1,2d445b4c346bdc3e,2026-08-01,train
1,2d4b875203daa49d,2026-08-01,train
1,2d655ab803231ebc,2026-08-01,train
1,2d80856ea1372fca,2026-08-01,validation
1,2d9bfa1c2b0c4146,2026-08-01,validation
1,2dde73503042a8f1,2026-08-01,train
1,2dde87a014a0a908,2026-08-01,train
1,2e2acec420a54425,2026-08-01,test
1,2e78a2a7034ad6ef,2026-08-01,train
1,2eac69f5acc9d107,2026-08-01,train
1,2eb9fedd607c56a4,2026-08-01,train
1,2ec72f247f374c34,2026-08-01,train
1,2ef25b8aff949245,2026-08-01,train
1,2f1ced1466a81f72,2026-08-01,train
1,2f26cf25fe3a28c6,2026-08-01,train
1,2f52c0703014f69f,2026-08-01,train
1,2f7f212896e5979b,2026-08-01,test
1,2f89597045c7303a,2026-08-01,train
1,2f986a2a6dd8308c,2026-08-01,test
1,2fb3ee6e8e5dc0c7,2026-08-01,train
1,2fc738112dcce350,2026-08-01,train
1,2fdcdf145b742495,2026-08-01,test
1,2fe1ccbddc0f732a,2026-08-01,train
1,2ffe67d366606b62,2026-08-01,train
1,301f79be6f1ca9a9,2026-08-01,train
1,3033b29fa1b80e16,2026-08-01,train
1,303e526901c3c26e,2026-08-01,train
1,305ca801c9f42d9a,2026-08-01,validation
1,3070aadf5a278350,2026-08-01,train
1,3070b810d7263a13,2026-08-01,train
1,30a02df4fe6456c4,2026-08-01,test
1,30abed0bb22a75fd,2026-08-01,train
1,30ae0f5a5220af70,2026-08-01,train
1,30d81f3c77195bb9,2026-08-01,train
1,30da12d64468b031,2026-08-01,train
1,30de435c0e9990d9,2026-08-01,test
1,30fc7164846bf137,2026-08-01,test
1,31048b7fba307dac,2026-08-01,validation
1,310d38d59f2e256b,2026-08-01,train
1,314a91cd56c682d3,2026-08-01,train
1,315ef6861c814f25,2026-08-01,train
1,317127f4637f01f5,2026-08-01,train
1,31747e066d43367e,2026-08-01,train
1,3175002ed5c8f601,2026-08-01,validation
1,318cedf23d260f97,2026-08-01,train
1,31915d0fdd34a278,2026-08-01,train
1,319b703fe3854dc9,2026-08-01,train
1,31b14933ebe7b4fe,2026-08-01,train
1,31b99ead0161aa08,2026-08-01,test
1,31e15cffc24385e2,2026-08-01,train
1,31fdbf48b883c3cb,2026-08-01,train
1,324d95bb398e4bc4,2026-08-01,train
1,32526325e8685d57,2026-08-01,validation
1,32614c59ec65d256,2026-08-01,train
1,3279e0fbb694876c,2026-08-01,train
1,329b079175e16df8,2026-08-01,train
1,32c99c806907a220,2026-08-01,test
1,32cb5a056c420cf6,2026-08-01,train
1,32dd9a6fa5085711,2026-08-01,train
1,32e7346165f2fef9,2026-08-01,validation
1,33056cb959c1068e,2026-08-01,train
1,3319d1e8fdfe23b9,2026-08-01,test
1,331a464e05568a55,2026-08-01,train
1,3357060c02a21f4a,2026-08-01,train
1,33592c01a864a7ad,2026-08-01,train
1,338597194df8b39b,2026-08-01,train
1,33aba5fef1698d0e,2026-08-01,train
1,33add6dc7939aded,2026-08-01,train
1,33c028c2e3e484ac,2026-08-01,validation
1,33c78d2dfe097f06,2026-08-01,train
1,33c86dece84bc81e,2026-08-01,test
1,33cffacee35098b8,2026-08-01,test
1,33d95e1edef4a8d5,2026-08-01,train
1,33deb42f46ecab86,2026-08-01,train
1,33e11d94122361cd,2026-08-01,validation
1,33f1f53f7f47ddc5,2026-08-01,test
1,33f7253b04170b37,2026-08-01,train
1,34188152b2063443,2026-08-01,train
1,34239c5557faa0fe,2026-08-01,train
1,342bce2d90d1d325,2026-08-01,train
1,343edd03afd0ccb5,2026-08-01,validation
1,348c986813e7502a,2026-08-01,train
1,3492e7c03e65f2b7,2026-08-01,validation
1,34a63cb64a36b672,2026-08-01,train
1,34bd8a15a30622ef,2026-08-01,validation
1,34cde16711e2c42e,2026-08-01,train
1,34dd0faa402c78fa,2026-08-01,train
1,34e3d9830ca3bac2,2026-08-01,test
1,34e6b2187155c7f8,2026-08-01,train
1,34f357338e62f79c,2026-08-01,train
1,34f637e55d7bb038,2026-08-01,validation
1,34fe8569c1cee86c,2026-08-01,validation
1,3510da68e257054c,2026-08-01,test
1,353014ccd0b9a30c,2026-08-01,train
1,358672a896330b4a,2026-08-01,train
1,358c77e60ac98153,2026-08-01,validation
1,35b5803386baf1ce,2026-08-01,train
1,35bce3550cd29689,2026-08-01,train
1,3602f30bbca94343,2026-08-01,train
1,36057a59ab2db1da,2026-08-01,train
1,3613464ebfb5f5cb,2026-08-01,train
1,3632e765c1380cf8,2026-08-01,train
1,364c2dbc079c67a1,2026-08-01,train
1,36676c8315dc7a60,2026-08-01,train
1,3671719ef747dedd,2026-08-01,test
1,3699475d9a138e3e,2026-08-01,test
1,36a8b5bd6f4bae31,2026-08-01,train
1,36b2a5c39afa2afd,2026-08-01,train
1,36c4e07f32965a9a,2026-08-01,validation
1,36d093450a2f3c3c,2026-08-01,train
1,36ed20ff921c5242,2026-08-01,train
1,36f9cdf72eca3889,2026-08-01,train
1,3729bf07367b06b7,2026-08-01,train
1,372c7b3abfe38a50,2026-08-01,train
1,37336708455a32e1,2026-08-01,test
1,373a71f856c4031a,2026-08-01,validation
1,379a2f52027dba3c,2026-08-01,train
1,37ad6bcc6cfac2a8,2026-08-01,train
1,37c386df11499e5c,2026-08-01,test
1,37c3c5e2a4d67977,2026-08-01,train
1,37cfc33b5b83cf91,2026-08-01,validation
1,37e043c185853555,2026-08-01,train
1,381441bce8e58b5a,2026-08-01,train
1,384202e6f1d865cc,2026-08-01,train
1,384c2b4122defb9d,2026-08-01,train
1,3851988c12a99512,2026-08-01,train
1,38538df73aff6a98,2026-08-01,train
1,3853d2e823dbfd1c,2026-08-01,validation
1,386ccd4400ff06ae,2026-08-01,train
1,387202671be34195,2026-08-01,train
1,3874806e45ab1fdb,2026-08-01,train
1,38a352082dc51b5b,2026-08-01,train
1,38cdeae05f0a5d61,2026-08-01,train
1,38dcb8af6a90f5fd,2026-08-01,train
1,38e3a4c082ebdb91,2026-08-01,validation
1,38f9ddc1972af26c,2026-08-01,train
1,3904185d789a1e54,2026-08-01,train
1,390b7f495c06616f,2026-08-01,train
1,3920db0e5b935c8e,2026-08-01,validation
1,3933873490c3cc54,2026-08-01,train
1,396b1b158f59f52c,2026-08-01,train
1,3970bfdcdf613a7b,2026-08-01,train
1,3983e64f41bdabaa,2026-08-01,train
1,398ba2b06f42652c,2026-08-01,train
1,398c161ed3c6b2e5,2026-08-01,train
1,3998513a769c6047,2026-08-01,train
1,39a58d3a456ed741,2026-08-01,train
1,39b355f52a055bf2,2026-08-01,train
1,39be633264813a87,2026-08-01,validation
1,39c38dd81682fa18,2026-08-01,train
1,39d03e5a9908b3d0,2026-08-01,test
1,39d13325ec0fd1bc,2026-08-01,train
1,39fe1fb1652a954c,2026-08-01,train
1,3a0cb29bb5044cdf,2026-08-01,test
1,3a1134d4ee59558c,2026-08-01,train
1,3a2e95151f2fd1d5,2026-08-01,test
1,3a3c51a7900fd717,2026-08-01,train
1,3a477f8bcddd566f,2026-08-01,train
1,3a63ee8f3ea130c7,2026-08-01,train
1,3a8e8c2454493aa6,2026-08-01,train
1,3a921f3dc5cfc474,2026-08-01,train
1,3a966aef1c0278df,2026-08-01,validation
1,3aa8d343352957f8,2026-08-01,train
1,3ab10d2744a670d4,2026-08-01,train
1,3ab5160cbe39ed00,2026-08-01,train
1,3afeddf92b155ac0,2026-08-01,validation
1,3b023c7df5c0df71,2026-08-01,train
1,3b0a39ff9443a947,2026-08-01,train
1,3b0e753d20b59951,2026-08-01,test
1,3b0f39cc347cc124,2026-08-01,train
1,3b21b67fcda2b9c4,2026-08-01,train
1,3b287b1ffd9d70cb,2026-08-01,validation
1,3b3141df314d5ec6,2026-08-01,train
1,3b392df9831f85dc,2026-08-01,test
1,3b3a128a20ba461a,2026-08-01,validation
1,3b3a5a3b87e94e4e,2026-08-01,train
1,3b3fe97c09c55529,2026-08-01,train
1,3b55a0f4115b9bbe,2026-08-01,train
1,3b5a64fb6c932d90,2026-08-01,train
1,3b732595fddb8e7d,2026-08-01,validation
1,3b8e9a1ad73b0df8,2026-08-01,train
1,3baed5278ea47bb6,2026-08-01,train
1,3bb5528eec3c1a9f,2026-08-01,train
1,3bc3db155cb24c5a,2026-08-01,train
1,3bd1e6ea31cb17c8,2026-08-01,train
1,3bd2978b59fe17e8,2026-08-01,test
1,3bedc4b223dd7fba,2026-08-01,train
1,3c08bef185428078,2026-08-01,train
1,3c2b8e2f7063fc17,2026-08-01,validation
1,3c368bd5d7cf140f,2026-08-01,train
1,3c4c9b52dffa888b,2026-08-01,train
1,3c54cd1e52892641,2026-08-01,test
1,3c75ac8a3b4e6e53,2026-08-01,train
1,3c7c49869da52de0,2026-08-01,train
1,3ca8524c0e3bce96,2026-08-01,test
1,3cafad23a40ba1bd,2026-08-01,train
1,3cf54626d1acf7f3,2026-08-01,train
1,3d222364ec70868c,2026-08-01,train
1,3d7fe36c57c1a7d6,2026-08-01,train
1,3d8c05b5c8672808,2026-08-01,validation
1,3da2d33164697c6f,2026-08-01,train
1,3de9ab97144a2a7b,2026-08-01,test
1,3decd8472fc68b26,2026-08-01,train
1,3df2398014a72f47,2026-08-01,validation
1,3dfe0b24dc0302cc,2026-08-01,train
1,3e3df959553cf06c,2026-08-01,validation
1,3e4aa6ae7068caba,2026-08-01,test
1,3e4b693952d40309,2026-08-01,train
1,3e4b92a95dccd2ff,2026-08-01,train
1,3e4fedeee5dc21f4,2026-08-01,train
1,3e8eb985f630f087,2026-08-01,train
1,3e8ed5d1a0fb5afc,2026-08-01,train
1,3e925d48749c3ae1,2026-08-01,train
1,3ec1c0bed3f83447,2026-08-01,train
1,3ec50ec316d90513,2026-08-01,train
1,3ee19070a268222a,2026-08-01,test
1,3ef9285cee0746a9,2026-08-01,validation
1,3f2d8d0394bb2ca5,2026-08-01,test
1,3f6ebefda56cacbb,2026-08-01,train
1,3f7c463021c214a6,2026-08-01,validation
1,3fa37f45d6752f52,2026-08-01,train
1,3fa7b579632959f3,2026-08-01,test
1,3fa8d37142a02a65,2026-08-01,test
1,3fcb89fedf2910aa,2026-08-01,train
1,3fd938a6d81d3d02,2026-08-01,train
1,3fe719a53784d8bd,2026-08-01,train
1,400899d2ae022568,2026-08-01,validation
1,400cfbd8da14311e,2026-08-01,train
1,4040985a60ffacf4,2026-08-01,test
1,4044146d9cb3f552,2026-08-01,train
1,404766e6124dfd5e,2026-08-01,train
1,4055382dd4963995,2026-08-01,train
1,40978ba4b28c5903,2026-08-01,train
1,41093c54165cc330,2026-08-01,train
1,4129fdd0c19597d3,2026-08-01,validation
1,41331850d4afa774,2026-08-01,train
1,413bfc7453f0f901,2026-08-01,train
1,4159a71381c4e182,2026-08-01,train
1,419a369788b2c50b,2026-08-01,train
1,419b5898d1455a96,2026-08-01,validation
1,419ed81996dc359e,2026-08-01,train
1,41ac8d195f1daefc,2026-08-01,train
1,41cacb2bbea08734,2026-08-01,train
1,42045a52c96d0cfd,2026-08-01,train
1,420b3fb87231a016,2026-08-01,train
1,421d59e209b875eb,2026-08-01,train
1,422031b9eaeea449,2026-08-01,train
1,42287037b9d4329e,2026-08-01,train
1,426305c17ce8ea69,2026-08-01,train
1,426a7c3ae037e1d2,2026-08-01,train
1,427cf635471a9f59,2026-08-01,train
1,428b86c8e8f222c0,2026-08-01,test
1,428de754cfc7b336,2026-08-01,train
1,429a686b935700f9,2026-08-01,train
1,42c63913d0e2052e,2026-08-01,test
1,42c963941439d70a,2026-08-01,train
1,42cc294cf5d9ad38,2026-08-01,validation
1,42d83b80fe16ab5f,2026-08-01,train
1,434065ec4d342b0d,2026-08-01,train
1,435fdda9971e93ae,2026-08-01,test
1,436bbdadf875f57c,2026-08-01,validation
1,437788f73d23b463,2026-08-01,validation
1,4386927e5e45cd56,2026-08-01,train
1,43dfc431289396d6,2026-08-01,train
1,44160e71567cb529,2026-08-01,train
1,443d807e0e7721e4,2026-08-01,train
1,448463ed311fab16,2026-08-01,train
1,448a9fa08cde1769,2026-08-01,validation
1,449f10b04b823385,2026-08-01,train
1,44a5b54734e8299f,2026-08-01,train
1,44bca2ec230da881,2026-08-01,test
1,44c24f863b9cffab,2026-08-01,train
1,44cd828c8955af92,2026-08-01,train
1,44e0064471b5dc2f,2026-08-01,train
1,44fec6a9bb17e61f,2026-08-01,validation
1,45092723cbbfd5b8,2026-08-01,train
1,4539f5638d43c057,2026-08-01,train
1,455c617d0f2cdf57,2026-08-01,train
1,456168748059637b,2026-08-01,train
1,45853ea2c523bd25,2026-08-01,train
1,459f9e5b05b350a8,2026-08-01,train
1,459fd1a526d130c0,2026-08-01,train
1,45af611703ba7632,2026-08-01,train
1,45f24d5e8f0e138a,2026-08-01,train
1,45f793bd7e006265,2026-08-01,train
1,45f9c51b900a5673,2026-08-01,train
1,45fb28ddcd593921,2026-08-01,validation
1,46013f2c8f071a02,2026-08-01,train
1,46028977128494e2,2026-08-01,validation
1,463f7283715de5f4,2026-08-01,train
1,464ef47a563cfb5d,2026-08-01,train
1,4654d9d8efa51d36,2026-08-01,train
1,466b335fc66cd286,2026-08-01,train
1,466ea6d9b73655a6,2026-08-01,validation
1,46792c80592e1651,2026-08-01,train
1,46985c2641788d1a,2026-08-01,train
1,469c801fdfec0274,2026-08-01,train
1,46b2fb169dadf106,2026-08-01,train
1,471fa9ab45ff1d6b,2026-08-01,train
1,4741e482aa79efc9,2026-08-01,train
1,474405e1f7a17214,2026-08-01,validation
1,47468dcfa01964de,2026-08-01,test
1,474821dec393c232,2026-08-01,train
1,476116bd97f2a939,2026-08-01,train
1,4794483baaa555c9,2026-08-01,train
1,479b9f541fe07cb1,2026-08-01,validation
1,47c7014979630da0,2026-08-01,train
1,47d476d4c82dfc50,2026-08-01,validation
1,47da2e117fae3850,2026-08-01,train
1,47ea941eca4acad7,2026-08-01,train
1,47f89b5d08a0f458,2026-08-01,test
1,484b8d396b88a5a2,2026-08-01,train
1,4852b13a3b8ec538,2026-08-01,test
1,4869dffe7cb12c73,2026-08-01,train
1,4872ccef7a2c963e,2026-08-01,train
1,489a114fbdceff69,2026-08-01,train
1,489da6f98c296b61,2026-08-01,train
1,48bf05d8c3d825a9,2026-08-01,test
1,48c3c102d07713d0,2026-08-01,test
1,493d219723cdfbd4,2026-08-01,validation
1,49422d2af86da47e,2026-08-01,test
1,49502417ab2583f6,2026-08-01,test
1,4953f4bb2fa8eaa4,2026-08-01,train
1,4957ce182d048afb,2026-08-01,train
1,4968a7e6a52d9274,2026-08-01,train
1,4987ecdbe106a22b,2026-08-01,train
1,499566f05d1e4688,2026-08-01,validation
1,49a954a5c6bb83eb,2026-08-01,validation
1,49d85466080d5ea6,2026-08-01,train
1,49d9187b0b9bed98,2026-08-01,train
1,4a1bc877c8cb7080,2026-08-01,test
1,4a1d41c2923f35e5,2026-08-01,train
1,4a5bb22ee8399d77,2026-08-01,validation
1,4a7a12936577b58d,2026-08-01,train
1,4a7aacd6258caf92,2026-08-01,train
1,4a7b2fc28ecf2c43,2026-08-01,train
1,4ad1993f20a425b3,2026-08-01,test
1,4ae7aa1c6cc68178,2026-08-01,train
1,4af3eac439aa619a,2026-08-01,train
1,4affbc1c50f3ed2e,2026-08-01,train
1,4b1f64bdbd0593e9,2026-08-01,train
1,4b2033d24144d63c,2026-08-01,train
1,4b818dee8134c3a1,2026-08-01,validation
1,4bbed990246266a1,2026-08-01,train
1,4bcf26ddc1a3ec8b,2026-08-01,train
1,4bec846ca7b704bc,2026-08-01,test
1,4c08bf7cab61c17c,2026-08-01,train
1,4c0bb49c10341a02,2026-08-01,train
1,4c2dcada1dc048c5,2026-08-01,validation
1,4c325b5ad1d53894,2026-08-01,train
1,4c5bc42840863422,2026-08-01,train
1,4c8d130952e3da7a,2026-08-01,train
1,4ca6f963265ceb94,2026-08-01,train
1,4ca8ecf123278841,2026-08-01,train
1,4cd1b58243a7114f,2026-08-01,train
1,4cd30678a696b4c8,2026-08-01,train
1,4ce2571c1a10ad6d,2026-08-01,train
1,4ce92515c1a39a22,2026-08-01,train
1,4d26eb1d7a4e4735,2026-08-01,train
1,4d2a3b9d3b5bd693,2026-08-01,train
1,4d3c695d5acc8d68,2026-08-01,validation
1,4d3ec39a636cf79e,2026-08-01,train
1,4d44518dcb680a97,2026-08-01,test
1,4d49fadfcdbfee17,2026-08-01,train
1,4d66f98465c29548,2026-08-01,train
1,4d9cb24b53c82694,2026-08-01,train
1,4da3932ecd1ca0f3,2026-08-01,train
1,4db77126ab1266c8,2026-08-01,test
1,4dc2ed56fd66d1f7,2026-08-01,train
1,4de20c4e3c6f92b3,2026-08-01,train
1,4de692541cfc3ed3,2026-08-01,train
1,4df346b0117e8657,2026-08-01,train
1,4df45d665ba6b337,2026-08-01,train
1,4e095708261ef196,2026-08-01,train
1,4e1441d45ac2d42c,2026-08-01,train
1,4e5525f74cac6f88,2026-08-01,test
1,4e81aa01dfeb9a95,2026-08-01,train
1,4ea9a222fb5fe9b2,2026-08-01,validation
1,4ec7d5e09d117376,2026-08-01,train
1,4ed49f86007cd021,2026-08-01,train
1,4f008787d37ec022,2026-08-01,train
1,4f22adfaab60a204,2026-08-01,train
1,4f3e66149a3f953a,2026-08-01,train
1,4f4cf3f82a641f7a,2026-08-01,train
1,4f5a4fb30737bf2a,2026-08-01,validation
1,4f78b6c85943286e,2026-08-01,validation
1,4f89be5dd58120da,2026-08-01,test
1,4f994d2af0a90aff,2026-08-01,validation
1,4fc1f5a8eea60119,2026-08-01,train
1,4fc98c90aa8bd07c,2026-08-01,train
1,4fd44c95e100038a,2026-08-01,train
1,4ff3ebc8d5562dc4,2026-08-01,train
1,5016ccd8933c2886,2026-08-01,test
1,50195f4efc3bb623,2026-08-01,test
1,5019a0c2a1e291f9,2026-08-01,train
1,502ff43ee03bff04,2026-08-01,train
1,50776b49a6479f4c,2026-08-01,train
1,50811cbee7e2327a,2026-08-01,train
1,5092fc2ddc797a60,2026-08-01,validation
1,50a33d55914ad539,2026-08-01,train
1,50d2a217a8877760,2026-08-01,train
1,50f1139eacf60d38,2026-08-01,train
1,51213ed0c3360ed1,2026-08-01,train
1,513bbb0260b25f8a,2026-08-01,train
1,514984f9f108b7c8,2026-08-01,train
1,51514a48b9141e63,2026-08-01,validation
1,516833a046dbe7b8,2026-08-01,train
1,517127371118f92a,2026-08-01,train
1,51719523b756835d,2026-08-01,train
1,518947988da2bc6a,2026-08-01,train
1,51a503341ad111e3,2026-08-01,train
1,51a882d81c95c5e6,2026-08-01,train
1,51b009331f5c55f0,2026-08-01,train
1,51b89c2585bf088b,2026-08-01,test
1,51ca1647dc567e31,2026-08-01,train
1,5211149ee7f7b730,2026-08-01,validation
1,52267cc82ed2bb56,2026-08-01,test
1,523294bcc5ff8fea,2026-08-01,train
1,524450fcc1305305,2026-08-01,train
1,5271b5512730e328,2026-08-01,validation
1,527ddaf9dbdf29eb,2026-08-01,train
1,528763e8498a03d4,2026-08-01,train
1,52a08edbf6e87faa,2026-08-01,validation
1,52df2e310cea49ca,2026-08-01,train
1,52f78a3e931ce0e3,2026-08-01,train
1,52fcdd7335852498,2026-08-01,train
1,531feb018d4681bd,2026-08-01,train
1,5320d66f288b6f2f,2026-08-01,train
1,5322103fbc9bbb85,2026-08-01,train
1,5333a7d6305683ff,2026-08-01,test
1,5340b0f4901a0149,2026-08-01,train
1,5349089008e682e3,2026-08-01,test
1,53630114cdc41892,2026-08-01,train
1,538fa61479948d6e,2026-08-01,train
1,53cb9ff0f9143ac7,2026-08-01,train
1,53f46170925134d8,2026-08-01,train
1,53fad0c2c55cfdcc,2026-08-01,train
1,53fe032365da5c9c,2026-08-01,train
1,5418410ee42547dc,2026-08-01,test
1,543b6beb718e9dca,2026-08-01,test
1,546cbb83163f69ce,2026-08-01,train
1,5487f60f426d194d,2026-08-01,train
1,54a4434646fadde6,2026-08-01,train
1,54a7a6d9c141355a,2026-08-01,train
1,54c2f0ebe8cc789c,2026-08-01,train
1,54e0e10136e43f28,2026-08-01,train
1,5518824c24af89a0,2026-08-01,test
1,5519558981ddc7e8,2026-08-01,test
1,551e0a0fa4938a1b,2026-08-01,validation
1,553e79f828d3c255,2026-08-01,validation
1,5545bf8a5721f7ea,2026-08-01,validation
1,55613377ebfeca51,2026-08-01,train
1,559bb326397cf29f,2026-08-01,validation
1,55c10bfd2df0a3ad,2026-08-01,validation
1,55dc9e103ff85609,2026-08-01,train
1,55dd4de4eb2dd574,2026-08-01,train
1,561208beaac24f4d,2026-08-01,test
1,5623efb38d8769bd,2026-08-01,train
1,562a54452b799177,2026-08-01,test
1,5645442f355819b8,2026-08-01,train
1,5646d3fd5510e656,2026-08-01,train
1,564d3179587a2473,2026-08-01,train
1,56689eed2cfb206f,2026-08-01,train
1,567d1cc86578a0f4,2026-08-01,train
1,5698a054aa9df2c5,2026-08-01,train
1,56d1bd7bb654ad17,2026-08-01,train
1,56f6a81252e10f1c,2026-08-01,train
1,5702510a325ebde9,2026-08-01,train
1,57118833a4510c19,2026-08-01,train
1,5716439cea4a3c42,2026-08-01,train
1,575d0c65453a5d6c,2026-08-01,train
1,577e80c66892cd1c,2026-08-01,train
1,5797cf57ea006422,2026-08-01,validation
1,57b10ed4aad60435,2026-08-01,train
1,57d8f4280212a51a,2026-08-01,train
1,57dc0baacb18af9e,2026-08-01,validation
1,57f78c7d2981047d,2026-08-01,validation
1,58043139fb9c6f8c,2026-08-01,test
1,5812b1eaa1575526,2026-08-01,train
1,58202fc61da7e579,2026-08-01,validation
1,582d112391dd0d3f,2026-08-01,test
1,5841f9e32dc179c6,2026-08-01,train
1,5853f73f396eabab,2026-08-01,train
1,5867288e8038d626,2026-08-01,train
1,586b37ae69ed9199,2026-08-01,train
1,586c235ab9c42f4a,2026-08-01,validation
1,58a05df162cbc5ce,2026-08-01,train
1,58c834d5e86e099d,2026-08-01,validation
1,58ca960424fed7b3,2026-08-01,train
1,58e8552f7c9d5175,2026-08-01,train
1,58f1ab35d6bb65e3,2026-08-01,test
1,58f4b3d48fc7e172,2026-08-01,train
1,5911ae9e9a6c4345,2026-08-01,train
1,5927adb922bc2752,2026-08-01,train
1,5928096b47461447,2026-08-01,train
1,596e077fbc1e62ec,2026-08-01,train
1,59a22eef272fc5c4,2026-08-01,train
1,59b71285046f2e07,2026-08-01,train
1,59c1064fd34a8a79,2026-08-01,train
1,59d2012a78806b94,2026-08-01,test
1,59f3b1843ef26c26,2026-08-01,train
1,5a0e8be206858a81,2026-08-01,train
1,5a27dc8610012b34,2026-08-01,train
1,5a313dbfce296ab7,2026-08-01,test
1,5a53ae168aed8e22,2026-08-01,train
1,5a566c407610149a,2026-08-01,train
1,5a6804fad79ed6eb,2026-08-01,test
1,5a7d7671d8ba5f6b,2026-08-01,train
1,5a8e2086ef9dd438,2026-08-01,train
1,5aaddb57248e4ab3,2026-08-01,train
1,5ab5a13ed2b6c66f,2026-08-01,validation
1,5ac59e848bba17c5,2026-08-01,train
1,5add797a6af10ab5,2026-08-01,train
1,5ae98671ef74cdad,2026-08-01,test
1,5b1131a3c36168bf,2026-08-01,train
1,5b41b2eda5a8a28e,2026-08-01,test
1,5b48f5482858d99d,2026-08-01,validation
1,5b8ee67c75ee4661,2026-08-01,train
1,5b970c4e3eeb0bf6,2026-08-01,train
1,5bacf273278ddc6a,2026-08-01,train
1,5bb2fe02a2f91432,2026-08-01,train
1,5bc14119b547c37f,2026-08-01,train
1,5bcadba842855da0,2026-08-01,validation
1,5bdc52cd2e3597a0,2026-08-01,validation
1,5bf0b0d8c0771998,2026-08-01,train
1,5bf52cefd4e0b288,2026-08-01,test
1,5bf73920bd6e87e4,2026-08-01,train
1,5bfff754b7b0acd6,2026-08-01,train
1,5c13509757aa3db6,2026-08-01,train
1,5c1f63374ae56cb3,2026-08-01,train
1,5c22c42a7e76b1d3,2026-08-01,train
1,5c29e5f0749d76e6,2026-08-01,train
1,5c2ccad7a3b54094,2026-08-01,test
1,5c4c5f9bc6e19b71,2026-08-01,train
1,5c6b8acc78e97a90,2026-08-01,validation
1,5c72eff7c964b472,2026-08-01,validation
1,5ca531c516e260bb,2026-08-01,train
1,5caf34c2235b4958,2026-08-01,train
1,5cdcf7f32394fd81,2026-08-01,train
1,5cde06a169cc7df1,2026-08-01,validation
1,5d07878fa0eded94,2026-08-01,train
1,5d3e465cc45a41fb,2026-08-01,train
1,5d4e2c719aec8d1e,2026-08-01,train
1,5d615bbaf8eec873,2026-08-01,train
1,5d70a3bcc5ab34ff,2026-08-01,train
1,5d70d1c52c5232ed,2026-08-01,train
1,5d8a83031efb3393,2026-08-01,train
1,5d9411f382c3b6f9,2026-08-01,validation
1,5da83c2acfcd1249,2026-08-01,validation
1,5db6d072a507fe88,2026-08-01,train
1,5dda012b057a9efc,2026-08-01,test
1,5df4f6f9500c4fe4,2026-08-01,train
1,5e0dcdf16db356b2,2026-08-01,validation
1,5e350cf19059be07,2026-08-01,test
1,5e782bb56d74fffd,2026-08-01,test
1,5e9ebd6e385858e7,2026-08-01,validation
1,5ea8607ca74f2579,2026-08-01,train
1,5eae3d18281c6b58,2026-08-01,test
1,5ec4a3f89e04f364,2026-08-01,train
1,5ecc3e2eb18bdd6f,2026-08-01,train
1,5f071dbaa9a42889,2026-08-01,validation
1,5f2957aea7954a64,2026-08-01,train
1,5f389160f3e4cc48,2026-08-01,validation
1,5f4b1df7a100611b,2026-08-01,train
1,5f5b6c53b75ea66b,2026-08-01,train
1,5f7044e1f0896bb1,2026-08-01,train
1,5f724d04db4b5481,2026-08-01,train
1,5f8c74203b007923,2026-08-01,test
1,5f938fab54fb4753,2026-08-01,test
1,5f9e0200467c51b3,2026-08-01,train
1,5fbc96544c1b32f0,2026-08-01,train
1,5fbfdf47927ee255,2026-08-01,train
1,5fcf6eb0c7e0960f,2026-08-01,train
1,5fd92c1fc63e3618,2026-08-01,test
1,5fda9ae71f82cf5d,2026-08-01,validation
1,6005a1172b13d242,2026-08-01,validation
1,601d5045e12c85db,2026-08-01,validation
1,604b0e95fee2edd4,2026-08-01,train
1,606828c6041a9929,2026-08-01,validation
1,6083bcde2e587cd9,2026-08-01,validation
1,60a52d4dbcf186d3,2026-08-01,train
1,610274c86d443bdf,2026-08-01,train
1,611819c416fc9798,2026-08-01,train
1,613d4198f2fc46b0,2026-08-01,validation
1,61403259772cf590,2026-08-01,train
1,61568dce4cf00816,2026-08-01,train
1,61628def2d1503c3,2026-08-01,train
1,6162b547126871e3,2026-08-01,validation
1,61728e5534e3158d,2026-08-01,train
1,6175a2e872544ece,2026-08-01,train
1,61985419993ff0fe,2026-08-01,train
1,61a98c149c7180bb,2026-08-01,train
1,61aade8c2bc9bd0e,2026-08-01,test
1,61b324ca798dc732,2026-08-01,test
1,61b7d44956e5e40d,2026-08-01,train
1,61cc25565a5f259c,2026-08-01,validation
1,61d0a997ccfab689,2026-08-01,test
1,61d1a257ea93fdc0,2026-08-01,test
1,61d6de7e4650cbda,2026-08-01,test
1,61dd0d0412ed14b8,2026-08-01,train
1,61f2366471369a94,2026-08-01,train
1,61f8d0e57da95fcd,2026-08-01,validation
1,6225d9fbf506e8b4,2026-08-01,train
1,623728807d7d3cce,2026-08-01,test
1,625470644b35a543,2026-08-01,train
1,629357c56147609d,2026-08-01,test
1,62d57830576537a7,2026-08-01,train
1,62e704a4205be247,2026-08-01,train
1,62e99c76ce74c5c7,2026-08-01,validation
1,62e9e0241357ae97,2026-08-01,train
1,630689ce93a31477,2026-08-01,validation
1,63078a292b6a0744,2026-08-01,train
1,632584efeddfcd3c,2026-08-01,train
1,633f88c14e8e3bb1,2026-08-01,train
1,63488c1b5a68ba74,2026-08-01,train
1,635bbd506dc1b581,2026-08-01,train
1,6362357b019ef84e,2026-08-01,test
1,6377a60972063fab,2026-08-01,train
1,6388f1b6ff1d5bc6,2026-08-01,train
1,639315e71310728a,2026-08-01,train
1,63a45f81c21b6694,2026-08-01,train
1,63a65917c5e7f343,2026-08-01,train
1,63d3b3bf28417f4d,2026-08-01,validation
1,63e21306a07d9b50,2026-08-01,train
1,63e25ff962e262ae,2026-08-01,train
1,63e8a4dffa6292d2,2026-08-01,train
1,63fefc3b397af824,2026-08-01,test
1,64005742d5a84d10,2026-08-01,validation
1,6410783d4df568b5,2026-08-01,train
1,641a875d808a52e8,2026-08-01,validation
1,641fb76b4969bea8,2026-08-01,validation
1,642752f001c9d203,2026-08-01,validation
1,64308a68d11024d0,2026-08-01,train
1,643c9f5c3d57886f,2026-08-01,validation
1,64525c087edf9fbb,2026-08-01,train
1,648ca1952d9db49b,2026-08-01,train
1,649a733d5fad386b,2026-08-01,validation
1,64bbbbf4977a84e4,2026-08-01,train
1,650871cb6ba6a634,2026-08-01,train
1,651d64f656d7ddd4,2026-08-01,test
1,653dcef86edb875f,2026-08-01,train
1,6552f1128cdb5c70,2026-08-01,train
1,658d60c4bd44577f,2026-08-01,train
1,65975264abf8ab2b,2026-08-01,train
1,659a6ccbf3c52226,2026-08-01,validation
1,659c0acff60f0e3b,2026-08-01,train
1,65a6422552a581fc,2026-08-01,train
1,65d431d317bed5cc,2026-08-01,train
1,65f5913ff8ceec93,2026-08-01,test
1,660275f78bf1c6d4,2026-08-01,train
1,660fec9d912ef4d9,2026-08-01,train
1,661aadf01272f406,2026-08-01,train
1,6628c8d52693d855,2026-08-01,train
1,66681707835155a1,2026-08-01,test
1,669e7b0792e8d0ed,2026-08-01,test
1,66b5dbb0680abeb6,2026-08-01,train
1,66c082e2e5befe37,2026-08-01,train
1,66d011f003ce4370,2026-08-01,train
1,66e70d247a994ce9,2026-08-01,train
1,66f746890ca3a69a,2026-08-01,train
1,6710d2cfac12d0c8,2026-08-01,train
1,6721676e71b359e6,2026-08-01,validation
1,6721d5854624c519,2026-08-01,train
1,6738742764c7ea60,2026-08-01,train
1,675b5df0c5ef8285,2026-08-01,validation
1,678faf7d027db899,2026-08-01,test
1,6798552789984aba,2026-08-01,train
1,67ad25fa3220ebdb,2026-08-01,train
1,67ca29264a157740,2026-08-01,train
1,67d7ad2b01a67b93,2026-08-01,train
1,67e7715584349de3,2026-08-01,train
1,680540be9db80caa,2026-08-01,train
1,6813eebe6506b08d,2026-08-01,test
1,683b1e3c3cd33651,2026-08-01,train
1,6843c75f87f505ec,2026-08-01,train
1,6848e1e6d97fd94a,2026-08-01,train
1,68542fa5af142bdd,2026-08-01,train
1,68597ae4c9aa81ef,2026-08-01,train
1,687338043bdda42a,2026-08-01,train
1,688347c64dfa432f,2026-08-01,test
1,68d530616d04ddee,2026-08-01,train
1,6917359e471141d1,2026-08-01,validation
1,691f192cc8a70218,2026-08-01,train
1,692135c902d5795e,2026-08-01,train
1,6922784c546dbf1f,2026-08-01,train
1,69373c4edc1483c4,2026-08-01,train
1,69591f44aff687b7,2026-08-01,train
1,69731cf5175d9306,2026-08-01,train
1,6984e671f8357d8c,2026-08-01,train
1,6992de4856649406,2026-08-01,validation
1,69a8301bbeda468a,2026-08-01,train
1,69b945b456386db7,2026-08-01,train
1,69bff5698ac64d5e,2026-08-01,train
1,69c634154d13a13a,2026-08-01,train
1,69fd72289adcd566,2026-08-01,train
1,6a469a99b17cb89c,2026-08-01,train
1,6a5e0599903fc1d3,2026-08-01,validation
1,6a7b141c6cd0e624,2026-08-01,test
1,6a7be947e29703f3,2026-08-01,train
1,6a7f2681012c7a1b,2026-08-01,train
1,6a9295df29bfad0a,2026-08-01,train
1,6aa3789545f1794c,2026-08-01,train
1,6aa4fd28b611f572,2026-08-01,train
1,6ac506332d757fc6,2026-08-01,validation
1,6add475740154eff,2026-08-01,train
1,6ae03916f892c0e3,2026-08-01,test
1,6aea1d9a292ff48b,2026-08-01,train
1,6b2d7312c431b085,2026-08-01,train
1,6b3e3f02e7172fd8,2026-08-01,train
1,6b8e969c2c2d9f19,2026-08-01,train
1,6b9b5c61b0d6fb22,2026-08-01,test
1,6bad95d433df0ac2,2026-08-01,train
1,6c03a0dac392e238,2026-08-01,train
1,6c0696650df5f481,2026-08-01,train
1,6c2b40d8588493e9,2026-08-01,train
1,6c457e2a7ac345bc,2026-08-01,train
1,6c94ba1eaac3e286,2026-08-01,train
1,6ca301417b432e55,2026-08-01,train
1,6cb222185e2c92ba,2026-08-01,validation
1,6cfa78e4e6af644b,2026-08-01,validation
1,6d166cdd053679fd,2026-08-01,test
1,6d2a619930ece363,2026-08-01,validation
1,6d42f14d56818889,2026-08-01,train
1,6d46e54a26383118,2026-08-01,test
1,6d613a3a68669e0b,2026-08-01,validation
1,6d909b2d9fa0eb38,2026-08-01,train
1,6d926e4a0be6a388,2026-08-01,train
1,6d9fe268d6c9a65a,2026-08-01,validation
1,6da81cf70fb2ce16,2026-08-01,test
1,6dbabac2f5c3a038,2026-08-01,train
1,6dbfdb8bdb427659,2026-08-01,train
1,6dca2bef02df2780,2026-08-01,validation
1,6debe007ba0b0cb3,2026-08-01,train
1,6df54d089271e36c,2026-08-01,train
1,6e148860766eb258,2026-08-01,train
1,6e1a380cb148b00a,2026-08-01,train
1,6e5f9d9653240199,2026-08-01,validation
1,6e7266c7dc9001bd,2026-08-01,train
1,6e8bac7fcd58df75,2026-08-01,train
1,6e93327b849edd5a,2026-08-01,train
1,6ec98ca15d43d1e0,2026-08-01,train
1,6f05eca420d4d258,2026-08-01,train
1,6f1984c88a9317fb,2026-08-01,train
1,6f41a3a174df5364,2026-08-01,validation
1,6f4d8ed0ea15e5d9,2026-08-01,train
1,6f55a53fca1fe8f1,2026-08-01,train
1,6f57d80a985478da,2026-08-01,train
1,6f73dfe73131953e,2026-08-01,validation
1,6fa44b2c7eab4538,2026-08-01,test
1,6fa987906b7fb7ff,2026-08-01,train
1,6fad88261704b70a,2026-08-01,train
1,6faefff72a097189,2026-08-01,test
1,6fb4943277959f47,2026-08-01,validation
1,6fc1095b181d6829,2026-08-01,train
1,70069b72d2747df1,2026-08-01,train
1,700ae1bf41eaa37b,2026-08-01,train
1,70632f98cccca6c2,2026-08-01,train
1,708019da4a32ea28,2026-08-01,train
1,70834038357947d6,2026-08-01,train
1,70a270cb75ca9e33,2026-08-01,train
1,70ba1310d4418854,2026-08-01,validation
1,70c0d890f8906074,2026-08-01,train
1,70d7cfa56d50f1c8,2026-08-01,train
1,70f7edf7972b0f6e,2026-08-01,train
1,7116265f71a95c65,2026-08-01,train
1,71168d3393417998,2026-08-01,train
1,7127e296f23b77f2,2026-08-01,train
1,712d15b0687ed0c0,2026-08-01,train
1,714ab678afd1f25c,2026-08-01,train
1,716ed1e70606f8b0,2026-08-01,validation
1,71738222ca8ba0d2,2026-08-01,train
1,71a65473b4e18108,2026-08-01,test
1,721a316af4c7de75,2026-08-01,train
1,7259e6b0d3cd6a58,2026-08-01,train
1,726c4f30ec344953,2026-08-01,train
1,726e66095b5eb458,2026-08-01,train
1,728355743d908cb2,2026-08-01,train
1,7295f03fa4bcc66d,2026-08-01,train
1,729bcdb609b2c9af,2026-08-01,validation
1,729dd97e3a0aea51,2026-08-01,train
1,72a53f74a913282c,2026-08-01,train
1,72aecf1a60468579,2026-08-01,train
1,72c1497b73aa0893,2026-08-01,train
1,72cf219c06f4f37e,2026-08-01,train
1,72dc01bdd949f29a,2026-08-01,train
1,72eba9d7d4abcf89,2026-08-01,train
1,72f29252b4de0b83,2026-08-01,train
1,72f9aaffa391428c,2026-08-01,train
1,730b158986fba0f1,2026-08-01,train
1,73152a6b4f81a1fa,2026-08-01,train
1,731aa5284eb2eb10,2026-08-01,train
1,732e62b18ff8b971,2026-08-01,validation
1,734001cda436136c,2026-08-01,train
1,734ff239ff3ecaf0,2026-08-01,test
1,735254780d947d7c,2026-08-01,train
1,7364de6e9bb7a86b,2026-08-01,validation
1,736ac6382a0a85a8,2026-08-01,train
1,73c7e258aa008a6d,2026-08-01,train
1,73d945a65d64fa3d,2026-08-01,train
1,73e46c47fe62392f,2026-08-01,validation
1,73f655997b6f5503,2026-08-01,train
1,743b6e87cf574995,2026-08-01,train
1,743fa49cb9ae4963,2026-08-01,train
1,746f862bd6d97ed1,2026-08-01,train
1,747093942bff0138,2026-08-01,train
1,748bb014d4c8ed92,2026-08-01,validation
1,749de0f3d14315d2,2026-08-01,train
1,74ac368282b0c932,2026-08-01,train
1,74b7b925de8e2e8d,2026-08-01,train
1,74c92136cf20d62e,2026-08-01,train
1,74e6388c01a25a20,2026-08-01,test
1,750c455c3c34a4ee,2026-08-01,train
1,7524e51265bfb4ec,2026-08-01,train
1,75454d760d4b5756,2026-08-01,train
1,757d84c36e97f894,2026-08-01,train
1,75812025c465eeb4,2026-08-01,train
1,75bc77b3542e2882,2026-08-01,test
1,75d2cebfe290698d,2026-08-01,train
1,75f9041e86c3a99f,2026-08-01,train
1,761a98c1fb8e43c6,2026-08-01,train
1,761c678164ef8535,2026-08-01,train
1,764745747208913a,2026-08-01,validation
1,76761e564fbce0bc,2026-08-01,train
1,767a6d7b4da0aef9,2026-08-01,train
1,7695583fa25a9dc3,2026-08-01,test
1,76bb5dca18c5d942,2026-08-01,train
1,76d6e4da7eee84fb,2026-08-01,validation
1,76db8878379e7637,2026-08-01,train
1,76e7f57fb5ff7ecd,2026-08-01,train
1,76f0631cc2476a68,2026-08-01,test
1,777022f31882e2b0,2026-08-01,train
1,7771af818bc3c097,2026-08-01,test
1,77952b38c254794e,2026-08-01,validation
1,779b2dab73b26bd5,2026-08-01,test
1,77a14ffe3e2b9da8,2026-08-01,train
1,77b094bb42804efb,2026-08-01,train
1,77c6348db09b677e,2026-08-01,train
1,77e248036d04d76d,2026-08-01,test
1,78023c4a6503d57e,2026-08-01,train
1,780507e994d781fd,2026-08-01,train
1,783a6d8e23f78072,2026-08-01,train
1,783edcbefc2609d7,2026-08-01,train
1,7840267f6718d4cf,2026-08-01,test
1,78448679ed898cb1,2026-08-01,train
1,78606c7b010e78db,2026-08-01,test
1,7870dcea5b05c14d,2026-08-01,train
1,787ccfd9bb7acd2b,2026-08-01,validation
1,7897a5d1446a92b2,2026-08-01,train
1,78a5c1ff40f632a0,2026-08-01,train
1,78a79b14c8b93399,2026-08-01,train
1,78dce76e88f22a92,2026-08-01,train
1,78e538aeab132090,2026-08-01,train
1,78f35c2d7c655eaa,2026-08-01,train
1,791428525958b3c5,2026-08-01,train
1,792e23ad41ab5669,2026-08-01,train
1,79802c6abde2ccb4,2026-08-01,test
1,7999771cf904c815,2026-08-01,train
1,79cf9e708e03d783,2026-08-01,train
1,79d8bb92e6a05456,2026-08-01,train
1,79dd6a5cc139bfec,2026-08-01,train
1,79e66d4470a85932,2026-08-01,validation
1,79ee45f2cabc4162,2026-08-01,train
1,79f2e0c9535c33e1,2026-08-01,validation
1,7a0cc8c5eee871d4,2026-08-01,train
1,7a0e4822e36a22e2,2026-08-01,train
1,7a35259a054485b0,2026-08-01,train
1,7a38462790bbe22e,2026-08-01,train
1,7a5ef77b2b8c216b,2026-08-01,train
1,7a6acb42b261260d,2026-08-01,train
1,7a6f4645707c8fce,2026-08-01,test
1,7a756ede62bac1ef,2026-08-01,validation
1,7a776f6dc0c7c3ee,2026-08-01,train
1,7aad79f593cedb27,2026-08-01,train
1,7abbfbe67144e964,2026-08-01,train
1,7abde3c7c191b6d8,2026-08-01,train
1,7b0362cc16b9713e,2026-08-01,train
1,7b0877b6b9127f2f,2026-08-01,train
1,7b1ead36019b8a84,2026-08-01,train
1,7b2d3d071a8c343d,2026-08-01,test
1,7b559ae9f55d832c,2026-08-01,train
1,7bc1d122c1c41c35,2026-08-01,train
1,7bc3e16dca3f536d,2026-08-01,train
1,7bc67f7a0682c5e2,2026-08-01,train
1,7bea7389337835f9,2026-08-01,test
1,7c08946b0edc661a,2026-08-01,train
1,7c20dfc231142ea2,2026-08-01,train
1,7c36de9331f66a97,2026-08-01,validation
1,7c5dc3292a7ac089,2026-08-01,train
1,7c60a48c50e15a64,2026-08-01,train
1,7c70e05c919fa1b4,2026-08-01,test
1,7c8ff690a68652da,2026-08-01,train
1,7cafe0a1c6398021,2026-08-01,train
1,7cbd9fa9fcd60d2e,2026-08-01,train
1,7ccf2638d96491dd,2026-08-01,train
1,7cd6dd5e6617177e,2026-08-01,validation
1,7cf219e3cac2c065,2026-08-01,train
1,7cf6bf9f86aaa726,2026-08-01,train
1,7cf6c663fb6bbf50,2026-08-01,validation
1,7d3d661c45049361,2026-08-01,train
1,7d4c767fa3bd7b3b,2026-08-01,train
1,7d837433db2d4b18,2026-08-01,test
1,7d992c6b93b84f0a,2026-08-01,validation
1,7dcfe61f6ea252f4,2026-08-01,train
1,7dd44f2332c4443c,2026-08-01,train
1,7dd5f0a3bbb12a45,2026-08-01,train
1,7ddab212f914c6b1,2026-08-01,train
1,7e1e722ae1c7e7e4,2026-08-01,train
1,7e490bc64c2d55fb,2026-08-01,train
1,7e4b9bb8d741724f,2026-08-01,train
1,7e55e2507da41096,2026-08-01,train
1,7e7fed535ed4aeba,2026-08-01,train
1,7e83ba044f30a406,2026-08-01,train
1,7e96f0529af80546,2026-08-01,train
1,7ecf61efdf94f46e,2026-08-01,validation
1,7ee3f64db0f2eb40,2026-08-01,train
1,7ef310a2f4f371d1,2026-08-01,train
1,7ef7ad0be1971a65,2026-08-01,test
1,7f16e23d7758de97,2026-08-01,train
1,7f248586c750f082,2026-08-01,train
1,7f3c2534c696ba78,2026-08-01,train
1,7f3fc9e13abc0573,2026-08-01,train
1,7f6073aef2d80793,2026-08-01,train
1,7f61922685a79cc7,2026-08-01,train
1,7f656930d68640ac,2026-08-01,validation
1,7f657648ca2bfd9d,2026-08-01,validation
1,7f67cb9cb7d1f5f8,2026-08-01,validation
1,7f72ce792f421783,2026-08-01,train
1,7fc04708bb805f2d,2026-08-01,test
1,7ffcf61cab05a289,2026-08-01,train
1,800e8e69a96210fb,2026-08-01,validation
1,8027d7d5e34dddc4,2026-08-01,train
1,8038bad61fa65855,2026-08-01,validation
1,803c20678c4a050b,2026-08-01,validation
1,80503aad8a618d7a,2026-08-01,validation
1,8056092f7930596a,2026-08-01,test
1,806e96611c01cca5,2026-08-01,validation
1,8071311afca7c023,2026-08-01,train
1,80ba2ff93f15065f,2026-08-01,validation
1,80bbee8ecb8a482c,2026-08-01,train
1,80c37c929d247c35,2026-08-01,test
1,80df74ccbf415940,2026-08-01,train
1,8108dd8e5237c993,2026-08-01,test
1,815134bf67f4865f,2026-08-01,validation
1,815e9a6dbd55c376,2026-08-01,train
1,816d0e820d995464,2026-08-01,train
1,819090848d717c41,2026-08-01,test
1,81a7feb8c03ca38a,2026-08-01,train
1,81ad54fa93bdf184,2026-08-01,train
1,81d6f4fdbd960aed,2026-08-01,train
1,823508b061fa5233,2026-08-01,validation
1,82473cb3bcbeba8a,2026-08-01,train
1,82a16b586ac392e8,2026-08-01,train
1,82b3bf94ff8ddc45,2026-08-01,test
1,82c31fa203f2d3bf,2026-08-01,validation
1,82e7d81b72b4e10f,2026-08-01,validation
1,830bb52813d9e39f,2026-08-01,train
1,83135cef180677f8,2026-08-01,test
1,833e3955c7d58f9f,2026-08-01,train
1,8357c1d7f99025d0,2026-08-01,train
1,83e5be1e414ac2c1,2026-08-01,train
1,83e8a75513daa73d,2026-08-01,train
1,83ebb7347b2fa14f,2026-08-01,train
1,83ecba181926f8c1,2026-08-01,test
1,83ee6830d7c5634d,2026-08-01,validation
1,8459941622958d25,2026-08-01,train
1,84742b74c0bccefb,2026-08-01,test
1,84768a144b936b85,2026-08-01,train
1,84a430f1fef2bc1b,2026-08-01,train
1,84c7e1ec3359134f,2026-08-01,train
1,84db8e7bc7643618,2026-08-01,validation
1,84e295bac6622a32,2026-08-01,validation
1,850172c273a0bd3e,2026-08-01,validation
1,854b672ae0f1d716,2026-08-01,train
1,855a9bf573db3de0,2026-08-01,train
1,855d3533579ad689,2026-08-01,train
1,8563d54ad8f851df,2026-08-01,train
1,85928afec42ecc6d,2026-08-01,train
1,85b414eae27d2ea7,2026-08-01,validation
1,85b5f955be415bc5,2026-08-01,test
1,85b7bd61e145c839,2026-08-01,train
1,85fe74875c024eaa,2026-08-01,train
1,860d9ae919c53e6d,2026-08-01,validation
1,86456c63d2a62afe,2026-08-01,train
1,865738170bd07a1b,2026-08-01,test
1,8657fed3b0b08398,2026-08-01,test
1,86647bb071e762dd,2026-08-01,train
1,866cb48cdabbfd0f,2026-08-01,train
1,86856b22b5ed75ef,2026-08-01,train
1,86ac61d06f542e37,2026-08-01,train
1,86dd3b5c7adc7983,2026-08-01,train
1,86ea35d108c7ec8c,2026-08-01,test
1,86fa24105a1e5610,2026-08-01,train
1,872d5202aff886f8,2026-08-01,train
1,8732d90d6790c6af,2026-08-01,train
1,874f99747a538d7a,2026-08-01,train
1,876c09f4141fb3f5,2026-08-01,validation
1,876ef93aa168c5df,2026-08-01,train
1,8772f0640b6ea5bf,2026-08-01,validation
1,8784d8afe1471b5c,2026-08-01,train
1,878e31c155a56707,2026-08-01,train
1,87a49f19284ee9c5,2026-08-01,validation
1,87bda67715aa3e48,2026-08-01,train
1,87df86d7e72e7be3,2026-08-01,validation
1,87f8e3e389b913be,2026-08-01,test
1,881c0625c085ea17,2026-08-01,validation
1,8820332287868347,2026-08-01,validation
1,8828f880f285d04d,2026-08-01,validation
1,8832c16a1176e0ae,2026-08-01,train
1,8832fe5c8a3c0e05,2026-08-01,validation
1,887e3caa1c23d795,2026-08-01,train
1,88b9d5412c9a013e,2026-08-01,test
1,88f32004fd3e431a,2026-08-01,validation
1,88f9c5752e6d12ec,2026-08-01,test
1,89044df4e50971c7,2026-08-01,train
1,891ceb3f608461be,2026-08-01,train
1,8931e39fc47b9c6e,2026-08-01,validation
1,894dca55e95faec4,2026-08-01,test
1,895afbbf17ff14ba,2026-08-01,train
1,895f70b9b83d628d,2026-08-01,validation
1,896aec8b2cf00b7e,2026-08-01,train
1,8984f1f7de98f5b2,2026-08-01,test
1,898e600cdd5828d7,2026-08-01,train
1,89a6545eb2de29f4,2026-08-01,validation
1,89b7b507a1730a33,2026-08-01,train
1,89d02b31b678049f,2026-08-01,train
1,89e0e51a62dbf2db,2026-08-01,train
1,89e598c5a98f9e72,2026-08-01,train
1,8a4c9ee3e9dd277a,2026-08-01,train
1,8a541491a37a44c9,2026-08-01,test
1,8a58301595cb14fc,2026-08-01,train
1,8a651cb2240f29bb,2026-08-01,train
1,8a77e2fbe503ce62,2026-08-01,test
1,8a81dc2b2b2f1aba,2026-08-01,train
1,8aaeb4d3b54bb6e3,2026-08-01,validation
1,8abd7939c21373e2,2026-08-01,train
1,8afc0351dbf259a4,2026-08-01,validation
1,8b047bc6ffd1e51d,2026-08-01,train
1,8b0aa88f571417e1,2026-08-01,test
1,8b0ae62946b99ce1,2026-08-01,train
1,8b30633c1a777507,2026-08-01,test
1,8b4ccbb51d2e7ed7,2026-08-01,train
1,8b6dfd1bf11c9195,2026-08-01,train
1,8b9173fbca173ab2,2026-08-01,train
1,8b9474931b31a640,2026-08-01,train
1,8b9f881dc5863be1,2026-08-01,train
1,8bc12a262850f29c,2026-08-01,train
1,8be009afa7fffe9f,2026-08-01,train
1,8c3dc65e45b01b45,2026-08-01,validation
1,8c44ac64a465bed2,2026-08-01,test
1,8c6911128a309913,2026-08-01,test
1,8c6f4c5720e2b905,2026-08-01,train
1,8caff611cc65054f,2026-08-01,train
1,8cb0f6e4234e5f96,2026-08-01,validation
1,8cc1cdd64e692652,2026-08-01,train
1,8cd9d23ef35fba81,2026-08-01,train
1,8cddeadbdea9667e,2026-08-01,test
1,8ce65bcdae0dab30,2026-08-01,train
1,8ce931a5d278e230,2026-08-01,train
1,8d02b091d0ca9bae,2026-08-01,train
1,8d075dd3da66a6ad,2026-08-01,train
1,8d114115c44e4341,2026-08-01,train
1,8d79b75c29bea0ac,2026-08-01,test
1,8da0b225394ff4ee,2026-08-01,train
1,8df20cd434eabc6b,2026-08-01,validation
1,8e1c8026ed07894e,2026-08-01,train
1,8e551f3cd9c5d901,2026-08-01,train
1,8e59c1f58dafe1ca,2026-08-01,test
1,8e60b56d600d32e7,2026-08-01,train
1,8e79144dacac779a,2026-08-01,train
1,8ea4f7b0096f0f4f,2026-08-01,train
1,8f2618e5cdacccc5,2026-08-01,train
1,8f2eaa19556d0f63,2026-08-01,train
1,8f555732f4518ad2,2026-08-01,test
1,8f75510a0c05f138,2026-08-01,test
1,8f8bc548363a41d5,2026-08-01,train
1,8f8d28cd2a6e1f6c,2026-08-01,test
1,8f997d7dfaf545bb,2026-08-01,train
1,8fc15af7855f35b1,2026-08-01,train
1,8fe92a114aa8db1a,2026-08-01,train
1,90048c9a204777d7,2026-08-01,train
1,90051adebe029aef,2026-08-01,train
1,902d08ec945e4e34,2026-08-01,train
1,905977bed50cef51,2026-08-01,train
1,9066329bcba59f29,2026-08-01,train
1,90916c7e102df5cd,2026-08-01,train
1,90a7886117b144c3,2026-08-01,train
1,90cdd3a724faeca3,2026-08-01,train
1,90d1108b68e0551b,2026-08-01,train
1,90e099a75e136df8,2026-08-01,train
1,90e15bd0debf2ca4,2026-08-01,train
1,91125b010a53276b,2026-08-01,train
1,9157db3887e1b948,2026-08-01,train
1,91612e30ffb6866f,2026-08-01,train
1,9162df11ad9d8451,2026-08-01,test
1,918096c6be19c85f,2026-08-01,train
1,918f4d9012d68de8,2026-08-01,validation
1,91e35049b1108987,2026-08-01,train
1,9211ad6cef838c5b,2026-08-01,train
1,922c528a8f5ee115,2026-08-01,validation
1,9261b4bdb11718fb,2026-08-01,train
1,92741d7fdd8cbab1,2026-08-01,validation
1,927988544d6604e0,2026-08-01,validation
1,9287893e343ab233,2026-08-01,validation
1,92991933ddc1e9ff,2026-08-01,validation
1,92aebfbe88e392ad,2026-08-01,test
1,92cc51bdb119e71c,2026-08-01,test
1,92da3cfffb14e5ac,2026-08-01,train
1,92e8d13ed560031c,2026-08-01,train
1,932ed383373afa00,2026-08-01,train
1,934a53c3003b2913,2026-08-01,test
1,934f6722d1c78f5b,2026-08-01,train
1,93622de921ef1b43,2026-08-01,train
1,9384e3699149e881,2026-08-01,validation
1,9394784c2b218421,2026-08-01,train
1,93b0a2e600c4db2c,2026-08-01,train
1,93b3bc70e01dd5b8,2026-08-01,train
1,93bdc32d71dca07c,2026-08-01,train
1,940a2889a0a02a63,2026-08-01,train
1,9433fd76a013db2e,2026-08-01,train
1,94957f0b032c53fe,2026-08-01,train
1,94b4163982e2be2a,2026-08-01,train
1,94e39efc10bb5aa5,2026-08-01,train
1,94e5615f0f0396db,2026-08-01,train
1,94f812002cd097ec,2026-08-01,train
1,9503a69d9fe75fe0,2026-08-01,validation
1,95138601a9a8ee46,2026-08-01,validation
1,9518d41298d68dc3,2026-08-01,train
1,953bdb3bac870729,2026-08-01,train
1,9568244697f02741,2026-08-01,train
1,956bd2d88db46a7e,2026-08-01,train
1,957c1db9a68a53e3,2026-08-01,train
1,957e0238816f68cd,2026-08-01,train
1,958484c8eb4f1dea,2026-08-01,train
1,958be5a9a55a81e8,2026-08-01,train
1,95969db96f87c146,2026-08-01,validation
1,95b16eb2326584be,2026-08-01,train
1,9610cfce35794d57,2026-08-01,train
1,966353dc07771d6c,2026-08-01,train
1,967e505ae903f4f0,2026-08-01,train
1,96b6712ea6066b91,2026-08-01,train
1,96c0c4253112d13d,2026-08-01,train
1,96eaf4086851f738,2026-08-01,train
1,96f45c518539a896,2026-08-01,train
1,96ff86e5ea439c45,2026-08-01,train
1,97145e87fdfd0d8b,2026-08-01,train
1,972b8e46abbf5f1e,2026-08-01,train
1,973cc7d50fefb647,2026-08-01,train
1,974df3542fd3c993,2026-08-01,train
1,9760f1d87045c4f8,2026-08-01,train
1,9769e9d5f06480d8,2026-08-01,train
1,977c851ea729f8a2,2026-08-01,train
1,9787232af3421a1a,2026-08-01,train
1,97c0b584ef244c7e,2026-08-01,validation
1,97f17088a8de08a0,2026-08-01,train
1,97f4be0f8c332f59,2026-08-01,train
1,981d111d919ab88e,2026-08-01,train
1,983c7ed941bfe87e,2026-08-01,test
1,98630c5f450b885f,2026-08-01,train
1,986581e2bfdc9008,2026-08-01,train
1,988b6a92391ba460,2026-08-01,train
1,988cebe128c20091,2026-08-01,test
1,98bb2f2eb77cfb0b,2026-08-01,test
1,98c52e28753553bb,2026-08-01,test
1,98cccf4a3d63771d,2026-08-01,train
1,99243ebbbb0529d0,2026-08-01,train
1,9958fd8fe5793f57,2026-08-01,train
1,9969a2078063e74a,2026-08-01,train
1,99acf707223e37a9,2026-08-01,train
1,99c9f3a1203b4503,2026-08-01,train
1,99df20a53a6e62ed,2026-08-01,train
1,9a10cf0a0c86d0d5,2026-08-01,train
1,9a139f459b490137,2026-08-01,train
1,9a603b2ecdff6bf1,2026-08-01,train
1,9a7d1c980913ec5a,2026-08-01,train
1,9a9ff338291df581,2026-08-01,train
1,9ade19838ecfddd0,2026-08-01,validation
1,9ae331b95f5a663f,2026-08-01,train
1,9b139121482c970c,2026-08-01,train
1,9b191e1e95b174b8,2026-08-01,train
1,9b1c909ade26fecf,2026-08-01,train
1,9b41115f617f4be0,2026-08-01,validation
1,9b6f7ceeebdc1e17,2026-08-01,train
1,9b7df2ac48d376bb,2026-08-01,validation
1,9b96904d5db73ad4,2026-08-01,train
1,9ba545dae87c2943,2026-08-01,train
1,9bab51f4d235b26d,2026-08-01,validation
1,9bc934bbfbd8d281,2026-08-01,validation
1,9bd8ee09fbc5897d,2026-08-01,train
1,9c0572b91251e184,2026-08-01,train
1,9c2d77aa9b5811db,2026-08-01,train
1,9c3947210632d90f,2026-08-01,train
1,9c4dde7a4b773406,2026-08-01,test
1,9c65e452d5ab6c79,2026-08-01,train
1,9ca9153107803d8a,2026-08-01,train
1,9cadf644dd56c84d,2026-08-01,train
1,9caf475f9f1df940,2026-08-01,train
1,9cb3bd4b9babf3d2,2026-08-01,train
1,9cb722e8718df12a,2026-08-01,train
1,9cd056c7f1901d8f,2026-08-01,train
1,9cebb289eb819a3c,2026-08-01,train
1,9d3b4a304eea059a,2026-08-01,validation
1,9d456444520ba71f,2026-08-01,train
1,9d45de24b2500209,2026-08-01,train
1,9d8e87723a8ca49a,2026-08-01,train
1,9d8f0398d33fbbc7,2026-08-01,train
1,9d95069be2adf8cc,2026-08-01,train
1,9da9df0ba92bc517,2026-08-01,test
1,9dae921b0985e9fc,2026-08-01,train
1,9daf07d676438e43,2026-08-01,train
1,9dbb54c12337cc6f,2026-08-01,validation
1,9dbc7178b94e66d6,2026-08-01,train
1,9dffae3b339d77e8,2026-08-01,train
1,9e2df972158867a0,2026-08-01,train
1,9e65c808b00ba5b8,2026-08-01,train
1,9e6eaf9a2e9c9b63,2026-08-01,train
1,9e9283d6441d93fe,2026-08-01,train
1,9ea5402dfb282f58,2026-08-01,train
1,9ea74fded6cce539,2026-08-01,train
1,9ead2d95622ef7af,2026-08-01,validation
1,9eb7795226175e9d,2026-08-01,train
1,9ee30432f61aa3b2,2026-08-01,test
1,9ef57b2c8161b151,2026-08-01,train
1,9f146cc731ac73f0,2026-08-01,validation
1,9f15f4a1e22d20c7,2026-08-01,validation
1,9f43f51ce773aa01,2026-08-01,train
1,9f594b41ec39e16c,2026-08-01,train
1,9f9957108850f58b,2026-08-01,train
1,9fc795ef7f140cc0,2026-08-01,train
1,9fd35c7f7083885d,2026-08-01,validation
1,9fff2fa1de9bb302,2026-08-01,train
1,a0024a2887536a4b,2026-08-01,train
1,a02b6d83f492b6ea,2026-08-01,train
1,a02f259751ca4682,2026-08-01,train
1,a070733bc6d52881,2026-08-01,train
1,a08a076e6632201c,2026-08-01,train
1,a09d42728839cf93,2026-08-01,train
1,a0bf0bfafaca32e9,2026-08-01,train
1,a0d5b029c9ffa271,2026-08-01,train
1,a101f5e8b5abf1a1,2026-08-01,train
1,a10818090519bc7f,2026-08-01,train
1,a11898825d74e614,2026-08-01,train
1,a1261402afba0f75,2026-08-01,train
1,a135d0048e2805ec,2026-08-01,train
1,a154608da0a4cd38,2026-08-01,train
1,a17ee8fd95a03594,2026-08-01,validation
1,a182fc27357e354b,2026-08-01,train
1,a19d9d0eb9ffc12f,2026-08-01,test
1,a1a2e0e4be866ae7,2026-08-01,train
1,a1a895f6d716502f,2026-08-01,train
1,a1e718cc3bc24f8a,2026-08-01,validation
1,a1ecb6af9b5832a0,2026-08-01,train
1,a2147d8410a8b33e,2026-08-01,train
1,a241a169a73d62d3,2026-08-01,validation
1,a24684e3fa5faa23,2026-08-01,train
1,a24f3220d69fe067,2026-08-01,test
1,a257c545de817070,2026-08-01,train
1,a26bd11208448b82,2026-08-01,train
1,a27ce74d9eca3498,2026-08-01,test
1,a287762106699b9c,2026-08-01,train
1,a28d97c5c6598220,2026-08-01,train
1,a29d66af62844dfd,2026-08-01,test
1,a2c288754d162bac,2026-08-01,train
1,a2cbb1b3a3b1440a,2026-08-01,train
1,a2d101b3830712a6,2026-08-01,train
1,a2d54de9d60d730a,2026-08-01,train
1,a3392892ed757acb,2026-08-01,train
1,a35eb9375f2f855e,2026-08-01,train
1,a35f96dfd8a74b94,2026-08-01,train
1,a369f3fa98f9a82c,2026-08-01,train
1,a37194c8f638c05d,2026-08-01,test
1,a37513f4e5943741,2026-08-01,train
1,a3b51bbf13b6b891,2026-08-01,test
1,a3b949fe547a8c2f,2026-08-01,train
1,a3dd767529053b0a,2026-08-01,train
1,a3fd80de9dc7cd70,2026-08-01,train
1,a40fde0a1e384c69,2026-08-01,test
1,a425a83cad9232ef,2026-08-01,train
1,a4768ff583d26860,2026-08-01,validation
1,a47d173b8743ed77,2026-08-01,validation
1,a47fe30e20d0f0f6,2026-08-01,train
1,a4936759075524dd,2026-08-01,test
1,a4c62d1df2cc95cd,2026-08-01,train
1,a4e8073dc575beab,2026-08-01,train
1,a50f1f9008b16e8f,2026-08-01,train
1,a513fc7ecbf03c6e,2026-08-01,train
1,a57ba5b3f7c3a32b,2026-08-01,test
1,a58458170db993b8,2026-08-01,train
1,a5a1b78f054e2a12,2026-08-01,train
1,a5af4dc4e59601b6,2026-08-01,test
1,a5e0a2a49b975a2d,2026-08-01,train
1,a5fd38156c71ca40,2026-08-01,train
1,a6143759863c45d3,2026-08-01,train
1,a6361f7eb3fc5845,2026-08-01,train
1,a67d5e6f6a14a7a6,2026-08-01,train
1,a67f440c1983100e,2026-08-01,train
1,a6a40564c0635c7d,2026-08-01,validation
1,a6d27af7b4a592f4,2026-08-01,train
1,a6e88b2afed41bdf,2026-08-01,train
1,a6f5c1f464ffe911,2026-08-01,train
1,a7052db0850cd0bf,2026-08-01,train
1,a7176a1c3f7d3963,2026-08-01,train
1,a7371a03de19bec7,2026-08-01,train
1,a774007644646681,2026-08-01,train
1,a7963b941d0e8caa,2026-08-01,test
1,a79e0bdc7971bf15,2026-08-01,train
1,a79ec11c3b3f0989,2026-08-01,train
1,a7ab4959f5345479,2026-08-01,test
1,a7b2554b8b85d0a7,2026-08-01,train
1,a7e51db87386c9a6,2026-08-01,test
1,a8049313b3b93147,2026-08-01,validation
1,a8053ca460df0624,2026-08-01,train
1,a80bbabbabffbc40,2026-08-01,validation
1,a80d01dc8feac8cc,2026-08-01,test
1,a81109464fd9317f,2026-08-01,train
1,a81ae34c82079b98,2026-08-01,validation
1,a822777e0a864815,2026-08-01,validation
1,a828c2675a956894,2026-08-01,train
1,a84a32d3a78f1658,2026-08-01,test
1,a8ac7f37237cb16f,2026-08-01,train
1,a8ed105d40399c5c,2026-08-01,validation
1,a93d2a2d29b346a8,2026-08-01,train
1,a93f17585e7c0e69,2026-08-01,train
1,a946d7ca32a6af87,2026-08-01,train
1,a9725c2b30862877,2026-08-01,validation
1,a9944e47580f54b2,2026-08-01,test
1,a9976d7ceca19229,2026-08-01,train
1,a9b4afb93afb0362,2026-08-01,train
1,a9b6773252f2ab50,2026-08-01,train
1,a9d2be0f9ad52f09,2026-08-01,train
1,a9d35d0e15f124dd,2026-08-01,train
1,a9fdcdafeb54af7c,2026-08-01,test
1,aa0bac7b213f038a,2026-08-01,train
1,aa0c19a7242304b9,2026-08-01,train
1,aa10c445c96aff47,2026-08-01,train
1,aa24c36aa9a2e0a3,2026-08-01,train
1,aa380779241472bd,2026-08-01,train
1,aa5162811eb135c3,2026-08-01,validation
1,aa55e9c3c7efec97,2026-08-01,train
1,aa576a2527acd3d2,2026-08-01,train
1,aa9687ce4d75d8dc,2026-08-01,train
1,aafae660f1c64458,2026-08-01,train
1,ab294fe0ae58f5bc,2026-08-01,train
1,ab3b77ea89230224,2026-08-01,train
1,ab417fc56cf01d11,2026-08-01,test
1,ab4e68451fa0ca55,2026-08-01,validation
1,ab5cd72d3ade49bd,2026-08-01,validation
1,ab65289eaee54bcd,2026-08-01,train
1,ab91a3fb6d0c6ea2,2026-08-01,validation
1,ab9b0b8cbfb9eb37,2026-08-01,train
1,aba387f93b5e04e9,2026-08-01,train
1,abaf452d3424e45a,2026-08-01,train
1,abb59dc95d3d198c,2026-08-01,train
1,abc771ac35723d44,2026-08-01,train
1,abcc1b1c41fa8578,2026-08-01,train
1,abdd84c1c25849da,2026-08-01,train
1,abe25b4f6562c8c1,2026-08-01,train
1,ac0a02225673dff3,2026-08-01,test
1,ac208ee094b392c0,2026-08-01,train
1,ac25374abc578832,2026-08-01,train
1,ac3b7450d1d703e1,2026-08-01,validation
1,ac438e9fcd5324a4,2026-08-01,train
1,ac4caa74a58b7f3a,2026-08-01,train
1,ac8fae57837a95a4,2026-08-01,train
1,aca748c7da824440,2026-08-01,test
1,acaef2b1fbd79ab5,2026-08-01,train
1,acb8ece2f82dc7f2,2026-08-01,train
1,acc13af307e10a4e,2026-08-01,test
1,acf3ea3be40a8e82,2026-08-01,train
1,ad02de1d73641913,2026-08-01,validation
1,ad0b795d2ee84e85,2026-08-01,test
1,ad0f5bebdd9429a3,2026-08-01,train
1,ad647aa9c116be22,2026-08-01,train
1,ad79b8a9d6874712,2026-08-01,train
1,adbf206f412e6c8a,2026-08-01,validation
1,addd636ac96c894d,2026-08-01,train
1,adefc0b2693c07bd,2026-08-01,train
1,ae06c9526be54f63,2026-08-01,train
1,ae0d3312e1df8c4a,2026-08-01,train
1,ae2a7a7f10b9028d,2026-08-01,train
1,ae46df5c18ee936d,2026-08-01,test
1,ae6a818bf9124092,2026-08-01,train
1,ae8135549586fea9,2026-08-01,train
1,aeab1110987faa12,2026-08-01,test
1,aeac41a0f00e7688,2026-08-01,validation
1,aeb632878521f74a,2026-08-01,train
1,aebd3af93602c14c,2026-08-01,train
1,aecd6b74944828c2,2026-08-01,test
1,aef4dfcd0487cb06,2026-08-01,validation
1,af0348c0823f63f5,2026-08-01,train
1,af0738338739e9f3,2026-08-01,train
1,af09b4272be4adb8,2026-08-01,train
1,af0cc0b1cd038932,2026-08-01,train
1,af16bedee70d186c,2026-08-01,test
1,af221dac20b5cf79,2026-08-01,train
1,af3754f041b66880,2026-08-01,validation
1,af3f3cd2da013481,2026-08-01,train
1,af477f229dfa026d,2026-08-01,test
1,af5e6dd289b766d7,2026-08-01,train
1,af6d2f380094b396,2026-08-01,train
1,af70026f0d8683fd,2026-08-01,train
1,af94d72029e82cae,2026-08-01,train
1,af98225f3f658582,2026-08-01,train
1,afa37aa0d230a9ae,2026-08-01,train
1,afdb6fdee2622cf4,2026-08-01,train
1,b0195308fdefef45,2026-08-01,test
1,b0290c34c8186b59,2026-08-01,train
1,b0509b1fd06f3774,2026-08-01,train
1,b069b8a00518cc45,2026-08-01,train
1,b06d4751fac4bdb0,2026-08-01,train
1,b083315d3b6e047d,2026-08-01,validation
1,b09a02548accbcf5,2026-08-01,train
1,b0aea9d2ecaf3004,2026-08-01,train
1,b0e3de7c0cb7d021,2026-08-01,train
1,b13f3e069e6daaac,2026-08-01,validation
1,b15eb8b84b46ea69,2026-08-01,validation
1,b16280f6c3715aae,2026-08-01,train
1,b182439c6e71b513,2026-08-01,train
1,b1bf8bdfee10ab62,2026-08-01,validation
1,b1eb521b321b1228,2026-08-01,validation
1,b22139dde91d1d80,2026-08-01,train
1,b243a840f10df627,2026-08-01,train
1,b27a0e6ef8ce17f5,2026-08-01,train
1,b28d5595cb5255b5,2026-08-01,train
1,b29ad7fd83f1bfca,2026-08-01,validation
1,b2a74ca07b7c2dbd,2026-08-01,train
1,b2aaecfe1170d307,2026-08-01,train
1,b2ae1c7d121f3836,2026-08-01,train
1,b2e491562a2cf34b,2026-08-01,train
1,b2ee030bcbd33a89,2026-08-01,validation
1,b2f7c6803e399c62,2026-08-01,validation
1,b3008b4a73db6c0b,2026-08-01,test
1,b331f3da6ad40793,2026-08-01,validation
1,b3638b644e58807f,2026-08-01,validation
1,b37ea16ac4dfc450,2026-08-01,test
1,b38a061a4d459fc8,2026-08-01,train
1,b39570e4e41a795c,2026-08-01,train
1,b3a2018fa3742a56,2026-08-01,train
1,b3c2e64efa8a6713,2026-08-01,test
1,b40d5ef015a05ffa,2026-08-01,validation
1,b416a003f131b160,2026-08-01,validation
1,b42239935bf2b175,2026-08-01,train
1,b46a5d12e771e496,2026-08-01,train
1,b4a9c9b859e045a1,2026-08-01,test
1,b4aa423ce46f537f,2026-08-01,train
1,b4aa9ac1d801c296,2026-08-01,test
1,b4ab15d0b80f4be2,2026-08-01,test
1,b4c494fa8cc1ec21,2026-08-01,validation
1,b4c4ce65c8375639,2026-08-01,train
1,b4c6137f204dced5,2026-08-01,train
1,b4fe89b27de42f4c,2026-08-01,train
1,b502bc605e24cbe6,2026-08-01,train
1,b512c6b18b63a379,2026-08-01,train
1,b522e9c818d5a4a8,2026-08-01,train
1,b559f82fff501dad,2026-08-01,train
1,b58006cdced2e65b,2026-08-01,train
1,b586c17121712fbe,2026-08-01,train
1,b592d82de4fff6e8,2026-08-01,train
1,b595b01260709bcd,2026-08-01,test
1,b59c03ae91784e40,2026-08-01,validation
1,b5db34eb43bc6a0a,2026-08-01,train
1,b5e1ebc1a8493a30,2026-08-01,train
1,b5ea02740f3cb594,2026-08-01,test
1,b6012d5f0cd2cd07,2026-08-01,validation
1,b603693e322e6f5e,2026-08-01,test
1,b632f0c5687e3fa4,2026-08-01,train
1,b64ee3906a40ed38,2026-08-01,validation
1,b678c44cd6048ba5,2026-08-01,test
1,b6b8bca574106fa4,2026-08-01,test
1,b6caec537c045357,2026-08-01,train
1,b6cba43185b290d7,2026-08-01,train
1,b6de6beca89ad4bf,2026-08-01,validation
1,b6fce43eee17f42a,2026-08-01,train
1,b704ad852c1ef560,2026-08-01,train
1,b71857c7460511fc,2026-08-01,train
1,b71ccc2105b33a2d,2026-08-01,test
1,b729e6131370eda2,2026-08-01,train
1,b74c70067f035992,2026-08-01,train
1,b764a026727da601,2026-08-01,train
1,b7821f97e92a9314,2026-08-01,train
1,b78d61020ca73d67,2026-08-01,train
1,b798ecf6f6a46858,2026-08-01,validation
1,b7b14e6bb93679de,2026-08-01,train
1,b7d237409b6232e4,2026-08-01,train
1,b7d24c0fd40b1aad,2026-08-01,train
1,b7f4c1e5e769b557,2026-08-01,train
1,b8217f34852f5ef1,2026-08-01,train
1,b83c39fdc8880c79,2026-08-01,train
1,b83c427d8972cc24,2026-08-01,train
1,b85088286e39cf28,2026-08-01,train
1,b85ab9d13505a140,2026-08-01,test
1,b85ea9577057b66e,2026-08-01,validation
1,b87ec883fefdd136,2026-08-01,test
1,b882fa3eb31622e8,2026-08-01,train
1,b8839d87e53b3b31,2026-08-01,train
1,b887113208491020,2026-08-01,train
1,b8acc33fa7fe55f7,2026-08-01,train
1,b8b5dc4a79d12956,2026-08-01,train
1,b8c33e9065c54613,2026-08-01,train
1,b8f03d72b0bc3474,2026-08-01,test
1,b8f14d108ed0b4a5,2026-08-01,train
1,b8fab21f4f3b8501,2026-08-01,test
1,b8fc81201a24aac3,2026-08-01,train
1,b9011acecbf0ba1d,2026-08-01,train
1,b93dfd6cb3dce9b7,2026-08-01,train
1,b942d676f19c68dc,2026-08-01,train
1,b9495f3bcaa70c85,2026-08-01,train
1,b95552bdbd56b264,2026-08-01,train
1,b96c210377bd0153,2026-08-01,validation
1,b987a1b1cf78d982,2026-08-01,train
1,b9913bd267448577,2026-08-01,train
1,b99911c339c2cfd1,2026-08-01,validation
1,b9ae8badd0de5ac8,2026-08-01,train
1,b9c4db5469c6938b,2026-08-01,train
1,b9c9f365f35f12f2,2026-08-01,train
1,b9d04710867a0a26,2026-08-01,validation
1,ba2aafa60fe269de,2026-08-01,train
1,ba8442051bbf2edb,2026-08-01,test
1,ba854a49ba5f1049,2026-08-01,train
1,baa903bd2b23180f,2026-08-01,validation
1,babbd677b26b6020,2026-08-01,test
1,bac4ce5d4e5d1254,2026-08-01,validation
1,bb191a2ee3a49ebf,2026-08-01,train
1,bb3b3e4da86d9ce9,2026-08-01,train
1,bb51932263091cf1,2026-08-01,train
1,bb582ef0734a240e,2026-08-01,train
1,bb64b361e25d2efc,2026-08-01,train
1,bba29cbd14a232ba,2026-08-01,train
1,bbbe211d55c382cf,2026-08-01,train
1,bbc15df409934f9c,2026-08-01,train
1,bbdd326963908eb5,2026-08-01,test
1,bc05071c7d551c88,2026-08-01,train
1,bc10e7c31515303a,2026-08-01,train
1,bc11c9c8a360e3e5,2026-08-01,train
1,bc123b47a9812521,2026-08-01,train
1,bc2b78c83c980683,2026-08-01,train
1,bc63ae2620d14097,2026-08-01,train
1,bc7a5e07003fd6c6,2026-08-01,train
1,bc9a55a4c836a9aa,2026-08-01,test
1,bca162e1ab03cab1,2026-08-01,train
1,bcbce90fd0c5d320,2026-08-01,train
1,bcd3179b3b2119b0,2026-08-01,train
1,bce1c2de2a20e577,2026-08-01,train
1,bce9075a2fad1eb8,2026-08-01,train
1,bd196317153291a1,2026-08-01,train
1,bd23a20d18231a2e,2026-08-01,validation
1,bd3457b2b94a8001,2026-08-01,train
1,bd5de28b7c9cd420,2026-08-01,train
1,bd5df7b0046cc5ec,2026-08-01,train
1,bd6c98e2003aa1d5,2026-08-01,train
1,bd8a65cf39a1df31,2026-08-01,train
1,bdb9b20a25c45de9,2026-08-01,train
1,bdfbf63836c78a7d,2026-08-01,train
1,bdfd60e7e5e1d078,2026-08-01,validation
1,be0a3c48b3d08449,2026-08-01,validation
1,be21179674ba408c,2026-08-01,train
1,be5ea4266b812d7b,2026-08-01,train
1,be6fdd727e8f8bf5,2026-08-01,train
1,beb00016835379b0,2026-08-01,test
1,bef82a503520fe50,2026-08-01,test
1,bf0901594f774e47,2026-08-01,validation
1,bf259359a9290fac,2026-08-01,train
1,bf3fd9abf87f94af,2026-08-01,validation
1,bf5fd2f9379a7922,2026-08-01,train
1,bf6f843f4e16fbbd,2026-08-01,train
1,bf98440ac630651d,2026-08-01,train
1,bfaffdb27fc50014,2026-08-01,test
1,bfbc2172b7fa34a6,2026-08-01,train
1,bfcf831eb4c060b3,2026-08-01,validation
1,bfd45288770466cf,2026-08-01,test
1,bfdada2f9f6aeb00,2026-08-01,train
1,bfdcdc2960ad08e4,2026-08-01,train
1,c00a44d7b8453316,2026-08-01,train
1,c01d85beeb988b2b,2026-08-01,train
1,c01e9bdf9cc45d47,2026-08-01,train
1,c040d11e88c559ec,2026-08-01,test
1,c04cf28054d1d549,2026-08-01,test
1,c0572d9e1d565d33,2026-08-01,train
1,c072188ff3fa6f64,2026-08-01,train
1,c080ef772c4f7911,2026-08-01,train
1,c09060ea114eb669,2026-08-01,train
1,c0ac49f2d7e1b18c,2026-08-01,train
1,c0b3417b3e8c7486,2026-08-01,test
1,c0cfbda87572ff78,2026-08-01,test
1,c0ffe06653b91910,2026-08-01,train
1,c15dde4a4734e330,2026-08-01,train
1,c169bbc80bb9e4d0,2026-08-01,train
1,c1a3c75263da6e65,2026-08-01,validation
1,c1c9bd4ccfe723db,2026-08-01,train
1,c1fac1d88abf4a42,2026-08-01,train
1,c1fd059437476af7,2026-08-01,train
1,c20fd1a8bc606152,2026-08-01,validation
1,c22a66be5239fc16,2026-08-01,test
1,c2309ead44f6eaab,2026-08-01,train
1,c23f74ac886c4e52,2026-08-01,train
1,c267c653ba1fb83c,2026-08-01,test
1,c271667e02e6ea4c,2026-08-01,validation
1,c2726ae2a49c93b0,2026-08-01,train
1,c2a232420347b3a4,2026-08-01,train
1,c2ef48d9542b8ed8,2026-08-01,train
1,c2f6a17d8d165dff,2026-08-01,train
1,c33948fedf2617ac,2026-08-01,train
1,c3536bd614c0c14f,2026-08-01,test
1,c38756583e63376e,2026-08-01,train
1,c3891762a049ef7f,2026-08-01,train
1,c3a50ed5d7a7edd2,2026-08-01,train
1,c3b640fd29e03969,2026-08-01,test
1,c3cb16f5360d26dc,2026-08-01,train
1,c3f03d4b2ef18726,2026-08-01,train
1,c41da0bdfadd8a61,2026-08-01,test
1,c422171f2df1c0ff,2026-08-01,train
1,c463acae7306e394,2026-08-01,validation
1,c4661df5736980fe,2026-08-01,train
1,c46ec04410ca9de0,2026-08-01,validation
1,c48ced7f90c17af1,2026-08-01,train
1,c49b514b151b8347,2026-08-01,train
1,c4a31482c9986ae9,2026-08-01,validation
1,c4c0fbdcfeb5338e,2026-08-01,train
1,c51e07de6fc6688b,2026-08-01,train
1,c5238e5e241446ec,2026-08-01,train
1,c5323a14ff0b83fb,2026-08-01,test
1,c538cd389c5e2a29,2026-08-01,train
1,c55d2f9962f1a374,2026-08-01,train
1,c58a2c4e53a129e0,2026-08-01,validation
1,c59960b12ae4c47a,2026-08-01,test
1,c5a49bc7c2a751f0,2026-08-01,test
1,c5a6ebf4cca1a8ad,2026-08-01,validation
1,c5ac20e30e4b7504,2026-08-01,test
1,c5b5a46f3551a60c,2026-08-01,train
1,c5bd619a6d6deffd,2026-08-01,test
1,c5db51502cbba520,2026-08-01,train
1,c5e50afb9a058960,2026-08-01,train
1,c5f2bad41225c2e0,2026-08-01,train
1,c608006b6a20f757,2026-08-01,train
1,c66101bb73460d6a,2026-08-01,train
1,c68ac5112f37d3af,2026-08-01,validation
1,c6989023dc26b991,2026-08-01,train
1,c6c399a03d66147d,2026-08-01,validation
1,c6d5f0bab0a66049,2026-08-01,train
1,c6da4d39fb4c2866,2026-08-01,train
1,c6ea68ff6123e3b4,2026-08-01,train
1,c7101c3e22efbf5e,2026-08-01,test
1,c717626607e3881d,2026-08-01,train
1,c73927d61fe3201e,2026-08-01,train
1,c7413a6b24a3fcd6,2026-08-01,train
1,c759fcc0c42cf19d,2026-08-01,train
1,c7cb32332b1cc3d7,2026-08-01,train
1,c7d4106818ba3fdd,2026-08-01,train
1,c7f11972b31a7db4,2026-08-01,validation
1,c7f413a1c0a176d3,2026-08-01,train
1,c7f4c0ee3f24ac45,2026-08-01,train
1,c830365a4bf41e71,2026-08-01,train
1,c8390ee84ab4a18c,2026-08-01,train
1,c86606c4192c59c8,2026-08-01,train
1,c8833093ebb1c285,2026-08-01,train
1,c890fe83da509848,2026-08-01,train
1,c8ab49843cc80c89,2026-08-01,train
1,c8bfb56cb52f09c9,2026-08-01,train
1,c8ce13bccb46763b,2026-08-01,train
1,c8d54305e368f615,2026-08-01,train
1,c8ec02d408815928,2026-08-01,validation
1,c9057cfc8da02665,2026-08-01,train
1,c90fde2b9e8c8d9c,2026-08-01,train
1,c919215c6894e379,2026-08-01,train
1,c92298705906cfc8,2026-08-01,train
1,c96508e16f8ae2d2,2026-08-01,train
1,c972123b0d5b6deb,2026-08-01,train
1,c986fd3ba8674b61,2026-08-01,train
1,c98ec13bb51bd17e,2026-08-01,test
1,c9c96d1585c746eb,2026-08-01,train
1,c9d7d15accf1945f,2026-08-01,train
1,c9e86c112cd2602f,2026-08-01,train
1,ca108c9ef9cd5dd9,2026-08-01,test
1,ca114f61884f99b0,2026-08-01,train
1,ca46d65763103bfd,2026-08-01,test
1,ca5b1ea2026c8620,2026-08-01,train
1,ca776813eff0ab6b,2026-08-01,train
1,ca7e153a8d056ad7,2026-08-01,train
1,ca92287c9fbcbbca,2026-08-01,train
1,cab55d37f6fffe94,2026-08-01,validation
1,cadc4e8606e270f9,2026-08-01,train
1,caf41dbd03ce1b1e,2026-08-01,validation
1,cb1c8773e1174b38,2026-08-01,test
1,cb2be170ad1f4685,2026-08-01,train
1,cb3147d5e8ecd5ee,2026-08-01,train
1,cb362373b2765e5a,2026-08-01,train
1,cb52703a5fab01d9,2026-08-01,train
1,cb7e96408c8a5547,2026-08-01,validation
1,cc05e3096f38d1f3,2026-08-01,train
1,cc08fce7aa815bde,2026-08-01,validation
1,cc1abff0600ffe74,2026-08-01,train
1,cc30e07f398c4d33,2026-08-01,train
1,cc39e7496f2385ed,2026-08-01,validation
1,cc422a704b429a4d,2026-08-01,train
1,cc531959d3a560bf,2026-08-01,train
1,cc5bfe5771ab0438,2026-08-01,validation
1,cc87f49f7bea0cf8,2026-08-01,train
1,cc99731019ad6222,2026-08-01,train
1,ccbafe423c890425,2026-08-01,train
1,ccf122b90c946601,2026-08-01,train
1,ccf81b792d03aa74,2026-08-01,train
1,cd184898a57d6034,2026-08-01,test
1,cd28802367bdd102,2026-08-01,validation
1,cd293585fffb3fa2,2026-08-01,train
1,cd3bdfc2769924bd,2026-08-01,test
1,cdc2a9178da794d4,2026-08-01,train
1,cdcfb07b29668399,2026-08-01,train
1,ce018c18288a98c6,2026-08-01,test
1,ce0a873bc50df36f,2026-08-01,test
1,ce0aae917c0034d4,2026-08-01,train
1,ce17abb3f933607e,2026-08-01,test
1,ce45fdb857219890,2026-08-01,train
1,ce563b0002080143,2026-08-01,train
1,cea43fde2414f2c9,2026-08-01,train
1,cec456192ea7e68f,2026-08-01,train
1,cee09772487d661e,2026-08-01,train
1,cefe75b9b49cd6e4,2026-08-01,validation
1,cf0af82c44db3deb,2026-08-01,train
1,cf2c9d14a4610a7b,2026-08-01,train
1,cf33f49ee26b9e7e,2026-08-01,train
1,cf4189d3c7ca9795,2026-08-01,train
1,cf4a7e54ac42e9a4,2026-08-01,train
1,cf4cf4cb085f600a,2026-08-01,train
1,cf4ff11576989e68,2026-08-01,test
1,cf5aaa4a6f840b34,2026-08-01,train
1,cf5b9584e02af53c,2026-08-01,train
1,cf62602e3138fa37,2026-08-01,validation
1,cf702f2474561631,2026-08-01,train
1,cf7194d539eefde8,2026-08-01,validation
1,cf981b1384fff80e,2026-08-01,train
1,cfd04e3c9745caaf,2026-08-01,train
1,d011375f62b08a33,2026-08-01,train
1,d0198067144fc0aa,2026-08-01,train
1,d01b1ad51cb2b94d,2026-08-01,validation
1,d02d00079c6cbe6c,2026-08-01,train
1,d0317d612e0b6bb7,2026-08-01,train
1,d04774919910fb71,2026-08-01,train
1,d0d2df123e6865e5,2026-08-01,train
1,d115627da6ee7d4c,2026-08-01,train
1,d16ca2e33d10383b,2026-08-01,validation
1,d16d0b50dbb460ce,2026-08-01,train
1,d1878c8f2893f5e9,2026-08-01,validation
1,d199cacbc3d48721,2026-08-01,train
1,d19ff384f4271f9a,2026-08-01,train
1,d1a84a445dcd1a49,2026-08-01,test
1,d2039b573e2740a3,2026-08-01,validation
1,d206fc780f6b5d98,2026-08-01,train
1,d20c55db7af1f7ea,2026-08-01,train
1,d25f9d02ce068f49,2026-08-01,train
1,d261ff77483e5447,2026-08-01,train
1,d2659d88f934845f,2026-08-01,train
1,d273628fda749e4b,2026-08-01,train
1,d27941e3acc051a4,2026-08-01,train
1,d284fec797ae50fa,2026-08-01,train
1,d2d1287aa722b0aa,2026-08-01,train
1,d2dd18c3bc9879e7,2026-08-01,train
1,d2ecff99f55e7de9,2026-08-01,train
1,d30e3946feb23ffe,2026-08-01,test
1,d3315a7b351893f3,2026-08-01,test
1,d3337acdd364ff30,2026-08-01,validation
1,d3402ae7be353b92,2026-08-01,train
1,d34b8d8c01c882cd,2026-08-01,train
1,d362e0b8a73ed907,2026-08-01,train
1,d37b914a2f14f62f,2026-08-01,train
1,d396f482d642f6eb,2026-08-01,train
1,d3a8ab15bf3eadb4,2026-08-01,train
1,d3d12badee2b2319,2026-08-01,test
1,d3d39fa068935066,2026-08-01,validation
1,d3d7f005a626ec06,2026-08-01,test
1,d3f10bb755e8b258,2026-08-01,test
1,d3f87180b28cf534,2026-08-01,train
1,d3fa86c76816c795,2026-08-01,train
1,d418e71365d212ba,2026-08-01,validation
1,d44dc644369a0f69,2026-08-01,test
1,d450303222bb5890,2026-08-01,train
1,d45b76ad6c6585d8,2026-08-01,train
1,d46337e27d5ede5b,2026-08-01,train
1,d4866cf70f12fc8e,2026-08-01,test
1,d486842865d88aca,2026-08-01,validation
1,d48cc081d9165a17,2026-08-01,train
1,d4a9e7858e3c4d3a,2026-08-01,validation
1,d4aa9b14a7c1ac87,2026-08-01,train
1,d4ce5407b901a76a,2026-08-01,train
1,d4d5e481cb5c39a2,2026-08-01,train
1,d501f1912a693e3c,2026-08-01,validation
1,d5377613dc603dc5,2026-08-01,validation
1,d56b9b44ae1c9e47,2026-08-01,train
1,d5aeff8c7dab7828,2026-08-01,train
1,d5b1325feb3b25a8,2026-08-01,test
1,d5bf7911081e4480,2026-08-01,validation
1,d5c227389acff9ba,2026-08-01,train
1,d5c4acda6e620e63,2026-08-01,validation
1,d5d6211e2f8ccb27,2026-08-01,train
1,d5d7800f710e693e,2026-08-01,validation
1,d5df08fd24f53b40,2026-08-01,validation
1,d5ffa20bd6f6dec7,2026-08-01,train
1,d6003686e7223a54,2026-08-01,test
1,d6185b90b2c1314a,2026-08-01,train
1,d618bc2e4152a6de,2026-08-01,train
1,d61a572c30e6ac81,2026-08-01,train
1,d640e6901039fba1,2026-08-01,train
1,d65095e1a64b3101,2026-08-01,train
1,d66a668d3f26f646,2026-08-01,train
1,d6745b4f5c3d41d9,2026-08-01,train
1,d67a0ae56ddaf8eb,2026-08-01,train
1,d67bfde12335830b,2026-08-01,train
1,d693c7dd1d89d395,2026-08-01,train
1,d69b2fd8dee9e306,2026-08-01,train
1,d6b694050c305fd5,2026-08-01,train
1,d6f2e451fb77ccca,2026-08-01,test
1,d6f6d2dae9aeafc3,2026-08-01,test
1,d72523af18665d22,2026-08-01,train
1,d725afca801f200d,2026-08-01,train
1,d72cfedfead326b7,2026-08-01,train
1,d741263c1f97e126,2026-08-01,test
1,d75a7d81d8a506ed,2026-08-01,train
1,d760caf6147f307f,2026-08-01,train
1,d77fa4a276ff0b41,2026-08-01,test
1,d786e223d64c3948,2026-08-01,train
1,d78e0043fcd38985,2026-08-01,train
1,d7a4be7953276a46,2026-08-01,train
1,d7b6db7353431a4c,2026-08-01,train
1,d8308a2fb2d9155d,2026-08-01,train
1,d8325b27e6a99854,2026-08-01,train
1,d87d4ec86044f014,2026-08-01,train
1,d8c08617c3121cef,2026-08-01,test
1,d8e118dd7b105ae1,2026-08-01,test
1,d8ed4a6428da917b,2026-08-01,train
1,d8fb875ad9e2860e,2026-08-01,train
1,d8fe81b7b0ff7676,2026-08-01,validation
1,d94531f8d1d06465,2026-08-01,train
1,d9475431a6060929,2026-08-01,validation
1,d95edd9df2cec005,2026-08-01,test
1,d97a5bee8f144024,2026-08-01,train
1,d9ca9d7d56421473,2026-08-01,validation
1,d9e5061bdc4705ff,2026-08-01,train
1,da246847e563550b,2026-08-01,train
1,da6fc3d272eb47f6,2026-08-01,validation
1,da92087d71cd3169,2026-08-01,test
1,da9bf918aac4920a,2026-08-01,test
1,daa0944b9b9a81f3,2026-08-01,test
1,daa18473378411d4,2026-08-01,train
1,dad1b43cce986116,2026-08-01,validation
1,dae4d59b2029abeb,2026-08-01,train
1,db0b0ad833f55d59,2026-08-01,train
1,db2a16c3d63f096d,2026-08-01,validation
1,db2e27fe94faf24c,2026-08-01,test
1,db710c98e6fdcfac,2026-08-01,validation
1,db7b2120b57a81cb,2026-08-01,test
1,db829598a63bc4ec,2026-08-01,validation
1,dba6a585c584f12d,2026-08-01,test
1,dbc8729f3899b2a7,2026-08-01,train
1,dbe9130968332ed7,2026-08-01,train
1,dbfd26b58e4a41a8,2026-08-01,test
1,dc00bcc5217aa1d4,2026-08-01,test
1,dc05e698c65977ab,2026-08-01,validation
1,dc25d550c44f89f7,2026-08-01,train
1,dc3c9246face90d4,2026-08-01,validation
1,dc5c27cc00046246,2026-08-01,train
1,dc6c97c77992dab7,2026-08-01,validation
1,dc8cd6a19101c19a,2026-08-01,validation
1,dcb469a86b55b269,2026-08-01,train
1,dcb7486be3fedcc4,2026-08-01,validation
1,dcdc1564795a8c33,2026-08-01,train
1,dd3999a51011fee6,2026-08-01,validation
1,dd4237addbc9829d,2026-08-01,validation
1,dd4303f7f1c2666e,2026-08-01,train
1,dd4746e4da4d79a2,2026-08-01,train
1,dd5b6cccecbd0c84,2026-08-01,train
1,ddb0b4062cc693dc,2026-08-01,train
1,ddc290fd4f8fbbbf,2026-08-01,train
1,ddd6a9c790fbda63,2026-08-01,train
1,dde1cfca6141c811,2026-08-01,train
1,dde5406d215fa56b,2026-08-01,validation
1,ddf08f5f9aa011f0,2026-08-01,train
1,de0ed6abddd62ff7,2026-08-01,train
1,de1d77615f65d492,2026-08-01,validation
1,de2574a41ac9094c,2026-08-01,test
1,de8d53dcb6166dfa,2026-08-01,test
1,debfdb138a272f50,2026-08-01,train
1,dec053b759a748d0,2026-08-01,validation
1,deca03a5cd70a100,2026-08-01,train
1,ded3f53fbc641263,2026-08-01,train
1,dedd09f9fe557107,2026-08-01,test
1,dee54e685d1022d4,2026-08-01,train
1,df31ef4cac9779d2,2026-08-01,train
1,df38e3b24424f681,2026-08-01,test
1,df4ed9efaf17e65b,2026-08-01,test
1,df5d337949dc5587,2026-08-01,train
1,df63beb73e9d8b4a,2026-08-01,test
1,df65daccb946ead4,2026-08-01,train
1,df997b3d82550b02,2026-08-01,train
1,dfd60195a4270dd3,2026-08-01,train
1,e051e198573fb288,2026-08-01,train
1,e0846d5ff28b7cb9,2026-08-01,train
1,e08a5c1a115619df,2026-08-01,validation
1,e097c075274cb18b,2026-08-01,train
1,e0a61d56f21f288e,2026-08-01,train
1,e0aad93bacb17e9b,2026-08-01,train
1,e0afa4c4a54371ae,2026-08-01,train
1,e0db39778751839b,2026-08-01,train
1,e14a67da281bd0d1,2026-08-01,train
1,e14d903be62c9b12,2026-08-01,train
1,e1503acfa140750e,2026-08-01,train
1,e184f33acce20795,2026-08-01,train
1,e1b28e59732f7298,2026-08-01,train
1,e1c38c5a73331b61,2026-08-01,train
1,e20eb8a8a45e3567,2026-08-01,train
1,e2250433eb4fb065,2026-08-01,train
1,e2328a14ae60dd7b,2026-08-01,train
1,e2591b9b78c2c7a3,2026-08-01,train
1,e27be36e92834fca,2026-08-01,test
1,e27e2fafac1eacf1,2026-08-01,test
1,e294429ec0897675,2026-08-01,train
1,e29cf5fdb787993d,2026-08-01,train
1,e2a899dba1ddb40e,2026-08-01,validation
1,e2d6d2a19e66e5b8,2026-08-01,validation
1,e2f7c158d3c129e8,2026-08-01,train
1,e30e6252c54fced8,2026-08-01,test
1,e322f6fb39627a50,2026-08-01,test
1,e32bd40fdb4aa310,2026-08-01,train
1,e34a857075d5fe7c,2026-08-01,train
1,e353bdf65264b355,2026-08-01,train
1,e3d1c81443563acc,2026-08-01,train
1,e3d2a4acd01f263c,2026-08-01,train
1,e4093958a1e386dd,2026-08-01,test
1,e429e316b834552d,2026-08-01,test
1,e44e21b9cc4dff41,2026-08-01,train
1,e459a9301f7b70ba,2026-08-01,train
1,e46215400130f5a6,2026-08-01,test
1,e4879e31e14cb5fb,2026-08-01,train
1,e49129e21c77fd46,2026-08-01,train
1,e498493be4f17f34,2026-08-01,train
1,e4b0973aa0f6648c,2026-08-01,test
1,e4b51923a1b47c0a,2026-08-01,train
1,e503ed11068b5bd9,2026-08-01,validation
1,e50c9e1d7c7a7907,2026-08-01,train
1,e54099459645fada,2026-08-01,train
1,e558403e6d92d041,2026-08-01,train
1,e56d5a354874645a,2026-08-01,test
1,e572f3510a596af7,2026-08-01,train
1,e577e27165d635fb,2026-08-01,train
1,e58081104654e5b2,2026-08-01,test
1,e5a010a5499ca812,2026-08-01,train
1,e5c2c89687e05f9f,2026-08-01,validation
1,e5c66044678d1e13,2026-08-01,validation
1,e5cbac12521b1e91,2026-08-01,train
1,e5cff73047505cf4,2026-08-01,train
1,e6157809bddcb784,2026-08-01,train
1,e62393feea51d278,2026-08-01,train
1,e63570b20d5b06ab,2026-08-01,validation
1,e644dabbfb514b20,2026-08-01,train
1,e6577731c42ca867,2026-08-01,test
1,e662fa7269787744,2026-08-01,validation
1,e66bc4c0063398d6,2026-08-01,train
1,e67c5de8cf401966,2026-08-01,test
1,e6a3b82aa08fd92e,2026-08-01,train
1,e6b46f9a1393a80b,2026-08-01,validation
1,e6bcd2fbd02bc44d,2026-08-01,train
1,e6ce4e921d94d139,2026-08-01,test
1,e6d8b969ec7db4c2,2026-08-01,train
1,e6f0312a5be8934d,2026-08-01,train
1,e7040f2379570d2f,2026-08-01,train
1,e715a5294efbcc96,2026-08-01,test
1,e722d4d3b888d6b6,2026-08-01,train
1,e73f5e63e6f82cf6,2026-08-01,train
1,e74a8d65f35557f3,2026-08-01,train
1,e74e7fccab94b418,2026-08-01,test
1,e7615e71203036e1,2026-08-01,test
1,e768c2d17b54f989,2026-08-01,validation
1,e77ab18e41344604,2026-08-01,train
1,e77d2078eddc324a,2026-08-01,train
1,e78713670bbd6e07,2026-08-01,train
1,e7a8979c3770f444,2026-08-01,train
1,e7b0a9a4d8b9f60c,2026-08-01,validation
1,e7b157a06d48e0fe,2026-08-01,train
1,e7b2bb3ed91cdc48,2026-08-01,train
1,e7f74f6a765e276d,2026-08-01,test
1,e80edefa4af3e020,2026-08-01,train
1,e828b5a5e78c6ee9,2026-08-01,train
1,e83d8c3a9e3274ae,2026-08-01,train
1,e8445a457d6384f7,2026-08-01,train
1,e84ba60c44a58498,2026-08-01,test
1,e84f21493e6a6c0e,2026-08-01,validation
1,e8527a75164cb0dd,2026-08-01,train
1,e852f7ae9107753f,2026-08-01,train
1,e8604bc30f4e6f2e,2026-08-01,test
1,e860df3f39c07213,2026-08-01,train
1,e8661cae5e38dc25,2026-08-01,train
1,e86750d32f49c25b,2026-08-01,train
1,e87898d07972b680,2026-08-01,test
1,e8831a3f7de2cd01,2026-08-01,train
1,e88b25ab79960bd1,2026-08-01,train
1,e88fa590f631281d,2026-08-01,train
1,e891619326483caa,2026-08-01,train
1,e89b390c17624769,2026-08-01,train
1,e8b2ab21954fae4e,2026-08-01,train
1,e8b6998e7d04f7a2,2026-08-01,validation
1,e8c8f0eadf407efe,2026-08-01,train
1,e8f14e752e476e3e,2026-08-01,train
1,e8f4674f7295b251,2026-08-01,train
1,e9098e5b6236f83c,2026-08-01,train
1,e90c1f9a313d0a32,2026-08-01,validation
1,e9103ee57b0445ba,2026-08-01,train
1,e920a60425b216a6,2026-08-01,train
1,e92224e3ace151fd,2026-08-01,train
1,e9268950f9edd1d2,2026-08-01,train
1,e93837bce2a1130b,2026-08-01,test
1,e9472a174084dc2f,2026-08-01,train
1,e94753c64db8acb4,2026-08-01,train
1,e95386416721b008,2026-08-01,train
1,e95c91ecb20b0f4f,2026-08-01,train
1,e969050ab70fa892,2026-08-01,train
1,e96ee26b72d2f4df,2026-08-01,validation
1,e9747b602efbd6d6,2026-08-01,test
1,e987af37a35b84f7,2026-08-01,train
1,e9ae24c6f8c291e4,2026-08-01,train
1,e9b530727fe6dced,2026-08-01,validation
1,e9b8a1bf1ba36388,2026-08-01,train
1,e9c5dd036a4080ae,2026-08-01,test
1,e9c7fd554f9f252e,2026-08-01,train
1,ea25df05a6002ee3,2026-08-01,test
1,ea27b0b9622827f5,2026-08-01,test
1,ea6866c2cdb3010f,2026-08-01,train
1,ea6d656c84ecfb7f,2026-08-01,train
1,ea920c5209e3bfd9,2026-08-01,train
1,eaaa4b8919850cf0,2026-08-01,train
1,eab75b466c567cfc,2026-08-01,train
1,eada32e394f5121d,2026-08-01,test
1,eaf4d70e76f27b15,2026-08-01,train
1,eb0cdb3b65b995b5,2026-08-01,train
1,eb0cf17c905af327,2026-08-01,validation
1,eb1642be0a9f77d7,2026-08-01,train
1,eb29f5dc90b366b7,2026-08-01,train
1,eb51aeac88299e27,2026-08-01,train
1,eb55adfd9fd72d2a,2026-08-01,validation
1,eb5c35c4b7eda92c,2026-08-01,test
1,eb5cd113c73c6855,2026-08-01,test
1,eb728394302ba694,2026-08-01,train
1,eb8a5138a8d3b862,2026-08-01,train
1,eb901ff450240add,2026-08-01,train
1,eb967f94c0dc9621,2026-08-01,train
1,eb9cdce8c0c56985,2026-08-01,train
1,ebba7d6e1580f078,2026-08-01,train
1,ebbefe8b74b07476,2026-08-01,train
1,ec3c0e65d48463e4,2026-08-01,train
1,ec41fc8674a09645,2026-08-01,test
1,ec46b8893d3b8476,2026-08-01,train
1,ec4c68d2b327f607,2026-08-01,validation
1,ec5d16141138363c,2026-08-01,train
1,ec6239c0be911987,2026-08-01,test
1,ec79941c8cf979ff,2026-08-01,train
1,ec884a6cf71305af,2026-08-01,train
1,ec8ed34481ba844d,2026-08-01,train
1,ec96f2790b633b13,2026-08-01,validation
1,ecaebfc63c89d1a0,2026-08-01,train
1,ecb0d7aebc5d10b7,2026-08-01,train
1,eccf637814b32715,2026-08-01,train
1,ecd7467d34bc25c9,2026-08-01,train
1,ecda1fe7314b6738,2026-08-01,train
1,ecf5e99007e7a98e,2026-08-01,validation
1,ecf89f7eab55c0c6,2026-08-01,train
1,ecffd172c7433f54,2026-08-01,train
1,ed096e94069d2019,2026-08-01,train
1,ed198cf2c487d0fd,2026-08-01,train
1,ed5b80f32b725b22,2026-08-01,train
1,ed69727429a45e2e,2026-08-01,train
1,ed7da5abd3215f31,2026-08-01,train
1,ed843e1f9f09803d,2026-08-01,train
1,ed8a66c3b27cdefa,2026-08-01,train
1,ed992e6c7511faab,2026-08-01,train
1,eda45c524449cdcc,2026-08-01,train
1,edb9b147b579c1ba,2026-08-01,test
1,eddd02b13f81b671,2026-08-01,train
1,edee5b42af91b5c1,2026-08-01,train
1,edf0f57d95466d86,2026-08-01,test
1,edfa1cb9a2eb0b3c,2026-08-01,train
1,edfb375ff9c10f42,2026-08-01,train
1,ee03ca2c6dcb0cad,2026-08-01,train
1,ee09b41e2c2a60cf,2026-08-01,train
1,ee3494ec2b88a83c,2026-08-01,test
1,ee412025b7175453,2026-08-01,train
1,ee547ca591844256,2026-08-01,validation
1,ee636ffe49b6243c,2026-08-01,train
1,ee653757a32bca25,2026-08-01,train
1,ee667c7a8ae98ba3,2026-08-01,train
1,ee6cebbc854aceab,2026-08-01,train
1,ee74d2e51e338424,2026-08-01,train
1,ee7e208e08eef1a8,2026-08-01,train
1,ee9add8f49fda233,2026-08-01,train
1,eeaf1a8f85a43f39,2026-08-01,train
1,eec460b3277f84c2,2026-08-01,train
1,eecb7004b9e6fc61,2026-08-01,train
1,eef6214f5223c906,2026-08-01,train
1,eef62725be6aab1c,2026-08-01,train
1,ef21c67723f0b102,2026-08-01,test
1,ef42c4c186a07403,2026-08-01,train
1,ef7294b4ab20431a,2026-08-01,validation
1,ef82e4d86adf57e5,2026-08-01,train
1,ef94d05a457ff649,2026-08-01,train
1,efa16151bb458bbc,2026-08-01,train
1,efa9bae23f72c349,2026-08-01,train
1,efd0bf3088e9f130,2026-08-01,train
1,efe2e08b8f63c01a,2026-08-01,validation
1,f0072f52ee41c27f,2026-08-01,test
1,f007b70a385ac9bb,2026-08-01,train
1,f02df01c88da0648,2026-08-01,train
1,f049d7e4ee5b09b0,2026-08-01,test
1,f06a23e75c25bc31,2026-08-01,train
1,f07410fe4badd0b5,2026-08-01,test
1,f0819231a9718e2e,2026-08-01,train
1,f08aae18c0a2375e,2026-08-01,train
1,f09150fd796f7eed,2026-08-01,train
1,f091e14ef1aea014,2026-08-01,test
1,f0b7d3ebfc082ab2,2026-08-01,validation
1,f0e7c7159adde8b6,2026-08-01,train
1,f0fa00771714d0a2,2026-08-01,train
1,f0fd29c9dec2e6df,2026-08-01,train
1,f10b172a6b3b986c,2026-08-01,train
1,f114ee248330c5ff,2026-08-01,train
1,f177800b365bfcf2,2026-08-01,train
1,f18bdb48834eebcd,2026-08-01,train
1,f19b015e0d5056fc,2026-08-01,train
1,f19cc8da6eeffd7e,2026-08-01,train
1,f1a5b2c7b08140b7,2026-08-01,validation
1,f1dce9bd42f8dfef,2026-08-01,train
1,f1f83e540f21d612,2026-08-01,train
1,f1fee6056d87c231,2026-08-01,train
1,f20f88dde57b6dc3,2026-08-01,train
1,f219c41008dc2d8c,2026-08-01,train
1,f2299202d5ce31fc,2026-08-01,train
1,f247ae6522edde70,2026-08-01,train
1,f249b8c0be357b9a,2026-08-01,train
1,f2526d08c2017ed4,2026-08-01,train
1,f25a311824862d93,2026-08-01,validation
1,f26ce0a6ffcd228a,2026-08-01,train
1,f2899fe8a4400d52,2026-08-01,train
1,f298c65c148f9b75,2026-08-01,test
1,f2aacf070cf48f31,2026-08-01,train
1,f2ae960050c92fc5,2026-08-01,train
1,f2bea30b6feee38a,2026-08-01,train
1,f2c38d6de9f23887,2026-08-01,train
1,f2ca5cbe4bd7a7cf,2026-08-01,train
1,f2ed313f125ba591,2026-08-01,train
1,f2f0979b11933369,2026-08-01,test
1,f2fb5fdf6b9a3228,2026-08-01,train
1,f30dbb4c4e6cbfb9,2026-08-01,train
1,f30e2a5634997d09,2026-08-01,train
1,f32c6fa9f846a9ff,2026-08-01,train
1,f33e6d308c4f57a2,2026-08-01,train
1,f344a9591febb54e,2026-08-01,train
1,f347d1a287833158,2026-08-01,train
1,f34cedaa94c40865,2026-08-01,train
1,f3895b59c5537971,2026-08-01,train
1,f38bbf1f7bade669,2026-08-01,train
1,f39aec30f987bbd8,2026-08-01,train
1,f3ad882635289bf9,2026-08-01,train
1,f3e13d361c49a1a6,2026-08-01,train
1,f3fa6dc55920c6d8,2026-08-01,train
1,f43d5cc1447721b3,2026-08-01,train
1,f44f0e468e1fb201,2026-08-01,train
1,f4513ef0776b2287,2026-08-01,train
1,f462b89f54416636,2026-08-01,train
1,f468b545e11fbe17,2026-08-01,train
1,f468cfaaaad8be5c,2026-08-01,train
1,f46a9542bd5872a4,2026-08-01,train
1,f4973aba0d111619,2026-08-01,train
1,f49a00543d3c121f,2026-08-01,train
1,f4bfa53da04c507f,2026-08-01,train
1,f4cc43874bc7f8d0,2026-08-01,train
1,f4d1612879e2b0a2,2026-08-01,train
1,f4e498b4cd3cc5aa,2026-08-01,train
1,f51747d53b709f60,2026-08-01,test
1,f532fa5618cfff04,2026-08-01,train
1,f53ef63481927b9f,2026-08-01,validation
1,f550f6243310af59,2026-08-01,train
1,f57a5baab6a62c67,2026-08-01,test
1,f59c72db3eeac62f,2026-08-01,test
1,f5a419fbc297b27f,2026-08-01,train
1,f5c55b29afbf918e,2026-08-01,train
1,f5d34a67841c226e,2026-08-01,train
1,f5d839794f88a758,2026-08-01,train
1,f5f6ab6aaba0d9a6,2026-08-01,validation
1,f65698e450cb4ca0,2026-08-01,validation
1,f6617d384ce0a78c,2026-08-01,train
1,f6694be8538536fa,2026-08-01,test
1,f6aea5d482363f94,2026-08-01,validation
1,f6d4ba744b4e401c,2026-08-01,validation
1,f6e747aed6ed86b7,2026-08-01,validation
1,f6ffb5ff13b95d25,2026-08-01,train
1,f739e6d941b71039,2026-08-01,train
1,f749f6fcb6c1c4d0,2026-08-01,train
1,f75e5a8e87390b6c,2026-08-01,test
1,f76c72eae0a928ac,2026-08-01,train
1,f7745142dac00497,2026-08-01,train
1,f774ec6b42626ffc,2026-08-01,train
1,f781530f00b3fc08,2026-08-01,validation
1,f785c1fd1f881e45,2026-08-01,train
1,f788de6da2b3c6ac,2026-08-01,train
1,f79713013c3467e8,2026-08-01,train
1,f7bf4f89ede95d9a,2026-08-01,train
1,f7cc7434f047173b,2026-08-01,train
1,f7f37d87e1ce6677,2026-08-01,train
1,f7f40af0052b7624,2026-08-01,train
1,f804563aeeceec6a,2026-08-01,train
1,f830d5d66f5877db,2026-08-01,test
1,f8805881a2dcce84,2026-08-01,train
1,f899388182c5775f,2026-08-01,train
1,f8ad6c65115d2bf2,2026-08-01,test
1,f8c950a01643a896,2026-08-01,test
1,f8ce7f20de6ce119,2026-08-01,train
1,f8f16fbdc91073cc,2026-08-01,train
1,f90856ed4debf515,2026-08-01,test
1,f909ed075cdb2e23,2026-08-01,train
1,f94090903540207e,2026-08-01,train
1,f948a622abcdcbce,2026-08-01,validation
1,f948dc37255e210a,2026-08-01,train
1,f94da71ea1e60458,2026-08-01,validation
1,f95bdbd77c17d43c,2026-08-01,train
1,f96a9126d8eb5f6f,2026-08-01,validation
1,f9d6d7966cb12e5d,2026-08-01,train
1,f9dff8b9c688da4e,2026-08-01,train
1,fa021bc74bc3e61a,2026-08-01,test
1,fa1e726fceb48766,2026-08-01,train
1,fa229f2d59d14666,2026-08-01,train
1,fa27d7ab20683ffd,2026-08-01,train
1,fa297dec067313cd,2026-08-01,validation
1,fa572f0bab6a7cf4,2026-08-01,train
1,fa5df91b8e38f46d,2026-08-01,train
1,fa713d0097f414b4,2026-08-01,validation
1,fa73b3392da864c5,2026-08-01,train
1,fab13cfe233863aa,2026-08-01,train
1,facece5aafe30812,2026-08-01,train
1,fae43a976bbc62b1,2026-08-01,validation
1,faf3c17455756e28,2026-08-01,test
1,fb22f08e3949e4de,2026-08-01,train
1,fb986f5d2eee4b1d,2026-08-01,test
1,fb9ea8b81e23abb1,2026-08-01,train
1,fbba47e6c569662a,2026-08-01,train
1,fbe9e0862e9d9a51,2026-08-01,train
1,fc09af7859803639,2026-08-01,train
1,fc0b59455b8797ee,2026-08-01,train
1,fc240f5e92823fd1,2026-08-01,train
1,fc4a7a7b2bd0fadb,2026-08-01,test
1,fc4d164faac09650,2026-08-01,validation
1,fc4d1b126baa567e,2026-08-01,train
1,fc52002a61c7b18e,2026-08-01,validation
1,fc8fb72d30197032,2026-08-01,train
1,fc98e284f6854791,2026-08-01,test
1,fca0c6e41a36ae23,2026-08-01,validation
1,fcbdcd0cb70d1527,2026-08-01,train
1,fcbe6862f5afa070,2026-08-01,train
1,fcc1e51020e1c0d4,2026-08-01,train
1,fcea80ec98266a0f,2026-08-01,test
1,fcf86c28079c2777,2026-08-01,train
1,fd0b988857b15810,2026-08-01,train
1,fd180ff352ea6c96,2026-08-01,validation
1,fd22ac79c4d9c067,2026-08-01,train
1,fd22f082f83f4f00,2026-08-01,train
1,fd87c4e8e931620e,2026-08-01,train
1,fd8a277b36873afa,2026-08-01,test
1,fd9e88a342b658b5,2026-08-01,test
1,fd9eaaefc34d4e42,2026-08-01,train
1,fda053a95fbed5d5,2026-08-01,train
1,fdcf6de6aaeffca4,2026-08-01,train
1,fded495852ccf7a9,2026-08-01,validation
1,fe0d3a9f745e719e,2026-08-01,train
1,fe11b1a0ac66a41a,2026-08-01,test
1,fe14591f155c04e1,2026-08-01,train
1,fe4eef79ca475781,2026-08-01,test
1,fe94c020cd95e281,2026-08-01,test
1,fe9d9ecc76afae48,2026-08-01,train
1,fe9ef6d91f4c7239,2026-08-01,train
1,fed43b8585d2f65c,2026-08-01,train
1,fed5224c0f5f5eeb,2026-08-01,test
1,fed7181527fd1083,2026-08-01,train
1,ff049ec490bae860,2026-08-01,validation
1,ff2872c2806ec4c1,2026-08-01,train
1,ff3932caf8c93bfe,2026-08-01,train
1,ff415ca0b5a4e35f,2026-08-01,train
1,ff5695a2c252e694,2026-08-01,test
1,ff61c2990bf611f3,2026-08-01,train
1,ffaf2027b41e8683,2026-08-01,train
1,ffb16364f7a88e3e,2026-08-01,train
1,ffbbe2c379440bb5,2026-08-01,train
1,ffc6469c77a9add9,2026-08-01,train
1,ffcc0cea6eddc566,2026-08-01,train
1,ffe42f04e1ee30b1,2026-08-01,train
1,ffe846e4f71e12f4,2026-08-01,test
1,fff88b585d73ed85,2026-08-01,validation
2,0002a4b30678c86c,2026-08-01,train
2,000d7ce5a1c27c09,2026-08-01,validation
2,000d83a1888114c3,2026-08-01,train
2,005e5c3646307964,2026-08-01,test
2,00900b9690e42d40,2026-08-01,train
2,00964a199f633eba,2026-08-01,train
2,00a8e3412ce8658a,2026-08-01,validation
2,00b768d3a31e9edd,2026-08-01,validation
2,00d0ff75258f6ab5,2026-08-01,train
2,00f601c28e6cbad5,2026-08-01,test
2,014a4dec48ece478,2026-08-01,test
2,0154f214ec1e0234,2026-08-01,train
2,015ec24809213361,2026-08-01,validation
2,016fa3217fb63f3c,2026-08-01,train
2,017a01726ff661de,2026-08-01,train
2,017e09aa842713bd,2026-08-01,validation
2,017f8acbc6eb8dfc,2026-08-01,train
2,0198fd92a4211300,2026-08-01,train
2,019da90f5db1db38,2026-08-01,train
2,01b84f93c362cb87,2026-08-01,validation
2,01fc5059633603e3,2026-08-01,train
2,0231b1c875f38928,2026-08-01,train
2,0239c80903961bac,2026-08-01,train
2,027ef447afff809c,2026-08-01,train
2,02854b82255868af,2026-08-01,train
2,029e7c0d3cfae84a,2026-08-01,train
2,02cc1b17cacab96f,2026-08-01,train
2,02ceee985c49a280,2026-08-01,test
2,02d6440f3637d4b7,2026-08-01,train
2,02ea077990ea05bc,2026-08-01,train
2,032ed824f14a1f42,2026-08-01,train
2,03bdaee9436b9834,2026-08-01,train
2,03c3c2ad994dd54a,2026-08-01,test
2,03c4aef363af455f,2026-08-01,test
2,03e1b2bed3f7c3a2,2026-08-01,train
2,0420ad3f29aa17d5,2026-08-01,train
2,043dfd90c0c8f90b,2026-08-01,train
2,043f88fed5e3de70,2026-08-01,train
2,0457c91d7faf4b4e,2026-08-01,test
2,045a9ea2d4b98979,2026-08-01,train
2,047da72395d8d6de,2026-08-01,test
2,048b19242532a8ef,2026-08-01,train
2,049414fd217ae4e7,2026-08-01,train
2,049c6abb45e3100d,2026-08-01,train
2,04c01c87efd84bd5,2026-08-01,train
2,04ca774af3b973a1,2026-08-01,train
2,04e2fd85319f6551,2026-08-01,test
2,04f2463f8f5e63ff,2026-08-01,train
2,0502d89ad9af3d3e,2026-08-01,train
2,052ed97c5c6b1903,2026-08-01,train
2,05329912e4b78e2f,2026-08-01,train
2,053b99f4891836dc,2026-08-01,validation
2,054e290e8ba01b62,2026-08-01,train
2,058317d85a9759ea,2026-08-01,train
2,059b2c7f43544ae8,2026-08-01,test
2,05a209cf30832c0a,2026-08-01,train
2,05a8cc580e66c1b0,2026-08-01,test
2,05a99b03e737960e,2026-08-01,train
2,05b2300056198125,2026-08-01,train
2,05b90d36a97914e8,2026-08-01,test
2,05f25bd4194fd072,2026-08-01,train
2,065baf8dfc0a448c,2026-08-01,test
2,067dc29b8f510c48,2026-08-01,test
2,06a1bf25562f55ad,2026-08-01,train
2,06aa497c6c4d557d,2026-08-01,train
2,06cfc518ea4b0a6a,2026-08-01,train
2,07097b1c8d967b68,2026-08-01,validation
2,074c76b3ce10e2ae,2026-08-01,train
2,075fe48f41e70c1d,2026-08-01,train
2,076d65d4efb07b58,2026-08-01,validation
2,0773268ea06bbd91,2026-08-01,train
2,0775af0573a29c40,2026-08-01,train
2,07d491101e716df7,2026-08-01,train
2,080b89ed5f5bf22c,2026-08-01,train
2,084d0f777a1f785c,2026-08-01,train
2,0861f0681ba955e2,2026-08-01,train
2,087164e11dd906f7,2026-08-01,test
2,0877e71ed4007265,2026-08-01,validation
2,0891f4ad2a35e462,2026-08-01,test
2,08a617c2b12eca56,2026-08-01,train
2,08a8ead0873187ad,2026-08-01,test
2,08bc9a27e8bd41b5,2026-08-01,train
2,09182652394dda54,2026-08-01,train
2,092d415e40b46459,2026-08-01,train
2,0959a53ac4e1eabf,2026-08-01,train
2,09777b912bacab6e,2026-08-01,train
2,0979bca963611532,2026-08-01,train
2,09a3a86bc1c1bf37,2026-08-01,train
2,09ba9c8ead565d8c,2026-08-01,train
2,09e0aff9691178d5,2026-08-01,test
2,0a150c40cebbe3ea,2026-08-01,validation
2,0a5e0d9b2379f055,2026-08-01,validation
2,0a92efcebf5f360d,2026-08-01,train
2,0ab13f1f80542de8,2026-08-01,validation
2,0ab5ff8461a29d34,2026-08-01,train
2,0b0ead7f1c8fdc03,2026-08-01,train
2,0b1873e82d620c8d,2026-08-01,validation
2,0b29e2a2256b1b95,2026-08-01,test
2,0b406822514e7765,2026-08-01,test
2,0b56af18b698a5b9,2026-08-01,validation
2,0b59fa4f60145e09,2026-08-01,train
2,0b70b988a28ed100,2026-08-01,train
2,0b72b3036d744c48,2026-08-01,test
2,0ba123f36f5f48f8,2026-08-01,train
2,0bce901f9c25d883,2026-08-01,train
2,0bd7d4bfb6926ccc,2026-08-01,validation
2,0bfe18f4534403d9,2026-08-01,train
2,0c38b175f6f90eb2,2026-08-01,train
2,0c3ba6683439e82e,2026-08-01,train
2,0c49c3f98fa31b28,2026-08-01,train
2,0c5669ac32865189,2026-08-01,train
2,0c77b36c4e1578cf,2026-08-01,train
2,0ca0e590d1f60c5e,2026-08-01,train
2,0ca62b7a96e42a23,2026-08-01,train
2,0cab3caa36076df1,2026-08-01,train
2,0cd91d89db3066bd,2026-08-01,train
2,0cd9cac24b1a17cf,2026-08-01,train
2,0cdb95d2cb5b0158,2026-08-01,train
2,0d1cc77b8e0bc886,2026-08-01,train
2,0d35651892d59131,2026-08-01,train
2,0d4a4db297e41309,2026-08-01,train
2,0d5d6c1e0965cbe9,2026-08-01,train
2,0d62ef2d1eb4974b,2026-08-01,train
2,0d7b711dc0fd5adc,2026-08-01,train
2,0d7db33068dd0355,2026-08-01,train
2,0d900ca5808ca1b4,2026-08-01,train
2,0da18d7a4f8f9b86,2026-08-01,train
2,0db22e1b4bcb9ed8,2026-08-01,train
2,0db562277469861d,2026-08-01,validation
2,0dbab59467679d8a,2026-08-01,train
2,0e12991579b3b5bc,2026-08-01,train
2,0e302fb8b7fb75c8,2026-08-01,train
2,0e37af0b35527a5d,2026-08-01,train
2,0e4d0bcf9fc827e8,2026-08-01,validation
2,0e5fcc3824be0681,2026-08-01,train
2,0e6906244770073d,2026-08-01,test
2,0e993f7425a9305b,2026-08-01,test
2,0ec1081305055fc1,2026-08-01,train
2,0ec61d61d5ccba12,2026-08-01,validation
2,0ed7a9d3a944a5d0,2026-08-01,train
2,0ef53a72f93ad6f0,2026-08-01,validation
2,0f19a41df5dd06b4,2026-08-01,train
2,0f2ac6a8b7c68217,2026-08-01,train
2,0f4b3e5cd407a96a,2026-08-01,train
2,0f4d7be2e277345c,2026-08-01,validation
2,0f74615f3b8f66bd,2026-08-01,train
2,0f8d3bacb8cd3932,2026-08-01,train
2,0f9e625d5f7a2530,2026-08-01,validation
2,0fb1d377c69365c6,2026-08-01,train
2,0fc5737097e75b95,2026-08-01,train
2,0fe067243f9eea71,2026-08-01,train
2,0fefd2ecf8a42402,2026-08-01,train
2,103256128dddbd00,2026-08-01,test
2,10354b33b91ddb36,2026-08-01,train
2,103d117dabe24130,2026-08-01,test
2,105255a8c395a228,2026-08-01,train
2,107e67fa67e88223,2026-08-01,train
2,108afa21e1e67f13,2026-08-01,train
2,10a06bf73f6bc148,2026-08-01,train
2,10cfdd9486a9ce71,2026-08-01,train
2,10d8ef2fffc6cec8,2026-08-01,validation
2,1114fbed88f8f68e,2026-08-01,train
2,112cb93dfc061d7b,2026-08-01,test
2,114357692cf4d405,2026-08-01,train
2,11501e269942064f,2026-08-01,test
2,11606a8bb109c34f,2026-08-01,train
2,1160fef4fa91b411,2026-08-01,train
2,11694e3b80a78aae,2026-08-01,test
2,1175ca19bed3865f,2026-08-01,validation
2,119b4b777b95467c,2026-08-01,train
2,11a296bccba76cb2,2026-08-01,train
2,11aa64f4d683707d,2026-08-01,train
2,11be8240208f9c91,2026-08-01,validation
2,11f4f1a0009e0803,2026-08-01,train
2,125027c777192160,2026-08-01,train
2,125e81a25e08995e,2026-08-01,train
2,12b39276ef97a6b5,2026-08-01,train
2,12cebc638baa140b,2026-08-01,validation
2,12cee0f68adaec41,2026-08-01,test
2,12d1e319f3090d55,2026-08-01,train
2,12d30588b166d0cc,2026-08-01,train
2,12e90148e17e96eb,2026-08-01,train
2,1302ec146944c75d,2026-08-01,train
2,1314b302d386e88f,2026-08-01,train
2,133e6c378634ea4a,2026-08-01,train
2,13983fa93fb46d5a,2026-08-01,train
2,13a9432a7ee9b044,2026-08-01,train
2,13b0ba266b47973e,2026-08-01,train
2,13c0fddbd7227b7c,2026-08-01,train
2,13d231ab677686ac,2026-08-01,train
2,13d2cbed862c4178,2026-08-01,train
2,13e21ea7511d9fed,2026-08-01,train
2,140292c9bba3050c,2026-08-01,train
2,1419bfee16fb3c97,2026-08-01,train
2,142e6e0e2a5c5f1f,2026-08-01,train
2,14332f41518b2a40,2026-08-01,test
2,14333c905162064f,2026-08-01,train
2,1447018ba051d687,2026-08-01,train
2,146fe75018d92270,2026-08-01,test
2,1470b9ff96595f83,2026-08-01,train
2,149560406cdda546,2026-08-01,test
2,14b6c45a574e8d90,2026-08-01,train
2,14c61c7773a2028d,2026-08-01,validation
2,14c62956e76d2e4a,2026-08-01,train
2,14d14de87874cd3e,2026-08-01,test
2,14d5b53a0911e8dc,2026-08-01,train
2,14ebb1fa31aa4638,2026-08-01,train
2,14ee3ee125c66a82,2026-08-01,validation
2,15049f5b0cfd5d2a,2026-08-01,train
2,1555ce399e3c4e04,2026-08-01,train
2,155e1390ce1f7afa,2026-08-01,validation
2,155e65db796b7aae,2026-08-01,train
2,157ac6af440e2615,2026-08-01,train
2,1583e9f5a1e015b8,2026-08-01,train
2,158b679f3c60a81f,2026-08-01,train
2,1591f207075001b7,2026-08-01,train
2,15b83d39d78fb42c,2026-08-01,train
2,15c14313ab27bcf8,2026-08-01,train
2,15cc9838e13b5a20,2026-08-01,train
2,15cfde4961709699,2026-08-01,train
2,15f0df7a03a2cf21,2026-08-01,test
2,1606bc0962679437,2026-08-01,train
2,1629fdc7b650b299,2026-08-01,train
2,164485913312cbb4,2026-08-01,train
2,164ca5dad6388a19,2026-08-01,train
2,1669c8593b18f1a6,2026-08-01,test
2,167a35c32330108a,2026-08-01,train
2,167d37464242616a,2026-08-01,train
2,16e7217742f1d62b,2026-08-01,train
2,16f533fbf0be3229,2026-08-01,train
2,171b014ea5564c00,2026-08-01,validation
2,171d2f08f0f4c138,2026-08-01,train
2,1722dee2d365a5e5,2026-08-01,train
2,1733cb98da500f19,2026-08-01,test
2,173aa1fb672c8858,2026-08-01,validation
2,174a94baa4018bd3,2026-08-01,validation
2,17b65486e2cfe11f,2026-08-01,train
2,17be361fe63948a7,2026-08-01,train
2,18082c8d81db9ce2,2026-08-01,validation
2,185470064f31f939,2026-08-01,train
2,1884a997e6bdff2a,2026-08-01,train
2,18a384a759adbbcf,2026-08-01,train
2,18a7a521b8b1d45a,2026-08-01,validation
2,18c269644f368613,2026-08-01,train
2,18e46d169a9ce43c,2026-08-01,train
2,18f9be0ff054ef9a,2026-08-01,test
2,1919397a5f2f1053,2026-08-01,train
2,19419c609d468f7f,2026-08-01,train
2,194ea6c13a068908,2026-08-01,validation
2,19629bd3b4ad5f3e,2026-08-01,validation
2,19934623926bfc78,2026-08-01,test
2,199824b169a4f886,2026-08-01,train
2,19b5798b887aa905,2026-08-01,train
2,1a104e02db057e25,2026-08-01,validation
2,1a846ed92141901a,2026-08-01,test
2,1a8809f979f4db2f,2026-08-01,train
2,1ab078ca72d24705,2026-08-01,train
2,1b0048db3ea41a66,2026-08-01,train
2,1b042f285096e5d2,2026-08-01,train
2,1b0610f758902ed6,2026-08-01,train
2,1b06c782966dd8c3,2026-08-01,train
2,1b21ae3da083c481,2026-08-01,test
2,1b4bb246f0f92421,2026-08-01,train
2,1b4d0da17eec2458,2026-08-01,train
2,1b4d8f0eb9608ebd,2026-08-01,train
2,1b9310b179a18c93,2026-08-01,train
2,1b97204d3bc042c5,2026-08-01,train
2,1ba2b0a7add5dc36,2026-08-01,train
2,1bae2c0ff6d78441,2026-08-01,train
2,1bbd3ad7533a80fa,2026-08-01,train
2,1bd62e037c599a0f,2026-08-01,train
2,1bdbb4ab20de98a9,2026-08-01,train
2,1c2142fc1bdc60db,2026-08-01,train
2,1c376cae76fecc61,2026-08-01,train
2,1c5546ac8ee3b481,2026-08-01,test
2,1c7b6eb4e4407135,2026-08-01,train
2,1c867dcaf7162848,2026-08-01,test
2,1ca624327684daf8,2026-08-01,train
2,1d427f6644c5467d,2026-08-01,train
2,1d6b87a6de99f46f,2026-08-01,validation
2,1d7f109c3015618e,2026-08-01,validation
2,1d9c5c6ce92a9840,2026-08-01,train
2,1dd852dae32a2563,2026-08-01,train
2,1df05b2f2c2428b8,2026-08-01,train
2,1df5013189b88fe9,2026-08-01,validation
2,1e01825fafbe0724,2026-08-01,train
2,1e1d3b90429d89b0,2026-08-01,test
2,1e36da432c7d24ae,2026-08-01,train
2,1e38faeae90a7e22,2026-08-01,train
2,1e4c62e68b25c5e3,2026-08-01,validation
2,1e6728f632b8eb94,2026-08-01,train
2,1e8c669d58f43946,2026-08-01,train
2,1eba63c9ecf5841b,2026-08-01,train
2,1ec3f749614ab081,2026-08-01,train
2,1ed8df14b0851c6b,2026-08-01,train
2,1ef916069b4e7db1,2026-08-01,train
2,1eff163338d91d93,2026-08-01,validation
2,1f0fcc206c13e329,2026-08-01,test
2,1f33fc248eaed514,2026-08-01,train
2,1f41c3de28b2b0c0,2026-08-01,train
2,1f67ddec466b3587,2026-08-01,train
2,1f70256cf6f769f2,2026-08-01,train
2,1f8335adfdb9621a,2026-08-01,test
2,1f84f9a08c5166de,2026-08-01,train
2,1fe00b831647dc92,2026-08-01,validation
2,1fea87d76272a95e,2026-08-01,validation
2,20215122632251f9,2026-08-01,train
2,203fcb6cf256dda2,2026-08-01,train
2,20557597299435c5,2026-08-01,train
2,205a5812b7c32d06,2026-08-01,train
2,206e1b2b913b614c,2026-08-01,train
2,2081f287948b3a2c,2026-08-01,train
2,2087d52fa0563c57,2026-08-01,train
2,2088956d8bf845e6,2026-08-01,train
2,2090fd43a3ec8e27,2026-08-01,train
2,20a5157907513a77,2026-08-01,train
2,20b4d7fe02be724a,2026-08-01,train
2,20c6d7e0a9a8c211,2026-08-01,train
2,20d2c63b5d0fe187,2026-08-01,train
2,20e428fca8b4dbea,2026-08-01,test
2,210b865f35bcd68c,2026-08-01,train
2,213ecaebbb89f989,2026-08-01,validation
2,2160ac0aba547862,2026-08-01,train
2,21842165398f2cce,2026-08-01,train
2,21ba56b75a9a1165,2026-08-01,train
2,221b547b5a568c36,2026-08-01,train
2,2225a14b3583badf,2026-08-01,train
2,2236f73261f7cb1f,2026-08-01,train
2,22526ad85ef21089,2026-08-01,train
2,2266ccdfc0a02c58,2026-08-01,validation
2,226a90d2dec25cc4,2026-08-01,train
2,227097ae67a6fbb5,2026-08-01,train
2,22fa0eebebf09395,2026-08-01,train
2,2324c262c5ca68b0,2026-08-01,train
2,232fd730f980b772,2026-08-01,validation
2,2380b25082f24324,2026-08-01,validation
2,239742486058f2ab,2026-08-01,train
2,23a59aca849a7533,2026-08-01,validation
2,23c9fd26eef34bfa,2026-08-01,validation
2,23d4e9aece56c473,2026-08-01,test
2,23d4f88574e2f7bc,2026-08-01,train
2,241b8560c87c46e9,2026-08-01,train
2,24252b4084cde2b1,2026-08-01,train
2,245a95c19e695a9e,2026-08-01,test
2,246375baf480ec50,2026-08-01,train
2,247e7475638befff,2026-08-01,test
2,247eb77315ee7370,2026-08-01,validation
2,248f30ec2d491b76,2026-08-01,train
2,24a941aab5da1678,2026-08-01,train
2,24a9b465f9152ce4,2026-08-01,train
2,24ab1530685f6489,2026-08-01,test
2,24b387ff6ba39fd1,2026-08-01,train
2,24c8abb05318ffad,2026-08-01,train
2,24d2c89f55b6833a,2026-08-01,train
2,24e074b2c4d805de,2026-08-01,validation
2,24ea3caf9ec308b4,2026-08-01,test
2,25118d6ddbae9a6a,2026-08-01,train
2,25193ed9f14ab133,2026-08-01,train
2,253540cc7316781c,2026-08-01,train
2,255040a62c6ed007,2026-08-01,validation
2,25654e6a018cd9c6,2026-08-01,validation
2,2572493b34a24f24,2026-08-01,train
2,25808f8fcf651fa8,2026-08-01,validation
2,258a638c1a98bde6,2026-08-01,validation
2,258a69d5673b2da9,2026-08-01,train
2,2594269a990ae3bd,2026-08-01,test
2,25a39120f5b3033e,2026-08-01,validation
2,25ca007debf92212,2026-08-01,test
2,25d151fd923200bd,2026-08-01,validation
2,25d3eab0dcf9973a,2026-08-01,train
2,25d4ef0fff26f2c0,2026-08-01,validation
2,25e9641d7bf76cb1,2026-08-01,train
2,26486659feb5c7de,2026-08-01,train
2,264b67bfe4c102d4,2026-08-01,train
2,265bc8417a80656c,2026-08-01,validation
2,2663dd266af61bdd,2026-08-01,test
2,267646325b13de20,2026-08-01,train
2,2685a4212a61ec25,2026-08-01,validation
2,26938111f794c059,2026-08-01,train
2,2697a618af3916fb,2026-08-01,train
2,26997fbaa75a5a0e,2026-08-01,train
2,269ca81df6a9f27f,2026-08-01,train
2,26c7dcfabd78df74,2026-08-01,train
2,26c9fa1b8b0e5b06,2026-08-01,validation
2,26d4a35b09540b10,2026-08-01,train
2,26e94f4b8510796d,2026-08-01,train
2,26ff8ea964146e6f,2026-08-01,train
2,271863777db80338,2026-08-01,train
2,2731630aa33aef25,2026-08-01,validation
2,2738874e2d8cc28e,2026-08-01,train
2,2753f3bedbd5706e,2026-08-01,train
2,2772cf7738939a04,2026-08-01,train
2,277cc00c9a0f742a,2026-08-01,train
2,277d2613cb11b877,2026-08-01,train
2,278ad97f85b849a2,2026-08-01,validation
2,27c39b3aa6fcd143,2026-08-01,train
2,27d61b898f503dd7,2026-08-01,validation
2,283db194c3531376,2026-08-01,test
2,284ad06ccfdd5060,2026-08-01,train
2,28607939e5c1d7fd,2026-08-01,train
2,286a96b6811b48c0,2026-08-01,train
2,2871546f860a5807,2026-08-01,validation
2,2872372896b8aee7,2026-08-01,train
2,287499de1897b55c,2026-08-01,validation
2,2886f6b0e32013a3,2026-08-01,train
2,28a4e244aee6373a,2026-08-01,validation
2,28a7cabe848b071a,2026-08-01,test
2,28ae2f2182747a03,2026-08-01,train
2,28cf87e8f7391fd3,2026-08-01,train
2,28f3e5effbb24a55,2026-08-01,test
2,28f79e50faaa80d7,2026-08-01,test
2,290aca21ab67b2bc,2026-08-01,train
2,295037162a0866ab,2026-08-01,validation
2,298127fe0c0dfd66,2026-08-01,train
2,298a0293dc35eee4,2026-08-01,train
2,29b4bff87d3b0d73,2026-08-01,train
2,29e27c76433c116c,2026-08-01,train
2,29e35554ac7c2502,2026-08-01,validation
2,29ef2d401a16116f,2026-08-01,train
2,2a441d4bbc5d9bbc,2026-08-01,train
2,2a4e3ae8d37fe9da,2026-08-01,test
2,2a63e408fa6b54cd,2026-08-01,test
2,2a78f6d5c1763781,2026-08-01,train
2,2aab294695298104,2026-08-01,train
2,2aaff461faa98858,2026-08-01,train
2,2af7a4fb00ac5f5d,2026-08-01,test
2,2b2de4c7397aa808,2026-08-01,train
2,2b3115209667df2c,2026-08-01,train
2,2b5fd7173b827bb9,2026-08-01,train
2,2b6533f09391bcbf,2026-08-01,validation
2,2b6fc628fdad4677,2026-08-01,train
2,2b9d0cf90f907bab,2026-08-01,train
2,2bd3377b3f272991,2026-08-01,test
2,2bf5fd0b35cd50ab,2026-08-01,train
2,2c07547186211575,2026-08-01,train
2,2c091dd7c97bb6d0,2026-08-01,train
2,2c55b782671a5de9,2026-08-01,validation
2,2c575b577a43e020,2026-08-01,train
2,2cd31b8d7905d872,2026-08-01,train
2,2cdab4987b6349c8,2026-08-01,train
2,2cecfa4dc9daed2c,2026-08-01,validation
2,2d2d36864a779291,2026-08-01,train
2,2d2f2cd5b5c51a27,2026-08-01,train
2,2d4bf7dbf80cbc23,2026-08-01,train
2,2d9f5ffa31488632,2026-08-01,train
2,2dc2618a0461a878,2026-08-01,train
2,2dc61119af66b7d2,2026-08-01,train
2,2dc7deb7dd1fc1a6,2026-08-01,train
2,2dde6ae4ce5e17c3,2026-08-01,test
2,2de3cfc62ae2284d,2026-08-01,train
2,2dfec33a1a75eac1,2026-08-01,test
2,2e09794fe8e6f725,2026-08-01,train
2,2e45d5e78b6b24e8,2026-08-01,train
2,2e5283fe2369eb5d,2026-08-01,train
2,2e79b3b9f5e6262d,2026-08-01,test
2,2e8be8aa8424f082,2026-08-01,train
2,2ea2896545f929df,2026-08-01,train
2,2ed49a3fdc9cb11e,2026-08-01,test
2,2ee898e37582379a,2026-08-01,train
2,2ef14206ec1d41ee,2026-08-01,train
2,2efb9ac29a1976ab,2026-08-01,validation
2,2f06c6a115d5bdb1,2026-08-01,train
2,2f1e027174d6d2f3,2026-08-01,test
2,2f6d483cd27c5f88,2026-08-01,train
2,2f784633e16416ee,2026-08-01,train
2,2f9c99caef391934,2026-08-01,train
2,2fbac685aed439eb,2026-08-01,train
2,2fc9a5e965adc900,2026-08-01,validation
2,2fcc310a58300bd7,2026-08-01,test
2,2fce6cfe52886076,2026-08-01,train
2,30392afe8398f781,2026-08-01,train
2,303dce1dbbfe7cb8,2026-08-01,train
2,3043d8e7ebfe6c08,2026-08-01,train
2,304ed3ba5f0e2c82,2026-08-01,train
2,305b2d09c97e106e,2026-08-01,test
2,3068a9a70c63364a,2026-08-01,validation
2,307beebe6e8a25fd,2026-08-01,test
2,308b35bf2cd5d34f,2026-08-01,train
2,3094aef91d707632,2026-08-01,train
2,309b2fbebbfc9f7e,2026-08-01,train
2,30c61393685c68c6,2026-08-01,train
2,30d1a085603cb12c,2026-08-01,train
2,30d5ba042b2dd78a,2026-08-01,validation
2,31211b4224318df2,2026-08-01,test
2,3146a14e715c7390,2026-08-01,train
2,317699f6fb29dfbc,2026-08-01,train
2,317719e4034c084f,2026-08-01,train
2,317794b0edc5bb73,2026-08-01,train
2,31de0ff5500f83e1,2026-08-01,validation
2,31e0fdac46d0b984,2026-08-01,train
2,31ee851a7087e008,2026-08-01,train
2,3233025defb0cf39,2026-08-01,train
2,323a6477f7f6d86e,2026-08-01,test
2,32593e6e3a1ab49f,2026-08-01,validation
2,3281b405d1e231ef,2026-08-01,train
2,3286f93217c0e0f9,2026-08-01,train
2,3292ac928f210fd7,2026-08-01,validation
2,32b1cbc55f7ff296,2026-08-01,test
2,32de86f4e66dd13d,2026-08-01,validation
2,33207be69ab30628,2026-08-01,test
2,3341dc26bd79955c,2026-08-01,train
2,335080d2426dbc81,2026-08-01,train
2,3379e954c4fa7fda,2026-08-01,train
2,33a7a2381190f201,2026-08-01,train
2,33b22965a6ca6257,2026-08-01,train
2,33f930ab56b47aea,2026-08-01,train
2,340208c9e3ba3250,2026-08-01,test
2,34106f1ad5846135,2026-08-01,train
2,3462ffbcf5c2321d,2026-08-01,train
2,34798efc7739ef36,2026-08-01,validation
2,34d2fbcfa9ff2a25,2026-08-01,train
2,34d7d1bb5f7f2ee0,2026-08-01,train
2,34d86d8de73d0139,2026-08-01,train
2,350c1eb9a827b00a,2026-08-01,validation
2,3534fc151ee7cbe8,2026-08-01,train
2,35356ec1cb10981c,2026-08-01,train
2,355c63d63a87827a,2026-08-01,validation
2,355e91db853c2b48,2026-08-01,test
2,3563bfbb544def74,2026-08-01,validation
2,356bcaa843f4aa0e,2026-08-01,test
2,35b120336abc56d9,2026-08-01,validation
2,35b58f986bac3362,2026-08-01,train
2,35e6ed93e3a4a5a2,2026-08-01,train
2,35f297f0eac42eea,2026-08-01,test
2,362c8a71185d3d60,2026-08-01,train
2,365ce891af5abd73,2026-08-01,train
2,36a0b0c0c77d9778,2026-08-01,test
2,36bab06c3847f046,2026-08-01,train
2,36efab5e771b99f7,2026-08-01,train
2,372c85910e2ff22f,2026-08-01,train
2,37531b669ec2b7bb,2026-08-01,train
2,3756efa7678ae60a,2026-08-01,train
2,3775d6cbe0ed261e,2026-08-01,train
2,377ebb3fb1d697f8,2026-08-01,train
2,379887c6d5e362f8,2026-08-01,train
2,37a28909c5ae8737,2026-08-01,train
2,38001967781413e0,2026-08-01,train
2,3852334a70f3ebe6,2026-08-01,train
2,385eb5fee9e6e1d2,2026-08-01,test
2,38910d5351119148,2026-08-01,test
2,38a73f5daa67bc71,2026-08-01,train
2,38aadcd39bce292e,2026-08-01,test
2,38cbf75e904648ba,2026-08-01,train
2,38e5c39ffd8000e1,2026-08-01,train
2,38e655f0177de315,2026-08-01,train
2,39091fe1580e40af,2026-08-01,train
2,390e31730fbbddbe,2026-08-01,train
2,3910c4b318cf9c4d,2026-08-01,test
2,391b77c30f5b5541,2026-08-01,train
2,393d3f6668653b4a,2026-08-01,validation
2,394f0e37572986b7,2026-08-01,test
2,396c0361a6c6d3af,2026-08-01,train
2,396e34383add291d,2026-08-01,train
2,39a6e9ba2c5d42bc,2026-08-01,test
2,39eb62861a61577e,2026-08-01,train
2,39ec2b2d77ed09c5,2026-08-01,train
2,39fe5cababfe3a65,2026-08-01,test
2,3a1ad9da25200b82,2026-08-01,train
2,3a1fb817043dd1e1,2026-08-01,train
2,3a227386e0d1e141,2026-08-01,train
2,3a3cf5760ef37acb,2026-08-01,train
2,3a5445e3c05ba342,2026-08-01,train
2,3a754c86836f02ba,2026-08-01,train
2,3aa4046c2516590f,2026-08-01,train
2,3ab32cd8b3bf3675,2026-08-01,train
2,3abc03bd4ebaa505,2026-08-01,train
2,3ae5b16bae50e8a5,2026-08-01,test
2,3af6d1815bd26c5b,2026-08-01,validation
2,3b68ed7b710b1263,2026-08-01,train
2,3bea5ab8c3f9640d,2026-08-01,validation
2,3bf404d47f96f34d,2026-08-01,train
2,3bf8b9b80f40ee27,2026-08-01,validation
2,3c00ac7e73c43116,2026-08-01,train
2,3c02cfdb48c403ce,2026-08-01,train
2,3c276682389ed967,2026-08-01,train
2,3c94e710463e9273,2026-08-01,validation
2,3caa8da1d894e2d8,2026-08-01,test
2,3cc517449cc6aab3,2026-08-01,validation
2,3cd88e21006a8aee,2026-08-01,train
2,3cd9fa5134da293f,2026-08-01,train
2,3ce452a0627b3222,2026-08-01,test
2,3cf7311dfbe8e5e0,2026-08-01,validation
2,3d087d99d2401229,2026-08-01,train
2,3d0f9a1a04d5287e,2026-08-01,train
2,3d27ee13fa896e17,2026-08-01,train
2,3d2de6a9ea1c2702,2026-08-01,train
2,3d5f455cfd246b0e,2026-08-01,validation
2,3d938bac070c4574,2026-08-01,train
2,3db767a26220b500,2026-08-01,test
2,3dc2e473a2527175,2026-08-01,validation
2,3dc9a03f4b24c73f,2026-08-01,train
2,3dcc6469e5e464ed,2026-08-01,validation
2,3dcfe38e87f7309f,2026-08-01,train
2,3de1af3021d97647,2026-08-01,test
2,3de6a37bc4d408ea,2026-08-01,test
2,3e514f591e2fd387,2026-08-01,train
2,3e5b59c03bd00128,2026-08-01,validation
2,3e5c0bc6ac533c6a,2026-08-01,train
2,3e6ae4f17f3adf6e,2026-08-01,train
2,3e7a2cbe4a49bb1c,2026-08-01,train
2,3ead1a2d282483fa,2026-08-01,train
2,3ec0cbd4924dc7f0,2026-08-01,train
2,3ec5ae27d39f80c3,2026-08-01,train
2,3ee73d4da4448e15,2026-08-01,train
2,3f21e1ae5848af49,2026-08-01,train
2,3f40feba8c2fceeb,2026-08-01,test
2,3f65099b7f3ba3ac,2026-08-01,validation
2,3f661941b9d38c58,2026-08-01,train
2,3f7db9f75375601f,2026-08-01,train
2,3f82655fb36ddcf1,2026-08-01,test
2,3f9a2b1f445d66c8,2026-08-01,train
2,3fa8c19cd3cca929,2026-08-01,train
2,3fe5344b0676d5fe,2026-08-01,test
2,404ea31dfd6c76b7,2026-08-01,train
2,40622451c37778a4,2026-08-01,train
2,407fedfb60cfebe6,2026-08-01,validation
2,40b56cdd7c637ecd,2026-08-01,train
2,40c94fb468f983b1,2026-08-01,test
2,40df53914ec9caf4,2026-08-01,test
2,40e465b8f3b930a8,2026-08-01,train
2,41068fd58b468c98,2026-08-01,train
2,412d7ac2de9273d1,2026-08-01,test
2,413cb3a0c26f5a9b,2026-08-01,train
2,41cbd6fff425a7f1,2026-08-01,train
2,41d60058347e0d2a,2026-08-01,train
2,41ef6fc9ea330e17,2026-08-01,validation
2,41f19c90a3f4543f,2026-08-01,train
2,42075b3c016767c5,2026-08-01,train
2,4228868d22434bff,2026-08-01,test
2,423af9a1c71d6896,2026-08-01,train
2,42474626bedadc37,2026-08-01,test
2,424b827bf4babb47,2026-08-01,train
2,4253547bc0894781,2026-08-01,validation
2,4258f2a74288de1d,2026-08-01,test
2,42a44e002168505c,2026-08-01,train
2,42a8c166374cdbc7,2026-08-01,train
2,42b0192d6e320d37,2026-08-01,train
2,42bd8d09ea972c52,2026-08-01,test
2,42c2c727a779c077,2026-08-01,validation
2,42d884f3e981bc6f,2026-08-01,train
2,4309ff5c610ed1e8,2026-08-01,train
2,43146c94decff4fd,2026-08-01,validation
2,4321c7867a88d6cf,2026-08-01,train
2,43617501788a3626,2026-08-01,train
2,4367d07d9cd096f8,2026-08-01,train
2,4370a12d3baeeb02,2026-08-01,test
2,43882bad5ae64bb4,2026-08-01,validation
2,43b1842d99374694,2026-08-01,train
2,43e8e84299613e7e,2026-08-01,train
2,43f7be493cc8e494,2026-08-01,train
2,440981ccd963482c,2026-08-01,train
2,4414e6c479604ea0,2026-08-01,train
2,443ac4d94350eef5,2026-08-01,train
2,444093fcda7abddf,2026-08-01,train
2,4467edf33f48a988,2026-08-01,test
2,44c14337f1a1ddb3,2026-08-01,train
2,44d62850129f1224,2026-08-01,train
2,44e13c253508af41,2026-08-01,train
2,44f84b6f05cd7292,2026-08-01,test
2,453d7743cbe4d38a,2026-08-01,validation
2,4556173d1a37da37,2026-08-01,train
2,456547000be1c8ca,2026-08-01,train
2,45830523c974415c,2026-08-01,train
2,45962b99348755ea,2026-08-01,train
2,45a41c4327c272d4,2026-08-01,train
2,45ba08cb1b6a33f7,2026-08-01,train
2,45e3727accae14cc,2026-08-01,train
2,45e6ed6f7c378ab5,2026-08-01,train
2,45e82019ec3fb8e5,2026-08-01,train
2,45f0018bee284ebd,2026-08-01,train
2,45f37d4b00380bab,2026-08-01,train
2,462fddb58428c0ec,2026-08-01,test
2,463974856cc9444e,2026-08-01,test
2,467b06a219734489,2026-08-01,train
2,467b21d889321df4,2026-08-01,train
2,4694d452d0f7c948,2026-08-01,train
2,46d51953777beff4,2026-08-01,test
2,46e38ce228bfad2d,2026-08-01,train
2,46ec41b40a91244d,2026-08-01,train
2,4705179b74c96d51,2026-08-01,train
2,473d518477ed29e2,2026-08-01,train
2,4745ca2950e2a27e,2026-08-01,validation
2,475b3b971de63916,2026-08-01,train
2,4787f63aa7f3af58,2026-08-01,test
2,478bf85df36c3e5f,2026-08-01,train
2,47ab6db99c5885e0,2026-08-01,train
2,484d29713711c497,2026-08-01,train
2,485ecd3bbfb7ed47,2026-08-01,train
2,4885490c259b67e0,2026-08-01,validation
2,4893383dc18691b7,2026-08-01,validation
2,48b3776b67992886,2026-08-01,train
2,48bcc4bd8665ceb0,2026-08-01,train
2,48f67b5056eb739e,2026-08-01,validation
2,48f779a7a610858d,2026-08-01,train
2,4906d7d7f742425a,2026-08-01,train
2,491bb4c9c813b20c,2026-08-01,train
2,495e301d994dbc6f,2026-08-01,train
2,4962545284115076,2026-08-01,train
2,498d4fab548f295e,2026-08-01,train
2,499473f7685ae3e5,2026-08-01,validation
2,499a6a19e91a8d41,2026-08-01,train
2,49a0f5221e47ff34,2026-08-01,validation
2,49afa34bc3aab4c4,2026-08-01,test
2,49b23abb76545120,2026-08-01,train
2,49bb8af8a7a48b2b,2026-08-01,train
2,49c6ffb32d070b61,2026-08-01,test
2,49cd102b98832bdb,2026-08-01,train
2,49ec2c53b379b863,2026-08-01,train
2,49f3bce4d44a4357,2026-08-01,train
2,4a09b05e848934e6,2026-08-01,validation
2,4a6d31c66020f7ec,2026-08-01,train
2,4aa28f394dbc5c6b,2026-08-01,train
2,4abb14ede39d1efc,2026-08-01,test
2,4b6532568bfbcefa,2026-08-01,test
2,4b6d59691c43d76d,2026-08-01,test
2,4b766a7828a88c79,2026-08-01,train
2,4b778cf05edd93c8,2026-08-01,train
2,4b79162135cc7f03,2026-08-01,train
2,4b7942bfbf551f83,2026-08-01,test
2,4ba8c98b1a327ca7,2026-08-01,train
2,4bafbcafec368426,2026-08-01,train
2,4bb061533396e623,2026-08-01,train
2,4bc458b242b9c87f,2026-08-01,train
2,4bef079f77bb713d,2026-08-01,validation
2,4bf24c72875e71e3,2026-08-01,test
2,4c1440923fcc9393,2026-08-01,train
2,4c194b248226f507,2026-08-01,test
2,4c36846c7ac72a81,2026-08-01,train
2,4c4b9d6acb8650c9,2026-08-01,validation
2,4c82663b96bc475e,2026-08-01,test
2,4d12108e769d607e,2026-08-01,train
2,4d5638d4e1178ea2,2026-08-01,train
2,4d771fe67f140ac6,2026-08-01,train
2,4d833c5bb80c5c5b,2026-08-01,validation
2,4dd68eb21224875b,2026-08-01,train
2,4dee7695c3ee2dbc,2026-08-01,train
2,4dfdcef39508ef08,2026-08-01,train
2,4e04747dd2fe8d3a,2026-08-01,train
2,4e07310a6863c0f2,2026-08-01,train
2,4e0e5877707448d5,2026-08-01,train
2,4e307f33a1360357,2026-08-01,validation
2,4e438fedccfc381d,2026-08-01,validation
2,4e766ac0c8773317,2026-08-01,test
2,4e80b7e5397ed28b,2026-08-01,train
2,4e8627b7c49a54c1,2026-08-01,train
2,4e86521699dcd315,2026-08-01,train
2,4ed6825b5d444d4c,2026-08-01,train
2,4ed81a6062968d9e,2026-08-01,test
2,4ed99218d8cb68f3,2026-08-01,test
2,4efa4623975067f6,2026-08-01,train
2,4eff5c46ea30c529,2026-08-01,train
2,4f0aa5580e31235b,2026-08-01,train
2,4f10eb7972be4ec0,2026-08-01,train
2,4f2bc0d7721efd76,2026-08-01,train
2,4f7005c5518d7a61,2026-08-01,train
2,4f9027158e263dfb,2026-08-01,test
2,4fbcffdfa4b4d0bc,2026-08-01,train
2,4fc62a433f698456,2026-08-01,train
2,4fd67a812e6c6e5a,2026-08-01,test
2,4fd8407850a571b2,2026-08-01,train
2,4fdc22c2d44fd2dc,2026-08-01,test
2,50004927d91d695f,2026-08-01,train
2,500547dba5ec0ec8,2026-08-01,train
2,501d8e6e5f331b58,2026-08-01,test
2,501f6b5e1ff805ac,2026-08-01,train
2,505dabb2a7459650,2026-08-01,validation
2,507a0b544625b8cc,2026-08-01,train
2,508018f9159da5d8,2026-08-01,train
2,508e9f2595b06550,2026-08-01,train
2,50b49e8daa0c174a,2026-08-01,train
2,50ba9f01cd371747,2026-08-01,train
2,50d8eae2070a8e10,2026-08-01,validation
2,50f7c9f757b89416,2026-08-01,train
2,50fc75ead6701c81,2026-08-01,train
2,51026950862ce3ee,2026-08-01,train
2,5176ac8750767d32,2026-08-01,validation
2,51b5d05faeca4740,2026-08-01,train
2,51fe0dbbc2380ea7,2026-08-01,test
2,52559640c5b28744,2026-08-01,train
2,526433d020e54ad9,2026-08-01,train
2,526c49ec9feb6b7b,2026-08-01,train
2,5297240d73718681,2026-08-01,train
2,529b3fb761a2559e,2026-08-01,validation
2,529c476addc82a4a,2026-08-01,train
2,52cf8d9995ac4051,2026-08-01,train
2,52eff94128c03798,2026-08-01,train
2,52f6f8ee37c253f3,2026-08-01,test
2,52fc97685e7da236,2026-08-01,train
2,5334a3c52c6b959e,2026-08-01,train
2,533d8ab80cd89e18,2026-08-01,validation
2,533f46af49946668,2026-08-01,train
2,53524cbef0fee712,2026-08-01,train
2,5358669075561b69,2026-08-01,train
2,5391df97ff7f2083,2026-08-01,validation
2,53b665d2e407e6c1,2026-08-01,train
2,53c6754ae37daf83,2026-08-01,train
2,53e428ace5dc1c1f,2026-08-01,train
2,53f231e235fb7b49,2026-08-01,test
2,53f40bfdbdfcaddb,2026-08-01,train
2,542946d2e571db19,2026-08-01,validation
2,543068d026f7f2e9,2026-08-01,train
2,543db342e4831a56,2026-08-01,train
2,54485081eef1b62d,2026-08-01,test
2,54598b07108935bc,2026-08-01,train
2,54ef55e7b3e82584,2026-08-01,train
2,551c346d3d734123,2026-08-01,test
2,5545c6b3dea0a3c3,2026-08-01,train
2,554add7d4f968a82,2026-08-01,validation
2,5582f42d12f43afa,2026-08-01,test
2,558a4abd471952b9,2026-08-01,train
2,559f156dc2450d17,2026-08-01,train
2,55a114d71b40e582,2026-08-01,train
2,55ba9d9aa6e7c68a,2026-08-01,train
2,55e70e0ec4883a2f,2026-08-01,train
2,563baf9700423263,2026-08-01,train
2,56480125155191e9,2026-08-01,train
2,564bdf8dff485543,2026-08-01,train
2,56614a877374565b,2026-08-01,train
2,566be8e909cc66a3,2026-08-01,train
2,56892d2764776b81,2026-08-01,train
2,56aa70003a23c06c,2026-08-01,train
2,56b669e578c4a5b1,2026-08-01,train
2,56b820cd59942b5f,2026-08-01,train
2,56bc794e0fac1704,2026-08-01,test
2,56be4750c43455a9,2026-08-01,train
2,56cd460bfa72a68b,2026-08-01,train
2,56ec2a768c75e7e2,2026-08-01,test
2,56f60c1065421093,2026-08-01,train
2,570d23a8b04f9e5c,2026-08-01,test
2,571ea5415e979262,2026-08-01,test
2,579777e5714082c0,2026-08-01,train
2,57c56e0493d28a95,2026-08-01,train
2,57e02d0c58eb325f,2026-08-01,test
2,57e2b3c2e22ac1d9,2026-08-01,train
2,57ee2000f82ef06f,2026-08-01,test
2,582e979efdb24e9e,2026-08-01,validation
2,58907edfb2935b4c,2026-08-01,test
2,58a47002a6e6cfa6,2026-08-01,train
2,58c140c345e8bf9f,2026-08-01,train
2,58de711e5e071997,2026-08-01,train
2,58f4ca3b34ed7413,2026-08-01,train
2,59053b8afeec9751,2026-08-01,test
2,590bd159fff56562,2026-08-01,train
2,5938404f013d2fd6,2026-08-01,train
2,59397f825c87f708,2026-08-01,validation
2,597007a9280a7420,2026-08-01,test
2,5975be5b934f432e,2026-08-01,test
2,59d0c51b4cc4d2c1,2026-08-01,validation
2,59f26f5c303aa592,2026-08-01,train
2,5a22ff42df5d9296,2026-08-01,train
2,5a3bc840ec1c90d2,2026-08-01,train
2,5a3faf82c2a2f6b5,2026-08-01,test
2,5a6448dad06d9024,2026-08-01,train
2,5a98f818b1b278fc,2026-08-01,train
2,5ac7b92ac720aee9,2026-08-01,train
2,5b42b619b56c2599,2026-08-01,train
2,5b6560d90e3251bc,2026-08-01,train
2,5b777c0f01e3c726,2026-08-01,train
2,5c260eca176444e9,2026-08-01,train
2,5c3102c191f29175,2026-08-01,train
2,5c427fffcf392eb8,2026-08-01,validation
2,5c5232946384cd65,2026-08-01,train
2,5c58ff36bb5f4146,2026-08-01,validation
2,5c707f312cf57caf,2026-08-01,train
2,5c9e9e414c636137,2026-08-01,validation
2,5ca454975bde5241,2026-08-01,train
2,5cbbbe0d125b31f1,2026-08-01,train
2,5cc2d91220d0d9d5,2026-08-01,validation
2,5cc518b23ee25605,2026-08-01,validation
2,5cd2686cf27532d3,2026-08-01,train
2,5ce904b8a3fedcfb,2026-08-01,train
2,5cf50426537f1ba8,2026-08-01,validation
2,5d0f26628cbf8572,2026-08-01,validation
2,5d3cad0d5c8aac8a,2026-08-01,test
2,5d7553985f62c097,2026-08-01,validation
2,5d88a55e097ba993,2026-08-01,train
2,5d94ebd8658e126c,2026-08-01,train
2,5db085a28ff6e922,2026-08-01,train
2,5de73091ff95d3ed,2026-08-01,train
2,5df0a8d3ff2e339b,2026-08-01,train
2,5df5f8b84bbaf5f4,2026-08-01,validation
2,5df6fe55b5691b8c,2026-08-01,train
2,5dffc919257bcb1d,2026-08-01,test
2,5e06f1adf6437ca9,2026-08-01,train
2,5e0e1a8c14dfa278,2026-08-01,validation
2,5e1b83696a8e3e75,2026-08-01,test
2,5e44e203b39c4b95,2026-08-01,validation
2,5e4d7798c33e8292,2026-08-01,train
2,5e5652c1e87323ec,2026-08-01,train
2,5e5b9319f184f028,2026-08-01,train
2,5e6911148dba1fd2,2026-08-01,train
2,5e7d20424189a85f,2026-08-01,train
2,5e91f4986d64cfc5,2026-08-01,train
2,5ea5eb79d222d8e1,2026-08-01,train
2,5ebd93e81a7eef4a,2026-08-01,train
2,5ec261a2720cc940,2026-08-01,train
2,5ed6634b52eae1c9,2026-08-01,test
2,5edd86060a95f4e1,2026-08-01,train
2,5f1e5f63f9423856,2026-08-01,train
2,5f23bdab0208c764,2026-08-01,train
2,5f2d4a8cde8a9395,2026-08-01,train
2,5f58b1cf365be1e7,2026-08-01,test
2,5f5edff9d69891b9,2026-08-01,train
2,5f76fe1a7539c562,2026-08-01,train
2,5fd9431ca01c89ec,2026-08-01,train
2,5fee325019158832,2026-08-01,train
2,600349100c12af68,2026-08-01,train
2,60266cf1d941260f,2026-08-01,train
2,602c1d1c98392ba2,2026-08-01,test
2,6032a3e5a3ebb080,2026-08-01,train
2,606dc15e3bbf9449,2026-08-01,train
2,6084557f4de25f66,2026-08-01,train
2,608a2bbc2ca83e21,2026-08-01,test
2,60b60277c08259bb,2026-08-01,train
2,60c620e29a27d803,2026-08-01,train
2,611448c4c7104b69,2026-08-01,train
2,6141ac503cd7ff59,2026-08-01,train
2,614f0090d181b3ed,2026-08-01,train
2,6169129fc82c6430,2026-08-01,train
2,61b478be4131c88d,2026-08-01,validation
2,61cc4ce127785404,2026-08-01,validation
2,61d82fa6e0910ec5,2026-08-01,test
2,61fa389082f06657,2026-08-01,test
2,620c0acec958528e,2026-08-01,train
2,620dfc2ad6ad3f3f,2026-08-01,test
2,6222d7a331479ba5,2026-08-01,train
2,623042bde23a8d52,2026-08-01,test
2,623ada95099cb01c,2026-08-01,train
2,624d01189d301f8a,2026-08-01,train
2,625bb82dbb611acb,2026-08-01,test
2,625e121405c100e7,2026-08-01,train
2,6263d59aa7ecd311,2026-08-01,test
2,6289932c97c782e9,2026-08-01,test
2,6295575ce00f0365,2026-08-01,train
2,62fcf39e443e8dd2,2026-08-01,train
2,633d6ce1af1275da,2026-08-01,test
2,6345e512b80eaf16,2026-08-01,train
2,6358f0fc58cc7339,2026-08-01,train
2,637dc6ec3b7647dc,2026-08-01,test
2,637f53bb54fb8af0,2026-08-01,train
2,63bd5cb0d0672682,2026-08-01,validation
2,63bdd698166d4220,2026-08-01,validation
2,63f3d78c158f307b,2026-08-01,validation
2,6403bff7c405a640,2026-08-01,train
2,6411e047581a1397,2026-08-01,train
2,6442f71926accfb5,2026-08-01,train
2,646b2adbdf8ad145,2026-08-01,train
2,64729454ec654165,2026-08-01,train
2,64895a19d007f378,2026-08-01,train
2,648e10ad78aa1e46,2026-08-01,test
2,64de4f7add6b7659,2026-08-01,train
2,653df39d82ae215f,2026-08-01,train
2,65521a09c4166ead,2026-08-01,train
2,65670184484fc894,2026-08-01,train
2,657d914643a4e9b9,2026-08-01,train
2,657f72399009b940,2026-08-01,train
2,6593eaa101bd7dea,2026-08-01,train
2,65947883d0d6fecb,2026-08-01,train
2,65a05e5ccb7aed3d,2026-08-01,train
2,65bcff79b874a870,2026-08-01,train
2,65ff6c8420b743f8,2026-08-01,train
2,66018f0cd8b9ac83,2026-08-01,train
2,66356109f1be47c4,2026-08-01,train
2,664c117bc6973d65,2026-08-01,train
2,665e6130510da773,2026-08-01,train
2,6663e61c641114a7,2026-08-01,train
2,66c7b700d4ec53b4,2026-08-01,train
2,66cbb6b1cfe5634d,2026-08-01,train
2,66e6215b80fba83a,2026-08-01,test
2,66eceaa0f6798d38,2026-08-01,test
2,671d9386a757cc6a,2026-08-01,validation
2,6728f2e0480848a6,2026-08-01,train
2,673360ecdf903a35,2026-08-01,train
2,67427d1b875b996f,2026-08-01,train
2,676adb516ccdac42,2026-08-01,train
2,67952366f80ab369,2026-08-01,train
2,67bf5ed66bf78443,2026-08-01,train
2,67d2147a51b99118,2026-08-01,train
2,67d58d562e9dc5ac,2026-08-01,validation
2,681e3bbd95ec2a8a,2026-08-01,train
2,6867ad4a61524d33,2026-08-01,train
2,69076654f837d15e,2026-08-01,train
2,692c617c6537fecf,2026-08-01,train
2,69618cab7a1488c7,2026-08-01,validation
2,6964fd2447b1751f,2026-08-01,train
2,696fcfb888028ecc,2026-08-01,validation
2,69a2afeff1ea6054,2026-08-01,validation
2,69adbdd205d8fcee,2026-08-01,train
2,69dd25b6c346c915,2026-08-01,validation
2,69dfdfc1fedeb34c,2026-08-01,train
2,69e340025c8b6264,2026-08-01,validation
2,69f310b10b6e030d,2026-08-01,validation
2,69f79c1f2a6ab22e,2026-08-01,train
2,6a0cc348024c6478,2026-08-01,train
2,6a1136e909bbf49f,2026-08-01,test
2,6a14da3b323d700d,2026-08-01,train
2,6a29fd189b77de56,2026-08-01,train
2,6a7017c194779e94,2026-08-01,train
2,6a9647591da4ef7a,2026-08-01,train
2,6aa01c064fcbd2f8,2026-08-01,test
2,6abdc72a8b9b7031,2026-08-01,train
2,6ad1cbc70ae4f729,2026-08-01,validation
2,6af4c8afc8b52fda,2026-08-01,validation
2,6b0670f986f2dc16,2026-08-01,train
2,6b4054e406573099,2026-08-01,train
2,6b9f1aa19824985c,2026-08-01,train
2,6bdb07e79cd5a4a0,2026-08-01,train
2,6bdb99579cec658a,2026-08-01,train
2,6be7f0eef1995af2,2026-08-01,test
2,6bfd4a83f96763c0,2026-08-01,test
2,6c049f8d7a6e0578,2026-08-01,train
2,6c04d62d3abed501,2026-08-01,validation
2,6c16a7eb636f6850,2026-08-01,train
2,6c2e66958c6e7bbc,2026-08-01,train
2,6c3a1910a088775c,2026-08-01,validation
2,6c5a9fb1bd6fa24b,2026-08-01,train
2,6c930586268cc2e5,2026-08-01,train
2,6cb69a5544748f7e,2026-08-01,train
2,6ced6d169e4340b2,2026-08-01,train
2,6d0efb14a9530774,2026-08-01,train
2,6d41eb4030364167,2026-08-01,train
2,6d766fa773c4ebc6,2026-08-01,validation
2,6daaf71db7866a63,2026-08-01,train
2,6dc94294c18e6823,2026-08-01,train
2,6dcf5f2ca2084033,2026-08-01,train
2,6e038ad2818e1fb3,2026-08-01,train
2,6e16aec4140a6a36,2026-08-01,train
2,6e87c3f15e2662d7,2026-08-01,train
2,6e89f16a84fdbde2,2026-08-01,train
2,6e9794ab3f2a05d6,2026-08-01,train
2,6eb3db6ec6d75514,2026-08-01,train
2,6ee093ee45102b47,2026-08-01,train
2,6ef0f0e15192f7a6,2026-08-01,train
2,6f35e04e68659377,2026-08-01,train
2,6f4bb50f2c3dfd67,2026-08-01,train
2,6f51ee15f8d6d178,2026-08-01,train
2,6fb3674fc75b4d32,2026-08-01,test
2,6fb5233668b795e2,2026-08-01,validation
2,6fb99d25be8be518,2026-08-01,train
2,6fc21445e1378a34,2026-08-01,test
2,6fcf339ba36a8019,2026-08-01,train
2,6fdcfb24bae1c337,2026-08-01,validation
2,7022bd906af37490,2026-08-01,test
2,7038bed5dc02b7ee,2026-08-01,train
2,7047f54f6392b685,2026-08-01,train
2,706d6360b7f44331,2026-08-01,train
2,707841cea48fc7b0,2026-08-01,train
2,707b49ba1a7c6897,2026-08-01,train
2,7092b575d5e2adfb,2026-08-01,train
2,70a51d014d9a7dda,2026-08-01,train
2,70fec80b341630af,2026-08-01,validation
2,710a42e451eb92df,2026-08-01,train
2,71172147bfd7c671,2026-08-01,train
2,71a97bd686f5d10e,2026-08-01,test
2,71aad5e0843f41a0,2026-08-01,train
2,71abefc2236697a3,2026-08-01,train
2,71be0af4877b7ff4,2026-08-01,train
2,71e65fa88e700b5e,2026-08-01,train
2,71e82c35102e4167,2026-08-01,validation
2,721089eb77a6a1c5,2026-08-01,test
2,722b63f3e260608a,2026-08-01,test
2,7254368e1a213aa3,2026-08-01,validation
2,726899221e24da71,2026-08-01,train
2,72e862d3d3fc3976,2026-08-01,train
2,7310386f9891cca8,2026-08-01,test
2,73171a02839fb8cc,2026-08-01,train
2,73328168aa9d5de7,2026-08-01,train
2,7333c9cc9ea06895,2026-08-01,test
2,7346e31a95f6c6c3,2026-08-01,train
2,7388f2d126c4a626,2026-08-01,train
2,739022c2292c7be5,2026-08-01,train
2,7395b2d10db13d8b,2026-08-01,validation
2,73abab1dd7897a84,2026-08-01,train
2,73ce78c8559443d1,2026-08-01,train
2,73d3521d678e2448,2026-08-01,test
2,73d59b025647887c,2026-08-01,train
2,73d88bc9e52ef43a,2026-08-01,train
2,73e734754772e8a2,2026-08-01,train
2,73f12ecedf3c37a6,2026-08-01,test
2,744075ba3d405c12,2026-08-01,train
2,74490dabe5c00a8e,2026-08-01,train
2,7468a2f7a822f716,2026-08-01,train
2,746b5816151eff77,2026-08-01,train
2,74731011369d4ab3,2026-08-01,validation
2,74bd45d3dc7a2559,2026-08-01,test
2,74d4faebb3510f67,2026-08-01,train
2,74d5712c6fd48fb8,2026-08-01,train
2,75390ce332ff6ae2,2026-08-01,test
2,754710fc797f2f34,2026-08-01,test
2,759e058ed7136593,2026-08-01,validation
2,75a07dd141093655,2026-08-01,train
2,75d1a4a3eab66f5a,2026-08-01,test
2,763045f02981cff3,2026-08-01,validation
2,7682cf8444fcd542,2026-08-01,train
2,76c20bb1d090a8e8,2026-08-01,test
2,76c4d08ede207138,2026-08-01,train
2,76de68f843bcf88e,2026-08-01,test
2,76ef3cffa4502122,2026-08-01,train
2,7723cf00e86b64d1,2026-08-01,test
2,773fb1e662323c6f,2026-08-01,test
2,775e9b2c5c97ef6a,2026-08-01,train
2,7761486321b6d29c,2026-08-01,train
2,776d215954b7e1cc,2026-08-01,train
2,777b6fbba4cb13b7,2026-08-01,validation
2,7789e2e6caed575f,2026-08-01,train
2,77ad83bb86f9237c,2026-08-01,train
2,77aef29f60bb3f58,2026-08-01,train
2,77c74f6435e7eb87,2026-08-01,train
2,77cdf319aaf9cffc,2026-08-01,train
2,77f78ca6bd293a7d,2026-08-01,train
2,77fc0a276680ca39,2026-08-01,test
2,781077f1637a5740,2026-08-01,train
2,7813fb34c2cf3bb4,2026-08-01,validation
2,78302e6d0421d417,2026-08-01,train
2,7830b709f33f082c,2026-08-01,test
2,784025a50cbc3605,2026-08-01,train
2,784bd8b9dcff433d,2026-08-01,train
2,7891911ba684d026,2026-08-01,test
2,789c6f21fe2c80e3,2026-08-01,train
2,78cdaf2b01e5f1ff,2026-08-01,train
2,78eb92bb529e2e7d,2026-08-01,validation
2,794aba3310dcd21b,2026-08-01,train
2,79618d7d6d994386,2026-08-01,train
2,7963d389e9b7d876,2026-08-01,train
2,7963da1e1c5cc865,2026-08-01,train
2,798e7ad1d8b9a389,2026-08-01,train
2,799254a983202990,2026-08-01,train
2,79954dfc4546941d,2026-08-01,train
2,79a4584e7f53b7ee,2026-08-01,validation
2,79d0896c075969e5,2026-08-01,train
2,79e496dc09b57ed9,2026-08-01,train
2,7a251746577ec64a,2026-08-01,train
2,7a2fbe838482ca99,2026-08-01,train
2,7a2fe21c6a2577c1,2026-08-01,train
2,7a34539c8392957a,2026-08-01,train
2,7a3c8de7b45e7080,2026-08-01,train
2,7a94e61e678e942b,2026-08-01,train
2,7acfe318f8afcd13,2026-08-01,train
2,7addea16633f23d4,2026-08-01,test
2,7aedb0077fee54cc,2026-08-01,train
2,7b15ff83fc652e74,2026-08-01,train
2,7b275e597131a119,2026-08-01,train
2,7b324a32c0a9e58e,2026-08-01,train
2,7b47b26b2f90b127,2026-08-01,train
2,7b4905ee42f1ccd1,2026-08-01,test
2,7b5839eeba08f286,2026-08-01,train
2,7b5cfd08fa221a34,2026-08-01,test
2,7b6ee7302ef45c0a,2026-08-01,validation
2,7b74f185d442779f,2026-08-01,train
2,7b79cc67d17302eb,2026-08-01,test
2,7ba3dd9ecd3bd65a,2026-08-01,train
2,7be32fb33329392f,2026-08-01,test
2,7bfa14fa7578192e,2026-08-01,test
2,7c002a5c9a6321d5,2026-08-01,train
2,7c049b6830834fc2,2026-08-01,train
2,7c77caf3a860dc30,2026-08-01,train
2,7c985a93b3f06571,2026-08-01,train
2,7c985f930cb0012d,2026-08-01,train
2,7cc4406e28186410,2026-08-01,train
2,7ccdee3598ae2d5d,2026-08-01,validation
2,7cd9d4c81e0780df,2026-08-01,test
2,7d1f18abfd5a0dcf,2026-08-01,train
2,7d1fb63087b2486e,2026-08-01,train
2,7d21054d359a857f,2026-08-01,train
2,7d234e5ac11fb1a5,2026-08-01,train
2,7d5590a2df32d96a,2026-08-01,test
2,7d5da7adf70118c7,2026-08-01,train
2,7d69f79721cdf6e4,2026-08-01,test
2,7dacfef2ca8f6a16,2026-08-01,train
2,7de9164a907f2ab5,2026-08-01,test
2,7df53badb87d3188,2026-08-01,train
2,7e3e06a11976e5a9,2026-08-01,train
2,7e4afa159f5866b4,2026-08-01,test
2,7e54fffaeeca5f59,2026-08-01,train
2,7e5d3090ec66e63a,2026-08-01,validation
2,7e89286f81efac69,2026-08-01,test
2,7e89f04f46132dbd,2026-08-01,train
2,7ea4948a8ad53a56,2026-08-01,train
2,7ed9c0c5ecb15405,2026-08-01,train
2,7edd43658bc1f4da,2026-08-01,validation
2,7eeb69a63ce327f4,2026-08-01,train
2,7f0b872c14158f2c,2026-08-01,train
2,7f1ea3ba39f3ce56,2026-08-01,train
2,7f269a4786138d54,2026-08-01,train
2,7f2873c06f979315,2026-08-01,validation
2,7f301d5f863ca73d,2026-08-01,test
2,7f361bc1871bfb08,2026-08-01,test
2,7f4efdcbb3cdaa6a,2026-08-01,train
2,7f53238af18eb511,2026-08-01,test
2,7f7f3ce60b445b35,2026-08-01,train
2,7fa0af531179680b,2026-08-01,validation
2,7fa1548ca33e6543,2026-08-01,train
2,7fc7e2e918453dd9,2026-08-01,test
2,7fcfda8d270bb332,2026-08-01,validation
2,7fd80728dc44093d,2026-08-01,validation
2,80048051c58e38c2,2026-08-01,train
2,802201740e6d00f9,2026-08-01,train
2,802f5ce0cec5b906,2026-08-01,train
2,8067f1c947bf228d,2026-08-01,train
2,8084c031e1cd0618,2026-08-01,train
2,80f8e4ee3deff31a,2026-08-01,train
2,8139e35835b7beed,2026-08-01,train
2,8150a2f6f2673d75,2026-08-01,validation
2,816680bf5af1e2f8,2026-08-01,validation
2,817313cb13cc74c4,2026-08-01,validation
2,8177c85436b79c51,2026-08-01,train
2,81c5266f5abb87c0,2026-08-01,train
2,81c7cf0b0c4e9653,2026-08-01,test
2,81d09bb7b16c78ef,2026-08-01,train
2,81f6d7dd74af1482,2026-08-01,validation
2,81f74b5b62dd9e44,2026-08-01,train
2,82035e2d07e6717e,2026-08-01,test
2,82749a7b2d0e4b34,2026-08-01,train
2,8296f91c979238cd,2026-08-01,train
2,82c207b9cb03182d,2026-08-01,train
2,82e1c50a6c88d9cc,2026-08-01,train
2,8301aa2e1d36c999,2026-08-01,train
2,831781d0ef73f15f,2026-08-01,test
2,831d9ec4da0648f5,2026-08-01,train
2,83251e024802305e,2026-08-01,train
2,832acf6c072e9499,2026-08-01,train
2,83384850613003ab,2026-08-01,train
2,836c920836dca7aa,2026-08-01,validation
2,83be74df26b20712,2026-08-01,train
2,83e81b0991e57715,2026-08-01,train
2,84528937bd74e8b0,2026-08-01,train
2,8453ccc349f843a6,2026-08-01,train
2,846c3419bf9e9bd1,2026-08-01,train
2,846d8bd6a760a24d,2026-08-01,train
2,847e1d65b29cba09,2026-08-01,train
2,84902ab0afb0e90a,2026-08-01,train
2,84927d5278e976fd,2026-08-01,train
2,851780071d1faa1a,2026-08-01,train
2,854c3173cba2a0f6,2026-08-01,train
2,855b92e7240895b8,2026-08-01,validation
2,855cddd032d5e88a,2026-08-01,validation
2,856cc96f52df3ce8,2026-08-01,train
2,856d8eaf13242fb3,2026-08-01,train
2,859197d6184a3749,2026-08-01,train
2,85acd02bd3ddf8b1,2026-08-01,validation
2,85c6585de92c1585,2026-08-01,train
2,8610ac51fea63c8f,2026-08-01,train
2,8656e1f43f240ffa,2026-08-01,train
2,865f5cc676b4e36d,2026-08-01,train
2,866943486c79c5d6,2026-08-01,train
2,8687359667a6b24d,2026-08-01,validation
2,86b1cfb68113759d,2026-08-01,validation
2,86c076e33e68cddb,2026-08-01,train
2,86dc2e9c67d49bd4,2026-08-01,train
2,871422e76ea72bca,2026-08-01,train
2,872b624ed9f4d8d5,2026-08-01,train
2,873382c4b6554d8e,2026-08-01,train
2,877707f6b4733fad,2026-08-01,train
2,8786c5972de377d4,2026-08-01,train
2,8788245188d850b3,2026-08-01,validation
2,87d620d890291908,2026-08-01,train
2,87da54a5f6154e76,2026-08-01,test
2,87dc4c73a0e9a12d,2026-08-01,validation
2,87f8021a08ad6559,2026-08-01,train
2,881541c27d0c5c5b,2026-08-01,train
2,883aa21c519bf6a3,2026-08-01,test
2,884ba1a0b130e1e8,2026-08-01,train
2,886a3f297fa80430,2026-08-01,test
2,8878ad58cb850235,2026-08-01,test
2,887b48ba4c873120,2026-08-01,train
2,88897071fd06c10f,2026-08-01,train
2,88adef67fdddacf5,2026-08-01,train
2,88b5bcd440a2cbb0,2026-08-01,validation
2,88c2ee440ec7691b,2026-08-01,test
2,88c7bf691911f471,2026-08-01,validation
2,88e7e3b9de00b57f,2026-08-01,train
2,88f56d3e888dd3fb,2026-08-01,train
2,89048b0e326aca1a,2026-08-01,test
2,89103928e8e4b52d,2026-08-01,train
2,894ad321785ecdaa,2026-08-01,train
2,89590065da49147d,2026-08-01,test
2,89980c490bf41ba7,2026-08-01,train
2,89d3839c7c7b9c61,2026-08-01,train
2,89d455a60bec434b,2026-08-01,train
2,89d7c1d506dafdcd,2026-08-01,train
2,89d8614a14451feb,2026-08-01,validation
2,89dae9ebcb30f9cd,2026-08-01,validation
2,89f9764d877684a3,2026-08-01,train
2,8a3b32d1252f1c1c,2026-08-01,train
2,8a6de3217b58743b,2026-08-01,train
2,8a7d8db7a098c54e,2026-08-01,validation
2,8ac69bfc921edead,2026-08-01,train
2,8b3123f7af047f27,2026-08-01,train
2,8b729743fd7d1003,2026-08-01,train
2,8bc723d803d7ef65,2026-08-01,train
2,8bc9ec6a950c82ee,2026-08-01,test
2,8bd1fb76f5d0df8b,2026-08-01,test
2,8bd8e7aa3596e79d,2026-08-01,train
2,8bfcda6407282a3f,2026-08-01,test
2,8c244533caa95a40,2026-08-01,train
2,8c2480a57d00fce7,2026-08-01,train
2,8c27dd0363373870,2026-08-01,train
2,8c575c088297d8d1,2026-08-01,train
2,8c68ccc72e2618a9,2026-08-01,train
2,8c7773175edf8d9f,2026-08-01,train
2,8c9b979b7e5a292c,2026-08-01,train
2,8cdef75f1fe34077,2026-08-01,train
2,8ced09b8ddea57cd,2026-08-01,train
2,8d0cd61e28b8209b,2026-08-01,train
2,8d195e30b904d9f2,2026-08-01,train
2,8d32884dd4f791ca,2026-08-01,train
2,8d4f982fa7db555e,2026-08-01,train
2,8d58a56d3fee9da0,2026-08-01,train
2,8daeb209f2e1edd5,2026-08-01,train
2,8dbcffefb68b6dd7,2026-08-01,train
2,8dc54af95a03eb2a,2026-08-01,train
2,8e018e1cf59e297b,2026-08-01,train
2,8e2b8624fe35676c,2026-08-01,test
2,8e8c02f5b92efcf8,2026-08-01,train
2,8ee245c568edb66a,2026-08-01,train
2,8ee9c751fa1d27bf,2026-08-01,train
2,8f098c335e7a9ed3,2026-08-01,train
2,8f0a62da8d5c2e0a,2026-08-01,validation
2,8f0f6987a99d6e63,2026-08-01,train
2,8f4c9076bc78d03e,2026-08-01,train
2,8f5a0b656af88c70,2026-08-01,test
2,8f6fb5b3588fbe6b,2026-08-01,train
2,8f9dae2f81376be4,2026-08-01,train
2,8fab20cf9a53b064,2026-08-01,train
2,8fb19b6befb10034,2026-08-01,train
2,8fb4d6763deddfbe,2026-08-01,validation
2,8fbc1736f2c099ce,2026-08-01,train
2,8fbd91da59c6db4a,2026-08-01,train
2,8fca9a49b703ff90,2026-08-01,test
2,8fd93b1055d39f00,2026-08-01,train
2,8fef916b1cad18fc,2026-08-01,test
2,903512811c0604a0,2026-08-01,train
2,904dfbb01d368bea,2026-08-01,train
2,9075d2b8fab0a2ac,2026-08-01,test
2,90abf670b93becca,2026-08-01,validation
2,90ace711cdca997e,2026-08-01,train
2,90ba0dd4c907606d,2026-08-01,train
2,90c27db50c045370,2026-08-01,test
2,90c936290168ae7a,2026-08-01,train
2,90d3e97098e20a3e,2026-08-01,train
2,90dae62d8b76ea31,2026-08-01,train
2,90dcd74dad1b0919,2026-08-01,train
2,90f174ef8cea3756,2026-08-01,test
2,9108a9cb8850a9b1,2026-08-01,train
2,914e453b0fda1ee1,2026-08-01,test
2,9150cad48ad74666,2026-08-01,train
2,9160aeeb1909f466,2026-08-01,train
2,91659fc75cc65828,2026-08-01,validation
2,91c114c18ceb8323,2026-08-01,train
2,91c6ddc159ca4f56,2026-08-01,train
2,91d4ab501e1b1f7f,2026-08-01,validation
2,923212e50044d305,2026-08-01,train
2,923c1866554d3fe8,2026-08-01,train
2,92528fd7fd310929,2026-08-01,train
2,927db2ad7951aaec,2026-08-01,validation
2,92e370939bee4471,2026-08-01,train
2,92fc1b40427b5c14,2026-08-01,train
2,9312756ee955d249,2026-08-01,train
2,931359d15e10408c,2026-08-01,validation
2,9323e43c015b9bdc,2026-08-01,train
2,9324409800f96072,2026-08-01,train
2,9328d83df0c7225c,2026-08-01,validation
2,933168e0a722f493,2026-08-01,validation
2,93ae766eeeb3caf7,2026-08-01,validation
2,93cb81a19c6d4b07,2026-08-01,test
2,93d2dc932375f6b0,2026-08-01,validation
2,9407ac790d6db0a3,2026-08-01,train
2,9415a58ad83e09c6,2026-08-01,train
2,942bee04f3886607,2026-08-01,test
2,943033c4664f5a50,2026-08-01,train
2,94429b51fff73601,2026-08-01,validation
2,9474693acfd8902f,2026-08-01,train
2,9494484234b4aa76,2026-08-01,train
2,94c5ab49f4d74468,2026-08-01,train
2,94e0a6a5898d2ca8,2026-08-01,train
2,94fa6616f7950bf7,2026-08-01,train
2,950168ea2fe30257,2026-08-01,train
2,9523d34e48642da6,2026-08-01,train
2,9563a1b9660943f8,2026-08-01,validation
2,95642bbea1078de2,2026-08-01,validation
2,95ca11896bf52c08,2026-08-01,train
2,96062a339e1b8e2d,2026-08-01,train
2,9609310fe0c53c61,2026-08-01,train
2,962da81cce17765a,2026-08-01,train
2,9668d3ff8c987048,2026-08-01,train
2,96b06d048cab233b,2026-08-01,train
2,96c2e943a5df1a88,2026-08-01,test
2,96c36fa337984982,2026-08-01,train
2,96ddabc1d78a5c95,2026-08-01,train
2,97172d0ad2efb13c,2026-08-01,train
2,973767a628003964,2026-08-01,test
2,9743740677615bfd,2026-08-01,train
2,97aae12d9333edb1,2026-08-01,train
2,97c6bc5468ba1099,2026-08-01,train
2,97e3dac37ca6823d,2026-08-01,test
2,97e7dc9f83aeb328,2026-08-01,train
2,97ef780afb9fa959,2026-08-01,train
2,98003ac372be47a8,2026-08-01,train
2,9840235fa3b1118c,2026-08-01,train
2,98426929aaded136,2026-08-01,test
2,98790ea50a402a9a,2026-08-01,train
2,9889ef7d78ebf5f0,2026-08-01,validation
2,988a9993ae7afdf6,2026-08-01,train
2,98b33f1dac028c7e,2026-08-01,train
2,98b47a68306cbd7c,2026-08-01,train
2,98f60ce5feb70786,2026-08-01,train
2,990866a20d016c57,2026-08-01,validation
2,991ee284886adc0a,2026-08-01,train
2,993019c1e0a71da5,2026-08-01,validation
2,993ee02e12d725df,2026-08-01,test
2,9964077dba71187e,2026-08-01,test
2,99700ddbed7e7a2e,2026-08-01,validation
2,99b8c431ff10b671,2026-08-01,train
2,99fb559b1bb4b897,2026-08-01,validation
2,9a3097d4d8cef285,2026-08-01,train
2,9a3f96a345b030b2,2026-08-01,validation
2,9a57a4c79f9ba1a2,2026-08-01,test
2,9a5881cbb4cfd2cb,2026-08-01,test
2,9a7848a403532ad2,2026-08-01,train
2,9acfa8e7aebe3cfa,2026-08-01,train
2,9ad6b3b85962209d,2026-08-01,train
2,9aeda55867385ff6,2026-08-01,train
2,9af7905abd1bc36a,2026-08-01,train
2,9b45364df20bdb68,2026-08-01,train
2,9b95ab0019eb9c67,2026-08-01,validation
2,9b95f7b87ebdffc6,2026-08-01,train
2,9bc36d8752964a9b,2026-08-01,train
2,9bc809a36a705942,2026-08-01,train
2,9bcd6a5d1a536b2b,2026-08-01,test
2,9c33f16a86a4982e,2026-08-01,train
2,9c6f75dbf7c8172d,2026-08-01,train
2,9cae62ee3ccad2e1,2026-08-01,train
2,9cb94f7cc76255a9,2026-08-01,train
2,9cfdcce39c2eafb2,2026-08-01,train
2,9d17403d439cbc8a,2026-08-01,train
2,9d3830b380338fbf,2026-08-01,train
2,9d6179d34b00c6ad,2026-08-01,train
2,9d6e0205943753f4,2026-08-01,train
2,9d73f5348c58fd8b,2026-08-01,test
2,9d9eb6257a209e40,2026-08-01,train
2,9da9f0fb1fa8b8c8,2026-08-01,train
2,9dc141df1cf009a2,2026-08-01,validation
2,9de7064da417f80f,2026-08-01,train
2,9deeaa1929bbfe55,2026-08-01,validation
2,9df8a8136deab0c3,2026-08-01,train
2,9e06ff04d26e0a20,2026-08-01,test
2,9e188fc622581c21,2026-08-01,train
2,9e25262caa2c3cc6,2026-08-01,train
2,9e2a317310299a5c,2026-08-01,train
2,9e2c74704ee5731a,2026-08-01,train
2,9e43f101d8adc478,2026-08-01,test
2,9e54bec5ddd3c882,2026-08-01,test
2,9e56bea4487cf51a,2026-08-01,train
2,9e5763b89f7e6df1,2026-08-01,test
2,9e5be8edb7d52648,2026-08-01,train
2,9e6b7e6fbc69b77f,2026-08-01,validation
2,9e88223c9c416409,2026-08-01,test
2,9ea8ba795abaa688,2026-08-01,train
2,9ebe7ce56bce9f2a,2026-08-01,train
2,9ef2f1fb9453dd9e,2026-08-01,train
2,9ef684e2399f6534,2026-08-01,test
2,9ef9930899dbac2f,2026-08-01,train
2,9f004a2997f3b22b,2026-08-01,train
2,9f28aa48c3cb7cbf,2026-08-01,validation
2,9f59d72388e4752f,2026-08-01,train
2,9f67443ff2604f42,2026-08-01,train
2,9f6d1f649ad7d8e0,2026-08-01,train
2,9f7acfe87eb3f068,2026-08-01,validation
2,9f8e93b9b39832b0,2026-08-01,train
2,9f8fc809e0f6a691,2026-08-01,train
2,9f96af1f260930d9,2026-08-01,train
2,9f9732690bb27078,2026-08-01,validation
2,9f97a3a59b40ca2d,2026-08-01,train
2,9f9e8a7b80d4a7fb,2026-08-01,train
2,9faef82e6cd6106f,2026-08-01,train
2,9ffa653bdbeb8e8a,2026-08-01,train
2,a01bccf652d6c49d,2026-08-01,test
2,a01e86b6afe669b6,2026-08-01,train
2,a02d0fbd8245a4e1,2026-08-01,validation
2,a03af240ad635dca,2026-08-01,train
2,a05c42e088e78df1,2026-08-01,train
2,a06d5f119e3aad96,2026-08-01,train
2,a0a01969b20e5640,2026-08-01,train
2,a0b031cb38b16092,2026-08-01,validation
2,a0bc044a15fbe757,2026-08-01,validation
2,a0e724a151584397,2026-08-01,train
2,a0f5cfda8a99733c,2026-08-01,train
2,a106421db5895643,2026-08-01,train
2,a10e0d6af1592b17,2026-08-01,train
2,a119ba0d75fb7c7c,2026-08-01,train
2,a126d8417b2ee369,2026-08-01,train
2,a128a329a175ed28,2026-08-01,validation
2,a1382081e62159a4,2026-08-01,train
2,a1ad0a5382b58211,2026-08-01,train
2,a1b2b75ca633a540,2026-08-01,train
2,a1bdd389b9c752f3,2026-08-01,validation
2,a1c48063e753f74d,2026-08-01,test
2,a1c8133c5da148a7,2026-08-01,validation
2,a1db46265634ec32,2026-08-01,train
2,a1dbebb92f69153d,2026-08-01,train
2,a2143082683ea347,2026-08-01,train
2,a2600b94a9913dbc,2026-08-01,train
2,a271361da3a4fc11,2026-08-01,train
2,a2b719da995fe1e8,2026-08-01,train
2,a2cf53b50cb980ae,2026-08-01,train
2,a2d759e6977f2835,2026-08-01,validation
2,a2da0a0b514b51b0,2026-08-01,train
2,a2de3eb1aa048e68,2026-08-01,train
2,a2e268b8f65ba783,2026-08-01,train
2,a2f42493fbbb8571,2026-08-01,train
2,a2f610d9637cc429,2026-08-01,train
2,a2fb0da3c836bbce,2026-08-01,train
2,a31d85b840c04ca3,2026-08-01,validation
2,a383fe644a8451ed,2026-08-01,train
2,a3a012044794c750,2026-08-01,test
2,a3a03227558c41b5,2026-08-01,train
2,a3b5e0ba9deca188,2026-08-01,validation
2,a3bb35abcff672c9,2026-08-01,train
2,a3cd2307e2dbc640,2026-08-01,train
2,a3cd6f7bd1986ba3,2026-08-01,train
2,a3dea23ed73f02ff,2026-08-01,train
2,a3fae5de5dfc2fd6,2026-08-01,train
2,a400a49c3ba25452,2026-08-01,test
2,a41e1a6f10e1c09a,2026-08-01,train
2,a420f67f72b6f8bf,2026-08-01,train
2,a4bc07a44e8bd0ed,2026-08-01,train
2,a4d66c6de34e6e3b,2026-08-01,test
2,a4ec9e6224825e63,2026-08-01,train
2,a50deda2245e6b98,2026-08-01,train
2,a527d04cc7185d1a,2026-08-01,train
2,a560fb81ad3b118d,2026-08-01,validation
2,a57466e6db115a5c,2026-08-01,train
2,a57975c6a6c474a2,2026-08-01,train
2,a5b59789f419ca29,2026-08-01,test
2,a5bf7d6fc937cef3,2026-08-01,train
2,a5c732a8ad69b057,2026-08-01,train
2,a5e9ac8c894ea24d,2026-08-01,test
2,a5ecf0a392194af2,2026-08-01,validation
2,a620697383af856b,2026-08-01,train
2,a65ded60242d1fb7,2026-08-01,train
2,a66c2ee1508f6338,2026-08-01,train
2,a6ae7c1d0d138cdd,2026-08-01,train
2,a6bc4a1347871e13,2026-08-01,train
2,a6c00b2d91564a32,2026-08-01,train
2,a6d1d092ae338fde,2026-08-01,train
2,a6e155e17b879c8d,2026-08-01,train
2,a70a5c79ac6602f4,2026-08-01,test
2,a71879c2e1f41011,2026-08-01,train
2,a733dade19ae53f4,2026-08-01,train
2,a78af37ceec5a193,2026-08-01,train
2,a78beb5a4101dd7c,2026-08-01,validation
2,a7cc5158acc697cb,2026-08-01,train
2,a7d8c79bc5446fcd,2026-08-01,test
2,a80e82d5804e1191,2026-08-01,test
2,a830edabe7a9d797,2026-08-01,train
2,a84b0280e1396fcd,2026-08-01,train
2,a88a38d20bcece54,2026-08-01,validation
2,a8c89d44d53dc856,2026-08-01,train
2,a8cb283d3c7797c6,2026-08-01,train
2,a8d9da62f6b4eae9,2026-08-01,validation
2,a8e03c4fdf4e5e42,2026-08-01,train
2,a8ec6d9131404507,2026-08-01,train
2,a8edaf9b9236b36f,2026-08-01,train
2,a93a7778af354e76,2026-08-01,train
2,a9853773d97be2e9,2026-08-01,train
2,a99167563b2408f9,2026-08-01,train
2,a993c3f829a18225,2026-08-01,validation
2,a9e4a58003a4cc09,2026-08-01,validation
2,a9e5625f46ed2be1,2026-08-01,train
2,aa2b7237ea0c164e,2026-08-01,validation
2,aa3e70d385b22efe,2026-08-01,train
2,aa5dd31b583c2bb2,2026-08-01,train
2,aaa6cb645c2339f5,2026-08-01,train
2,aac7f68d84e822e6,2026-08-01,train
2,ab02eb3311ed268d,2026-08-01,train
2,ab105ccea8dee108,2026-08-01,train
2,ab14992e71e63f65,2026-08-01,train
2,ab4a5e3a1a88f1a4,2026-08-01,train
2,ab54f33cd1aedc2c,2026-08-01,train
2,ab5bd6d97c272e7b,2026-08-01,validation
2,ab6a31fd6cf3514c,2026-08-01,train
2,ab6d577dc0367aa3,2026-08-01,train
2,ab91e2e9d97a490d,2026-08-01,train
2,aba0c74f8c8c1e58,2026-08-01,train
2,abaaa5500f004974,2026-08-01,train
2,abd3c17257e1f703,2026-08-01,train
2,abd80393a4d031b3,2026-08-01,train
2,abefbeacf8d837a6,2026-08-01,train
2,abfb637f85e686aa,2026-08-01,train
2,ac0a3438c4b266f1,2026-08-01,validation
2,ac3c445e800aa1ca,2026-08-01,validation
2,ac3e30d321d93bc9,2026-08-01,train
2,ac7bbb249775f80e,2026-08-01,train
2,ac8252a873bf4f45,2026-08-01,test
2,ac86ab6bbd16ae2d,2026-08-01,train
2,ac9cb06aafc55bb7,2026-08-01,train
2,acd5fb670b947a7c,2026-08-01,train
2,acd9ea1593ffa8a2,2026-08-01,test
2,ace2fd0ec6cd17c0,2026-08-01,train
2,aceb9166e6ea9e3c,2026-08-01,train
2,ad20f1f8d49aafc1,2026-08-01,test
2,ad294aaf9163f411,2026-08-01,train
2,ad4cfa5bc1bc9952,2026-08-01,train
2,ad5db461b5e7ad40,2026-08-01,validation
2,ad620dc1c1a23289,2026-08-01,train
2,ad68c61c8527db89,2026-08-01,validation
2,ad9f9ad46f76ef1a,2026-08-01,validation
2,ada2a9753293010a,2026-08-01,test
2,adcac29554ca0420,2026-08-01,train
2,adce8e64b1db3806,2026-08-01,test
2,adcf0e9b54c9b3d1,2026-08-01,train
2,add39e8f9f54127f,2026-08-01,train
2,addffe80d041bee3,2026-08-01,train
2,adeb3ec0c5c83bf0,2026-08-01,test
2,ae0c422aff17b6e6,2026-08-01,train
2,ae4f44d54274af02,2026-08-01,train
2,ae513f4774ee4bea,2026-08-01,train
2,ae63af666e5152a3,2026-08-01,train
2,ae74c65a1d980abe,2026-08-01,train
2,ae79b1f3bbd94e21,2026-08-01,test
2,ae88dc33b2033f34,2026-08-01,train
2,ae90a961187d7517,2026-08-01,train
2,aee09aabaa3a6089,2026-08-01,train
2,aee65690bae5c744,2026-08-01,train
2,aef9e42c8b317e99,2026-08-01,validation
2,af00549412802d77,2026-08-01,train
2,af1b9e6506b47c46,2026-08-01,train
2,af34bbf275360e12,2026-08-01,train
2,af66cf622bb7d855,2026-08-01,train
2,af8dac02ac7a80fa,2026-08-01,train
2,afbaece3e015cb85,2026-08-01,train
2,afbcaa167f760f41,2026-08-01,train
2,afcc19bea829c337,2026-08-01,train
2,afdc6f91473e162f,2026-08-01,train
2,afdd5a32b08fe4ed,2026-08-01,train
2,aff862107be61687,2026-08-01,train
2,b00593d46073b080,2026-08-01,train
2,b012ba975bea430b,2026-08-01,train
2,b036dd87ab9f3832,2026-08-01,test
2,b042d553f34670e9,2026-08-01,train
2,b04d8293e23014ac,2026-08-01,train
2,b0636ef7540b9562,2026-08-01,validation
2,b08225648afd2617,2026-08-01,train
2,b08f396d0d912b19,2026-08-01,validation
2,b0b2c74351ce39f8,2026-08-01,test
2,b0c11fdccd5602f8,2026-08-01,train
2,b0df88abee12229f,2026-08-01,train
2,b0f42905841a6279,2026-08-01,validation
2,b1021ac20024a336,2026-08-01,train
2,b106d220b5d0c3d0,2026-08-01,test
2,b11a767eef3e8329,2026-08-01,test
2,b135a726e1406faf,2026-08-01,train
2,b14a345285bdacf7,2026-08-01,test
2,b16ee220f042f6c8,2026-08-01,test
2,b18b1ed814b96a6f,2026-08-01,train
2,b191d8beda8323fc,2026-08-01,train
2,b1e456adc93a6691,2026-08-01,train
2,b1fb2ca89e3dae46,2026-08-01,test
2,b200d82868c3c948,2026-08-01,train
2,b2298fafe71cf582,2026-08-01,train
2,b268b655f053d44e,2026-08-01,train
2,b28130e823820e42,2026-08-01,test
2,b2817abfeabc595c,2026-08-01,train
2,b2bc58c5faba8549,2026-08-01,train
2,b2c55a3016c9cfae,2026-08-01,test
2,b2cf2ee8036de490,2026-08-01,train
2,b2e8545e3ba42f5b,2026-08-01,validation
2,b3067369708e5062,2026-08-01,train
2,b328afb6b381f6b4,2026-08-01,train
2,b33a3f9f6ecbf7ae,2026-08-01,test
2,b38441e4cce50fc0,2026-08-01,train
2,b3946ea1653a3d03,2026-08-01,train
2,b39cf66f9ddc0969,2026-08-01,train
2,b3b4a68bd81a9c56,2026-08-01,train
2,b3c366653d5642d7,2026-08-01,test
2,b3cb4260c1897c9f,2026-08-01,validation
2,b3e79e2eeab3da78,2026-08-01,train
2,b440d575a07a7ae7,2026-08-01,validation
2,b480be0e73cfba26,2026-08-01,train
2,b4b766d3f6f07b19,2026-08-01,train
2,b4bbb3f9b50e5758,2026-08-01,train
2,b500c1702b0d40bf,2026-08-01,train
2,b543ed956b53fb21,2026-08-01,train
2,b55690549255225b,2026-08-01,train
2,b55a54bce52529d3,2026-08-01,train
2,b56f4980ee6da39e,2026-08-01,test
2,b587eabf9fc27b46,2026-08-01,train
2,b5b3b8c06f921d5b,2026-08-01,train
2,b5ba6841e623d38b,2026-08-01,train
2,b5cabf6fb97cd423,2026-08-01,train
2,b5d50f170b7d2dda,2026-08-01,validation
2,b5ea57dade3035e1,2026-08-01,train
2,b5fd0161100714fb,2026-08-01,train
2,b61fe0a600e53e67,2026-08-01,validation
2,b6227957f4a46b15,2026-08-01,train
2,b628a13f92c582fb,2026-08-01,train
2,b6432297ebb680d9,2026-08-01,train
2,b66de7dc99a03b75,2026-08-01,validation
2,b6784732cfa9033b,2026-08-01,train
2,b685e41c8bab731f,2026-08-01,train
2,b68bf369323284ab,2026-08-01,train
2,b6a2c6ae226605c4,2026-08-01,train
2,b6ab316e78ea33aa,2026-08-01,train
2,b6bab12a94a39c91,2026-08-01,train
2,b6db7c0d3d750039,2026-08-01,test
2,b6e52720aa621b7b,2026-08-01,validation
2,b72539c4f784d677,2026-08-01,train
2,b72d2eb50dbf1c86,2026-08-01,test
2,b73e5b7e3749b4c1,2026-08-01,train
2,b76754734cf1d3f1,2026-08-01,train
2,b771c05696b89115,2026-08-01,train
2,b77ceefec05f5052,2026-08-01,train
2,b7813ac4e381057a,2026-08-01,validation
2,b785a16e5adc6e6e,2026-08-01,train
2,b789e33fc8ff0d5b,2026-08-01,train
2,b7978308d09ba291,2026-08-01,train
2,b79af5c11bf23821,2026-08-01,train
2,b7bb0cf86bf0f2a5,2026-08-01,test
2,b7ca88c8ee1db257,2026-08-01,train
2,b84d23bef55fb27d,2026-08-01,validation
2,b84de724029ff043,2026-08-01,train
2,b866c4c79541dd80,2026-08-01,train
2,b88e14602c1cca91,2026-08-01,train
2,b8ba5d622f78701d,2026-08-01,train
2,b906cb6c8c07dd93,2026-08-01,train
2,b91142da717bf492,2026-08-01,train
2,b915260c55ad110e,2026-08-01,train
2,b967ca974ebb2518,2026-08-01,test
2,b97bc685924b2b14,2026-08-01,train
2,b995213c5f454619,2026-08-01,train
2,b99d139ba5745fae,2026-08-01,train
2,b99dacd6876b11f1,2026-08-01,validation
2,b9ac489b9b3a14fa,2026-08-01,test
2,b9bb668c4619a9d3,2026-08-01,validation
2,b9bc9ad70e8844e5,2026-08-01,train
2,ba0b1332199a75ef,2026-08-01,train
2,ba4a9fd94d5a0826,2026-08-01,test
2,ba507e426e306fa8,2026-08-01,train
2,ba56366041a0ee65,2026-08-01,validation
2,bab9743e9262c581,2026-08-01,train
2,badaaef4a5f8a37c,2026-08-01,train
2,badd80f748ea5ba7,2026-08-01,train
2,bae2ad75d1edbadc,2026-08-01,train
2,baf7a0ba49e262f5,2026-08-01,train
2,bb32b79ffc219bb5,2026-08-01,train
2,bb36ac794b49610f,2026-08-01,train
2,bb589db368d5a61b,2026-08-01,train
2,bb73707694903ca1,2026-08-01,train
2,bb808329b557e7a4,2026-08-01,train
2,bbca35f5aa585e71,2026-08-01,train
2,bbdf6c38ca6b78bf,2026-08-01,train
2,bbe42c7d65c18409,2026-08-01,train
2,bbe5f6df6e65ebcf,2026-08-01,train
2,bbf394568f114849,2026-08-01,test
2,bbf638f1188b3213,2026-08-01,train
2,bc0516377fd0c789,2026-08-01,train
2,bc0f36540d98c664,2026-08-01,train
2,bc35ef03fd206f95,2026-08-01,train
2,bc52f54016f9754f,2026-08-01,train
2,bc9daa107d015da2,2026-08-01,train
2,bca5f75d75e6b903,2026-08-01,train
2,bca7323c776cf361,2026-08-01,train
2,bcd72042a69d4400,2026-08-01,train
2,bcea6e49d5f12117,2026-08-01,train
2,bd0081aa46e46099,2026-08-01,test
2,bd196adbbbe6d272,2026-08-01,validation
2,bd3bbba5db668ee4,2026-08-01,train
2,bd3ee64cace2f233,2026-08-01,train
2,bd47e665f8c8fd80,2026-08-01,train
2,bd558a0061b8dac8,2026-08-01,train
2,bd5f3c0a753f6d46,2026-08-01,validation
2,bd786391f3063121,2026-08-01,train
2,bd90ae4251c39e0d,2026-08-01,test
2,bdd0687bfef2c769,2026-08-01,train
2,be2763acb14928c9,2026-08-01,train
2,be31f9fe19958dcd,2026-08-01,validation
2,be48e99d334586f0,2026-08-01,test
2,be55bfc57fcb1ecc,2026-08-01,train
2,be99309423146bc9,2026-08-01,validation
2,bec242379df0f164,2026-08-01,train
2,bee383b051728700,2026-08-01,train
2,bf176e7a4ab8ae00,2026-08-01,train
2,bf49b6ce11a0d8f2,2026-08-01,train
2,bf4e277ca8e326f0,2026-08-01,train
2,bf4f5bb0fb0aac47,2026-08-01,train
2,bf6b0f6da3f1211f,2026-08-01,train
2,bf7267f155c0d876,2026-08-01,test
2,bf80315c6b93b0bd,2026-08-01,train
2,bf96aae12dab5cea,2026-08-01,validation
2,bfbefea4f3d54c2b,2026-08-01,train
2,bfbfbd1914108c79,2026-08-01,test
2,bfc7a90e5b9da4bd,2026-08-01,train
2,c03f0ccfc4b1e691,2026-08-01,train
2,c0b0908c83a52af3,2026-08-01,train
2,c0fb3a6ebaf7471b,2026-08-01,train
2,c154cb83447b3f49,2026-08-01,test
2,c18e5108c7114ea2,2026-08-01,train
2,c1a2486f724b21d8,2026-08-01,test
2,c1a24df67a6729b9,2026-08-01,train
2,c1cf1d3e38ece0a3,2026-08-01,train
2,c1d756155265403b,2026-08-01,test
2,c1ec39e84e01b13d,2026-08-01,validation
2,c21c163c2bc4340f,2026-08-01,train
2,c22285f25c000941,2026-08-01,train
2,c237361491d8aec6,2026-08-01,validation
2,c269c42c707c1226,2026-08-01,train
2,c2ac788fff250f62,2026-08-01,train
2,c2acb7c8ab554229,2026-08-01,test
2,c2aea665a3684745,2026-08-01,train
2,c2b872c39e93e5e8,2026-08-01,train
2,c2c8767a669e45f7,2026-08-01,train
2,c341811d0f584892,2026-08-01,train
2,c34cdf43a9bf0e3f,2026-08-01,train
2,c34ff16e6cf52166,2026-08-01,test
2,c3566876df20aacd,2026-08-01,validation
2,c391ce936f43e12d,2026-08-01,validation
2,c39cf225e095c5d6,2026-08-01,train
2,c3b37f01052ed126,2026-08-01,train
2,c3ee74fc801610a1,2026-08-01,train
2,c3eedfeabc3c1e29,2026-08-01,train
2,c45860f5efb1208c,2026-08-01,test
2,c4a068592a0c7efa,2026-08-01,train
2,c4a3b83b84cf4e5d,2026-08-01,validation
2,c4a6d01b6c05600a,2026-08-01,test
2,c4aff94c150b5f0c,2026-08-01,validation
2,c4be43e0a441a317,2026-08-01,train
2,c4dabc0651e74d50,2026-08-01,test
2,c4ebe37e01dbbaf1,2026-08-01,train
2,c506c90dc3fa6cf7,2026-08-01,train
2,c52fb2600f4882f5,2026-08-01,train
2,c544bff715a83ec5,2026-08-01,train
2,c550a292113459af,2026-08-01,test
2,c56c2124fb807c05,2026-08-01,train
2,c574c603db6c76a3,2026-08-01,train
2,c57a12c804964398,2026-08-01,validation
2,c5941363aa6aa374,2026-08-01,train
2,c5a8a90bf1e3f3a2,2026-08-01,validation
2,c5b02ff7eea02877,2026-08-01,train
2,c6010701eda5d7c7,2026-08-01,train
2,c6136db46d5978df,2026-08-01,train
2,c61673cec8bcafea,2026-08-01,train
2,c642cbd84098c98f,2026-08-01,test
2,c65305b7ac5e3e4a,2026-08-01,train
2,c65428b7334127e2,2026-08-01,validation
2,c655419f15aeaf32,2026-08-01,train
2,c68693ecd7c335dc,2026-08-01,train
2,c6886c535378c0c6,2026-08-01,validation
2,c6bec32ee55c3d1a,2026-08-01,test
2,c6e82197c2f36695,2026-08-01,validation
2,c6ff018dcc2bffb1,2026-08-01,train
2,c72eec1ae4762763,2026-08-01,train
2,c740168dbe204354,2026-08-01,train
2,c758ada5f2176097,2026-08-01,train
2,c78ca395209ddf86,2026-08-01,train
2,c78fc8d3bec6f090,2026-08-01,train
2,c7bd78134200b7e7,2026-08-01,test
2,c7c36392d8399090,2026-08-01,train
2,c7cee8aa3e1ddf9d,2026-08-01,train
2,c7d88a46795ce81a,2026-08-01,test
2,c824cd122ac7a41f,2026-08-01,train
2,c8458372ca1c8529,2026-08-01,train
2,c846f3b00f33a7f4,2026-08-01,train
2,c848bfb279ad17ab,2026-08-01,train
2,c873f5884dcf797d,2026-08-01,train
2,c8a9d532139601cf,2026-08-01,train
2,c8d7a5464390564e,2026-08-01,test
2,c8f3261b0643ede7,2026-08-01,train
2,c931750751dca250,2026-08-01,validation
2,c96cd77ea0aafd0a,2026-08-01,train
2,c98c1097d6fccede,2026-08-01,train
2,ca0d54473b815e77,2026-08-01,train
2,ca2f51ba2ac6b361,2026-08-01,train
2,ca382b305282ab04,2026-08-01,test
2,ca52c268f98cb46e,2026-08-01,train
2,ca6fbaea615ae8f1,2026-08-01,train
2,ca806908304d10dc,2026-08-01,train
2,caaab56740921539,2026-08-01,train
2,cae6b6d193df875a,2026-08-01,test
2,caea4e9151d2c846,2026-08-01,train
2,caeff3143d04e56c,2026-08-01,train
2,caf95081a190441d,2026-08-01,train
2,caf967e104ba54a4,2026-08-01,train
2,cafae75ce4670e1e,2026-08-01,test
2,cb05e2d1aba9337b,2026-08-01,train
2,cb27467b1f8a695e,2026-08-01,train
2,cb2b1648a2c7de74,2026-08-01,train
2,cb2fcd72a8dfff8f,2026-08-01,train
2,cb30441a77e12c15,2026-08-01,test
2,cb42d0af969afda4,2026-08-01,train
2,cb57c13fcc674c89,2026-08-01,train
2,cb687740f8a06c21,2026-08-01,test
2,cb8bb6aa57a7614d,2026-08-01,test
2,cb8c11bc85b48a58,2026-08-01,train
2,cb8f1b3fb12afb1c,2026-08-01,test
2,cbad63a83bfd1054,2026-08-01,validation
2,cbc128242137c397,2026-08-01,train
2,cbc1aa2fe228a11e,2026-08-01,train
2,cbedb465bd06164a,2026-08-01,test
2,cbfb0bf89664a8a9,2026-08-01,validation
2,cc11f771639ab514,2026-08-01,test
2,cc18d23dd71df0ef,2026-08-01,validation
2,cc32a218ffe8a097,2026-08-01,train
2,cc492ab838450975,2026-08-01,train
2,cc4da7fac0d79781,2026-08-01,train
2,cc7ee4594c42ef5d,2026-08-01,train
2,cc8c102183a8cd78,2026-08-01,train
2,ccc9d461554c2fed,2026-08-01,test
2,ccea94d0b23bed23,2026-08-01,train
2,cd15c6340c591e78,2026-08-01,train
2,cd1719b670ee0b27,2026-08-01,train
2,cd58aa83b24d5a8d,2026-08-01,train
2,cd5e9e753486e2d0,2026-08-01,test
2,cd66c14ce697ffc7,2026-08-01,train
2,cd6ce5eed7f1286e,2026-08-01,train
2,cd70488cd98f16c5,2026-08-01,train
2,cd803438a6e6bcf7,2026-08-01,train
2,cdc99d6b72de5a2f,2026-08-01,train
2,cde002779a102924,2026-08-01,train
2,cdefb8abac5b1ad8,2026-08-01,train
2,ce0192f085949305,2026-08-01,train
2,ce073daec7af1f64,2026-08-01,train
2,ce0b39ede76edda3,2026-08-01,train
2,ce204ab8c831f97a,2026-08-01,test
2,ce321be7c0d307ee,2026-08-01,test
2,ce3baa91488e1c7e,2026-08-01,train
2,ce447328571488a2,2026-08-01,train
2,ce4733e30cfe648c,2026-08-01,train
2,ce4b26eb1f4d3720,2026-08-01,train
2,ce98e63e08d79aa8,2026-08-01,train
2,ceb978d91b6acf53,2026-08-01,train
2,cedb36482da99557,2026-08-01,train
2,cee0b81d67fc521a,2026-08-01,train
2,cef3c180dd75299c,2026-08-01,test
2,cf0e8ecbaef57bd0,2026-08-01,train
2,cf4ebe5f8b151c36,2026-08-01,train
2,cf7b8472dd7c5265,2026-08-01,train
2,cfa34661458026b4,2026-08-01,train
2,cfbba2aa221c82f8,2026-08-01,validation
2,cfe9ab974be2a3fb,2026-08-01,train
2,cff27e651303a36e,2026-08-01,train
2,d00e7b5be819521b,2026-08-01,validation
2,d020dbdeed8e6273,2026-08-01,train
2,d0247eca0633a769,2026-08-01,train
2,d03c21f70995ba16,2026-08-01,test
2,d0469a65b7e371ac,2026-08-01,validation
2,d0652202134e01c9,2026-08-01,train
2,d08462928504d254,2026-08-01,train
2,d09092d3a90cb6e2,2026-08-01,validation
2,d0d6e456125a7b48,2026-08-01,train
2,d1089cea5a6ce039,2026-08-01,test
2,d1095ae6aac81c01,2026-08-01,train
2,d10b53c6ee16fe90,2026-08-01,train
2,d118cffc2003276f,2026-08-01,validation
2,d11b0b9599c37572,2026-08-01,train
2,d13641a2f77cbe57,2026-08-01,validation
2,d13d8fcd7702b2f4,2026-08-01,train
2,d1553c652e426e7a,2026-08-01,train
2,d159d5703def5786,2026-08-01,train
2,d161de387b16541a,2026-08-01,test
2,d17cfc12f7d59048,2026-08-01,train
2,d197dbad181ab2d7,2026-08-01,train
2,d19a6f20d35486bf,2026-08-01,validation
2,d19f7e3c9025f260,2026-08-01,validation
2,d1b6be818fe5e66b,2026-08-01,train
2,d1cf93d0896b4b21,2026-08-01,train
2,d200132d22f60acd,2026-08-01,train
2,d22c7db255e9718c,2026-08-01,train
2,d2337f043929077b,2026-08-01,train
2,d23e81db4f9dd1eb,2026-08-01,train
2,d25e60dc0adc12a0,2026-08-01,test
2,d29e1d408e56141b,2026-08-01,test
2,d2c92e8b801ef662,2026-08-01,test
2,d2d51497be442a8a,2026-08-01,validation
2,d2fbc09280c79dc8,2026-08-01,test
2,d32c2edb76bcd393,2026-08-01,validation
2,d34c641b720eea02,2026-08-01,test
2,d36006c4916ae4ff,2026-08-01,train
2,d39233a7f8f309d5,2026-08-01,test
2,d3ac9b613b12ff2b,2026-08-01,train
2,d3ba9669e8595142,2026-08-01,train
2,d3bb1c61e7bf52f8,2026-08-01,train
2,d3c58b03b50e535c,2026-08-01,validation
2,d3cb32a5943b6907,2026-08-01,validation
2,d3dfdf86b29fb0fe,2026-08-01,train
2,d414a239b86107d9,2026-08-01,validation
2,d42a3f6bb3d3836d,2026-08-01,test
2,d433bb53810a2012,2026-08-01,train
2,d43e2bb009f5bc91,2026-08-01,train
2,d455df5d8c4c6219,2026-08-01,train
2,d46efcd81e2a1e2a,2026-08-01,test
2,d47a2df939b02844,2026-08-01,train
2,d4b1b029faea2717,2026-08-01,train
2,d4b75911aca226e4,2026-08-01,validation
2,d4b8622052a089b0,2026-08-01,train
2,d4ebaff61f01eb7c,2026-08-01,train
2,d5521f10f4119861,2026-08-01,validation
2,d55f38c735ea9e08,2026-08-01,train
2,d58401de5a8f99a6,2026-08-01,validation
2,d5b3c52b2810c656,2026-08-01,train
2,d5e0097b5657e4b8,2026-08-01,test
2,d64959903d661250,2026-08-01,train
2,d65d402c3dc5ba33,2026-08-01,train
2,d6cec2de94669b1f,2026-08-01,train
2,d704592d8764a35a,2026-08-01,validation
2,d752907de1be901b,2026-08-01,train
2,d762cfc1876c21a2,2026-08-01,train
2,d78285c5b45bc5c5,2026-08-01,test
2,d7873e62cc1ad19f,2026-08-01,train
2,d7a0ff718ed919d4,2026-08-01,train
2,d7b2c56259d6812f,2026-08-01,test
2,d7c098d45cba134f,2026-08-01,train
2,d7c9bf845fae6266,2026-08-01,train
2,d8153a4180fe02db,2026-08-01,validation
2,d81e2dffdc0b01f1,2026-08-01,test
2,d821ae3cda370911,2026-08-01,train
2,d82895d0dc149889,2026-08-01,train
2,d885eef4ba58dbfd,2026-08-01,train
2,d88eb706657fb6d9,2026-08-01,validation
2,d8d0b9e3569f2d8c,2026-08-01,train
2,d8e05853a5a086f2,2026-08-01,validation
2,d8e429d45dc48ff7,2026-08-01,validation
2,d902b23ebc3f865f,2026-08-01,test
2,d912ea6721aae1b0,2026-08-01,train
2,d95d60d6ba88f1db,2026-08-01,validation
2,d963e3f5f28361ae,2026-08-01,train
2,d96f714a500b4e14,2026-08-01,train
2,d982a9eea53bf26d,2026-08-01,train
2,d9b5a63ecd1efbad,2026-08-01,validation
2,d9c11abe11104f58,2026-08-01,validation
2,d9c65bc44b380478,2026-08-01,train
2,d9d544eb3a3b5dd0,2026-08-01,test
2,d9e82491653a703a,2026-08-01,train
2,d9ff3b449cbfd837,2026-08-01,train
2,da32b3f3f54c8b95,2026-08-01,train
2,da49f31b200b7e14,2026-08-01,validation
2,da4a6c835039b4cf,2026-08-01,train
2,da4e4eda787a95a1,2026-08-01,train
2,da51a1b06dd8e475,2026-08-01,train
2,da81a3589936e18d,2026-08-01,train
2,da9d9419cf71ef96,2026-08-01,train
2,daeaf2e59f24f6f8,2026-08-01,validation
2,db1b839b8f697dc5,2026-08-01,train
2,db357dc8a96fe540,2026-08-01,train
2,db72348bede2e803,2026-08-01,train
2,db75536eaa8607b5,2026-08-01,validation
2,db76d3eb650baf43,2026-08-01,train
2,db80e952ad4806e9,2026-08-01,validation
2,dbb3dff5cd3e87bf,2026-08-01,train
2,dc27a17f97c9999f,2026-08-01,train
2,dc2dda3d7e5db148,2026-08-01,test
2,dc50e0ad7d76cbcb,2026-08-01,validation
2,dc657e8880ad46f7,2026-08-01,train
2,dc9314285851258f,2026-08-01,train
2,dc96c4b19288c67e,2026-08-01,validation
2,dc9ce7e2a4040678,2026-08-01,train
2,dcd1d419a8e00815,2026-08-01,test
2,dcecd5702b81e427,2026-08-01,train
2,dcefd163ea18106c,2026-08-01,train
2,dcfb09de9c9b7657,2026-08-01,train
2,dd037e80b9286473,2026-08-01,test
2,dd055d8a9df29869,2026-08-01,train
2,dd30d31e41ca6fa8,2026-08-01,test
2,dd365cb7969e259e,2026-08-01,test
2,dd45127b81a41d2c,2026-08-01,train
2,dd46110b54cea3d6,2026-08-01,train
2,dd644cdaeb5b4273,2026-08-01,train
2,dd85ae4e77c99b6e,2026-08-01,train
2,dda9a01437552e19,2026-08-01,train
2,ddbe875e48fd4603,2026-08-01,validation
2,ddc58b3cba274960,2026-08-01,train
2,ddccf7bd8ecc3b0e,2026-08-01,train
2,dddd4ca0ce42a1db,2026-08-01,train
2,de058e1c8250c1f1,2026-08-01,train
2,de3e3f5e3642ba0f,2026-08-01,test
2,de7a0850d3c1a8d2,2026-08-01,train
2,de8e371f9617e921,2026-08-01,validation
2,def1b5ba78f28587,2026-08-01,validation
2,df02099efa532a09,2026-08-01,validation
2,df15825802fab8cc,2026-08-01,train
2,df2c1073b48b5e0f,2026-08-01,train
2,df4da807224fae44,2026-08-01,train
2,df720996ec180d46,2026-08-01,train
2,df816c7ff77a1d0f,2026-08-01,train
2,dfe4e16e8b45a81c,2026-08-01,test
2,dffa05a13d6658a7,2026-08-01,train
2,e0036651db570a49,2026-08-01,validation
2,e00c6ca759a26a1c,2026-08-01,train
2,e02d377096cb39e7,2026-08-01,train
2,e03b5fdfd8756819,2026-08-01,train
2,e08b2928ba8557f8,2026-08-01,test
2,e0ae8da79ab865f0,2026-08-01,train
2,e0de95821fcd6427,2026-08-01,train
2,e0e417bd238ac6d4,2026-08-01,train
2,e104db5bae289536,2026-08-01,test
2,e13038aa22ee15db,2026-08-01,test
2,e13a3e13415fc6c2,2026-08-01,train
2,e16231440cf50eb9,2026-08-01,train
2,e18062ddc29aff75,2026-08-01,train
2,e190557737e829a8,2026-08-01,train
2,e1cb05ba0b3c982e,2026-08-01,train
2,e209698ebde51d8f,2026-08-01,train
2,e20d2d41cac91406,2026-08-01,validation
2,e20ec284e1cf3853,2026-08-01,train
2,e21a3e964a6c2712,2026-08-01,train
2,e2d911ec09621d3e,2026-08-01,train
2,e2e54325b0b8531e,2026-08-01,train
2,e2e8de3053e12936,2026-08-01,train
2,e31681b532cec67d,2026-08-01,validation
2,e36f1fe4e21e19e4,2026-08-01,train
2,e3c072f632659efe,2026-08-01,train
2,e3f4a44b5cb07b91,2026-08-01,train
2,e3f8d93ebae0dd09,2026-08-01,train
2,e45f92288e9fe024,2026-08-01,train
2,e469a2b4b89f06e4,2026-08-01,train
2,e481b36c2de93cac,2026-08-01,test
2,e483230cb05e02c4,2026-08-01,train
2,e49dd054adea4bdc,2026-08-01,validation
2,e4a7110c5d85898a,2026-08-01,train
2,e4dfa5982a1002d4,2026-08-01,test
2,e4e4f97564e3c677,2026-08-01,train
2,e51285e3bf4ef904,2026-08-01,train
2,e53bdcfce42672f5,2026-08-01,test
2,e53ed47d4e6ad8e7,2026-08-01,train
2,e53fb1e10036abf4,2026-08-01,train
2,e544bca75e1f8213,2026-08-01,train
2,e56cf8b0be39120d,2026-08-01,train
2,e58f599511875482,2026-08-01,train
2,e59995251947603d,2026-08-01,train
2,e5da007f94c3d50c,2026-08-01,train
2,e5e318c9c04751b5,2026-08-01,train
2,e5e5565784c41afd,2026-08-01,train
2,e62f431c1df798e2,2026-08-01,test
2,e646f00b48fe69a6,2026-08-01,validation
2,e64d1b068d9c84dc,2026-08-01,train
2,e664956ca808a4fc,2026-08-01,validation
2,e67e06c7802b77b3,2026-08-01,train
2,e68f12b11e521471,2026-08-01,test
2,e6991514b827ebc6,2026-08-01,test
2,e6e93c9f7312a5f0,2026-08-01,train
2,e6f0ba9ab2f41c4e,2026-08-01,train
2,e6f356c46675053b,2026-08-01,validation
2,e71ae69b4e36ec09,2026-08-01,validation
2,e7240bca7e27b98e,2026-08-01,test
2,e72b5b62dc2c0213,2026-08-01,train
2,e73a7f75d871ef0b,2026-08-01,train
2,e754a891e76b8713,2026-08-01,validation
2,e7859343705e9abf,2026-08-01,train
2,e7889c2bd9e899aa,2026-08-01,train
2,e79df005a5d196bb,2026-08-01,train
2,e7bfe06d611bb47e,2026-08-01,validation
2,e8256b53c1909d3a,2026-08-01,validation
2,e86ac2a220204042,2026-08-01,train
2,e872ef49805a282d,2026-08-01,train
2,e88b10f578cdc540,2026-08-01,train
2,e8a34755ae4631ad,2026-08-01,train
2,e8bae89dc8e68f3e,2026-08-01,validation
2,e91f25fc2c7b62cc,2026-08-01,validation
2,e940767d2f913c89,2026-08-01,train
2,e951fcb641964e1d,2026-08-01,test
2,e971a5ed2bc5606e,2026-08-01,train
2,e994343174492450,2026-08-01,train
2,e998063965f22eb1,2026-08-01,train
2,e9a7c89619841761,2026-08-01,train
2,e9adaa3afe8e9acc,2026-08-01,train
2,e9c374cf26088b52,2026-08-01,train
2,e9cdc7f1823e724c,2026-08-01,train
2,e9fd156382f4a392,2026-08-01,train
2,ea0b61f7d6b824ef,2026-08-01,train
2,ea208e41f6132ea0,2026-08-01,train
2,ea318e78c0dc5c23,2026-08-01,validation
2,ea339600541dcec4,2026-08-01,validation
2,ea489bba445985ba,2026-08-01,train
2,ea4e34ff5c7a2fb1,2026-08-01,train
2,ea7bb723d54d7194,2026-08-01,train
2,eb0a2a7e48c134f0,2026-08-01,train
2,eb453ca9d6935d8d,2026-08-01,validation
2,eb5a2cd630c99ef9,2026-08-01,train
2,eb80180c5c6958cb,2026-08-01,train
2,ebb0938c60ef5f27,2026-08-01,train
2,ebeb4aa720ca0b3e,2026-08-01,train
2,ebf8347e2b103b83,2026-08-01,test
2,ebfdb71fc07e0fcb,2026-08-01,train
2,ec0ed92a304e8db2,2026-08-01,train
2,ec2b0bfdcc369bda,2026-08-01,train
2,ec317ae50e0f0e22,2026-08-01,validation
2,ec3c07105b009d71,2026-08-01,train
2,ec4270bda48cd8d0,2026-08-01,train
2,ec50fe70891c2c4a,2026-08-01,train
2,ec657bb4eeb9c429,2026-08-01,train
2,ec6a62dc20f2d051,2026-08-01,train
2,ec76208b8a0d2b28,2026-08-01,train
2,ec89a52e44871ee1,2026-08-01,validation
2,ec8b976c5c25c00c,2026-08-01,train
2,ec99e61eb25f8a8f,2026-08-01,train
2,eca15a7f32aef462,2026-08-01,train
2,ecbfac13cf5350d3,2026-08-01,train
2,ecd37907806cc0ec,2026-08-01,train
2,ed3b0a84482d807b,2026-08-01,train
2,ed4aa6dd738d9791,2026-08-01,validation
2,ed70816e0a179e15,2026-08-01,validation
2,ed7a6f1763f008fd,2026-08-01,train
2,edafab4c8b4f78c5,2026-08-01,train
2,edbcc0afa75832e8,2026-08-01,train
2,edc187b668bc8589,2026-08-01,train
2,ede9c1b2e9e47501,2026-08-01,train
2,ee00b7eff3165815,2026-08-01,train
2,ee1b287db7178a8f,2026-08-01,train
2,ee1f1b478eba7038,2026-08-01,train
2,ee3c3eab4caf4a38,2026-08-01,validation
2,ee44907ab9ff781a,2026-08-01,train
2,ee486dd4624a201e,2026-08-01,validation
2,ee6c16e2cba319a6,2026-08-01,validation
2,eeb061ad8f746b78,2026-08-01,train
2,eed0471c3c376379,2026-08-01,train
2,eef7e63e01f9f7f0,2026-08-01,train
2,ef089ec05fd4816c,2026-08-01,train
2,ef18ad7c536b7222,2026-08-01,train
2,ef3dc28ccf6b80dd,2026-08-01,train
2,ef6123652670cfdb,2026-08-01,train
2,ef8a4bb2ae2fc7aa,2026-08-01,train
2,ef9159ad416d41ae,2026-08-01,train
2,efd156127d074d61,2026-08-01,train
2,efdda7c8592bf942,2026-08-01,test
2,f0385feab22c1fa8,2026-08-01,train
2,f08a7608116afea8,2026-08-01,train
2,f08e478d4894dad5,2026-08-01,validation
2,f0960757a26e4636,2026-08-01,train
2,f0ef712c3572aa09,2026-08-01,validation
2,f14d0eea6663c399,2026-08-01,test
2,f14e5b1df48bff4e,2026-08-01,train
2,f1589c52e532270c,2026-08-01,validation
2,f16434b543e3b8ec,2026-08-01,train
2,f1890602c4fa0fa2,2026-08-01,train
2,f19c76203590f17c,2026-08-01,train
2,f1b248081340ebbc,2026-08-01,train
2,f246720fbc2b296e,2026-08-01,train
2,f24ae8de0fc3cdaf,2026-08-01,train
2,f258a167ab54476a,2026-08-01,train
2,f25e0710356b99e3,2026-08-01,train
2,f268a1e3ea6329f9,2026-08-01,train
2,f2865814a46d61b9,2026-08-01,train
2,f2b60f7125002147,2026-08-01,train
2,f2bfe0d7bd01209a,2026-08-01,validation
2,f2c39cddd05b29f1,2026-08-01,train
2,f2e12db360475af9,2026-08-01,train
2,f2f3e8b8e134255c,2026-08-01,train
2,f312c0ca275c1a98,2026-08-01,train
2,f3152fe14455dc72,2026-08-01,train
2,f319f94ad84e694a,2026-08-01,train
2,f32612d758a07a45,2026-08-01,test
2,f3342644297985e7,2026-08-01,train
2,f35b88945b0746f8,2026-08-01,train
2,f386c83f6ca949b9,2026-08-01,train
2,f3a04556228534b6,2026-08-01,train
2,f3aafd31c4c5250c,2026-08-01,train
2,f3cfbdf90954795f,2026-08-01,train
2,f3d8bb3bce5231fa,2026-08-01,train
2,f410b177629bd7eb,2026-08-01,train
2,f48670b63d39ac84,2026-08-01,validation
2,f491d2e05335a118,2026-08-01,train
2,f498fe809470f5bc,2026-08-01,validation
2,f4aac3c943c8437a,2026-08-01,validation
2,f4cb7819ac487981,2026-08-01,validation
2,f4cdc2d7ca957111,2026-08-01,train
2,f503a105e6af961d,2026-08-01,train
2,f50674bfed9dbc6c,2026-08-01,train
2,f536c8048a5ab8a9,2026-08-01,train
2,f53b0762c6ad000b,2026-08-01,train
2,f53fffbe28bc6353,2026-08-01,validation
2,f54965605ad2e085,2026-08-01,train
2,f5568f2c68e7c74d,2026-08-01,train
2,f57e0f208888c4c3,2026-08-01,validation
2,f58acc27341fe7cc,2026-08-01,validation
2,f60df0a21ddcc30c,2026-08-01,train
2,f643e969cbd14247,2026-08-01,train
2,f65ba2815bffbff8,2026-08-01,validation
2,f66beb8c208458c1,2026-08-01,train
2,f691cd3a8bbcf06b,2026-08-01,train
2,f69900d16ce84017,2026-08-01,validation
2,f6e44b8ad8207d2e,2026-08-01,train
2,f70ff461c9685920,2026-08-01,train
2,f71cd91c475ecca8,2026-08-01,train
2,f72eb30f4103d68c,2026-08-01,validation
2,f746832c6e950c03,2026-08-01,train
2,f7474a760799a28d,2026-08-01,test
2,f74b47195759415e,2026-08-01,train
2,f76ddaf302bfcd22,2026-08-01,train
2,f7aeb3e7370d15a2,2026-08-01,train
2,f7b256f8a3dfb961,2026-08-01,train
2,f7b63bb515d510b9,2026-08-01,train
2,f7e0e4054e2ace16,2026-08-01,test
2,f7f0883dd249910e,2026-08-01,train
2,f82387411b7b85ca,2026-08-01,train
2,f840e9a4f21a7a28,2026-08-01,test
2,f84ee2a94ec04912,2026-08-01,train
2,f85ee5aa6082e845,2026-08-01,train
2,f8732470ae7b547f,2026-08-01,train
2,f87e01972c062749,2026-08-01,validation
2,f8906aa10353b87e,2026-08-01,train
2,f8c4a72bed23549b,2026-08-01,train
2,f8e4b3bd7a4f4249,2026-08-01,validation
2,f8ed750a3cfa0966,2026-08-01,train
2,f8f5d5ac14f4dd7a,2026-08-01,train
2,f8f6bc396c856e6c,2026-08-01,validation
2,f8fc82bc01c9b4f5,2026-08-01,validation
2,f9097ff8fd63859c,2026-08-01,train
2,f92919d9a10188d3,2026-08-01,train
2,f94eb8bcc7b88ac1,2026-08-01,test
2,f94fbcd6f1bd02ee,2026-08-01,test
2,f968178da99482d6,2026-08-01,test
2,f9b09850b08a1a09,2026-08-01,validation
2,f9cf288be3904039,2026-08-01,validation
2,f9de000148aff812,2026-08-01,train
2,fa94b34450c240ee,2026-08-01,validation
2,fab99c469a5a58c3,2026-08-01,train
2,fac3967943152bcd,2026-08-01,validation
2,facf11416938b5de,2026-08-01,train
2,fae21d4ec3979163,2026-08-01,train
2,fb2800ef040a7165,2026-08-01,train
2,fb4789afae979d69,2026-08-01,train
2,fbd97809bf27e502,2026-08-01,test
2,fbea4e02a025e81d,2026-08-01,train
2,fbfec11256103ec2,2026-08-01,train
2,fc1338e87e0bfd41,2026-08-01,train
2,fc2d9f0c4f042358,2026-08-01,train
2,fc3e8acb1157f18e,2026-08-01,validation
2,fc5c4e6269bd85cc,2026-08-01,validation
2,fc9b5995b5341a23,2026-08-01,train
2,fca7ab780dd30101,2026-08-01,train
2,fccff1896f6db85b,2026-08-01,validation
2,fcd974f757f5393c,2026-08-01,train
2,fd03b2adda65fe3b,2026-08-01,train
2,fd4003ce77985cec,2026-08-01,validation
2,fd45accbe60b1022,2026-08-01,validation
2,fd4d0b03ce992804,2026-08-01,train
2,fd58a020ca82dba9,2026-08-01,train
2,fd58e59852799946,2026-08-01,test
2,fddd3b61d250b726,2026-08-01,train
2,fdf99cdcecdb3e16,2026-08-01,train
2,fe15279b0160812c,2026-08-01,train
2,fe18f9cda6156a41,2026-08-01,validation
2,fe36bb1bc56b3957,2026-08-01,validation
2,fe3da5d11c28a32c,2026-08-01,train
2,fe47ec173e1b89e3,2026-08-01,train
2,fe4e7bb1ea354abf,2026-08-01,train
2,fe5b1a1f9f6dbd1a,2026-08-01,train
2,fe6bba490ffb4b42,2026-08-01,validation
2,fe81c5f571785d2f,2026-08-01,test
2,fea52414f6f2c191,2026-08-01,train
2,fea99dc6f7d98e64,2026-08-01,train
2,feaf3850c479cb4c,2026-08-01,test
2,fefbf5fa11a48682,2026-08-01,train
2,ff134a73518a556c,2026-08-01,validation
2,ff4d2005e1059c87,2026-08-01,test
2,ff5f0ec6df1a71de,2026-08-01,train
2,ff70cea65d7a9274,2026-08-01,train
2,ff71de85806b2f2e,2026-08-01,test
2,ff75413420fe9f77,2026-08-01,train
2,ff842f6e58da5e0a,2026-08-01,train
2,ff938bd209c11109,2026-08-01,test
2,ff9d2d808dc847a3,2026-08-01,train
2,ffa6aac0c0be4e2c,2026-08-01,train
2,ffbe690492de3eb7,2026-08-01,train
2,ffd75b93dcd028e3,2026-08-01,train
3,000326259f038096,2026-08-01,train
3,00094590abfe430d,2026-08-01,train
3,000998b044e34765,2026-08-01,train
3,00109e082ad4b1c3,2026-08-01,test
3,002458f27dc5f659,2026-08-01,test
3,003e907929cd0158,2026-08-01,train
3,00546da6f5f418dd,2026-08-01,train
3,005e8258e7c9ac7b,2026-08-01,train
3,006935cedb973db7,2026-08-01,validation
3,00bd29b6e640931f,2026-08-01,train
3,00df5d911e6f6a85,2026-08-01,train
3,00e3a2213dfd8b32,2026-08-01,train
3,00e4e1bc1f24bd4b,2026-08-01,validation
3,0106f6a56f308f57,2026-08-01,validation
3,0182d85d717ad467,2026-08-01,train
3,019f51d1c7bfff1e,2026-08-01,test
3,01a6a68c2be44d47,2026-08-01,test
3,01cb5da7ceedf0ac,2026-08-01,validation
3,01f0d6c4b5cae2d6,2026-08-01,validation
3,01f557505e7fa016,2026-08-01,train
3,0200fefcc4ced090,2026-08-01,validation
3,02253a51dbcedaa8,2026-08-01,train
3,022d3eda584a0bd6,2026-08-01,validation
3,023d5456ec7a6e48,2026-08-01,train
3,024869551a251743,2026-08-01,train
3,0255e04ec8feaa10,2026-08-01,test
3,02b01bd168ff7827,2026-08-01,train
3,02bdc8b6d11cd161,2026-08-01,train
3,0327b8a26f2fdb5c,2026-08-01,train
3,0330bc0412175f4f,2026-08-01,train
3,033c146a94cb9c18,2026-08-01,train
3,03455db41c062e31,2026-08-01,train
3,0398fe7ce3f99568,2026-08-01,train
3,03a33b00ccc0f124,2026-08-01,train
3,03b850707bc28a67,2026-08-01,train
3,03f18525e5839bf4,2026-08-01,train
3,0409946a8d1aee83,2026-08-01,train
3,0436c00255d600bf,2026-08-01,train
3,043c193f1e7a2176,2026-08-01,train
3,04641be11899bf03,2026-08-01,train
3,04844acbdb4d032d,2026-08-01,train
3,048cff6de463e27e,2026-08-01,train
3,04996a4b564408a3,2026-08-01,train
3,04c0441a52d4ae31,2026-08-01,train
3,04d43b36d10bcbe0,2026-08-01,train
3,04e24228169feab8,2026-08-01,train
3,04e92dad2ed0ee2f,2026-08-01,train
3,04f4f75df71fa335,2026-08-01,train
3,05170ae5d9d5bb7a,2026-08-01,train
3,05224b7ff78912bb,2026-08-01,test
3,0526640e5c66a7b4,2026-08-01,validation
3,05578a9f67fac73f,2026-08-01,train
3,057e4b5674951c86,2026-08-01,train
3,059b6284241d70ba,2026-08-01,train
3,05cbce03f424e814,2026-08-01,validation
3,05cdd3988fde7c7d,2026-08-01,train
3,05f21e8bb8680bf2,2026-08-01,train
3,060c7cbe9dcddb6a,2026-08-01,train
3,06149af9c732896c,2026-08-01,train
3,062a19228242c9f1,2026-08-01,train
3,066500a0f2bf4d75,2026-08-01,test
3,067cd8bdd8a746a0,2026-08-01,train
3,06869390bf91cdb3,2026-08-01,train
3,06cf66cb1f091add,2026-08-01,validation
3,06f1602df4ad7121,2026-08-01,train
3,073e731c0fe412b7,2026-08-01,train
3,0763fc41928cf511,2026-08-01,train
3,0785656080efd06c,2026-08-01,train
3,07b44675d54aca31,2026-08-01,train
3,07c4e3534a7f9996,2026-08-01,train
3,07e4ad5ea7c86d5c,2026-08-01,train
3,07e69124c3d9a16b,2026-08-01,test
3,07eefb228a28d9f8,2026-08-01,train
3,080450e213ae7d48,2026-08-01,test
3,08081bf05b83d099,2026-08-01,test
3,081888ae10ad3bf7,2026-08-01,test
3,0852ac25394a9bbe,2026-08-01,train
3,0852f44617478667,2026-08-01,train
3,087d2710756b9cb5,2026-08-01,validation
3,089ea1250504b855,2026-08-01,test
3,08a69299a1298aa3,2026-08-01,test
3,08cb765954ba4d56,2026-08-01,train
3,08d7e007438b254d,2026-08-01,train
3,08d8f0f1c333d81b,2026-08-01,train
3,08f2ae28aab152c1,2026-08-01,train
3,0933245ab1c6595e,2026-08-01,train
3,096ad5f5cc8143ba,2026-08-01,test
3,097442ce778be72e,2026-08-01,train
3,098f7cb26b906920,2026-08-01,train
3,099cb48c3482d494,2026-08-01,train
3,09cfa28f468dd3fa,2026-08-01,train
3,09fc0ea177712278,2026-08-01,train
3,0a2195b1dc338d3f,2026-08-01,test
3,0a2d7d572dbb2851,2026-08-01,train
3,0a536827c5437b53,2026-08-01,train
3,0a7546f931f42b5f,2026-08-01,train
3,0a8b3f513b39e521,2026-08-01,train
3,0a9b2bf69f0b9fe6,2026-08-01,train
3,0ab34bba0e95c67a,2026-08-01,validation
3,0ab9f23d4cf15c9b,2026-08-01,validation
3,0ae4b9d401ad4d0f,2026-08-01,train
3,0b0debe198761e66,2026-08-01,train
3,0b1dc5f16a7fdd35,2026-08-01,validation
3,0b4585529793aaa8,2026-08-01,train
3,0b477102cacdae09,2026-08-01,test
3,0b4efcfd33121b44,2026-08-01,train
3,0b5a4fc79a5797d8,2026-08-01,test
3,0b7870afdff180c4,2026-08-01,validation
3,0bab42a5d4e64dcc,2026-08-01,test
3,0bd07d158a5050bc,2026-08-01,train
3,0bdf8d14e70133a0,2026-08-01,train
3,0c20908c9b637a77,2026-08-01,train
3,0c3a0cb2abab5393,2026-08-01,train
3,0c3efd78c368afc6,2026-08-01,train
3,0c49f1513f7e410d,2026-08-01,test
3,0c660887aa73ec87,2026-08-01,test
3,0c6f3791d9664345,2026-08-01,train
3,0c845c4834d77cbb,2026-08-01,train
3,0c981ec81f5cfcc2,2026-08-01,validation
3,0c9f7836b549bbf2,2026-08-01,train
3,0ca5bafa49a27f26,2026-08-01,validation
3,0cb52cddd97b9214,2026-08-01,train
3,0cf8c1f36193497b,2026-08-01,train
3,0d310598525241b0,2026-08-01,train
3,0d36c15a279226a0,2026-08-01,test
3,0d4dcbcff1df67f9,2026-08-01,test
3,0d563a735782b3b1,2026-08-01,train
3,0d6a6132b404fe66,2026-08-01,train
3,0d96167017322b2f,2026-08-01,train
3,0db1dfa918f86e22,2026-08-01,train
3,0db4f28d4280dde4,2026-08-01,train
3,0de21fd4b780b677,2026-08-01,train
3,0e16069ca1fcf41b,2026-08-01,train
3,0e23d1eb4de9f22b,2026-08-01,train
3,0e51786348a57e25,2026-08-01,train
3,0e5d0977d6d6008f,2026-08-01,train
3,0e6bd7fc5987d5ce,2026-08-01,test
3,0e6c418eaebefacb,2026-08-01,validation
3,0e761632eb2d0e87,2026-08-01,train
3,0e8bcf6dfee50046,2026-08-01,train
3,0e8e34acdde0c48f,2026-08-01,train
3,0eb77799ab19c886,2026-08-01,train
3,0ef560148ad0bec9,2026-08-01,train
3,0f1d73b9f8059747,2026-08-01,train
3,0f2175437d4496bd,2026-08-01,train
3,0f2bdba0b38999c2,2026-08-01,train
3,0f40829f57981d16,2026-08-01,train
3,0f461bd6b8e66106,2026-08-01,test
3,0fabbe4d38b8c187,2026-08-01,train
3,0fe8c469686afc13,2026-08-01,train
3,0ffc63cf079ceb01,2026-08-01,train
3,10285096396eadfb,2026-08-01,validation
3,10572dc19ad07cae,2026-08-01,test
3,1058d13aa05e3406,2026-08-01,test
3,1059978c8fc3cb04,2026-08-01,train
3,106f931dc742accf,2026-08-01,train
3,107213d3827083b0,2026-08-01,test
3,1092e4927aaa4bd7,2026-08-01,train
3,10ad1a00b4fa5ecd,2026-08-01,train
3,10c06af53e8f973e,2026-08-01,train
3,10c0f2871fe56918,2026-08-01,train
3,10cbfe59da7766be,2026-08-01,validation
3,10dcc8a2fae98680,2026-08-01,train
3,10dd8ffe8ca1bd78,2026-08-01,train
3,111b3adf6fb141c9,2026-08-01,train
3,113a0facba800c0f,2026-08-01,train
3,118a9fa10c23da3a,2026-08-01,train
3,11a537859020c115,2026-08-01,test
3,11b6d51d2f6ce6b1,2026-08-01,train
3,11c2f1458a332a71,2026-08-01,train
3,11e7c04e8181e113,2026-08-01,train
3,123324da5cd7db74,2026-08-01,train
3,12499b875411464e,2026-08-01,test
3,1269f990bdddda23,2026-08-01,train
3,128ab93598af32ff,2026-08-01,train
3,128f4ba38ab0bbd8,2026-08-01,train
3,12a67cddf5d6f0b2,2026-08-01,train
3,12af422e7d044cf8,2026-08-01,test
3,12b1f81eaff952d9,2026-08-01,train
3,12e0d8e91463d410,2026-08-01,train
3,12fe81c424c83fd1,2026-08-01,train
3,1306809fb0fe125e,2026-08-01,validation
3,13221eec2bfc4c8c,2026-08-01,test
3,132820fe45333f01,2026-08-01,train
3,133c48a63ad273cc,2026-08-01,train
3,134b5ccf7555a3de,2026-08-01,train
3,1354102b5ef93db8,2026-08-01,train
3,13578e233552b557,2026-08-01,validation
3,137f74b12ac3cc4d,2026-08-01,train
3,13ae7ae57a1ccde4,2026-08-01,validation
3,13b606a8b6f331a0,2026-08-01,train
3,13b89e2e2c4f278e,2026-08-01,train
3,13b8bdc160dc15c9,2026-08-01,train
3,13e38ae814c84a9f,2026-08-01,test
3,140b0c3f12e01ce1,2026-08-01,validation
3,140b4640dcb6e0e3,2026-08-01,train
3,14140a36ad4a52b1,2026-08-01,train
3,1418298ca1fa2e6b,2026-08-01,train
3,14378416a66eeff2,2026-08-01,train
3,14475dadfc55c9d7,2026-08-01,train
3,1463d78f0fd87811,2026-08-01,train
3,14935fc793fc4001,2026-08-01,test
3,1495116cc18d08b7,2026-08-01,train
3,14d1430d4a183b7d,2026-08-01,validation
3,14d6f96f7de30de0,2026-08-01,test
3,14efe7ea1e275190,2026-08-01,train
3,14f98f1241a934c7,2026-08-01,train
3,14fb6707b423a6a5,2026-08-01,train
3,1506810a2cff8dd3,2026-08-01,validation
3,1516e9862fbcb11f,2026-08-01,train
3,156c01cfcaa886ca,2026-08-01,train
3,15a1feeddbe61b9a,2026-08-01,train
3,15c8d70d7a2d47db,2026-08-01,validation
3,15caedcb733dc5de,2026-08-01,train
3,15cef3c657e13799,2026-08-01,train
3,15d107d3ae8184c1,2026-08-01,test
3,1600ec1425bc48ef,2026-08-01,train
3,160a3fba6acd0702,2026-08-01,train
3,1617b8c9f4bdef9e,2026-08-01,train
3,161dea4d120bfa0f,2026-08-01,train
3,162e42ce40703773,2026-08-01,validation
3,168e09095e7fe790,2026-08-01,train
3,16968d20b383996c,2026-08-01,train
3,16d900daf788b04f,2026-08-01,test
3,16e47655b7a36da0,2026-08-01,train
3,16e6db59ac4ebb9a,2026-08-01,test
3,1769bb50782c3b40,2026-08-01,validation
3,176c56bc8e7b6728,2026-08-01,train
3,177a02b14a0960b8,2026-08-01,train
3,179e42ea70299d50,2026-08-01,train
3,17bfbdbddc596f6e,2026-08-01,train
3,17f00f7677c710d9,2026-08-01,test
3,18069beac9514910,2026-08-01,train
3,18105af6823fabbc,2026-08-01,train
3,18502317ade9f933,2026-08-01,test
3,1892e65d61e805a5,2026-08-01,train
3,18a1a09578d81c5d,2026-08-01,train
3,18d76a6442da44bb,2026-08-01,train
3,18e08f6b0f820d1b,2026-08-01,train
3,18f9cbc8427a0d5f,2026-08-01,train
3,18fe883d84e708f7,2026-08-01,validation
3,1960f7de5b4f29b7,2026-08-01,train
3,198091eee710c839,2026-08-01,train
3,19d2fc4e591b1d2a,2026-08-01,train
3,19f4a9cdf3caabf5,2026-08-01,train
3,1a1ae42d1bcab31e,2026-08-01,train
3,1a249d2be37b4b0c,2026-08-01,train
3,1a2f5607b2b18444,2026-08-01,train
3,1a41e6fb399a86cd,2026-08-01,train
3,1a5e7cf03c5689d3,2026-08-01,train
3,1a865c608646f625,2026-08-01,train
3,1aaaee2aaeeacb9b,2026-08-01,test
3,1aaf745a53260dc2,2026-08-01,train
3,1aafc576b158a36d,2026-08-01,train
3,1ac672060d177766,2026-08-01,test
3,1ace59f52cda598f,2026-08-01,test
3,1ad68bc2e1c13c14,2026-08-01,test
3,1ae0520afd8f0a62,2026-08-01,train
3,1ae537814c2bb3ff,2026-08-01,train
3,1aed538ccd94a143,2026-08-01,train
3,1af21c2f29485696,2026-08-01,train
3,1b087626e0f6df00,2026-08-01,train
3,1b1441bb1e6f74fb,2026-08-01,train
3,1b29042124a1a663,2026-08-01,train
3,1b8104ffa9f80b08,2026-08-01,train
3,1b959349f9c1c96c,2026-08-01,test
3,1bc662083b041d0d,2026-08-01,validation
3,1bd16bc0f2a5d68f,2026-08-01,train
3,1bfaf664a62a47ad,2026-08-01,train
3,1c1e1b8fff92b7a9,2026-08-01,train
3,1c451dc1e0499dde,2026-08-01,train
3,1c6236651596a10a,2026-08-01,train
3,1c76d01e1d05bfa6,2026-08-01,validation
3,1c7866e53eb262bf,2026-08-01,train
3,1ca61506c75a7954,2026-08-01,validation
3,1cad0e53f87951d6,2026-08-01,test
3,1cb7e382ca90be01,2026-08-01,test
3,1cbb90c4c8d33d1e,2026-08-01,train
3,1cbf936b776ecbf9,2026-08-01,train
3,1cf473f572096ab9,2026-08-01,train
3,1cfb80763c7de1ea,2026-08-01,train
3,1d027c1a78e3c15c,2026-08-01,train
3,1d21dfaa1c1ac21c,2026-08-01,train
3,1d3f492659dcb6c9,2026-08-01,train
3,1d7cc60edf77e92c,2026-08-01,validation
3,1de92aaa6177edfc,2026-08-01,train
3,1e05fccb80775c20,2026-08-01,validation
3,1e0f7c096046e73f,2026-08-01,train
3,1e1c38a8a08c2fc3,2026-08-01,train
3,1e2658d656210938,2026-08-01,validation
3,1e3dd2049693e32c,2026-08-01,train
3,1e6a86c99b8daab2,2026-08-01,train
3,1e6aa87d2b01d842,2026-08-01,train
3,1e7c0e06f8ff7762,2026-08-01,validation
3,1e8c3fc27ff20ca2,2026-08-01,validation
3,1ed9651d549f7941,2026-08-01,validation
3,1f44e02c2eb254d3,2026-08-01,train
3,1f6d1b3718fc041f,2026-08-01,train
3,1fa357185a1a4d62,2026-08-01,train
3,1fb0dea450db36f9,2026-08-01,train
3,1fb7bad911521417,2026-08-01,train
3,1fbd513f04d514b6,2026-08-01,train
3,1fef30128ead3df9,2026-08-01,train
3,20248c67ba3f47cd,2026-08-01,train
3,202740edb3c60c0e,2026-08-01,train
3,20386d99d9f6c5e5,2026-08-01,train
3,2041eb1d53378291,2026-08-01,test
3,205ed1094869f7b4,2026-08-01,test
3,20757a6a3a9806d4,2026-08-01,train
3,208095916d6e0bc2,2026-08-01,train
3,20a134658dd8348d,2026-08-01,validation
3,20b280ed0822eeeb,2026-08-01,train
3,20b3dbeca739c19a,2026-08-01,train
3,20e0ea0b7e3d5f73,2026-08-01,train
3,20ebdeaa8e203f06,2026-08-01,train
3,2105449809239943,2026-08-01,test
3,2128e3ed2545a3fb,2026-08-01,train
3,212e64bb603fbe8d,2026-08-01,train
3,2135fe64eb13e554,2026-08-01,test
3,21574f14a011dbb2,2026-08-01,test
3,217b8fd457d1ee54,2026-08-01,train
3,218aa59fc222b48a,2026-08-01,train
3,2195ceba39fe180b,2026-08-01,train
3,21a3a9238cde31d4,2026-08-01,train
3,21cc8dbbd7d1fe14,2026-08-01,train
3,21df84122884a6cd,2026-08-01,train
3,21f8e96c2e0c12a3,2026-08-01,train
3,21f93301ec0c560b,2026-08-01,validation
3,21f9cad92badc57b,2026-08-01,train
3,21fa64b3c61b7783,2026-08-01,validation
3,21fc573bb23cff8d,2026-08-01,train
3,2267f536feae6a68,2026-08-01,train
3,22763fbd903764ab,2026-08-01,train
3,2287f4e548301879,2026-08-01,train
3,229394f4e3fc5078,2026-08-01,train
3,22cebc06d06deb0d,2026-08-01,train
3,22ee6ca71eb19e9f,2026-08-01,validation
3,22f5c01747797321,2026-08-01,train
3,230471c5449fc67f,2026-08-01,train
3,2314552d0303cf61,2026-08-01,test
3,2329e73c80b64492,2026-08-01,train
3,23396da0ea24e4b7,2026-08-01,train
3,2344970018bfbd3e,2026-08-01,test
3,2365268178ca6397,2026-08-01,test
3,2392ceb9a13f1ac2,2026-08-01,validation
3,23d5ba7c2c330fac,2026-08-01,train
3,23f715018ac1b8bb,2026-08-01,train
3,23fd510fa8d00ca7,2026-08-01,validation
3,2414fb58baae6ef0,2026-08-01,train
3,2437a3a6b17dc47e,2026-08-01,validation
3,2438981713d914b2,2026-08-01,validation
3,243dcd7035389fc2,2026-08-01,train
3,2456c39755a4b7bd,2026-08-01,test
3,2485f971f58c8656,2026-08-01,train
3,2488477ed9ba8f29,2026-08-01,train
3,24be0aadf827af70,2026-08-01,train
3,24d5435ca0b46dc9,2026-08-01,validation
3,24e02d7cbb6b7ea5,2026-08-01,train
3,24e1cd51cffecbeb,2026-08-01,train
3,24f6067ffc8b0eb5,2026-08-01,validation
3,251d0383474dc4d4,2026-08-01,train
3,2520b47a5394d8b1,2026-08-01,validation
3,2523b486ad3323f0,2026-08-01,train
3,2549c55263b61a7c,2026-08-01,train
3,257d0fee192f061e,2026-08-01,train
3,258212337e39e258,2026-08-01,test
3,25b786f3d81da4f9,2026-08-01,train
3,25f129fb0157eb2c,2026-08-01,validation
3,26052593ca45dc52,2026-08-01,validation
3,2617edce414907f4,2026-08-01,validation
3,261a136ed370afae,2026-08-01,test
3,262050c407f4b64d,2026-08-01,validation
3,263f4e0fa404d1ac,2026-08-01,train
3,264d067fd92b3fd0,2026-08-01,validation
3,265932d2d3d5a969,2026-08-01,train
3,266252da17e69a7f,2026-08-01,validation
3,266af0ffd58dbaab,2026-08-01,train
3,266d9727b5135de2,2026-08-01,train
3,26ac55bc9edf1ed7,2026-08-01,train
3,26b8463db968ca49,2026-08-01,test
3,26e039f9d5eb7d42,2026-08-01,train
3,26ed4ed34e5a702a,2026-08-01,train
3,271016b8f7a183b3,2026-08-01,train
3,27112c31112ba083,2026-08-01,train
3,2747219c67e7b341,2026-08-01,validation
3,2773362f1f71dd6a,2026-08-01,validation
3,2785d778f12b9709,2026-08-01,train
3,279898f47f01e1ce,2026-08-01,test
3,27a3b5f3a3ff9c28,2026-08-01,train
3,27c4383835e9035d,2026-08-01,train
3,27ca487325a6104a,2026-08-01,train
3,281010f69f996c34,2026-08-01,validation
3,28280a2f2364e812,2026-08-01,train
3,283fa06759b49bb3,2026-08-01,train
3,28442b1927618005,2026-08-01,train
3,28a8d001b6bdc0a8,2026-08-01,train
3,28acb25a8326ccca,2026-08-01,validation
3,28ad7b0beb3cbf46,2026-08-01,train
3,28ccc3ce5e856072,2026-08-01,test
3,290fec4333cfcf9a,2026-08-01,train
3,294d011c4b74b8b7,2026-08-01,train
3,296908f7b2e6ebfe,2026-08-01,train
3,296fa67b3bf95033,2026-08-01,validation
3,297a75b80ab346c4,2026-08-01,train
3,2988b552b715ff07,2026-08-01,train
3,298b867b2f3c8dff,2026-08-01,train
3,29a86c310f727bf4,2026-08-01,validation
3,2a191c9f48e96d58,2026-08-01,train
3,2a2b39444425af16,2026-08-01,validation
3,2a3a3b2a30404b86,2026-08-01,train
3,2a3a91b13cbc307e,2026-08-01,train
3,2a4ad5d5a73eff06,2026-08-01,test
3,2a73dde34162a8fe,2026-08-01,train
3,2ac863288f4082be,2026-08-01,train
3,2af28c6ec326fe5d,2026-08-01,validation
3,2afa571e7062cae7,2026-08-01,train
3,2b1080000087328f,2026-08-01,train
3,2b1a070f02692c83,2026-08-01,test
3,2b4be26e6c3d1170,2026-08-01,train
3,2b4e0089822aaa77,2026-08-01,validation
3,2bd6e5dbf4867fc6,2026-08-01,train
3,2bfe490321daabb1,2026-08-01,train
3,2c079172d0544ff4,2026-08-01,test
3,2c19ec734f47ab33,2026-08-01,validation
3,2c4e96398d3becd2,2026-08-01,train
3,2c689da8939c4021,2026-08-01,train
3,2cc09e3c9d6f4114,2026-08-01,train
3,2d006fa7f4237e89,2026-08-01,test
3,2d186dc2114d71e8,2026-08-01,test
3,2d21a30daf1ee747,2026-08-01,train
3,2d21ab1901453bca,2026-08-01,train
3,2d26dd2cc08c4527,2026-08-01,train
3,2d35f42718d60432,2026-08-01,train
3,2d4b54f60904663e,2026-08-01,train
3,2da89679ddbb5168,2026-08-01,train
3,2db2bafd1570e9cd,2026-08-01,train
3,2db5e3ae0d9640a4,2026-08-01,test
3,2de61eed62a7e035,2026-08-01,train
3,2e071d8fc9fae550,2026-08-01,train
3,2e4b6d3659f46337,2026-08-01,validation
3,2e504f6878387695,2026-08-01,train
3,2e882358cf932d7b,2026-08-01,train
3,2e95f8856569a7c8,2026-08-01,train
3,2ea59cc760760b49,2026-08-01,validation
3,2ec750dd71fc9257,2026-08-01,train
3,2f03316b629ed2fc,2026-08-01,train
3,2f05c90e1be551d3,2026-08-01,test
3,2f48c205a308092b,2026-08-01,train
3,2f4add5781e816a3,2026-08-01,validation
3,2f674d9a2218e756,2026-08-01,train
3,2f802cafa68a7a93,2026-08-01,train
3,2f88352227fddbfc,2026-08-01,validation
3,2f9aeac262c4c911,2026-08-01,train
3,2faf209e1dc73ff1,2026-08-01,train
3,2fb11e14c8e10106,2026-08-01,test
3,2fb7342736ba988a,2026-08-01,train
3,2fc4944006e6b3a9,2026-08-01,test
3,2fc74f627a576e6f,2026-08-01,train
3,2ffbd00dab57d7db,2026-08-01,train
3,2ffd09370eec20b9,2026-08-01,test
3,2fff9fb41c92e9e4,2026-08-01,train
3,300e25f5df0d3324,2026-08-01,validation
3,302a1d103cfda506,2026-08-01,train
3,303576e498ab25e0,2026-08-01,train
3,305657f45e1babdf,2026-08-01,validation
3,30575b421e3ee6bb,2026-08-01,validation
3,309bc21c4be65739,2026-08-01,train
3,309cbb0595d4f90a,2026-08-01,test
3,30ab7edfefd05ad8,2026-08-01,train
3,30b51652bd30d7f3,2026-08-01,train
3,30b618f351c2d7aa,2026-08-01,validation
3,30c11bba58c6913d,2026-08-01,train
3,30c2ab1f3f8045df,2026-08-01,train
3,30cef560caff5804,2026-08-01,train
3,30e9543b0655930f,2026-08-01,validation
3,311c4cf179546def,2026-08-01,train
3,312deb51eca56a9e,2026-08-01,train
3,313643f64ea076bb,2026-08-01,train
3,3159ee2cbfe5f888,2026-08-01,validation
3,3170c0625de6eb0b,2026-08-01,train
3,3194bfa99f903296,2026-08-01,test
3,31aded826419f3b2,2026-08-01,train
3,31dddbec41e89f22,2026-08-01,train
3,31eb3b3395e7fd98,2026-08-01,train
3,31f86c4844a9e1ac,2026-08-01,train
3,31f99064e58b7161,2026-08-01,validation
3,3259eefc3530c724,2026-08-01,test
3,326af0e724ee0649,2026-08-01,validation
3,326cc224b068a62b,2026-08-01,train
3,32787db450f56afe,2026-08-01,train
3,329677fc50ca3e47,2026-08-01,train
3,329c214fd89124db,2026-08-01,train
3,332b7dbe994ff374,2026-08-01,validation
3,333be327673e71b2,2026-08-01,train
3,33519e26f92c7b23,2026-08-01,train
3,33a4c262746574a3,2026-08-01,train
3,33b0d6c9d6986179,2026-08-01,train
3,33d37a5fefa54b05,2026-08-01,train
3,33d7cca947f341af,2026-08-01,train
3,33f4aa2aaa6f2e62,2026-08-01,train
3,33f64f3ae774852b,2026-08-01,test
3,341dce90be393c28,2026-08-01,train
3,343568c930d6db0b,2026-08-01,test
3,343616f221b82a44,2026-08-01,train
3,3437b467460612b9,2026-08-01,train
3,345a459ec6676b9a,2026-08-01,train
3,345e7297479daaa5,2026-08-01,train
3,34614059140da0c2,2026-08-01,train
3,3476a2ed4b2e5cec,2026-08-01,validation
3,34def2d93a7da9cc,2026-08-01,train
3,34e193b94ac35217,2026-08-01,test
3,351191c9b12acb83,2026-08-01,train
3,352c458ff5d9d235,2026-08-01,train
3,353fb3e6b143f371,2026-08-01,train
3,35a561ff1b8c50d5,2026-08-01,train
3,35e2dd09015280c1,2026-08-01,train
3,360a16694e6e4d76,2026-08-01,train
3,362853abd36ddd02,2026-08-01,train
3,364e35d8d7c9f295,2026-08-01,train
3,3655fe5906ced313,2026-08-01,train
3,365eafd64beb48fb,2026-08-01,train
3,365faf8bdd1a2575,2026-08-01,test
3,367fe0679fdc76bf,2026-08-01,train
3,3690776e8b757172,2026-08-01,train
3,36a26c2e42ad4012,2026-08-01,test
3,37118b9837d5fa75,2026-08-01,train
3,3719a41ea3b221e9,2026-08-01,validation
3,3721e1f91cd8e53f,2026-08-01,train
3,372772d7453bbb9b,2026-08-01,train
3,37437f16d60de745,2026-08-01,train
3,376a0e83f66998a9,2026-08-01,train
3,37ba9f726a0939b7,2026-08-01,train
3,37c8506f9378346f,2026-08-01,validation
3,381549ed1d1a90f9,2026-08-01,validation
3,3856d1789a6fee29,2026-08-01,train
3,3860358a0d3fa308,2026-08-01,train
3,38617a39d333e3da,2026-08-01,validation
3,38d492fa2f703462,2026-08-01,train
3,38eac8fa622f461e,2026-08-01,train
3,391d104c0cfe9fd7,2026-08-01,train
3,3937620c028717ab,2026-08-01,train
3,393e65484d96a9d9,2026-08-01,train
3,393ebb629c08de6d,2026-08-01,train
3,3941ee317708664e,2026-08-01,train
3,3956e8eaac593700,2026-08-01,train
3,39690c9aeb1a8b61,2026-08-01,train
3,396a5c34afa9f8b3,2026-08-01,validation
3,39b83f2e444af0a5,2026-08-01,train
3,39b8e01550e9273c,2026-08-01,train
3,39bc9c66767aa3db,2026-08-01,train
3,39d43a15d220f232,2026-08-01,test
3,39e4c45d992d2118,2026-08-01,test
3,3a01200ac43f3d7f,2026-08-01,train
3,3a22c48075e1c8a3,2026-08-01,validation
3,3a2330e8273c20d8,2026-08-01,validation
3,3a305904ebf8cbe0,2026-08-01,test
3,3a45833df2a6a662,2026-08-01,train
3,3a78954a1fc6d52a,2026-08-01,train
3,3a7b20de812e67bd,2026-08-01,train
3,3a7d9aab7865a0d8,2026-08-01,test
3,3a8c2ea00aa8e298,2026-08-01,train
3,3aad6a32a0daa9f3,2026-08-01,train
3,3ab3dbf182b0bfaf,2026-08-01,validation
3,3aca12b7d3269690,2026-08-01,train
3,3ad49d29b2f29c90,2026-08-01,test
3,3adddd2ace5a69d6,2026-08-01,validation
3,3adf494e62cf489b,2026-08-01,train
3,3b37c32ea932fd42,2026-08-01,train
3,3b53af30d8af246b,2026-08-01,train
3,3b6d0de9aa481d2a,2026-08-01,train
3,3bb6269bbb086287,2026-08-01,train
3,3c0b74fa55ca2e5d,2026-08-01,test
3,3c210e58b27551cf,2026-08-01,train
3,3c295db2bf3c6910,2026-08-01,train
3,3c2f2a2fc854af33,2026-08-01,train
3,3c35978e8e8de976,2026-08-01,train
3,3c400277a483f1b4,2026-08-01,train
3,3c5d98541ab82405,2026-08-01,test
3,3c5f412bd740144c,2026-08-01,train
3,3c640891b0b92a52,2026-08-01,train
3,3c7a794a5793fc03,2026-08-01,train
3,3cada4421cadd87d,2026-08-01,train
3,3ce814b74a0d2feb,2026-08-01,train
3,3d290213df0015b5,2026-08-01,train
3,3d320156c5b69f6f,2026-08-01,train
3,3d49b21cd0c2053d,2026-08-01,train
3,3d57b54b8868531e,2026-08-01,validation
3,3d5d2aab796af685,2026-08-01,train
3,3d95273c8838e8a9,2026-08-01,train
3,3dedf628881fd1e9,2026-08-01,train
3,3e021e7358375391,2026-08-01,train
3,3e158fdc3b8f6c96,2026-08-01,test
3,3e2742cdf0c0bc70,2026-08-01,train
3,3e274effb3f045f8,2026-08-01,train
3,3e53f02deba0a50f,2026-08-01,train
3,3e58bc60ffd70959,2026-08-01,train
3,3e5b13a31cbaabbb,2026-08-01,test
3,3e82bfe28c52b562,2026-08-01,validation
3,3eabc8f3890c730d,2026-08-01,validation
3,3ed84ca905ca888a,2026-08-01,train
3,3ef85db76da7c91b,2026-08-01,train
3,3f02a030241afcd7,2026-08-01,train
3,3f24fc8ab688c745,2026-08-01,train
3,3f76f8d5f8a24429,2026-08-01,train
3,3f9e92f8bcafafef,2026-08-01,train
3,3f9fca2f4ae796d5,2026-08-01,test
3,3fb531b170acccf4,2026-08-01,train
3,3fc964416c5aacdd,2026-08-01,train
3,3fe229c620ce7752,2026-08-01,train
3,40107d24119142e4,2026-08-01,train
3,4015b89c1bc0bfc6,2026-08-01,train
3,401d4f3f5303abf7,2026-08-01,train
3,405c165f3aa1214d,2026-08-01,train
3,408b816a7d7393b0,2026-08-01,train
3,4099253c0972db5c,2026-08-01,test
3,409e79c6b28740a2,2026-08-01,train
3,40d2edb6c05693f2,2026-08-01,validation
3,40d4cc64abf99afb,2026-08-01,train
3,40dc015c755ecb72,2026-08-01,train
3,4100d2f03b456ea4,2026-08-01,train
3,413a96adfd39b627,2026-08-01,validation
3,4155c614086b000c,2026-08-01,train
3,416f7af494439ed5,2026-08-01,test
3,41707553524a224c,2026-08-01,test
3,41915209e0979ace,2026-08-01,train
3,4194f51b6fd46f3a,2026-08-01,validation
3,41ad13f359de8ece,2026-08-01,train
3,41b32f2a944e15b6,2026-08-01,train
3,41e0036a7a3d47d4,2026-08-01,train
3,41fbbe31ebd88322,2026-08-01,train
3,42129b4048016115,2026-08-01,train
3,421cf070351f9764,2026-08-01,train
3,422334fefa6ca4cc,2026-08-01,train
3,422cb0c81aa9cf79,2026-08-01,train
3,42414f8234182a6e,2026-08-01,test
3,425af2522dac6b50,2026-08-01,train
3,427351685bd196b4,2026-08-01,validation
3,427bb65b64f387b9,2026-08-01,train
3,428503bb5c09be44,2026-08-01,train
3,42bc719ee2695e41,2026-08-01,train
3,42d43bb729547350,2026-08-01,train
3,432f9f3b69d24d87,2026-08-01,validation
3,436c62450a0c4ce8,2026-08-01,train
3,437f1713a4fc29e5,2026-08-01,train
3,43a4d4388d1c9754,2026-08-01,train
3,43dfc8da4defd924,2026-08-01,train
3,442be64b4bd999d5,2026-08-01,validation
3,442d3bd139e8f2bc,2026-08-01,validation
3,4442c4f6fca5b586,2026-08-01,train
3,445992b16b2f4c15,2026-08-01,validation
3,446555f196ffcca5,2026-08-01,train
3,4479555cd0c8ba5d,2026-08-01,train
3,44bf84c61fa17513,2026-08-01,validation
3,44cd2612bdb2c9ea,2026-08-01,train
3,44d6365a6cfbd35e,2026-08-01,train
3,44fbb46dbe3e91bb,2026-08-01,train
3,4552d3402caa9e79,2026-08-01,train
3,456d6ee2c430c565,2026-08-01,train
3,4572b35cf6eccc82,2026-08-01,train
3,45864395db5190a8,2026-08-01,train
3,458a1052bb1dc80a,2026-08-01,validation
3,45932c042c6306a2,2026-08-01,train
3,4665071f25fae16c,2026-08-01,train
3,4666688af4c97c31,2026-08-01,train
3,468b18862a2d5a3e,2026-08-01,validation
3,468e096fc731dc12,2026-08-01,train
3,46b13ce756419283,2026-08-01,test
3,46c4b0d4379d7928,2026-08-01,validation
3,46c6756309ab6679,2026-08-01,train
3,46c72e5c641eee03,2026-08-01,train
3,46c8acc2056ff058,2026-08-01,train
3,46d65571cdfe017d,2026-08-01,validation
3,46d7768cb0367f4a,2026-08-01,train
3,46de47519977dda3,2026-08-01,train
3,46e89cf0dc254ef0,2026-08-01,test
3,470cb4aa16699246,2026-08-01,train
3,471124d5506c5046,2026-08-01,train
3,47112d1b838f09ea,2026-08-01,train
3,4717c439b62876f7,2026-08-01,train
3,471cf317a41369bb,2026-08-01,test
3,47202c67a6b6bba5,2026-08-01,train
3,4747aaf0a763c5fc,2026-08-01,train
3,477681c04f803e51,2026-08-01,train
3,4777488c830a40b4,2026-08-01,test
3,47bf2856a1befbbf,2026-08-01,test
3,47cff08f5fae4762,2026-08-01,test
3,4810f9a151eae8da,2026-08-01,train
3,481d0f771a377b13,2026-08-01,train
3,4836c877caf561a1,2026-08-01,validation
3,486148a40310621b,2026-08-01,test
3,4869681e07f988ca,2026-08-01,train
3,48793647d814595d,2026-08-01,train
3,487f2e6378a4ab54,2026-08-01,train
3,488e17ac32824096,2026-08-01,train
3,48ab73f45057af57,2026-08-01,validation
3,48bf38f2dc9bd5c4,2026-08-01,train
3,48dd75745c9e47a5,2026-08-01,train
3,48e4d3515b533092,2026-08-01,train
3,48feaa3b5b47f0f0,2026-08-01,test
3,49169d6e4dbebf13,2026-08-01,train
3,4920fd04ee5aec01,2026-08-01,train
3,494d7f93541a3d64,2026-08-01,train
3,4958334f29fc3496,2026-08-01,validation
3,497645c20fa19563,2026-08-01,train
3,4977c75adaf8133c,2026-08-01,train
3,4979182d6093f2c9,2026-08-01,train
3,49dcc0e98e3e871d,2026-08-01,test
3,49fafa34a3c75137,2026-08-01,validation
3,4a4737acbe533004,2026-08-01,train
3,4a7771c7da3d1fdd,2026-08-01,train
3,4a821ff2622682c0,2026-08-01,train
3,4aa2b962d15a2100,2026-08-01,test
3,4abb94a7b612d072,2026-08-01,train
3,4ac39df9aafd1cd0,2026-08-01,train
3,4ac91ccdc7e3c0ef,2026-08-01,train
3,4add7ea837547e3d,2026-08-01,train
3,4af2c430dc4ad56f,2026-08-01,train
3,4b14a63038b2b6c0,2026-08-01,train
3,4b43d7fe4ea73751,2026-08-01,train
3,4b4e831dc60b3114,2026-08-01,train
3,4b5129dbce34f485,2026-08-01,test
3,4b5bf7c6012f3502,2026-08-01,validation
3,4b85e617d6dbe380,2026-08-01,train
3,4b9203c040cac93a,2026-08-01,train
3,4ba30d1e6fac0ec7,2026-08-01,train
3,4bb201b4d18baaac,2026-08-01,train
3,4be18850ca1cdb3e,2026-08-01,train
3,4c5b86a56c5df2b9,2026-08-01,validation
3,4c5bea6369cf57be,2026-08-01,train
3,4c9ea24576afb666,2026-08-01,validation
3,4ca582e2a1c199b4,2026-08-01,train
3,4ca67e6747639029,2026-08-01,validation
3,4cb370d53e429e63,2026-08-01,validation
3,4cf114d9663483c2,2026-08-01,train
3,4d1f770529b1eaa2,2026-08-01,train
3,4d453a450b7f1696,2026-08-01,train
3,4d595bc842247fd3,2026-08-01,test
3,4da31aef782691f4,2026-08-01,train
3,4da43460e9b7d1d1,2026-08-01,train
3,4dbf6ee13c107a9c,2026-08-01,test
3,4dc260dad920533f,2026-08-01,validation
3,4df14413b551fab7,2026-08-01,validation
3,4e091445f5df8fb7,2026-08-01,test
3,4e0c559a68443d5f,2026-08-01,train
3,4e48d0ae9a8b28b4,2026-08-01,train
3,4e7571f0d9a9a52b,2026-08-01,validation
3,4eb6d19c42d194c5,2026-08-01,train
3,4ebd2316a2a7d813,2026-08-01,train
3,4f289a2a079446b2,2026-08-01,validation
3,4f3f0906a7bed000,2026-08-01,train
3,4f5d24729622d0e2,2026-08-01,train
3,4f7406380c48d916,2026-08-01,validation
3,4f9d464226bdce08,2026-08-01,train
3,4ff191835250608b,2026-08-01,train
3,50221165c1893478,2026-08-01,train
3,50399287a8030cf1,2026-08-01,train
3,50489888e3fcb2da,2026-08-01,train
3,505797e298a69269,2026-08-01,train
3,50810ce3a3aa8c98,2026-08-01,test
3,509341855959b123,2026-08-01,train
3,50ac88c1e4d90c83,2026-08-01,train
3,50b7e0f164635b00,2026-08-01,train
3,50bfb1d73354ba69,2026-08-01,train
3,50fd3a8f6fc8c572,2026-08-01,train
3,51242402cf6c938e,2026-08-01,train
3,5136db771ed7c160,2026-08-01,train
3,516a49c6f4269753,2026-08-01,validation
3,516d48d49945a260,2026-08-01,train
3,517a7e66de4ca111,2026-08-01,train
3,519ece2fcb4e00b3,2026-08-01,validation
3,51a98924f46a1d14,2026-08-01,train
3,51b506ac46d66236,2026-08-01,train
3,51bbec83fb68550a,2026-08-01,train
3,51e01124438f150e,2026-08-01,train
3,51f856e9c626b976,2026-08-01,train
3,52051ee48a97d93e,2026-08-01,train
3,5209ce1d1a2ea7e3,2026-08-01,train
3,52105dc550dca845,2026-08-01,train
3,5224870ce04dcc43,2026-08-01,train
3,5256f8d2b75f2a09,2026-08-01,train
3,525de3e2323179e1,2026-08-01,train
3,52616f5f4295e400,2026-08-01,validation
3,5268a46a034a739f,2026-08-01,train
3,528f22caa8f0f0bc,2026-08-01,train
3,52a85f00e00f7259,2026-08-01,test
3,52b566e8b0783d85,2026-08-01,train
3,52cda522c75e75c1,2026-08-01,validation
3,52d596e56912afbc,2026-08-01,validation
3,53126b4b55abf6c7,2026-08-01,validation
3,5314b139298298d1,2026-08-01,train
3,533b2bf0135db46c,2026-08-01,validation
3,535594fefc06e62a,2026-08-01,validation
3,53588ae4eafd0ff5,2026-08-01,test
3,5377c05898842fea,2026-08-01,train
3,537aa52de7c6310f,2026-08-01,train
3,53a7c5806ab099ee,2026-08-01,test
3,53d80b0ad435f7a6,2026-08-01,train
3,53de27b8bcce1e21,2026-08-01,train
3,53e4d1a222d070a5,2026-08-01,validation
3,5422f09ac5145f62,2026-08-01,train
3,543752809758e52b,2026-08-01,train
3,5466a81ec27fa22b,2026-08-01,train
3,546955959dd8171c,2026-08-01,validation
3,54906087d085361e,2026-08-01,validation
3,54a791a82a5b40f0,2026-08-01,train
3,54c2f2b02373fa1b,2026-08-01,train
3,54f4ebe49f98519b,2026-08-01,test
3,54f632fc1ae718e6,2026-08-01,train
3,550545eecbc3bf67,2026-08-01,train
3,5537d06120f3d634,2026-08-01,train
3,55594d1d0a09e4d5,2026-08-01,train
3,555985f6dc7dba8d,2026-08-01,train
3,5563649d7ec08bf2,2026-08-01,train
3,55c83f776fd20237,2026-08-01,test
3,55dd9fbf7952c813,2026-08-01,train
3,55df14409a1c2182,2026-08-01,train
3,560063648e706b19,2026-08-01,train
3,5661bd727e59887f,2026-08-01,train
3,56669d82a91c7059,2026-08-01,train
3,56d051e9493cd2b3,2026-08-01,train
3,56dc6e9e1bfd7b70,2026-08-01,test
3,5701853327f8ef0a,2026-08-01,train
3,578a287788101b59,2026-08-01,validation
3,578e1a0ad69af84f,2026-08-01,train
3,5790143c88cfc66b,2026-08-01,validation
3,57924900120516eb,2026-08-01,validation
3,57b14765bd4d16a3,2026-08-01,train
3,57b228dff530742a,2026-08-01,train
3,57c5158adb8fe5a4,2026-08-01,train
3,580d69512b3d1591,2026-08-01,train
3,581aee4fe8db385e,2026-08-01,train
3,5821dc3a7cec4d51,2026-08-01,train
3,58468e18043d035c,2026-08-01,train
3,58516adc65369d10,2026-08-01,train
3,5862aed705ae003f,2026-08-01,validation
3,586811ece77bdea3,2026-08-01,train
3,589be2cd7aaeb2b9,2026-08-01,train
3,58bda2d39dfd3949,2026-08-01,train
3,58d3a30fab02433c,2026-08-01,train
3,58f2adb90f75d20b,2026-08-01,validation
3,5915732ec71f992b,2026-08-01,train
3,5945c8dabf905d8c,2026-08-01,train
3,599f48295cb41d37,2026-08-01,train
3,59a3e9fd73fafa4c,2026-08-01,train
3,59a65f7f13131e3d,2026-08-01,train
3,59ebabe7ec08e5ca,2026-08-01,train
3,5a087cd0498765d2,2026-08-01,train
3,5a8800bb863e6dfa,2026-08-01,train
3,5afc1f8a9386c217,2026-08-01,train
3,5b039f0e29b29195,2026-08-01,train
3,5b289c04ee6c336a,2026-08-01,test
3,5b4c638a58a798b8,2026-08-01,test
3,5b7080fb2d6ffcef,2026-08-01,train
3,5b80f3953b40ff93,2026-08-01,train
3,5b868482f8018cca,2026-08-01,validation
3,5b9063f977886618,2026-08-01,validation
3,5b90a31de5b69907,2026-08-01,validation
3,5baadf07644f2d51,2026-08-01,train
3,5bb2801a77e2fd57,2026-08-01,test
3,5bc1c7684de7f9cb,2026-08-01,validation
3,5c217526e9a9b2e3,2026-08-01,train
3,5c41349080ae5059,2026-08-01,train
3,5c67f77b26940ce2,2026-08-01,test
3,5c87d029eac1a34a,2026-08-01,train
3,5c9df5a905c47f75,2026-08-01,validation
3,5cd4d49a1e616a03,2026-08-01,train
3,5cdea219c63cfff2,2026-08-01,train
3,5d07219f0cb653e3,2026-08-01,validation
3,5d27647521aa8de8,2026-08-01,train
3,5d3905daab645d12,2026-08-01,train
3,5d448a3b812c9989,2026-08-01,train
3,5d66ff4b1df0bd1b,2026-08-01,train
3,5d68b73a4b25e72c,2026-08-01,test
3,5d7a7719c99466ec,2026-08-01,train
3,5d8bd3d8769f5b4a,2026-08-01,train
3,5da5144ec6668952,2026-08-01,test
3,5dc78c68a93074b8,2026-08-01,train
3,5e8ab530108850ed,2026-08-01,train
3,5e9ba2724bdf5897,2026-08-01,train
3,5e9e8719336ecb69,2026-08-01,test
3,5ec2baa32c14d438,2026-08-01,train
3,5ecbb3903c2ce8fd,2026-08-01,test
3,5ece8981bf4352bf,2026-08-01,train
3,5ede8205150e53a1,2026-08-01,train
3,5ee8f21b84787106,2026-08-01,validation
3,5f71bb2acde2282e,2026-08-01,train
3,5f7a2d6de69d7ede,2026-08-01,train
3,5fa15182cdb0d0b9,2026-08-01,test
3,5fa2a7fa8b1047b0,2026-08-01,train
3,5fce35780c34f4b1,2026-08-01,validation
3,6002048381910721,2026-08-01,train
3,60251b089a43d7d4,2026-08-01,train
3,60a7f9f82b7b44aa,2026-08-01,train
3,60a93f4b02f61e3e,2026-08-01,test
3,60af106a7299e7b7,2026-08-01,train
3,60bb3c48eba431f4,2026-08-01,train
3,60bbc9858e5fd355,2026-08-01,test
3,60f66055c403de1a,2026-08-01,train
3,611f36f92f9a703a,2026-08-01,train
3,6145b7935a2a8fd9,2026-08-01,train
3,615c9f49ea949e2d,2026-08-01,train
3,617e07ab2284fb7f,2026-08-01,train
3,6195b61de3f81fcb,2026-08-01,test
3,61d7ab3556409caa,2026-08-01,train
3,6282413e355adf91,2026-08-01,test
3,62a5bf367513e892,2026-08-01,train
3,62bbf1ad4a65705f,2026-08-01,train
3,62f75deae5e37cdb,2026-08-01,train
3,630627cb78a867a3,2026-08-01,validation
3,630e7830cf069cdd,2026-08-01,train
3,63aae24330d6243a,2026-08-01,train
3,63c08e6bcfe357cd,2026-08-01,train
3,64276f48b7f040ab,2026-08-01,train
3,64347532b9b13da8,2026-08-01,train
3,645469bfe408c529,2026-08-01,train
3,6483b5359cedf06f,2026-08-01,validation
3,64961fb7036391ca,2026-08-01,train
3,649b0a70e63eaee9,2026-08-01,test
3,64c3465cbaa16534,2026-08-01,test
3,6502fa5ebe632844,2026-08-01,test
3,650633b7d415a7f7,2026-08-01,train
3,6517d043ad732a3d,2026-08-01,validation
3,651f694241a41871,2026-08-01,train
3,657f5001ca4b9f33,2026-08-01,test
3,659533fc4f8f9b96,2026-08-01,train
3,6595dc860cdb11cb,2026-08-01,validation
3,660838560e63b5b9,2026-08-01,test
3,660dc136de6699be,2026-08-01,validation
3,6611d1e8d9a12713,2026-08-01,train
3,661c9532d9e02672,2026-08-01,test
3,663b508bc185b182,2026-08-01,train
3,663ece8c586c3646,2026-08-01,train
3,664dc953607197fa,2026-08-01,train
3,66688c7cc110ee6e,2026-08-01,test
3,6680d0791b52e25a,2026-08-01,train
3,668fd6e7b340c9a3,2026-08-01,train
3,66aef99cba1ab258,2026-08-01,train
3,66afc6cca56e7e02,2026-08-01,train
3,66b6e233d52bb6fb,2026-08-01,train
3,66e34f67dd31b913,2026-08-01,test
3,66ef83d39f9dac4e,2026-08-01,train
3,66f7ee672cea6fdd,2026-08-01,train
3,672627e2a90b263f,2026-08-01,train
3,6728df5ee277f58e,2026-08-01,test
3,6740349224c3382f,2026-08-01,train
3,6752822ecf72e9b4,2026-08-01,train
3,67601fbffcbf28e0,2026-08-01,train
3,676a5d0e467210f9,2026-08-01,validation
3,67ccbb02b16e0ed5,2026-08-01,test
3,67f1719e0467546e,2026-08-01,train
3,67ff6817dd51ccf8,2026-08-01,train
3,68178ee8f0273fd5,2026-08-01,train
3,682e5a86c682bac2,2026-08-01,train
3,68335dc00481e816,2026-08-01,train
3,683bb032740e3e77,2026-08-01,test
3,6857c0d11718f12d,2026-08-01,train
3,686b463e47344ef1,2026-08-01,train
3,689c7119c5508d95,2026-08-01,train
3,68a1de0a38f0de95,2026-08-01,train
3,68a3b36d760c71a1,2026-08-01,train
3,68bab66987668b38,2026-08-01,train
3,68c44d261c1daf9f,2026-08-01,train
3,68cc7c318b7b158e,2026-08-01,test
3,68cd24af09ef8486,2026-08-01,train
3,68f0118f0c11967e,2026-08-01,test
3,68f5581962ef662d,2026-08-01,train
3,6921116443adc052,2026-08-01,train
3,696bc6c78487ca87,2026-08-01,train
3,69867fc23477e9f7,2026-08-01,train
3,69a36343bfc492dc,2026-08-01,train
3,69dad16e93634b7c,2026-08-01,validation
3,6a1c3bfaddf3f962,2026-08-01,validation
3,6a2a566aed5547f2,2026-08-01,train
3,6a4c8dd40363408d,2026-08-01,train
3,6a5fc6788e12fec1,2026-08-01,validation
3,6a81b7bbfb0833b7,2026-08-01,train
3,6a88affe41a66ee0,2026-08-01,validation
3,6a9643e156dbd36a,2026-08-01,train
3,6ab988cd24199c3e,2026-08-01,test
3,6acd3f485741197b,2026-08-01,train
3,6ad8ce3ab705f68e,2026-08-01,validation
3,6ad9bc63ce7c79fb,2026-08-01,train
3,6af6b57306e776a2,2026-08-01,train
3,6af804381545df88,2026-08-01,train
3,6b085ecef629a9e2,2026-08-01,validation
3,6b273883d1fa6518,2026-08-01,train
3,6b55e89553e6a69b,2026-08-01,train
3,6b6712c13a0b8795,2026-08-01,validation
3,6b7a1e1f37856ca8,2026-08-01,train
3,6bb407bfb69cc238,2026-08-01,train
3,6bc3c71bfbace810,2026-08-01,train
3,6c39b3b92439ea2d,2026-08-01,train
3,6c428ca509130edb,2026-08-01,train
3,6c4998dbdc47ac5b,2026-08-01,train
3,6c688ae2986b23e6,2026-08-01,train
3,6cc111629b17bb80,2026-08-01,train
3,6cccc0e2eb5a7fd4,2026-08-01,train
3,6cfaaf5008e3a368,2026-08-01,train
3,6d0fabf2737acd96,2026-08-01,train
3,6d54882c089c738c,2026-08-01,train
3,6d6f98ecb1a15da5,2026-08-01,test
3,6d763acede05a57e,2026-08-01,train
3,6d7d1ac65b8e2b71,2026-08-01,train
3,6d8912b48efe14a7,2026-08-01,test
3,6dd8c26eee564c65,2026-08-01,test
3,6e03d30cfa2d4d7d,2026-08-01,train
3,6e2e0d3333366da8,2026-08-01,train
3,6e8ea08210e8da3f,2026-08-01,test
3,6eaf56faf92d6e1e,2026-08-01,train
3,6ebe5700ae86bd83,2026-08-01,train
3,6ef045018206cb55,2026-08-01,train
3,6f204569aa37516e,2026-08-01,validation
3,6f4eca54c3aa2bc1,2026-08-01,train
3,6f651f986293dafb,2026-08-01,train
3,6f6792f3a97dfb88,2026-08-01,train
3,6f759192629d8ffe,2026-08-01,test
3,6fb63fe98bb40d41,2026-08-01,train
3,6fca9eb62235956e,2026-08-01,train
3,6fe3c44dd9cbfaae,2026-08-01,train
3,705c4420d8395b53,2026-08-01,test
3,706992daca2df278,2026-08-01,train
3,70a7c83a4072d170,2026-08-01,train
3,70b99ef3175db7f4,2026-08-01,validation
3,70be808946c74578,2026-08-01,test
3,70c23b94718456df,2026-08-01,train
3,70d8f56bb47fa695,2026-08-01,validation
3,70f1d956269819f8,2026-08-01,test
3,70f858452af19f8f,2026-08-01,train
3,712b15cc1a16f40e,2026-08-01,train
3,7135bf0f61d1ff45,2026-08-01,train
3,71911ead7fc487a2,2026-08-01,train
3,71a3beeadba4a14a,2026-08-01,train
3,71bdbeae06c611da,2026-08-01,train
3,71cb2380a89f113a,2026-08-01,validation
3,71e0918bc947a70f,2026-08-01,train
3,71e919dc2fa877e9,2026-08-01,test
3,71ecf623274b969a,2026-08-01,train
3,7209492d1bab4bcd,2026-08-01,train
3,7242018ba1a33d45,2026-08-01,train
3,72532fb94c54c265,2026-08-01,train
3,725628e4a7596910,2026-08-01,train
3,7256b09caa899831,2026-08-01,validation
3,725b37b1907b50d9,2026-08-01,train
3,72a3bc4213e3cb58,2026-08-01,validation
3,72a7286ca9f600a8,2026-08-01,validation
3,72c167f8f4b6add7,2026-08-01,train
3,72d46fb38d14c41c,2026-08-01,train
3,72e138216d4c1087,2026-08-01,train
3,72f676aec235e7cf,2026-08-01,train
3,72fdaadd4906219c,2026-08-01,validation
3,732b3a0cded95339,2026-08-01,train
3,733008eb294d3403,2026-08-01,test
3,73965092d34d2b9a,2026-08-01,train
3,739a8078e2c0c28a,2026-08-01,train
3,739e8dc738320e4e,2026-08-01,validation
3,73a854d1911e1c4d,2026-08-01,train
3,73bd247bd69650d9,2026-08-01,train
3,73d76b6ac182487f,2026-08-01,validation
3,73db54883334e447,2026-08-01,validation
3,73ea7b72742dc5e8,2026-08-01,train
3,73ef367ea76a277a,2026-08-01,test
3,748d0b09094c9b01,2026-08-01,validation
3,748f832ff17635e3,2026-08-01,train
3,749650f04260b5e6,2026-08-01,train
3,74a08a598a032a1d,2026-08-01,train
3,74a7b4ba1282ee47,2026-08-01,train
3,74d47a9d4a58942e,2026-08-01,train
3,74dcec8a9be937bc,2026-08-01,test
3,74f247c17039f90d,2026-08-01,train
3,75275e3283f638d8,2026-08-01,test
3,7528e5d9aa2facb1,2026-08-01,train
3,753cdea395d239a5,2026-08-01,train
3,75447c40e61cecf0,2026-08-01,train
3,755745df95ff0a69,2026-08-01,train
3,75703715f50699db,2026-08-01,train
3,75c1f01c51c48fdc,2026-08-01,test
3,75df4ca92029e285,2026-08-01,test
3,75e414784ebd7f51,2026-08-01,train
3,75e80b55e66c2732,2026-08-01,validation
3,75f30f73370c6e9a,2026-08-01,train
3,764797b1db1412fb,2026-08-01,train
3,76ce46b1f40e9db0,2026-08-01,train
3,76d79330dc07537e,2026-08-01,train
3,76dfb160a26039ba,2026-08-01,test
3,771b9627d53aa2b4,2026-08-01,train
3,774ae213ea93bca1,2026-08-01,test
3,774e9a8d1feecf4e,2026-08-01,train
3,7756f7a33eb9742c,2026-08-01,validation
3,776384347af07be1,2026-08-01,train
3,77ad16d00dd7763f,2026-08-01,train
3,77ba0a399e463009,2026-08-01,train
3,77c45567ec48e58d,2026-08-01,test
3,77f3934841a2b725,2026-08-01,test
3,77f5989b27feab09,2026-08-01,test
3,7801f3daf2795469,2026-08-01,test
3,7822f667387b29c7,2026-08-01,train
3,782d50908f72fad1,2026-08-01,test
3,783f1435d067b6da,2026-08-01,train
3,785445c20be9f9dc,2026-08-01,test
3,7858913f63d751db,2026-08-01,train
3,786148badc8885a8,2026-08-01,train
3,787a54c685eb4905,2026-08-01,train
3,78c5b2be3b57a635,2026-08-01,train
3,78c6df26f6e60deb,2026-08-01,train
3,790575c250daebeb,2026-08-01,train
3,7924fc7a33a94fd7,2026-08-01,train
3,7927bb9f8611d267,2026-08-01,test
3,794117e30646a384,2026-08-01,train
3,7993b9d06cc9138f,2026-08-01,train
3,79a073738a1eea2d,2026-08-01,train
3,79bef50ddebf7136,2026-08-01,train
3,79ca13d5cab1c005,2026-08-01,validation
3,79de3c4171a9fd33,2026-08-01,test
3,79e792ebe61208d4,2026-08-01,train
3,7a13a0eea6307278,2026-08-01,train
3,7a20dae074f2a9d7,2026-08-01,train
3,7a51ff3dfc91b170,2026-08-01,test
3,7a931f36e2766186,2026-08-01,train
3,7a99096be88051ee,2026-08-01,train
3,7ac219791398ad90,2026-08-01,validation
3,7ae5153c103cae58,2026-08-01,train
3,7b22593523b7444c,2026-08-01,validation
3,7b404a403b4f0e5c,2026-08-01,train
3,7b523135d81c5335,2026-08-01,test
3,7b6c1d974eb1a170,2026-08-01,train
3,7bb11dc51ba9c97b,2026-08-01,validation
3,7bb45507640e3943,2026-08-01,train
3,7bd6dc51f38f2c44,2026-08-01,train
3,7c04e7b054e0c124,2026-08-01,train
3,7c6168989aad145b,2026-08-01,train
3,7c8aeacf1fa72ab3,2026-08-01,train
3,7ca9ed9e32ddf851,2026-08-01,validation
3,7cc77d4f9904a8e1,2026-08-01,train
3,7ce4c945061f643a,2026-08-01,train
3,7cfdede4400eea59,2026-08-01,train
3,7d201c38f540ed8b,2026-08-01,validation
3,7d33acd56b024065,2026-08-01,train
3,7d3747c4378d47ae,2026-08-01,train
3,7d76df379326eab1,2026-08-01,train
3,7d9db37e1ed6e427,2026-08-01,train
3,7dc1ddf462be6bc5,2026-08-01,validation
3,7dcb9ef8bbf9e4e4,2026-08-01,train
3,7dcfcdc409e502cd,2026-08-01,validation
3,7dda8c1dc22c4ce6,2026-08-01,train
3,7e1ff30258a96288,2026-08-01,test
3,7e3aec65e0159b21,2026-08-01,test
3,7e5e11ddc426f774,2026-08-01,train
3,7e641fe4afaf0d70,2026-08-01,train
3,7ebfbf3457024c73,2026-08-01,train
3,7ec747f977d6f5bf,2026-08-01,train
3,7ec7bbac1751f2d1,2026-08-01,train
3,7eded754a3c29ed4,2026-08-01,train
3,7ee1753da5cce9b8,2026-08-01,train
3,7eeba9b9bbdcc619,2026-08-01,train
3,7f1d9a9904632eb6,2026-08-01,validation
3,7f507a92e65dadad,2026-08-01,train
3,7f722281a4db3b1d,2026-08-01,train
3,7f7d5b9a789b4387,2026-08-01,train
3,7faf5dfae7e7e597,2026-08-01,train
3,7fc8313fa7045b93,2026-08-01,test
3,7fcb60695357cb00,2026-08-01,test
3,80186fe21865b3d1,2026-08-01,train
3,804a36bdcb7df426,2026-08-01,train
3,808c916fdd731cf6,2026-08-01,train
3,809fff685f55ddeb,2026-08-01,train
3,80aa9adc593a379c,2026-08-01,train
3,80d8f3e6920c9954,2026-08-01,train
3,80ef2265eeefbe6c,2026-08-01,train
3,80f63d7faf3932ab,2026-08-01,train
3,8102e2532d334c1e,2026-08-01,train
3,81290a2881ebbb13,2026-08-01,test
3,8145d4f50b3ab222,2026-08-01,train
3,817fc433b6ecaefc,2026-08-01,train
3,818a79bdaba6a37a,2026-08-01,validation
3,819af7d8ff2d924c,2026-08-01,train
3,81dfa6629c13b316,2026-08-01,train
3,81e754789d6913ac,2026-08-01,test
3,81f1a64e61e414da,2026-08-01,test
3,81fc9d3d51ce5366,2026-08-01,train
3,822612270af518cb,2026-08-01,train
3,82593cbf9c351b2e,2026-08-01,test
3,8295da3b3202abdf,2026-08-01,validation
3,82e8a5b54f692f94,2026-08-01,train
3,832278673db18633,2026-08-01,train
3,83525327a673c197,2026-08-01,train
3,83546176b0fe51c7,2026-08-01,validation
3,835463c5f6c8c9a1,2026-08-01,test
3,83d7eb220d24b40f,2026-08-01,test
3,83ff9714b05d041a,2026-08-01,train
3,841103cabc0b106c,2026-08-01,train
3,842246e106b1ea8d,2026-08-01,validation
3,84324e772d11375c,2026-08-01,train
3,84504a113e2f1e0c,2026-08-01,test
3,84559f8bdecfee77,2026-08-01,train
3,84850a3177076370,2026-08-01,test
3,84a7be9849355a05,2026-08-01,train
3,84ac3b42b1d2977a,2026-08-01,test
3,84dc0b9a87a8ea12,2026-08-01,train
3,853d3ab6559631e2,2026-08-01,train
3,855ca47819cf5703,2026-08-01,train
3,8584cf7a70a6d3e8,2026-08-01,train
3,85d4d56603523e44,2026-08-01,train
3,85dd641f03eb059f,2026-08-01,train
3,86194b8ed4ade423,2026-08-01,train
3,86730df7a6fe999e,2026-08-01,train
3,868893702fd7c74b,2026-08-01,test
3,86947c4add0c1c2e,2026-08-01,validation
3,869db2f65dec820b,2026-08-01,test
3,86a177935d232c69,2026-08-01,train
3,86c5d82112d4d61d,2026-08-01,train
3,86d2c6ecab138e80,2026-08-01,train
3,86e300d62fdd81b0,2026-08-01,train
3,870ea517056d67bb,2026-08-01,train
3,8736980842862ad0,2026-08-01,test
3,873a6bc5e7810e42,2026-08-01,test
3,875477673c8ee3d9,2026-08-01,train
3,877351281acec94c,2026-08-01,train
3,87981be00758ff81,2026-08-01,train
3,87a32ed9d666e99a,2026-08-01,validation
3,87b8024da9dde6d3,2026-08-01,train
3,87c30bc09bcbe6cd,2026-08-01,train
3,87dec59167ad256d,2026-08-01,train
3,8814713a2c820302,2026-08-01,validation
3,88227a7d741a5260,2026-08-01,validation
3,88295cb9b31fcb1e,2026-08-01,validation
3,887366c9a288cbb6,2026-08-01,train
3,888d5ebb6dcd54fd,2026-08-01,train
3,888d6adec828fd25,2026-08-01,train
3,889d0484e4c25c25,2026-08-01,train
3,890a8bf387658eb5,2026-08-01,train
3,89390d6c06cac3f5,2026-08-01,train
3,89611552d0174ff6,2026-08-01,validation
3,8996f01d262ba875,2026-08-01,train
3,899d7d64c2b83f21,2026-08-01,train
3,89bf48f1c702cdf9,2026-08-01,test
3,89c6250668673e41,2026-08-01,train
3,89e2040aeb415707,2026-08-01,train
3,8a0a8a7994c51855,2026-08-01,test
3,8a22101fe12eb2c5,2026-08-01,train
3,8a5c0b5ad8e104a8,2026-08-01,train
3,8a7fc6f8d436f053,2026-08-01,test
3,8a8414e70a6de5f7,2026-08-01,train
3,8aa167ad0208b0ea,2026-08-01,train
3,8aad615671fcae6f,2026-08-01,test
3,8ab50125ceef6e7a,2026-08-01,train
3,8ad6d6cb7cee43e7,2026-08-01,train
3,8ae4f0381f513699,2026-08-01,validation
3,8b0c143fd843722e,2026-08-01,train
3,8b220a0384032bf0,2026-08-01,train
3,8b315dc1730da0c8,2026-08-01,train
3,8b918fcf6bc96422,2026-08-01,test
3,8b98028b5219338f,2026-08-01,train
3,8bebc9cb93533252,2026-08-01,train
3,8bfaf4973eaba339,2026-08-01,train
3,8c095138c4a6116a,2026-08-01,test
3,8c15590e040d6608,2026-08-01,train
3,8c18a30e67e714ab,2026-08-01,train
3,8c379c4d88316b5f,2026-08-01,train
3,8c3f87304731746f,2026-08-01,validation
3,8ca039b7cae4ded8,2026-08-01,train
3,8cacac70e0c8a431,2026-08-01,train
3,8cd01036387d0033,2026-08-01,train
3,8d01315db3bfa9c6,2026-08-01,validation
3,8d3f82827b0890e0,2026-08-01,train
3,8d5c703afcec1b99,2026-08-01,train
3,8d7602c3974b0aaa,2026-08-01,train
3,8d8c09db3b765544,2026-08-01,train
3,8db86abd14e45e77,2026-08-01,train
3,8dd83465d46be50c,2026-08-01,train
3,8e27eb733ed058bd,2026-08-01,train
3,8e9bea1fb1797f80,2026-08-01,test
3,8e9cef6d191d4f78,2026-08-01,train
3,8ec0b262a25f0213,2026-08-01,train
3,8edd639cca478113,2026-08-01,test
3,8efd717c8e956434,2026-08-01,train
3,8f174cfed26bfe06,2026-08-01,train
3,8f426d36ea65a623,2026-08-01,test
3,8f57a674f2493401,2026-08-01,test
3,8f58eb42e4bcff39,2026-08-01,validation
3,8f6a6863ef27d373,2026-08-01,train
3,8f742a6486a107c2,2026-08-01,validation
3,8f970233fb554bcd,2026-08-01,train
3,8f98efb75d639716,2026-08-01,validation
3,8fae729a975e1589,2026-08-01,train
3,8fba9069c0ba45ea,2026-08-01,train
3,8fcf2adac1d82d8c,2026-08-01,test
3,905b7e1bebcde052,2026-08-01,test
3,908929396ab4c953,2026-08-01,train
3,908bfa9116756ee7,2026-08-01,train
3,9090b048bb4b9f31,2026-08-01,test
3,90a8d5778d0a4645,2026-08-01,test
3,90c3e825e848b5d0,2026-08-01,train
3,91211fd51a1d48d9,2026-08-01,train
3,91266c03880b12d6,2026-08-01,train
3,919f51fbf57512f7,2026-08-01,train
3,91b0e87278726e3e,2026-08-01,train
3,91bbf0f8e8a1a68f,2026-08-01,test
3,91bc5d5ff8d66a5e,2026-08-01,train
3,92018e6142f69623,2026-08-01,train
3,921c76f30a27b4b2,2026-08-01,train
3,924b34d606674713,2026-08-01,train
3,92530b14bcd89ab8,2026-08-01,train
3,9258832c9b88feac,2026-08-01,train
3,926ec48829999094,2026-08-01,validation
3,92711c93d6c31bb1,2026-08-01,validation
3,929628966cbe9c3a,2026-08-01,train
3,92c085f436bf40d1,2026-08-01,train
3,92c5baa111e9f633,2026-08-01,test
3,92cebf4c31ba3c0c,2026-08-01,train
3,92da135370e30e2b,2026-08-01,train
3,92df5b40c9b72000,2026-08-01,train
3,93116ee240f557f1,2026-08-01,test
3,934e417989cac234,2026-08-01,train
3,9364a2910ec8b1a4,2026-08-01,train
3,93c99cdb34a71512,2026-08-01,train
3,93d4300f1f5d6d8b,2026-08-01,train
3,93e8c952eb00a9c2,2026-08-01,test
3,941719fc6af54272,2026-08-01,validation
3,942cb5d293dbe546,2026-08-01,train
3,943a597d4017b8f6,2026-08-01,train
3,94510d88d6e7c1ae,2026-08-01,train
3,94523b841f1b13b1,2026-08-01,train
3,9455d2c2247eab6b,2026-08-01,train
3,9463d5b8a38d2d37,2026-08-01,test
3,9469e0f7b0485d15,2026-08-01,train
3,947a15456539216e,2026-08-01,train
3,947bfb88e3f67301,2026-08-01,train
3,9481ce77250d5699,2026-08-01,validation
3,9482ac37fbb2a459,2026-08-01,train
3,949e497d556a3207,2026-08-01,validation
3,94c0710f018fc21b,2026-08-01,validation
3,94cda231ad7ec1ee,2026-08-01,train
3,95196236233b18e9,2026-08-01,train
3,9556185d4a18924b,2026-08-01,train
3,9564e1164ee5d4c0,2026-08-01,train
3,9593a23a5878163b,2026-08-01,train
3,959b7d01ad823ebb,2026-08-01,train
3,95aebe7d44494d9a,2026-08-01,validation
3,95d59c6a8b8bbaaf,2026-08-01,train
3,960c2c84d850f3fb,2026-08-01,train
3,96209a3993cf3589,2026-08-01,train
3,962e163e3f95007b,2026-08-01,validation
3,9632063f88d1b734,2026-08-01,train
3,9648adebd74c0369,2026-08-01,train
3,964da491f09ae5f5,2026-08-01,train
3,9663ee03693bc1ba,2026-08-01,train
3,966686038b842717,2026-08-01,train
3,967b807ffdbc4561,2026-08-01,train
3,968087a462e73a1b,2026-08-01,train
3,969760fcba2e6fbe,2026-08-01,train
3,96a08eafa1db1917,2026-08-01,validation
3,96c0cbad3cc5e46b,2026-08-01,train
3,96c849cde5fc3d4e,2026-08-01,validation
3,96d3524f7227cf9c,2026-08-01,train
3,9722c1d065130712,2026-08-01,train
3,9726e7cc4d6e5754,2026-08-01,train
3,9745ae02e62b0106,2026-08-01,train
3,97850d89b9abcc09,2026-08-01,train
3,97b8ff70808c0e69,2026-08-01,train
3,97ea16ed330e2396,2026-08-01,train
3,9809816a5dae1d05,2026-08-01,test
3,9809ca7837e35ebf,2026-08-01,train
3,982e07eee88de864,2026-08-01,train
3,9830f37af2db872b,2026-08-01,train
3,98787dce6bc02858,2026-08-01,train
3,987b8c526fb64ca1,2026-08-01,validation
3,98c29edc6d96f11c,2026-08-01,validation
3,98e7e3143907bb04,2026-08-01,train
3,990baafc86600963,2026-08-01,train
3,991486f4f995e828,2026-08-01,test
3,9924e2a2324066c8,2026-08-01,test
3,992f51527d4c91c3,2026-08-01,train
3,999fe38a8576f561,2026-08-01,train
3,99c4b3182e4d885f,2026-08-01,train
3,99dc5b286d4131d4,2026-08-01,validation
3,99ee6f601f914330,2026-08-01,train
3,99eef8f5517a4d2f,2026-08-01,train
3,9a06fcdab7395033,2026-08-01,train
3,9a5db952f96c0e77,2026-08-01,train
3,9a66b08dad948a67,2026-08-01,test
3,9aa724ed02c28f5a,2026-08-01,train
3,9ab0134baa1960ab,2026-08-01,train
3,9ab21b39b641882d,2026-08-01,train
3,9ad3d93d4eadfa97,2026-08-01,validation
3,9af028b11d5809f7,2026-08-01,validation
3,9b0f683960851f3f,2026-08-01,train
3,9b30c24c590ecb82,2026-08-01,train
3,9b3211a99e6d77d8,2026-08-01,train
3,9b4265fa07aeca06,2026-08-01,train
3,9b51fa889d98d7d1,2026-08-01,train
3,9b8a9738aa705079,2026-08-01,train
3,9b91d34e1fdd50e2,2026-08-01,train
3,9bbc013dfa84d784,2026-08-01,train
3,9be023aa553759d1,2026-08-01,train
3,9c0719790b187ef8,2026-08-01,train
3,9c14ccfa75c178c3,2026-08-01,test
3,9c511f9c2f44ce78,2026-08-01,validation
3,9c8ec09e67afbb35,2026-08-01,train
3,9c8f9a92cb948fee,2026-08-01,train
3,9d01cd9ff2dbeaba,2026-08-01,train
3,9d040be315a8707f,2026-08-01,train
3,9d3a61eb9aa261e8,2026-08-01,train
3,9d4c32ed4590ed6c,2026-08-01,validation
3,9db146f013d7d60a,2026-08-01,validation
3,9dc4e0a18e712c87,2026-08-01,train
3,9e0438deaf9d2e3f,2026-08-01,train
3,9e39138651a820c2,2026-08-01,train
3,9e50cfeb1bc4e333,2026-08-01,test
3,9e6115ab696893c8,2026-08-01,train
3,9e7542a6acb94bc0,2026-08-01,train
3,9e8cd0bf75b33dde,2026-08-01,validation
3,9ed92e4106337b9b,2026-08-01,validation
3,9efb040fb451034b,2026-08-01,validation
3,9efba54b736b34b8,2026-08-01,test
3,9f91a16c548bbf9f,2026-08-01,train
3,9fc184516d4b6874,2026-08-01,train
3,9ff8f19000625311,2026-08-01,train
3,9ff99277aef0660c,2026-08-01,validation
3,a07ed559802c723c,2026-08-01,test
3,a085cdd4630c804b,2026-08-01,train
3,a0c462f731b98a5c,2026-08-01,validation
3,a0f93a44d8792479,2026-08-01,train
3,a10331bf69a4afe0,2026-08-01,test
3,a15bb568975cadd0,2026-08-01,test
3,a1b24bb7b36a50f9,2026-08-01,train
3,a1c7b698d9cbc450,2026-08-01,train
3,a1dc3d3af0ac184b,2026-08-01,train
3,a1f3d64342d58daa,2026-08-01,train
3,a25d9c30008629ce,2026-08-01,train
3,a2d0b3f9212aa1ab,2026-08-01,train
3,a2d1ac3f3c933304,2026-08-01,train
3,a30965cb6189d957,2026-08-01,test
3,a30fd7b395ee1986,2026-08-01,train
3,a325f646da7b1417,2026-08-01,train
3,a33ce0bf16b4596e,2026-08-01,test
3,a34175ec1f03a8e4,2026-08-01,train
3,a34c251f8d9d84cb,2026-08-01,train
3,a385c8dcff65b440,2026-08-01,train
3,a38efc6024f21269,2026-08-01,train
3,a3b615a196e90620,2026-08-01,test
3,a3bfda7044bacc59,2026-08-01,train
3,a3d2511aa13a37ca,2026-08-01,validation
3,a3e6d25504844590,2026-08-01,train
3,a4146d60b9a655ce,2026-08-01,test
3,a41758e7d634c664,2026-08-01,train
3,a45d21bd449a09df,2026-08-01,train
3,a46193d604bed5f3,2026-08-01,train
3,a47b76de2c81984d,2026-08-01,train
3,a49036d69aec05b9,2026-08-01,validation
3,a4904a7d608d5daf,2026-08-01,train
3,a4a06790acb4c5f0,2026-08-01,test
3,a4a1d85bb9bff4eb,2026-08-01,validation
3,a4a476aeb41375e1,2026-08-01,train
3,a4bfa61a90ed5365,2026-08-01,train
3,a4d5699111e3af72,2026-08-01,train
3,a4e3b12d4323f41a,2026-08-01,test
3,a4ecc699d311afa0,2026-08-01,test
3,a50b08b6e8e6df22,2026-08-01,train
3,a531a1d9c03d3135,2026-08-01,test
3,a55d9ee9673125c5,2026-08-01,train
3,a55f3781d6534f72,2026-08-01,train
3,a58564a46d57c180,2026-08-01,train
3,a595e2e70cfe7a47,2026-08-01,train
3,a5accdfabfa4a3d4,2026-08-01,test
3,a5b4401c6238cdf7,2026-08-01,test
3,a5c070bc702094fa,2026-08-01,train
3,a5dd509365d64f15,2026-08-01,train
3,a5f1adf27a124663,2026-08-01,test
3,a6288040cf6ef247,2026-08-01,train
3,a64e9f1c610e243a,2026-08-01,test
3,a67b092941ccb3d8,2026-08-01,test
3,a6c4257d648a354d,2026-08-01,train
3,a6e66824f8966007,2026-08-01,train
3,a6fd336a1407c117,2026-08-01,train
3,a70b8e3c08cd20e4,2026-08-01,train
3,a77469d18535a4be,2026-08-01,train
3,a777ba4cca3e49b9,2026-08-01,train
3,a793ae9d4775896f,2026-08-01,train
3,a7995607e7dc4a5f,2026-08-01,train
3,a7e05fbdf77e7d46,2026-08-01,train
3,a7f638f820fde754,2026-08-01,test
3,a80a2f90e8d71f0e,2026-08-01,train
3,a81f05f8e0ae2bf4,2026-08-01,train
3,a82fcae34ae3339b,2026-08-01,validation
3,a8340db25ad37cbe,2026-08-01,train
3,a834f3663fb1e615,2026-08-01,train
3,a862892d62c72766,2026-08-01,train
3,a8925e8f6d5494e9,2026-08-01,validation
3,a8b101a86f455744,2026-08-01,validation
3,a8b9021d23837a78,2026-08-01,test
3,a8d309f5e65bc8ea,2026-08-01,train
3,a8e4b4d6bbd879c6,2026-08-01,train
3,a9295b1117787b73,2026-08-01,train
3,a935a0abb59da261,2026-08-01,test
3,a9466801d0e1b6d1,2026-08-01,test
3,a96c0b9c67d2d973,2026-08-01,train
3,a970b7a1c87289f7,2026-08-01,train
3,a977e1422ddb24e4,2026-08-01,validation
3,a9807f44ea14ea0b,2026-08-01,test
3,a980ca3c0ec73747,2026-08-01,train
3,a9839c22a7429607,2026-08-01,train
3,a998a3471aa33926,2026-08-01,train
3,aa05409e91de5463,2026-08-01,train
3,aa29e902103223e3,2026-08-01,test
3,aa49b38a1a9a506d,2026-08-01,train
3,aa973d6e1ec57a3b,2026-08-01,train
3,aaa60e0692a61d69,2026-08-01,train
3,aab6cbbd9f004a8e,2026-08-01,train
3,aaeb5b9a9c7290ea,2026-08-01,train
3,aaf4518f9a97077d,2026-08-01,train
3,aaf58c407934cc00,2026-08-01,train
3,ab018adf1fda41d2,2026-08-01,train
3,ab1a05e1b589e0d8,2026-08-01,train
3,ab473cdfdea50b90,2026-08-01,train
3,ab48a16fc4e89ffb,2026-08-01,train
3,ab49db7daaa03b02,2026-08-01,train
3,ab5e266ca2d39a35,2026-08-01,train
3,ab6109b126687f81,2026-08-01,train
3,ab6574359ebb2a52,2026-08-01,train
3,ab6f4b9dcaa5d9d6,2026-08-01,train
3,ab883e4c89cb2d8f,2026-08-01,validation
3,abda01a6fb188c95,2026-08-01,train
3,abeec4b51563f76a,2026-08-01,train
3,abfad212a161a1ec,2026-08-01,train
3,ac044be38aede592,2026-08-01,train
3,ac1f9d1eddbf7c1a,2026-08-01,train
3,ac346947a848454f,2026-08-01,train
3,ac4bc2d45eda2808,2026-08-01,validation
3,ac7a93543c3b8cae,2026-08-01,train
3,ac8383a4a4b95c3a,2026-08-01,train
3,acc0428f720bd4ef,2026-08-01,train
3,acf2d120ed640fc9,2026-08-01,train
3,acfd849875323dc8,2026-08-01,train
3,ad481422e1f30881,2026-08-01,train
3,ad54974d4e94e913,2026-08-01,train
3,ad74085ffc4942a7,2026-08-01,train
3,ad84df4a1494275c,2026-08-01,train
3,ad8fbf8b7202dcab,2026-08-01,train
3,ada7ac7f67f9b310,2026-08-01,train
3,adbe2714454ef865,2026-08-01,test
3,adcd4a27330439d4,2026-08-01,train
3,add27dbe86745be7,2026-08-01,train
3,ade3b4ed35b4855f,2026-08-01,train
3,adee7fe5d8dfd349,2026-08-01,train
3,adf28196863522bb,2026-08-01,train
3,ae0a5928a980ed2a,2026-08-01,train
3,ae1a0fc5f40071cd,2026-08-01,train
3,ae20228aeb19847d,2026-08-01,test
3,ae253c75810fb951,2026-08-01,train
3,ae2ae0b850b43025,2026-08-01,train
3,ae5701bafc705745,2026-08-01,train
3,ae57f0324562be8a,2026-08-01,test
3,ae64653ec6fb828c,2026-08-01,train
3,ae7bfc32807e2254,2026-08-01,validation
3,aecb15c87b539a87,2026-08-01,validation
3,aecbd08c6083dc15,2026-08-01,validation
3,aed1ae5e1caa31c7,2026-08-01,test
3,aed6c6ae972e65b1,2026-08-01,validation
3,aee08e42f0ebd181,2026-08-01,train
3,af2fc23dcfd9a840,2026-08-01,train
3,af561b09fd9c36c7,2026-08-01,train
3,af5c2643d67b2f1d,2026-08-01,test
3,af7f641dcf613257,2026-08-01,validation
3,af833e343dd62a40,2026-08-01,train
3,af9b7dd3a41443a1,2026-08-01,train
3,afa145b02ae2dc97,2026-08-01,train
3,afcd6be407d017bf,2026-08-01,test
3,b029312eaeefe98f,2026-08-01,train
3,b046fc94551a7ac2,2026-08-01,train
3,b07275d3a6de233d,2026-08-01,train
3,b09b6ab5b6c7bfc7,2026-08-01,train
3,b0ad5881901b319c,2026-08-01,validation
3,b0b4ddc1465a1906,2026-08-01,train
3,b0bf2ed696880e02,2026-08-01,validation
3,b0c39aaf38b4dabf,2026-08-01,train
3,b0d18645fbb34773,2026-08-01,validation
3,b102526594e3c520,2026-08-01,train
3,b156f7256ee43dd6,2026-08-01,train
3,b161e909a16233c8,2026-08-01,train
3,b1832ed47d58e701,2026-08-01,train
3,b1acbbf3874d0291,2026-08-01,train
3,b1b689b883c40c8e,2026-08-01,test
3,b1e700904ad7d969,2026-08-01,test
3,b1f55b2e43c84264,2026-08-01,train
3,b211b25c19775854,2026-08-01,train
3,b21271c8c39e2c9b,2026-08-01,test
3,b2339fe5ee4318d9,2026-08-01,train
3,b243735ddbb74ebc,2026-08-01,train
3,b24a0f881b2d8a33,2026-08-01,train
3,b24ed9bbf4ab4c87,2026-08-01,train
3,b27026991080cfd1,2026-08-01,test
3,b2927a8dfe1a10fa,2026-08-01,train
3,b2969e7523f2b7f8,2026-08-01,train
3,b2b6d912d1b117c1,2026-08-01,train
3,b2c3f04a683df3ce,2026-08-01,train
3,b2f2013f1db1043d,2026-08-01,train
3,b330549b30dfd5a9,2026-08-01,test
3,b3323902b6938774,2026-08-01,train
3,b345ea2c910ecd7e,2026-08-01,train
3,b355ba35c6d55754,2026-08-01,validation
3,b39a1e6fcdb48862,2026-08-01,train
3,b3ad9c94c99b263f,2026-08-01,test
3,b3d0a8dae5c27cf4,2026-08-01,test
3,b3fc88f44a27f9a1,2026-08-01,train
3,b4226aea486adac8,2026-08-01,train
3,b435b0fb540ced26,2026-08-01,train
3,b43bbae04101e267,2026-08-01,validation
3,b43e6d90bfd8b455,2026-08-01,train
3,b496b4f53f340fc9,2026-08-01,train
3,b4cda78a16f981b6,2026-08-01,train
3,b4dbf17e5305b625,2026-08-01,train
3,b50cb2bf11fca9ce,2026-08-01,train
3,b52b26e70a5ed87f,2026-08-01,train
3,b532f53cd987c773,2026-08-01,train
3,b54e8c986816f2fc,2026-08-01,train
3,b554ace63b2f6f95,2026-08-01,train
3,b5cd6673375174e6,2026-08-01,train
3,b60015259ac7c7d7,2026-08-01,train
3,b607e30b3a0c9963,2026-08-01,test
3,b60c1869f1a3b26b,2026-08-01,train
3,b62b9e0b26b4d0a2,2026-08-01,test
3,b67f06ace8153b39,2026-08-01,train
3,b69967c862efc158,2026-08-01,validation
3,b6b113aa88cf41b6,2026-08-01,train
3,b6c83d1392fd5ad5,2026-08-01,validation
3,b6e83a2890b9c55c,2026-08-01,train
3,b7209f0a8a4a09c9,2026-08-01,test
3,b77af902987f5a4b,2026-08-01,test
3,b780349f05c95fd5,2026-08-01,test
3,b784a39375205451,2026-08-01,validation
3,b79ab15d99180066,2026-08-01,train
3,b7adcc6f90eb583f,2026-08-01,train
3,b7ce0c81a047219e,2026-08-01,train
3,b7d21663ad7adaa6,2026-08-01,train
3,b7e4735b2a1a03f5,2026-08-01,train
3,b8062c17895b3973,2026-08-01,train
3,b80e416b6c64cb71,2026-08-01,train
3,b81b5cd416c17013,2026-08-01,train
3,b833774146e4eecc,2026-08-01,train
3,b858d8c997f386fa,2026-08-01,train
3,b876064a134488e1,2026-08-01,test
3,b8bd73ca0600bc95,2026-08-01,train
3,b8cce02d47f12180,2026-08-01,train
3,b8f4af2a7e22ff84,2026-08-01,train
3,b8f81daab4517c6a,2026-08-01,train
3,b923ee56b487623a,2026-08-01,train
3,b937b5a9c55c2cdd,2026-08-01,train
3,b93bcc0e93df0491,2026-08-01,train
3,b9445c7bd2e161ea,2026-08-01,train
3,b963c9f43a68d0bd,2026-08-01,validation
3,b96c62b5ab7c881a,2026-08-01,train
3,b96e22539b2e628c,2026-08-01,train
3,b9d355fbeebef000,2026-08-01,test
3,b9f11ba2a950e582,2026-08-01,train
3,ba3a2ccf81eebf86,2026-08-01,train
3,ba557dee4917045d,2026-08-01,train
3,ba5c696a658f3013,2026-08-01,test
3,baaba68a70ce6d73,2026-08-01,train
3,baad00b3be7ccdec,2026-08-01,train
3,baaf6ad5e976b0f3,2026-08-01,validation
3,bb0b04c697710928,2026-08-01,train
3,bb273459a6449f4e,2026-08-01,validation
3,bb310da94bfa795b,2026-08-01,train
3,bb4cbe3d71426b68,2026-08-01,train
3,bb523db7dad7ef0b,2026-08-01,validation
3,bb61b84beabcbddb,2026-08-01,train
3,bbb8c159517c06a5,2026-08-01,train
3,bbcbc19bd9b318db,2026-08-01,train
3,bbcd3a81c4fd3631,2026-08-01,train
3,bbdcea5ce68f30ab,2026-08-01,train
3,bbe7ed9adf77c9bc,2026-08-01,validation
3,bbe94781cdf34a80,2026-08-01,train
3,bbf398bd8d8940b4,2026-08-01,test
3,bbfbdebc9bf64428,2026-08-01,train
3,bc2c28c3baaedf99,2026-08-01,train
3,bc3f8d42afb7e68e,2026-08-01,train
3,bc42cc92438707fe,2026-08-01,train
3,bc93a0b6d6245418,2026-08-01,test
3,bca4d84c6f4d8555,2026-08-01,train
3,bcc74d1d1ad3cfd3,2026-08-01,train
3,bcf7533afc5a3568,2026-08-01,train
3,bcff67cbdc7e19e7,2026-08-01,train
3,bd16f8e37fd6ab2c,2026-08-01,validation
3,bd4c94c3207910cc,2026-08-01,train
3,bd5460a73770cfad,2026-08-01,train
3,bd63c2a298ca6404,2026-08-01,train
3,bd8ba222a5bbf2d8,2026-08-01,test
3,bd9a6cdda4ae9770,2026-08-01,train
3,be0fd32339648de2,2026-08-01,validation
3,be35ec896fc59cad,2026-08-01,train
3,be3876e9fbe77193,2026-08-01,validation
3,be42ea36e2fd2029,2026-08-01,train
3,be72dd69d434cbe2,2026-08-01,train
3,be819dc4ef83e4b9,2026-08-01,train
3,be8dca1d779bff9a,2026-08-01,train
3,beee47cf00066631,2026-08-01,validation
3,bf12fbb001aa0424,2026-08-01,test
3,bf133cc1d086967e,2026-08-01,test
3,bf322de127725dc2,2026-08-01,train
3,bf9acf9a427220d0,2026-08-01,test
3,bfc26079153192ae,2026-08-01,test
3,bfcf9e25f697fbdb,2026-08-01,train
3,bfd2b95adee977c7,2026-08-01,train
3,c012ab98e40eb552,2026-08-01,train
3,c0335d3e15be8c68,2026-08-01,train
3,c04d92da5a8aacf5,2026-08-01,train
3,c07690dcad1d6c44,2026-08-01,train
3,c07eb6b91a68ed69,2026-08-01,train
3,c0831949479b6f08,2026-08-01,test
3,c09c0df49ede3bed,2026-08-01,test
3,c0a44e31c8ca2dde,2026-08-01,train
3,c0dea58d2574cb48,2026-08-01,test
3,c0e4d063e6ed5264,2026-08-01,train
3,c0f3b73eebb05229,2026-08-01,train
3,c0fe4013840df43c,2026-08-01,train
3,c10a46362a5a8eb3,2026-08-01,validation
3,c11636afc804eaea,2026-08-01,train
3,c12ee61fa354ad9f,2026-08-01,train
3,c159016f148d87cc,2026-08-01,train
3,c166c4299622cdef,2026-08-01,train
3,c17736f6db71aaaa,2026-08-01,test
3,c17a04d615bc0e4c,2026-08-01,train
3,c185b69cfdbed08a,2026-08-01,train
3,c18769c136adc3f1,2026-08-01,train
3,c189255a7a240522,2026-08-01,train
3,c1a4f6caea5cc9f2,2026-08-01,test
3,c1d69958117780f5,2026-08-01,train
3,c1e6bad479b1ea4b,2026-08-01,validation
3,c1ecaa7fe1ecd375,2026-08-01,train
3,c21d27c04b83632e,2026-08-01,train
3,c247ec08524c40b4,2026-08-01,validation
3,c26823dd6c125109,2026-08-01,validation
3,c27da98b5b92a0bf,2026-08-01,train
3,c2a745a9a0e3501d,2026-08-01,validation
3,c2b74433a5c4ba78,2026-08-01,validation
3,c2ec0e3cfbad6880,2026-08-01,train
3,c2f7c46c434f9792,2026-08-01,train
3,c2f856d6bd816347,2026-08-01,train
3,c2f9adee3bc814a3,2026-08-01,train
3,c2f9d439b4f396cb,2026-08-01,train
3,c3153148bf14ddbd,2026-08-01,validation
3,c31a1dc77417fa69,2026-08-01,test
3,c341ac405f802d01,2026-08-01,train
3,c3535c552d965bda,2026-08-01,train
3,c360105bd98adec2,2026-08-01,train
3,c36487d83f785aed,2026-08-01,validation
3,c37637e579c8001b,2026-08-01,validation
3,c391d7ce56fac7ad,2026-08-01,train
3,c3b49a3916c9334e,2026-08-01,test
3,c3fc43ac32c7b9c8,2026-08-01,validation
3,c41330925d5be8f2,2026-08-01,train
3,c417503646cd1442,2026-08-01,train
3,c45fd949cea80243,2026-08-01,train
3,c46ba2edd5e0bc8a,2026-08-01,train
3,c470a0e3fa4fbc21,2026-08-01,test
3,c483dc84b4c670d0,2026-08-01,train
3,c491f1e5fc8bf73d,2026-08-01,train
3,c4a3ae05678ede80,2026-08-01,test
3,c4ace6af4aa08c30,2026-08-01,train
3,c4adadead364033e,2026-08-01,train
3,c4b1ddb5d6c3d768,2026-08-01,validation
3,c4bbda1b9c7fb014,2026-08-01,train
3,c4cdb810d6a75acf,2026-08-01,train
3,c4e07beae6aba384,2026-08-01,train
3,c50d29bdc483a60c,2026-08-01,validation
3,c5241175dc43645a,2026-08-01,train
3,c541447076d1987f,2026-08-01,train
3,c547ca2948aab6b0,2026-08-01,train
3,c579f9b42a7cf2bb,2026-08-01,train
3,c57b7c9110450808,2026-08-01,validation
3,c589c0f81c02c3a6,2026-08-01,train
3,c59723bf8f7e3dd0,2026-08-01,train
3,c5aac25ed6d555cd,2026-08-01,train
3,c5cb3010ef088ffb,2026-08-01,train
3,c60fd0d018eb4b90,2026-08-01,test
3,c616ce7528a6c38f,2026-08-01,train
3,c624070689ed7527,2026-08-01,train
3,c641b7743f7002d5,2026-08-01,test
3,c679c0766d91cfde,2026-08-01,train
3,c6a2150ba9839baf,2026-08-01,train
3,c6bdb83397785450,2026-08-01,validation
3,c6c59dde1d0dcca7,2026-08-01,train
3,c6e8bd22f69cdd3c,2026-08-01,train
3,c71b39b7f7c7e8ce,2026-08-01,train
3,c745d9844dd188de,2026-08-01,train
3,c760f378704ad5bd,2026-08-01,validation
3,c778f637b5e5cc94,2026-08-01,train
3,c77d97df74d9b0b8,2026-08-01,train
3,c7a3289b08f36bb5,2026-08-01,train
3,c7a79c9f337b4e8b,2026-08-01,train
3,c7b9705030b12575,2026-08-01,train
3,c7c59e77e40166c2,2026-08-01,train
3,c7cc94995053ffae,2026-08-01,train
3,c7e75a834c211006,2026-08-01,train
3,c7fa0ef606e12744,2026-08-01,train
3,c7fe76530a3f12d1,2026-08-01,train
3,c80a1b5f26418e00,2026-08-01,train
3,c84b41f8bcaabab0,2026-08-01,train
3,c86d0f3d19db3da8,2026-08-01,train
3,c877cfb983be63ca,2026-08-01,train
3,c8785b7b94b6e0d5,2026-08-01,validation
3,c8ec1d35f51969b7,2026-08-01,train
3,c8f02f647791f871,2026-08-01,train
3,c925b77ca7232677,2026-08-01,train
3,c92f259f4e7ce52e,2026-08-01,train
3,c9353823882e63ef,2026-08-01,test
3,c96c8cebe7a1c97e,2026-08-01,test
3,c9857f5257291cce,2026-08-01,train
3,c99705cedcc0fd70,2026-08-01,train
3,c9cde92dc888c743,2026-08-01,train
3,c9d24dc3c7bb39f1,2026-08-01,train
3,c9d47234cd22dcdf,2026-08-01,test
3,c9e98fb255ccf650,2026-08-01,validation
3,ca03b65f2d48f1db,2026-08-01,train
3,ca0c0f52bcef6146,2026-08-01,test
3,ca5a2589c025b0c8,2026-08-01,train
3,ca712aa8e7e07cb0,2026-08-01,train
3,cababc027099b371,2026-08-01,train
3,cafb197d86347af1,2026-08-01,train
3,cb0e4b12df6742d4,2026-08-01,train
3,cb0f628c88218ace,2026-08-01,test
3,cb15c78ea0bfd789,2026-08-01,test
3,cb1d0d50a97e2f09,2026-08-01,train
3,cb3211aa260baa05,2026-08-01,train
3,cb5bfd4de4a24a39,2026-08-01,train
3,cb6b20cb3b496c07,2026-08-01,test
3,cb8e3989572dd3b0,2026-08-01,test
3,cbb0682b3e5baa3e,2026-08-01,train
3,cbef5db1ab91129c,2026-08-01,test
3,cbf78c1d76f71599,2026-08-01,validation
3,cbffefa0793c0cf6,2026-08-01,train
3,cc2dc2d2a3a8b127,2026-08-01,test
3,cc42e3bd822ae382,2026-08-01,test
3,cc5fc078752a2d9e,2026-08-01,train
3,cc67012a8db11b6e,2026-08-01,validation
3,cc6dee7039591838,2026-08-01,train
3,cc94b1cad9af0439,2026-08-01,validation
3,cc9d8604e8ea7964,2026-08-01,train
3,cca80f56884dd56c,2026-08-01,validation
3,ccad056b59132e76,2026-08-01,test
3,ccc7894ee8fef83e,2026-08-01,test
3,ccf3d231836775d6,2026-08-01,train
3,cd367ebb7a56db2a,2026-08-01,train
3,cd74971e18701a42,2026-08-01,train
3,cd78dbef19460d37,2026-08-01,train
3,cd8039ce8d069a74,2026-08-01,train
3,cda1d48ee2909503,2026-08-01,train
3,cda85ba9030e58de,2026-08-01,train
3,cdbe37af63426988,2026-08-01,train
3,cdc1dae41c300e8b,2026-08-01,train
3,cddc2535b41fa7d3,2026-08-01,train
3,cde395003811b073,2026-08-01,train
3,ce0940a3cb7f1d66,2026-08-01,validation
3,ce09c19efa88311e,2026-08-01,test
3,ce1ea19550c4554c,2026-08-01,validation
3,ce223577f555e770,2026-08-01,train
3,ce6c928f6c026a2d,2026-08-01,test
3,ce7717da83320fbd,2026-08-01,test
3,ce8513ae6ca01431,2026-08-01,train
3,ce88b1fc1f3366ec,2026-08-01,train
3,ce8b0435ac9c9a41,2026-08-01,train
3,ce8b6f896b3991b4,2026-08-01,train
3,cea156dfb7bd4b09,2026-08-01,test
3,cea63f28cb229c32,2026-08-01,train
3,ceb995c3a78287d7,2026-08-01,train
3,cece8ee94919b060,2026-08-01,train
3,ceecc2231d4ad1a1,2026-08-01,test
3,ceff994caf8a348e,2026-08-01,test
3,cf6039a8add9f119,2026-08-01,train
3,cf675adfe261b830,2026-08-01,train
3,cfa4d9aabe461095,2026-08-01,train
3,cfc301d34195508a,2026-08-01,train
3,cfea2b34b7aa8638,2026-08-01,train
3,cffa28db6211a6b5,2026-08-01,validation
3,d002b1fa86b7fb8b,2026-08-01,validation
3,d00c8115c5af8f60,2026-08-01,train
3,d0115054cd352deb,2026-08-01,train
3,d031155b9a3e61f0,2026-08-01,train
3,d03fd847f36b6fe2,2026-08-01,validation
3,d05e6a6c00739c99,2026-08-01,train
3,d06460d7dcc86d36,2026-08-01,train
3,d06a3b55d51978b2,2026-08-01,validation
3,d0839beb713314b9,2026-08-01,validation
3,d0c08f39aa1d3208,2026-08-01,train
3,d0dcd7c3621f1586,2026-08-01,train
3,d1109c96abee7fac,2026-08-01,train
3,d1730a85ab24bc60,2026-08-01,train
3,d186d0a38906944d,2026-08-01,validation
3,d18f9cc38378d4a4,2026-08-01,train
3,d1b1ce66b97597cb,2026-08-01,train
3,d1df9fcc70f265b6,2026-08-01,train
3,d1f85db2af276fd9,2026-08-01,test
3,d22901ccc57a7932,2026-08-01,train
3,d22cd22e863c193b,2026-08-01,validation
3,d2c84b3021b9b7e1,2026-08-01,train
3,d2d47b41db34b331,2026-08-01,train
3,d2dc47eb8b4f1d19,2026-08-01,test
3,d2f212240e8e2022,2026-08-01,test
3,d2f58acd12a3c252,2026-08-01,train
3,d2f66f95dd531cbc,2026-08-01,train
3,d314ff3760261bb7,2026-08-01,train
3,d31e3f1a08798e2c,2026-08-01,validation
3,d31fc1ae55b59b70,2026-08-01,train
3,d331a5c5e24846dd,2026-08-01,train
3,d3567b3f2d0f42b9,2026-08-01,train
3,d35fca40cbd12ab1,2026-08-01,train
3,d3663db6c48aed9b,2026-08-01,train
3,d3886146bd64a402,2026-08-01,validation
3,d396a8d07ece7916,2026-08-01,train
3,d3f112d60060851d,2026-08-01,validation
3,d3fc3a0f59d58eb3,2026-08-01,train
3,d41af3f2f71dcde4,2026-08-01,test
3,d43597a77f8d1a19,2026-08-01,train
3,d44b1eb158d4c168,2026-08-01,validation
3,d44f8c54b4a5b0e1,2026-08-01,train
3,d458534be259ab07,2026-08-01,train
3,d461e2841ff3a85f,2026-08-01,validation
3,d4a9ae08542688c7,2026-08-01,train
3,d4bbcea36223164b,2026-08-01,train
3,d4da00b1e7b60f52,2026-08-01,train
3,d4ffcb29c70c1c2a,2026-08-01,train
3,d5076de70fb57034,2026-08-01,validation
3,d51123f2f15f74db,2026-08-01,train
3,d51143c7d687c902,2026-08-01,train
3,d52fb3aab5d5ad6a,2026-08-01,train
3,d5655b8ac2d26aac,2026-08-01,train
3,d59d8a9ea95e65d0,2026-08-01,train
3,d5ab1030c2d642e4,2026-08-01,test
3,d5bd966f42253462,2026-08-01,test
3,d61d7d49b0911399,2026-08-01,test
3,d64f2cd72deb56f4,2026-08-01,train
3,d68a5660e0dc1c10,2026-08-01,train
3,d6b760e6a64d61fc,2026-08-01,train
3,d6c97733b0d8afde,2026-08-01,train
3,d6f45c8289937e9a,2026-08-01,test
3,d73ccdbe2a0d1c69,2026-08-01,train
3,d745b7fbb54ede2d,2026-08-01,train
3,d76e97cf2da40203,2026-08-01,train
3,d7725382363674aa,2026-08-01,train
3,d77b1a296ab74f3f,2026-08-01,train
3,d784a3950c1f1c20,2026-08-01,train
3,d7a67b07c66b74c3,2026-08-01,test
3,d7ad821e4f9671ba,2026-08-01,test
3,d7d87785535e17b6,2026-08-01,train
3,d7ee22bbad92b7b8,2026-08-01,train
3,d80957a60034c86c,2026-08-01,train
3,d80dca2673945fb8,2026-08-01,train
3,d80f12ee18df349a,2026-08-01,train
3,d8289618d25b5479,2026-08-01,train
3,d83cc1093e7ccb69,2026-08-01,train
3,d87186aa0fe44a34,2026-08-01,validation
3,d871b550abb06f15,2026-08-01,test
3,d89d54c24de9dff0,2026-08-01,validation
3,d8a4c88c6db3dcb6,2026-08-01,train
3,d8b642ab76e51e27,2026-08-01,train
3,d8bdd813395645ef,2026-08-01,train
3,d900a6573dac2fd3,2026-08-01,train
3,d90acc0ee2f9b047,2026-08-01,train
3,d94c0aa09639eb28,2026-08-01,train
3,d955ba84007edf88,2026-08-01,test
3,d95b49000de70581,2026-08-01,train
3,d97a114b73be118f,2026-08-01,train
3,d99cd594585c75bc,2026-08-01,train
3,d9b9a99c928faf8c,2026-08-01,train
3,d9c59a7632bafd25,2026-08-01,train
3,d9d393d15a0bb7ae,2026-08-01,train
3,d9e2bc1633ecbbb4,2026-08-01,train
3,d9ef86d8828b1bfd,2026-08-01,train
3,d9f334ed35470c91,2026-08-01,train
3,da00eec339ce96d3,2026-08-01,validation
3,da10704794bf1c46,2026-08-01,train
3,da1bc874f2ff7b3b,2026-08-01,train
3,da429c22a8f9ef21,2026-08-01,train
3,dab5b89013ae494b,2026-08-01,train
3,dada57d6494bd2c7,2026-08-01,train
3,dae222b9451444ab,2026-08-01,train
3,dae8ca4802f0d292,2026-08-01,train
3,daf156b10ae97588,2026-08-01,test
3,daf8b6b8fb1bbc61,2026-08-01,test
3,db2d657710c523fe,2026-08-01,test
3,db479b2699ec894a,2026-08-01,train
3,dba507c4fc7124f8,2026-08-01,train
3,dbcc2ef8291deca1,2026-08-01,test
3,dbdfec3e13e2dcc0,2026-08-01,train
3,dbf6fdf0ae5186ad,2026-08-01,test
3,dc0e09e639393409,2026-08-01,validation
3,dc127599821e3999,2026-08-01,train
3,dc1440f6028a463d,2026-08-01,validation
3,dc380c55d2091afb,2026-08-01,train
3,dc3d25e8d08b00c3,2026-08-01,train
3,dc6713761ddfa876,2026-08-01,train
3,dc68e38d33c3b7c8,2026-08-01,train
3,dc73458dab629567,2026-08-01,validation
3,dc8271fe3a83ff9e,2026-08-01,train
3,dc96558dc2abc4c7,2026-08-01,train
3,dcb4bd56d1976fa8,2026-08-01,train
3,dccfcd18c070bc1f,2026-08-01,test
3,dcdd35b762eebd94,2026-08-01,train
3,dcfad0a85ff8cd42,2026-08-01,train
3,dd606793ffa63ee7,2026-08-01,train
3,dd673266333a80e8,2026-08-01,train
3,dd76e88ecd0d758f,2026-08-01,train
3,dd78744d874a9086,2026-08-01,train
3,dd7fa94bd861fb35,2026-08-01,test
3,ddd3359bde937d40,2026-08-01,train
3,de110aeb005f1155,2026-08-01,train
3,de1cbfda71e97f58,2026-08-01,train
3,de2195a9e406e922,2026-08-01,validation
3,de2be78e7c9a7fad,2026-08-01,train
3,de323d7597616091,2026-08-01,train
3,deb4eb8d52b76d45,2026-08-01,train
3,dec0e709ef33a2a1,2026-08-01,test
3,ded2b8107f2f4164,2026-08-01,train
3,dee0c348249c23a2,2026-08-01,validation
3,def42e794d7f04e6,2026-08-01,train
3,defb67d4009862c0,2026-08-01,train
3,df0072924e0e5ec7,2026-08-01,test
3,df131441fb6df011,2026-08-01,train
3,df13ffc2f9a278df,2026-08-01,train
3,df1f0eb5b0bb26e8,2026-08-01,validation
3,df218b8d1adb2e13,2026-08-01,train
3,df2bf66d4e0c7c19,2026-08-01,train
3,df512b82ae6fa274,2026-08-01,train
3,df7b2155677f8b43,2026-08-01,train
3,df8a1f6223cf5956,2026-08-01,train
3,df94bbf6630be87e,2026-08-01,validation
3,dfca3f056b55afae,2026-08-01,test
3,dff6a4b4e3d19e24,2026-08-01,train
3,e00603847303bea9,2026-08-01,train
3,e0497bb75c414b92,2026-08-01,train
3,e073507739c36099,2026-08-01,train
3,e0a4f09370ee423e,2026-08-01,train
3,e0a855828414f326,2026-08-01,train
3,e0aba061dfb9eb97,2026-08-01,test
3,e0d338ecf95282ff,2026-08-01,train
3,e0d4ce00ef50b6fb,2026-08-01,test
3,e0e132fa6048fbde,2026-08-01,train
3,e0fc91b7138f96de,2026-08-01,train
3,e1035c4923fafcdf,2026-08-01,train
3,e1132d4fa2288a1e,2026-08-01,train
3,e11ad5c0aa951661,2026-08-01,validation
3,e11f7eef68629708,2026-08-01,train
3,e13cf1c171c074a0,2026-08-01,train
3,e16e25ac48f5cff5,2026-08-01,train
3,e1b00750f80918b0,2026-08-01,validation
3,e1e77f4b6a678d19,2026-08-01,test
3,e23cdb6525234f1b,2026-08-01,train
3,e23d888a83cdccab,2026-08-01,train
3,e25a3e3d2be0978a,2026-08-01,train
3,e261043c45eab006,2026-08-01,train
3,e26335296cd4b1df,2026-08-01,train
3,e2800128bece9196,2026-08-01,test
3,e28f8ac789e679c7,2026-08-01,test
3,e2b9c29c6e89dc9f,2026-08-01,test
3,e2bb683c861b66f2,2026-08-01,test
3,e2d929f8c4cdbd64,2026-08-01,train
3,e2e34f6f758a0424,2026-08-01,test
3,e3321164226ca0e9,2026-08-01,train
3,e338a31476c3d802,2026-08-01,test
3,e3499c25f879324a,2026-08-01,train
3,e35cc64cee64b3fd,2026-08-01,train
3,e365043d62d2dfd7,2026-08-01,validation
3,e38c21bc6d8c2753,2026-08-01,validation
3,e3a9e46ef99b4a32,2026-08-01,train
3,e3b746c0bc34c7ac,2026-08-01,validation
3,e3ecbba5160c99f5,2026-08-01,train
3,e40dbdd31317dfaf,2026-08-01,train
3,e4347d583e05c9b3,2026-08-01,test
3,e45eac0e69bf908e,2026-08-01,train
3,e462e65c212b8f84,2026-08-01,train
3,e4747c2bcabd32f7,2026-08-01,train
3,e4839bbb04f3cebd,2026-08-01,train
3,e4aae22e226df2d3,2026-08-01,train
3,e4b889aa5bf75a71,2026-08-01,train
3,e4e059354164c6a5,2026-08-01,train
3,e50fd86824dae79b,2026-08-01,test
3,e55c037c87e06c84,2026-08-01,train
3,e56bf70c61f09772,2026-08-01,train
3,e58c4bb8fa6a316a,2026-08-01,test
3,e592dc63cc81f695,2026-08-01,train
3,e593372da32c82fd,2026-08-01,train
3,e5d21fef5a1f970e,2026-08-01,train
3,e5e8a8623ed35b3c,2026-08-01,validation
3,e5fc560a248f156f,2026-08-01,train
3,e606ffaf154fb548,2026-08-01,train
3,e61b0b83e614a5c0,2026-08-01,train
3,e61db2934f709d23,2026-08-01,train
3,e62adc2de58a75ae,2026-08-01,train
3,e6483b7d8df0eebc,2026-08-01,train
3,e65e9641c753cc75,2026-08-01,train
3,e66c61cae76af2e4,2026-08-01,validation
3,e69b33dc3d1605aa,2026-08-01,train
3,e6a543a953c5519c,2026-08-01,train
3,e6c086787ee8af76,2026-08-01,train
3,e6c50a69bd21771d,2026-08-01,validation
3,e6c7b2f27a0a1777,2026-08-01,train
3,e6f6db809d6d175d,2026-08-01,test
3,e715b3a335dcb05d,2026-08-01,train
3,e71ef14acaf89607,2026-08-01,train
3,e71f493be2f6b17f,2026-08-01,validation
3,e72fc9fd16cc9723,2026-08-01,train
3,e75de9bc70ac3780,2026-08-01,train
3,e7746b5df1c989c1,2026-08-01,train
3,e7a372884126a098,2026-08-01,train
3,e7c84f806edcf380,2026-08-01,validation
3,e7dbf61956872aa1,2026-08-01,validation
3,e7fab300b3d9be7a,2026-08-01,validation
3,e80191d2e72bd60c,2026-08-01,train
3,e8089e5d03fec1b0,2026-08-01,test
3,e8111be46f0acadf,2026-08-01,train
3,e846048aca7000e7,2026-08-01,train
3,e84e8effb79829f1,2026-08-01,train
3,e8c7001061a757e6,2026-08-01,train
3,e8d630de466e296e,2026-08-01,train
3,e8e2cebad3c7bace,2026-08-01,train
3,e98f4f8dc0b0ca5f,2026-08-01,train
3,e9c4100932721d54,2026-08-01,train
3,ea267ff14906c369,2026-08-01,train
3,ea2c5a70aeb778e2,2026-08-01,train
3,ea793deba5623ccd,2026-08-01,test
3,ea7dbba03c36ff30,2026-08-01,train
3,ea99e0c6d1de2bd6,2026-08-01,validation
3,eaa962dfbf56fcb6,2026-08-01,train
3,eab3b6b512d37fca,2026-08-01,train
3,eafd0027eccadab1,2026-08-01,train
3,eb389368b2c5a351,2026-08-01,test
3,eb47a0b582f1715f,2026-08-01,validation
3,eb68ddd006369605,2026-08-01,train
3,eb7f015f486b9e29,2026-08-01,train
3,eb8c2a4b3846484f,2026-08-01,train
3,eb93e266b18da9bf,2026-08-01,train
3,eb9857f9f2407381,2026-08-01,train
3,eba5f2fc2336ab7f,2026-08-01,train
3,ebd49450af9db9a2,2026-08-01,train
3,ebdd07791f2d2e8e,2026-08-01,test
3,ebff1a3d16cf7a86,2026-08-01,validation
3,ec0ad3e0d0b36830,2026-08-01,test
3,ec2f287f6eb65955,2026-08-01,test
3,ec36e74c007b6c75,2026-08-01,train
3,ec519ea42d0d027b,2026-08-01,validation
3,ec5d8da8fb7eb269,2026-08-01,train
3,ec5f4543609c0a85,2026-08-01,train
3,ec6ef9a51ee00145,2026-08-01,train
3,ec78042f241a67e1,2026-08-01,validation
3,ec916ea8504b9efc,2026-08-01,train
3,ecbe8f14a80fd48c,2026-08-01,validation
3,ecdb3dff84aaec56,2026-08-01,train
3,ecfa51c9511e8ffe,2026-08-01,train
3,ecfc34d7d3084013,2026-08-01,train
3,ed10df13e8c3d6a4,2026-08-01,train
3,ed4aa2538a7dbf62,2026-08-01,train
3,ed558d8a01f233f0,2026-08-01,train
3,ed5b7cd4aeaae690,2026-08-01,validation
3,ed7ad77c96ca3142,2026-08-01,train
3,eda7ed52ae491f81,2026-08-01,train
3,edaef082727da6cb,2026-08-01,train
3,edc7db8fc2669381,2026-08-01,test
3,ee07196a4e304f1f,2026-08-01,validation
3,ee2fe0668b4d7621,2026-08-01,train
3,ee7a884974a9d88e,2026-08-01,train
3,ee89f85a7c9cd639,2026-08-01,train
3,eea0a35e47747e8b,2026-08-01,train
3,eeb42e625ddb66d4,2026-08-01,train
3,eedcc58c535ba88b,2026-08-01,train
3,eef354ddf1eb98df,2026-08-01,train
3,ef057e3acd34e1e8,2026-08-01,train
3,ef08e24e110afde5,2026-08-01,validation
3,ef8e5c586e9bc956,2026-08-01,train
3,efb2877b79d9ce43,2026-08-01,train
3,f0030ebd26f6244f,2026-08-01,validation
3,f014e13926c9cfcf,2026-08-01,train
3,f0269981cf5d27d6,2026-08-01,train
3,f04b85166805266a,2026-08-01,train
3,f059acd2d0b42179,2026-08-01,train
3,f07904f15bac6f52,2026-08-01,train
3,f0e2d776db3a6d41,2026-08-01,train
3,f149e01a0f125a0a,2026-08-01,validation
3,f14a80b2c1a257c0,2026-08-01,train
3,f157b08d6651c126,2026-08-01,validation
3,f1627953332ba38d,2026-08-01,train
3,f16879c34b9df4b2,2026-08-01,train
3,f17ba29af2df25c5,2026-08-01,train
3,f18eba8787886103,2026-08-01,train
3,f1a9484dba0b11ad,2026-08-01,train
3,f1acb9f343b0a3c0,2026-08-01,train
3,f1baa275eedff125,2026-08-01,train
3,f1c0d1cb541b9fb0,2026-08-01,validation
3,f1c63cc651047664,2026-08-01,train
3,f221a38ea7173a13,2026-08-01,validation
3,f22201fca8c422a4,2026-08-01,train
3,f2554b88dd93a7f9,2026-08-01,train
3,f260a10706ebbb88,2026-08-01,train
3,f29c15eb2a3675a0,2026-08-01,train
3,f2b6a03815ddf4f1,2026-08-01,train
3,f2beaad8cbbbcfc8,2026-08-01,train
3,f2c760cb55b348c8,2026-08-01,train
3,f31399646e26bd2a,2026-08-01,validation
3,f33a69bc978b1d41,2026-08-01,train
3,f34fc4563eea0997,2026-08-01,train
3,f39e8825a4df2f1a,2026-08-01,train
3,f3cde82a11242053,2026-08-01,train
3,f3e6817ff4ef2981,2026-08-01,train
3,f3ebcc131ad9ca79,2026-08-01,train
3,f3f6044c237558ad,2026-08-01,train
3,f4033214c06ae401,2026-08-01,train
3,f40f5844be3626a3,2026-08-01,train
3,f432c1ce96556a66,2026-08-01,train
3,f433c413d40f8ffc,2026-08-01,test
3,f439e4607e27dbb6,2026-08-01,train
3,f44d227300881edd,2026-08-01,train
3,f45746c65185bbef,2026-08-01,train
3,f458e1a66c29e26d,2026-08-01,train
3,f48c2e37f0b902d9,2026-08-01,validation
3,f48c2e547efc235e,2026-08-01,train
3,f4b6a7557aaf035a,2026-08-01,train
3,f4be5643e799cab4,2026-08-01,train
3,f4c772b27e52d652,2026-08-01,train
3,f4d5b8b3fb3e2676,2026-08-01,train
3,f4efa936f6c7f6b4,2026-08-01,train
3,f50a475522b1a695,2026-08-01,train
3,f50bd67a138f7094,2026-08-01,train
3,f5292ac8b1f26f74,2026-08-01,train
3,f5545918215d2309,2026-08-01,test
3,f55563fd3c19b752,2026-08-01,train
3,f55ce5e2a5651d9f,2026-08-01,train
3,f55cfa50b0f6a792,2026-08-01,train
3,f58b014562f6c99f,2026-08-01,train
3,f58f965a982df7b6,2026-08-01,train
3,f5a065510dcd0433,2026-08-01,train
3,f61143e1295a9aa9,2026-08-01,test
3,f61812771fe10eb5,2026-08-01,train
3,f62012fecc21a2f9,2026-08-01,train
3,f644215ebd5d828d,2026-08-01,train
3,f644d98f6bf99918,2026-08-01,train
3,f67ecebfacb45c3b,2026-08-01,train
3,f6af2fd7432707f8,2026-08-01,train
3,f6bdca9136c22a8e,2026-08-01,train
3,f6ddf90ada0eb0b7,2026-08-01,train
3,f6dffbb00874d5a6,2026-08-01,train
3,f6e9cbe434a580f9,2026-08-01,train
3,f6f7a24eb7774c65,2026-08-01,validation
3,f70967fa94af9404,2026-08-01,test
3,f73f0aad5afce152,2026-08-01,train
3,f74b69f6473edb13,2026-08-01,train
3,f76c30d598bd36e5,2026-08-01,train
3,f76eb047ee288656,2026-08-01,test
3,f77741bcb5b14788,2026-08-01,train
3,f77ee2fe126a897c,2026-08-01,train
3,f791d8b7b0710968,2026-08-01,train
3,f7cde9d0b350713c,2026-08-01,train
3,f7cecf2c00c1819d,2026-08-01,train
3,f7eea07d7aff2d0d,2026-08-01,train
3,f7ff7e2b99e4661d,2026-08-01,test
3,f81f8a34c8905aff,2026-08-01,test
3,f83cc16ad925f20b,2026-08-01,train
3,f877968a9fe0ec25,2026-08-01,validation
3,f880fba46709cd90,2026-08-01,train
3,f88c34e732815239,2026-08-01,test
3,f89c86987d743674,2026-08-01,train
3,f8af60474a4cd023,2026-08-01,train
3,f8b89e7cbb1cf588,2026-08-01,train
3,f8f61eaee8ebbdc8,2026-08-01,train
3,f91fd86082356094,2026-08-01,train
3,f922701411b5eef6,2026-08-01,train
3,f927ea67202c3026,2026-08-01,test
3,f930193b394ad7c6,2026-08-01,train
3,f973fe9cc07d10c2,2026-08-01,train
3,f99153a6a21d7383,2026-08-01,train
3,f99cb33f5b71541c,2026-08-01,train
3,f9b8106f4cd92395,2026-08-01,train
3,f9bb716aa202b9e7,2026-08-01,train
3,f9d469aba8b024f1,2026-08-01,train
3,f9d49565267a7292,2026-08-01,validation
3,fa3b9c2fb58ca024,2026-08-01,train
3,fa689e072c7c3c2d,2026-08-01,train
3,fa6b62fef25c3d09,2026-08-01,train
3,fa6d469111b8718b,2026-08-01,train
3,fa7c9bf4012e9f38,2026-08-01,train
3,fa92d04c5dd60ba3,2026-08-01,test
3,fa98ba18363dfe93,2026-08-01,test
3,faa0571618565b95,2026-08-01,train
3,fac4722117e2a013,2026-08-01,validation
3,fae5912b54a54ce4,2026-08-01,train
3,fb1581f2bf471e85,2026-08-01,train
3,fb1a3d1aa4d34b80,2026-08-01,train
3,fb1fbf868e9efed5,2026-08-01,train
3,fb5afe9bcb1c1bb3,2026-08-01,validation
3,fb68932a105e62fd,2026-08-01,train
3,fba2180942644c4a,2026-08-01,train
3,fbcbfe7a16a73048,2026-08-01,train
3,fbcc0cf9ffca368c,2026-08-01,train
3,fbcca9ebc83c62ed,2026-08-01,train
3,fbf34ab28f569910,2026-08-01,train
3,fc2058d4d98dcc8a,2026-08-01,train
3,fc3c8a50eefcde12,2026-08-01,train
3,fc49ba836bcdeb34,2026-08-01,train
3,fc56a22d3c12818f,2026-08-01,train
3,fc5c900e95c05707,2026-08-01,train
3,fca14a2f1d78c98a,2026-08-01,validation
3,fcb1eea2188e017f,2026-08-01,train
3,fcbf2f8f210cdc68,2026-08-01,test
3,fcbfd9ec8bacd49e,2026-08-01,test
3,fcd6fd5e159014ad,2026-08-01,test
3,fcdc500e666668c3,2026-08-01,train
3,fcf40720187dc4de,2026-08-01,train
3,fd3ff18c855927d5,2026-08-01,train
3,fd405edf5a3419d6,2026-08-01,test
3,fd713e849f3f1905,2026-08-01,train
3,fd74d7de71c9d49e,2026-08-01,train
3,fd7a7089db028722,2026-08-01,train
3,fdbd8efa8c6eb478,2026-08-01,train
3,fdc244aad2d501f4,2026-08-01,train
3,fdd03f77cbf5466f,2026-08-01,train
3,fddefba040d79b32,2026-08-01,train
3,fdea8be6b392717e,2026-08-01,train
3,fdeb4e6863b31d90,2026-08-01,train
3,fe01de103ed06503,2026-08-01,train
3,fe079b11772dd845,2026-08-01,train
3,fe2c0d77ca4235ca,2026-08-01,train
3,fe3c8553a0258252,2026-08-01,train
3,fe7c9afb81ed1701,2026-08-01,train
3,fe87abc960767736,2026-08-01,train
3,fe93964a9c37620f,2026-08-01,test
3,feb28f93948272ba,2026-08-01,test
3,ff09b03a5e8b51da,2026-08-01,validation
3,ff24bb4caf77c871,2026-08-01,validation
3,ff334ba8100df479,2026-08-01,train
3,ff3940ba72b8d3c4,2026-08-01,train
3,ff687a1a0772c6d9,2026-08-01,train
3,ff8d7d5f23cdfc83,2026-08-01,test
3,ff975ff15a86a1ea,2026-08-01,validation
3,ffabe38013f62f9b,2026-08-01,train
3,ffad1c93ed6268c6,2026-08-01,train
3,ffaf2d56cc963564,2026-08-01,train
3,ffceeafe907a9e41,2026-08-01,validation
3,ffd207ff73f6d04f,2026-08-01,train
3,ffe15a30480d6291,2026-08-01,test
3,ffee2c3cc321e454,2026-08-01,test
3,fffc21d1686bad3a,2026-08-01,train
4,003dff44bb035f94,2026-08-01,train
4,006de20736485882,2026-08-01,test
4,007c4152a626220f,2026-08-01,train
4,0087b38c11c345fe,2026-08-01,validation
4,00fb68bdcbdf9831,2026-08-01,train
4,00ff48e92ce36c02,2026-08-01,train
4,01011d6a33f29ce4,2026-08-01,train
4,01931b333584918c,2026-08-01,train
4,01ca9eaeaa13b8bd,2026-08-01,train
4,01dd01c2beb93afd,2026-08-01,train
4,01e2918b377d478d,2026-08-01,validation
4,01e2fa583cd5ee0f,2026-08-01,train
4,02323b998690e3cf,2026-08-01,train
4,023afdca29d6c275,2026-08-01,train
4,024fdf1931b79b2d,2026-08-01,validation
4,025d9a439885908f,2026-08-01,train
4,027a04b92bf01d15,2026-08-01,train
4,0291abc382cd2520,2026-08-01,train
4,02aa0450880a170c,2026-08-01,train
4,02d704b7c6db5c36,2026-08-01,train
4,02da04f9dddbf43e,2026-08-01,train
4,02e61cd5ee2ac311,2026-08-01,train
4,02e80a2290e428ea,2026-08-01,train
4,02f263fb134b213c,2026-08-01,validation
4,03350f283185b484,2026-08-01,train
4,03381668918ac00c,2026-08-01,validation
4,0375b6659d37fc1a,2026-08-01,train
4,03910eb439d1e832,2026-08-01,train
4,03a04256e6ca66fc,2026-08-01,train
4,03a2bf880fcec3dd,2026-08-01,train
4,03af17d417fe98d5,2026-08-01,train
4,03bd9424504d8f82,2026-08-01,train
4,03dd4c288847f104,2026-08-01,train
4,03f24a5739765bab,2026-08-01,train
4,0418aadcc732b12c,2026-08-01,train
4,041a43f9bcd1cc2f,2026-08-01,test
4,0424b0a2b07b7cad,2026-08-01,train
4,043d316a84266449,2026-08-01,train
4,04688da6d2813709,2026-08-01,train
4,049b6682bcef2888,2026-08-01,train
4,04d319becc8ad4c4,2026-08-01,train
4,04eadda387a64c19,2026-08-01,validation
4,0502685a736a80a3,2026-08-01,train
4,051ff465c1447c26,2026-08-01,train
4,054a5ed1536eb00f,2026-08-01,train
4,05b7596487829c35,2026-08-01,train
4,061d5038aa8112db,2026-08-01,train
4,0657a2cdc075a177,2026-08-01,train
4,0659b4e995f9de58,2026-08-01,validation
4,069480f72cf168e8,2026-08-01,train
4,071200be1b958442,2026-08-01,train
4,077f32e6519a8c9e,2026-08-01,test
4,07b644f877c2a74a,2026-08-01,train
4,07c3e06329bde539,2026-08-01,train
4,07c849ca2a1a930a,2026-08-01,train
4,081a4ff78fefabc0,2026-08-01,train
4,081d0db3fec5511b,2026-08-01,test
4,082a4ceb329f8d16,2026-08-01,train
4,084a4bf69c56aeee,2026-08-01,train
4,08597494bc841e31,2026-08-01,train
4,085ad10ca17eea09,2026-08-01,train
4,08671485a89cbdff,2026-08-01,train
4,08c78a834b857d72,2026-08-01,train
4,08e10a2f1119da71,2026-08-01,test
4,090139f1189de981,2026-08-01,train
4,0928b3712a61f75d,2026-08-01,test
4,0930757aaeeaebfa,2026-08-01,train
4,095db03f45b0ce55,2026-08-01,train
4,096a087971a43c60,2026-08-01,train
4,0978230101d5de85,2026-08-01,train
4,097ed0b71992702d,2026-08-01,train
4,0999320f94723842,2026-08-01,train
4,099a8184ef18ddc9,2026-08-01,train
4,09a2a63364b55c57,2026-08-01,train
4,09a6a863b9cacb81,2026-08-01,train
4,09c58b090a3ffbce,2026-08-01,train
4,09e1262e84fd3841,2026-08-01,validation
4,0a15b22d5ac55b15,2026-08-01,train
4,0a44ad88738b0311,2026-08-01,train
4,0a4cb0ddcdd0c8c2,2026-08-01,validation
4,0a52ff64f1443802,2026-08-01,train
4,0a601d36b732c414,2026-08-01,test
4,0ab7b254b5782ae2,2026-08-01,train
4,0ac6f5b2dc743d22,2026-08-01,test
4,0ac921e312a84339,2026-08-01,test
4,0ae52db92ac27d8c,2026-08-01,train
4,0b0b1c3778183488,2026-08-01,test
4,0b20624577ba4646,2026-08-01,train
4,0b49e0c4173b1283,2026-08-01,train
4,0b5d536357e847ed,2026-08-01,train
4,0b95055d0c571240,2026-08-01,train
4,0ba03c9bddde3466,2026-08-01,train
4,0ba8c78140842545,2026-08-01,validation
4,0bb4750ad23b07ad,2026-08-01,validation
4,0bb4c1518d9cff90,2026-08-01,train
4,0bb56b29c02e6abd,2026-08-01,train
4,0bbb18dce6b389ea,2026-08-01,train
4,0bebf56c66d1d55e,2026-08-01,train
4,0bf9ce729e3b2639,2026-08-01,train
4,0c602a538b824355,2026-08-01,train
4,0c79f93836c235ef,2026-08-01,train
4,0cab2d865e0581e2,2026-08-01,train
4,0cab66656fab37b8,2026-08-01,test
4,0cb42e72a5656054,2026-08-01,train
4,0cc663a921621614,2026-08-01,train
4,0cc996363c0a24ab,2026-08-01,train
4,0ce1d50c7fe89d94,2026-08-01,validation
4,0cec959166e1e602,2026-08-01,train
4,0d20f8a67b9a9171,2026-08-01,test
4,0d4b1a562cfa772f,2026-08-01,train
4,0d4c341b1c1392db,2026-08-01,train
4,0d50812e49656790,2026-08-01,validation
4,0d555570cf1bffe6,2026-08-01,test
4,0d634193e1a80ef5,2026-08-01,train
4,0d6e53b82e5292c5,2026-08-01,train
4,0d7132f117f7e80d,2026-08-01,train
4,0d773bf5a137ed3c,2026-08-01,train
4,0d8397975d8b06c0,2026-08-01,validation
4,0d8a788ed39dca5b,2026-08-01,train
4,0d97e3c1f366c75e,2026-08-01,train
4,0da5935f0b1eeac9,2026-08-01,train
4,0dd2a4fd6c5f8bdd,2026-08-01,train
4,0dfd7b295cff6e7e,2026-08-01,train
4,0e1dc2f350d502ed,2026-08-01,train
4,0e256f771502feb5,2026-08-01,train
4,0e53db0d3fbed6e7,2026-08-01,train
4,0e64bae2a42679ee,2026-08-01,train
4,0e64dd9e6d65ca29,2026-08-01,train
4,0e684c471a717446,2026-08-01,validation
4,0e6a8e1975505206,2026-08-01,test
4,0e87775f25a189d8,2026-08-01,train
4,0e9b710dc9fe4597,2026-08-01,train
4,0ea6196135d03d16,2026-08-01,train
4,0ed589c270774997,2026-08-01,train
4,0ee7c3103d027bc9,2026-08-01,train
4,0f34cd5358ede917,2026-08-01,validation
4,0f3c9faec3d5550b,2026-08-01,train
4,0f40b70536e1812a,2026-08-01,train
4,0f5404b303094558,2026-08-01,test
4,0f80ccd12f426a91,2026-08-01,train
4,0f845552e88f9a1f,2026-08-01,test
4,0fa054a7f9eee0f7,2026-08-01,train
4,1016ad8139a3fad9,2026-08-01,test
4,102a7a02ece5b2a5,2026-08-01,test
4,1033b7ed2e2b27ac,2026-08-01,train
4,10576ad846871f6e,2026-08-01,train
4,106355d7cc37068c,2026-08-01,train
4,10a0027a558e4143,2026-08-01,train
4,10a1fbf7e2142097,2026-08-01,train
4,110b6e3d84f64e65,2026-08-01,test
4,114d421b09d5eccb,2026-08-01,test
4,1166be0516dd10b0,2026-08-01,train
4,116985fce7918e0b,2026-08-01,test
4,1173f07cdcc69285,2026-08-01,validation
4,119b797ff0b26ae5,2026-08-01,train
4,11a05e8de1f545a3,2026-08-01,train
4,11b7334c529b0456,2026-08-01,train
4,11d1f12f120ea96e,2026-08-01,train
4,122384b5caa9bd5c,2026-08-01,train
4,126530ae2f1c7e84,2026-08-01,train
4,12d4d2441731262f,2026-08-01,train
4,12e6e96cc9ab8f23,2026-08-01,test
4,12f261dd905b8bd6,2026-08-01,train
4,131b3b53b7bd6c7b,2026-08-01,train
4,13245e15f185f1b1,2026-08-01,validation
4,135649f37cd26743,2026-08-01,train
4,1392854ed74fcd1c,2026-08-01,train
4,139d67cdfc6eea43,2026-08-01,test
4,13a0bebbdf0bb947,2026-08-01,train
4,13a788ae647cea48,2026-08-01,train
4,13e77e6358b1178c,2026-08-01,train
4,1456c68e29c8a7b3,2026-08-01,train
4,1471999f46d223cf,2026-08-01,validation
4,1472b9edadc526a8,2026-08-01,test
4,1482e137d927715a,2026-08-01,train
4,14c01c20f834728f,2026-08-01,train
4,14cf9a9abcda47b9,2026-08-01,test
4,14daaccf5170ee1f,2026-08-01,train
4,14ee9e03dad7ece8,2026-08-01,train
4,15196236628f9eca,2026-08-01,train
4,1548655f5458f807,2026-08-01,train
4,156fc33e7d352f83,2026-08-01,train
4,158c09a3ae186f37,2026-08-01,train
4,15bba3601bca4303,2026-08-01,train
4,15c70348f63af13c,2026-08-01,train
4,15cc15fb91e373f7,2026-08-01,validation
4,15e26c22e75d0327,2026-08-01,train
4,15ec20d873c47cd3,2026-08-01,train
4,15ee99f49db3e414,2026-08-01,test
4,15f671b7a635fbb8,2026-08-01,train
4,1610ed49b82b4a4b,2026-08-01,test
4,1641e18bf36fddd5,2026-08-01,test
4,164fbcbd8a3cd874,2026-08-01,validation
4,1665185b0cca1907,2026-08-01,train
4,16662ff58bdc2d9e,2026-08-01,train
4,16a80e2646f5c6c9,2026-08-01,train
4,16ae9748ba12296c,2026-08-01,train
4,16be694456103611,2026-08-01,validation
4,16e9600f8dc0b903,2026-08-01,validation
4,16eddc6398337938,2026-08-01,train
4,170b1887461b2ad8,2026-08-01,train
4,171156f0e4679c17,2026-08-01,validation
4,171b9a18e1d1f5f9,2026-08-01,train
4,175e194389f78800,2026-08-01,train
4,175eadc25f5b3389,2026-08-01,train
4,178acde4c169f42a,2026-08-01,train
4,17961588f079b498,2026-08-01,train
4,17a851703d6d0012,2026-08-01,validation
4,17b499b2d1852006,2026-08-01,train
4,17c9d1d44245214a,2026-08-01,train
4,17d14ecfc7b15143,2026-08-01,train
4,17d176c2c21ab561,2026-08-01,train
4,17d7e541db5e4b08,2026-08-01,validation
4,181caf7cc65080a8,2026-08-01,train
4,182b1b9ca4f197c4,2026-08-01,train
4,183089cee2cf85fb,2026-08-01,train
4,18471babfc828dfc,2026-08-01,validation
4,1862356eb33bc027,2026-08-01,train
4,1868afe660dd466b,2026-08-01,train
4,186e96cbbcae6d6f,2026-08-01,test
4,1879606555e38bd3,2026-08-01,train
4,1880dc74296d0cfa,2026-08-01,train
4,189bb0ee7c0837a2,2026-08-01,test
4,189c52f4b9d6060a,2026-08-01,test
4,18b0836257f9e415,2026-08-01,test
4,18ce04bc597e2847,2026-08-01,train
4,19148ed2b0c06472,2026-08-01,train
4,1919262e80c5f25b,2026-08-01,validation
4,194cf550b3fa862e,2026-08-01,train
4,195ae92aa2e66451,2026-08-01,train
4,1975a30103f50d14,2026-08-01,test
4,1976891f1e3c15b4,2026-08-01,train
4,197f0fec636b0f81,2026-08-01,train
4,199d9b5700cb81dc,2026-08-01,test
4,19a8fa7f8d5b8bc2,2026-08-01,validation
4,19f30b68044d465b,2026-08-01,train
4,19fa2b5e5693502a,2026-08-01,validation
4,1a076353b265e16d,2026-08-01,test
4,1a0c539714f90980,2026-08-01,train
4,1a104ce41b51d391,2026-08-01,train
4,1a40fba1297a7077,2026-08-01,train
4,1a86e49a3784af3e,2026-08-01,train
4,1a9c3708b56909a3,2026-08-01,test
4,1ae0db4a5532db3b,2026-08-01,train
4,1ae8a05a31d7dbb8,2026-08-01,train
4,1b5e51df1972e7a5,2026-08-01,train
4,1b5f7eba40f67612,2026-08-01,train
4,1b7d597d86c22fcc,2026-08-01,train
4,1ba968991ab9e484,2026-08-01,train
4,1bb5b1d75a533d6b,2026-08-01,train
4,1bbab17a4d154370,2026-08-01,train
4,1bcb594c89383b13,2026-08-01,train
4,1c112b1443df2ab1,2026-08-01,train
4,1c2b3ffea84a6a25,2026-08-01,train
4,1c656dbbe33a6149,2026-08-01,train
4,1c7c9b5480e09b97,2026-08-01,train
4,1c946293083a8951,2026-08-01,train
4,1c9d2c9c0c464502,2026-08-01,test
4,1ca039687b8ffaa5,2026-08-01,test
4,1cb88bf483912a65,2026-08-01,train
4,1cd16568a0702722,2026-08-01,train
4,1cd82036dcb7cce6,2026-08-01,train
4,1d93383dd123e120,2026-08-01,train
4,1d9f58f4c64318f2,2026-08-01,train
4,1db01e433d750e0b,2026-08-01,test
4,1dc12d3610aa5bc8,2026-08-01,test
4,1dc58be705428dce,2026-08-01,train
4,1dd9edc7fb8ceca0,2026-08-01,validation
4,1e0a0d02eed2ffb4,2026-08-01,train
4,1e27712db7b7466b,2026-08-01,test
4,1e645b908d04de53,2026-08-01,test
4,1e64dc128cb958a9,2026-08-01,train
4,1e77ffed3e6b9f15,2026-08-01,train
4,1e8e64614cda21df,2026-08-01,train
4,1ebe042f307af5b7,2026-08-01,train
4,1eda5b019b3191f9,2026-08-01,train
4,1eeff32d79a4a928,2026-08-01,test
4,1f2384023017844e,2026-08-01,validation
4,1f578da493b40ef8,2026-08-01,validation
4,1f6c5783cc90b5df,2026-08-01,train
4,1f8512dcc8a12abb,2026-08-01,train
4,1f94c5d02264c243,2026-08-01,train
4,1f9c741b849a078b,2026-08-01,validation
4,1fbee37d12a8b485,2026-08-01,train
4,1fc4cc720cebbdf8,2026-08-01,train
4,1fc538c7c4ede2b8,2026-08-01,train
4,1fe6e5caa87a9439,2026-08-01,train
4,1fed880efd3187ab,2026-08-01,train
4,1fef13d5b3936f28,2026-08-01,train
4,1fff7bf38e397e1b,2026-08-01,train
4,2001824e72a458fc,2026-08-01,train
4,200cf4c65accccb4,2026-08-01,train
4,201dddb16dfc9922,2026-08-01,train
4,201ebaa41c188af5,2026-08-01,train
4,20741e43cc7e0c54,2026-08-01,test
4,207c0e47a421dfe7,2026-08-01,train
4,208aa9f9b298ad0b,2026-08-01,validation
4,209c5c52c7d8a613,2026-08-01,train
4,20a217a64a927b3f,2026-08-01,train
4,20c6a708d1e34ff0,2026-08-01,train
4,20d6acd6f691d4fd,2026-08-01,train
4,210c2672c721b438,2026-08-01,validation
4,21114003b1a79644,2026-08-01,train
4,211b22349d581e5d,2026-08-01,train
4,2145327dd856767f,2026-08-01,train
4,217a80592eb6a2fb,2026-08-01,validation
4,217ceaa6d6f3ae05,2026-08-01,test
4,21c01d9e8d965664,2026-08-01,train
4,21fb8e9de9d9ddd8,2026-08-01,train
4,22243c7e1e2d4d0f,2026-08-01,train
4,223d76e50e5e7030,2026-08-01,train
4,2260856d7d550bdf,2026-08-01,train
4,2262c954f3ff0615,2026-08-01,validation
4,226fe1ad156fe00a,2026-08-01,train
4,229359e48e2410c4,2026-08-01,train
4,2293a7e760e60bf4,2026-08-01,train
4,22f677848ede9b34,2026-08-01,train
4,230522ad26c17225,2026-08-01,validation
4,232835e00f6032be,2026-08-01,train
4,233ea11270a56d7f,2026-08-01,test
4,2354df575a371860,2026-08-01,train
4,235a751bd5d66004,2026-08-01,train
4,236bb6c0f87382e8,2026-08-01,train
4,23848bd2b6e309ab,2026-08-01,train
4,239120d6f4942893,2026-08-01,train
4,23a4003afb1e54f7,2026-08-01,train
4,23a42f256cd6a909,2026-08-01,train
4,23eaa9b15cf4ba72,2026-08-01,train
4,23ed348f02aee93e,2026-08-01,test
4,23ed4bec9154f57b,2026-08-01,train
4,23f1ee5fa0d1be68,2026-08-01,train
4,2415740722ea22f1,2026-08-01,validation
4,2432105be515b8a9,2026-08-01,train
4,243b27ad63680bef,2026-08-01,validation
4,243cd8f338ae59b1,2026-08-01,validation
4,244674969f11663d,2026-08-01,train
4,246192761aae1215,2026-08-01,test
4,24bd41b9ac35e6eb,2026-08-01,train
4,24e47216e29dfddf,2026-08-01,validation
4,251c47e6991d071b,2026-08-01,train
4,256b061e379abd2a,2026-08-01,train
4,257b23be3a15d89c,2026-08-01,validation
4,2586bf23bd43441a,2026-08-01,validation
4,2593de552019143c,2026-08-01,train
4,25987c8de8c39984,2026-08-01,validation
4,259ea14d9ab3cebf,2026-08-01,test
4,25afe0cf056ce102,2026-08-01,train
4,25f38382fc5a4a06,2026-08-01,train
4,2692cf1e54a6ed8f,2026-08-01,train
4,26ca77dd2bc429e9,2026-08-01,train
4,272d8ba83d6d08e5,2026-08-01,train
4,2780d9e4dce89a38,2026-08-01,train
4,2785996ba6e611cd,2026-08-01,train
4,278ac446097eac5b,2026-08-01,test
4,27a7890ddb26417e,2026-08-01,test
4,27b4605cb70f5783,2026-08-01,train
4,27d49405700b7f14,2026-08-01,train
4,27e65903d898cff5,2026-08-01,train
4,28369db8d540121b,2026-08-01,validation
4,283fac19f7caf4ce,2026-08-01,validation
4,2840cfc5157e42d5,2026-08-01,validation
4,2848592a89d78f00,2026-08-01,test
4,284fa15924befcdf,2026-08-01,test
4,28a31eba3d1fe8f4,2026-08-01,test
4,28bfbf1cd6ad38af,2026-08-01,train
4,28e11ac5b5e879f7,2026-08-01,train
4,28e42064ffc5b6f9,2026-08-01,train
4,290081d022acc550,2026-08-01,train
4,294ea872733840ba,2026-08-01,validation
4,29722864de80a7a8,2026-08-01,train
4,297af7ef6a739bf9,2026-08-01,train
4,29b335b2f1d9edeb,2026-08-01,train
4,29d4eb41a9fb51af,2026-08-01,train
4,29dd24cf93149928,2026-08-01,train
4,29fefcfbfa904c44,2026-08-01,train
4,2a0757fa52353806,2026-08-01,train
4,2a6e995d1d710f1e,2026-08-01,train
4,2a88ba8c642f092e,2026-08-01,train
4,2aa89609bcad2c4d,2026-08-01,test
4,2ac9bca6ebdba849,2026-08-01,train
4,2acca47d7c7617ea,2026-08-01,train
4,2ae4843d90b34579,2026-08-01,train
4,2ae9ac3127603c73,2026-08-01,train
4,2b40e3a95d9e4235,2026-08-01,train
4,2b4f532883f382e9,2026-08-01,train
4,2b8b7f0d6dc93d31,2026-08-01,validation
4,2ba57d45b7741094,2026-08-01,test
4,2bcc60c0d2e743f1,2026-08-01,train
4,2bd6ab645d74270b,2026-08-01,train
4,2bdc19cac5186690,2026-08-01,test
4,2c1a6a25cacbc3b5,2026-08-01,test
4,2c3a2191840cfd85,2026-08-01,train
4,2c40224927e62dfd,2026-08-01,train
4,2c46854282faac91,2026-08-01,train
4,2c824747cc138197,2026-08-01,train
4,2cbd6ff572b11b65,2026-08-01,train
4,2cc58ef79e4c30b4,2026-08-01,validation
4,2cc97d88649af95e,2026-08-01,validation
4,2cff63919ef808b1,2026-08-01,train
4,2d2801de3502c44a,2026-08-01,train
4,2d2fa49f500286e7,2026-08-01,test
4,2d3a2905cc64c401,2026-08-01,test
4,2d41689a2f73fb69,2026-08-01,validation
4,2d4646d760d83598,2026-08-01,train
4,2d5ce71632421963,2026-08-01,test
4,2d6417930bd97c48,2026-08-01,train
4,2d8cb43f88514c9c,2026-08-01,train
4,2dab3886775615af,2026-08-01,test
4,2dbae3ab66c6c9ee,2026-08-01,train
4,2dbe1d7dd28e8ab0,2026-08-01,train
4,2dd89f349088588f,2026-08-01,train
4,2de9e6dde929bef7,2026-08-01,test
4,2e1a34dfb2308e1a,2026-08-01,validation
4,2e53857e628c4f99,2026-08-01,train
4,2e63998b0bf0bacd,2026-08-01,validation
4,2e89989cb32a370e,2026-08-01,validation
4,2eb0aade426ce92a,2026-08-01,train
4,2ed055f5aad1607b,2026-08-01,train
4,2ed824ebd56c546c,2026-08-01,train
4,2ee2a560bdfab227,2026-08-01,train
4,2ee7db9247487a0d,2026-08-01,validation
4,2ef5268f39de40e5,2026-08-01,train
4,2f4393aa46781c08,2026-08-01,validation
4,2f950c5981acb432,2026-08-01,train
4,2f9683d645f14723,2026-08-01,validation
4,2fb57adb4fecd870,2026-08-01,train
4,2fcdb5619dd8c2e3,2026-08-01,train
4,2fd2b15a0dbec90a,2026-08-01,train
4,30448efe011952e4,2026-08-01,train
4,3075ff35a1d922a1,2026-08-01,train
4,3078c192f242d8a5,2026-08-01,train
4,3080b6a19fb1b4be,2026-08-01,train
4,309212bec88c8ae2,2026-08-01,validation
4,30a1a1a3d58c7656,2026-08-01,train
4,30c342a4260531be,2026-08-01,train
4,30c4b6430c3cfa29,2026-08-01,train
4,30cc94d467535dc4,2026-08-01,train
4,30d360594379c9fa,2026-08-01,train
4,311029bde4456d6a,2026-08-01,validation
4,315cfbfca781d273,2026-08-01,train
4,316d804254b40540,2026-08-01,train
4,3176ca05ca60a9ac,2026-08-01,train
4,3181e0839f2c78c2,2026-08-01,train
4,3195f466ee35f1e2,2026-08-01,train
4,31b3d08135707313,2026-08-01,train
4,31bf95434a40a22b,2026-08-01,train
4,31f99f83ef7d163a,2026-08-01,train
4,32088b29e7a2988e,2026-08-01,train
4,3232d3f5203c2123,2026-08-01,test
4,3244caf14a24f96b,2026-08-01,test
4,326f4a8b4e941238,2026-08-01,train
4,327fc087ff994c13,2026-08-01,train
4,328826807d953cd3,2026-08-01,test
4,329c8de1bf4f6dae,2026-08-01,train
4,329f180b5a0e9620,2026-08-01,test
4,32a1c35fc71856d6,2026-08-01,validation
4,32cf371554065451,2026-08-01,train
4,32d6fdbe898eb8ad,2026-08-01,train
4,32e69f4804884b90,2026-08-01,train
4,33085e4ed06338ac,2026-08-01,validation
4,3317d4eddc49fc49,2026-08-01,test
4,331a16e4a28bb8d5,2026-08-01,validation
4,331d6581315445ce,2026-08-01,train
4,33297a3d66f423c1,2026-08-01,train
4,332bc2c4e9e3c479,2026-08-01,train
4,333cca11d8b161b2,2026-08-01,train
4,337efba1d28f5e7b,2026-08-01,train
4,338f00428c27dd4a,2026-08-01,test
4,33b399c6e08fa990,2026-08-01,train
4,33f5e939ca90d12e,2026-08-01,train
4,3404879940cc68fe,2026-08-01,validation
4,340a92d5cb051509,2026-08-01,train
4,345e5eeac21fedf5,2026-08-01,test
4,3463c5bbfcce4762,2026-08-01,train
4,346b9f0ca10bc627,2026-08-01,test
4,346daed0e656cb2c,2026-08-01,train
4,347a96efe25830aa,2026-08-01,validation
4,347aa28704eccdfe,2026-08-01,train
4,34b853d00120bf86,2026-08-01,test
4,34c3fec3e99b0377,2026-08-01,train
4,34e037e3c19a2df4,2026-08-01,test
4,34e36df045351494,2026-08-01,train
4,35223998731f7380,2026-08-01,test
4,353048b2a7024a02,2026-08-01,train
4,353ad444345ac403,2026-08-01,validation
4,3551b501573f7d89,2026-08-01,train
4,3555213bd2f8ddef,2026-08-01,train
4,355de9d9d74d4642,2026-08-01,train
4,35772ede60c9afec,2026-08-01,test
4,35778175f66c8faa,2026-08-01,test
4,3596f4eaefecb18f,2026-08-01,train
4,35ba3a4f968ec21d,2026-08-01,train
4,35c889aa7fe8578f,2026-08-01,train
4,35e280ef04deef3e,2026-08-01,train
4,361e7f49a128b1c9,2026-08-01,train
4,3653dd2358bbca5e,2026-08-01,train
4,3663429aed93624d,2026-08-01,train
4,368c1d00dbd3e137,2026-08-01,train
4,36a19c79b5ea45f8,2026-08-01,test
4,36a3cf77bd4b77a5,2026-08-01,train
4,3724947ad2a8d4cc,2026-08-01,validation
4,373843cd6d4bfffa,2026-08-01,train
4,373849e64ee2fea7,2026-08-01,train
4,379cfe648f827b90,2026-08-01,train
4,37ae584752cc8d0d,2026-08-01,validation
4,37e83304d73574ec,2026-08-01,train
4,37fb18fa984efc83,2026-08-01,test
4,385d6ed7891184ca,2026-08-01,train
4,388fec8ebdaefb1a,2026-08-01,validation
4,38974ba09893ee03,2026-08-01,train
4,38d1abc514acbb66,2026-08-01,test
4,38e879e7f12686d4,2026-08-01,train
4,392416ed445fe2ca,2026-08-01,validation
4,393031e0826f8f83,2026-08-01,train
4,394ee054ef5645cf,2026-08-01,train
4,3954728de86e7367,2026-08-01,train
4,398f565db6e53618,2026-08-01,train
4,39cffa1328610b12,2026-08-01,test
4,39d1cc4131b01576,2026-08-01,train
4,39f3b3277527438b,2026-08-01,train
4,3a24efff1f5c063e,2026-08-01,train
4,3a4b80c694d02e67,2026-08-01,train
4,3a52ae5eb572abc5,2026-08-01,train
4,3a84bd992596e8b4,2026-08-01,validation
4,3acb6ec5225dab6a,2026-08-01,validation
4,3b086a0254f42591,2026-08-01,validation
4,3b0a6c2aca96473d,2026-08-01,train
4,3b1f6e880e01bc49,2026-08-01,train
4,3b2f2dee80c4d6cd,2026-08-01,test
4,3b3303d566130021,2026-08-01,train
4,3b58fc76af0c9fe0,2026-08-01,train
4,3b59fb4fc8357367,2026-08-01,validation
4,3b6d9399a98c1bab,2026-08-01,train
4,3b77dfb434916a47,2026-08-01,validation
4,3b8075a388e90e79,2026-08-01,test
4,3b8efbf49ab5ea96,2026-08-01,validation
4,3b99b630eb7b4423,2026-08-01,validation
4,3bb973769e667c7e,2026-08-01,train
4,3bba9640d2aca900,2026-08-01,train
4,3bd715edab244867,2026-08-01,train
4,3c07ad16cb4f2cd0,2026-08-01,train
4,3c1663b2498adcca,2026-08-01,train
4,3c37431cbb42ca2d,2026-08-01,train
4,3c45fb247fd44f51,2026-08-01,train
4,3c47516bcef0e3ed,2026-08-01,train
4,3c8e7758516d55c5,2026-08-01,train
4,3cb21868eef4c1e6,2026-08-01,train
4,3cb983144f49282d,2026-08-01,validation
4,3cc43b650df782c6,2026-08-01,train
4,3cc4bccbb27a99ab,2026-08-01,train
4,3ccdc7aff7f79996,2026-08-01,train
4,3cce56f11e38a0a8,2026-08-01,validation
4,3cdecd5740bc7bb3,2026-08-01,validation
4,3ce1c39d71c72985,2026-08-01,train
4,3cec0c309b3437f6,2026-08-01,train
4,3cede8380e51e5a3,2026-08-01,train
4,3cf2ae7a5e5ad28f,2026-08-01,train
4,3cf6007f17ebc0cd,2026-08-01,train
4,3d25f4e81b8d1b11,2026-08-01,train
4,3d334c60ed48d7fe,2026-08-01,train
4,3d75b01859b4f4a4,2026-08-01,train
4,3d977acaf8cc0688,2026-08-01,validation
4,3de3a53f4191b4e4,2026-08-01,train
4,3e0ad4bd45e505a1,2026-08-01,train
4,3e1c312afba15c8c,2026-08-01,train
4,3e5f6a79c26527dd,2026-08-01,validation
4,3e6e9928e3478613,2026-08-01,train
4,3e6ee1c40f6b18b1,2026-08-01,validation
4,3e9fa9d0f5f0d001,2026-08-01,test
4,3ed25a489cdc2408,2026-08-01,validation
4,3f45e9fa77af0f16,2026-08-01,train
4,3f60c0d6c0bb298b,2026-08-01,train
4,3f74c189a092e14a,2026-08-01,test
4,3f814472e4d750b5,2026-08-01,train
4,3f9207a5658d7c1a,2026-08-01,train
4,3fb4ba1ddc68aad2,2026-08-01,test
4,3fbbd56efc5d0e94,2026-08-01,train
4,3fbbf57c2d9ae885,2026-08-01,train
4,3fd9c029949c7c3f,2026-08-01,train
4,3ff23cac429f5fe7,2026-08-01,validation
4,3ffea6f2fb1446eb,2026-08-01,train
4,404232c565e0d48b,2026-08-01,validation
4,4058f6192f8c37b8,2026-08-01,train
4,406cc4511552be47,2026-08-01,validation
4,4074c590f8494ed9,2026-08-01,test
4,408917720cac4f45,2026-08-01,train
4,40954dbd9b211045,2026-08-01,train
4,4098bf057746f618,2026-08-01,train
4,40a97e3a85d10e50,2026-08-01,test
4,40dda62134cd3e50,2026-08-01,train
4,40e8196273460c79,2026-08-01,test
4,40fb1ac57da3dc3d,2026-08-01,test
4,411b2861cb30f4b1,2026-08-01,train
4,41a853d298d386c1,2026-08-01,train
4,41c1c06a4980a87a,2026-08-01,train
4,41c3f7b0704e9050,2026-08-01,train
4,41e550cde11bc570,2026-08-01,train
4,423b6fbb3389bf89,2026-08-01,test
4,42466bf4f178c91c,2026-08-01,train
4,42969de5995ee03a,2026-08-01,train
4,42971d3c3f77358d,2026-08-01,train
4,42a3e323759a2ac6,2026-08-01,train
4,42b6b5e2e9212f48,2026-08-01,train
4,42f85ee5972de078,2026-08-01,train
4,42fc04d56fd15247,2026-08-01,train
4,430cbd0f651cba37,2026-08-01,train
4,431b1b088bcb458e,2026-08-01,train
4,431d329c0398a7ab,2026-08-01,test
4,4379b979bf41d2af,2026-08-01,train
4,43b292e5499a60bd,2026-08-01,validation
4,43cf99f4303358f2,2026-08-01,train
4,43ecff422a6dbfba,2026-08-01,train
4,441b8364200e7524,2026-08-01,train
4,441c43fb37ca3b04,2026-08-01,validation
4,44485f1c60dc18a7,2026-08-01,validation
4,446dbcfe64988a75,2026-08-01,train
4,447692d1a3d3fc04,2026-08-01,train
4,4480aaf216343083,2026-08-01,train
4,44833232552fb5cd,2026-08-01,train
4,44869efa954632d1,2026-08-01,train
4,44897e3094fdcbf7,2026-08-01,train
4,4495172f2cc3c904,2026-08-01,train
4,44c215ee22910c68,2026-08-01,train
4,44ee8d014cbddad4,2026-08-01,test
4,44ff8803a059a565,2026-08-01,test
4,45010dbfbc37df1c,2026-08-01,train
4,4514ca2cbfd4d27a,2026-08-01,train
4,453c49372b929d47,2026-08-01,train
4,4541e878fdd8927f,2026-08-01,train
4,4581d9ae350bb07f,2026-08-01,train
4,45cdf7053bf66b65,2026-08-01,train
4,45d257ec5ed578f6,2026-08-01,train
4,45da2ef772f18b21,2026-08-01,train
4,45ddc834293ef7e0,2026-08-01,train
4,45f7d5909b9e5f69,2026-08-01,validation
4,4604fccd88184e11,2026-08-01,validation
4,46266624a2a2c967,2026-08-01,train
4,462b9556e4a7e3e7,2026-08-01,train
4,465f460b9d1d8469,2026-08-01,validation
4,465f9ebd144ad7f6,2026-08-01,train
4,466a419fa36c2165,2026-08-01,train
4,469f913bbf4d5e3f,2026-08-01,train
4,46a36d388347f642,2026-08-01,train
4,46b235908ca97fba,2026-08-01,train
4,46eff22687885715,2026-08-01,train
4,470c51640a5a9371,2026-08-01,test
4,47119cd291f793a4,2026-08-01,train
4,47249238eeab5364,2026-08-01,validation
4,473385b22ca80954,2026-08-01,train
4,4741313e146f7757,2026-08-01,validation
4,475913bf2572e336,2026-08-01,test
4,477fd48f71ea9869,2026-08-01,validation
4,47b29494d1e057e1,2026-08-01,train
4,47cdc0d573864538,2026-08-01,train
4,47df00098ab25eaf,2026-08-01,test
4,47e3f41a3cb6298e,2026-08-01,train
4,47eb5c0a5457a099,2026-08-01,train
4,483aa066732b3acd,2026-08-01,train
4,48473e247240c19e,2026-08-01,test
4,48508451cb54a710,2026-08-01,validation
4,487056c225107a2f,2026-08-01,train
4,4878bfa143bd6a1c,2026-08-01,train
4,48d3c9b1f72a7ec1,2026-08-01,test
4,48f011a93c264a2d,2026-08-01,train
4,48f0519d4e8ca835,2026-08-01,test
4,490741697a376311,2026-08-01,test
4,491222e5ae5a810b,2026-08-01,train
4,491549d44f2ac009,2026-08-01,validation
4,492390e819a7f52c,2026-08-01,train
4,49421909e3bca389,2026-08-01,train
4,49478a8e7961ff63,2026-08-01,train
4,494c5352e5c936d6,2026-08-01,train
4,496658ddc3470ea7,2026-08-01,train
4,498322097ab921d2,2026-08-01,train
4,498e0098a7c33292,2026-08-01,train
4,49ddd18ee171a26b,2026-08-01,train
4,49f6aa15c7285da5,2026-08-01,validation
4,4a406fc0161968c8,2026-08-01,train
4,4a594b33d2363ff8,2026-08-01,train
4,4a5d3e2c270a89b9,2026-08-01,train
4,4a889a29dcb590e6,2026-08-01,train
4,4ac47525bd17cd6e,2026-08-01,validation
4,4ae4b371576bc3aa,2026-08-01,test
4,4b61ceab6f2ff93e,2026-08-01,train
4,4b65095d8d9f4976,2026-08-01,train
4,4b68d10f6ce35e4c,2026-08-01,train
4,4b7afabfcd9b2e2e,2026-08-01,test
4,4b81a6a8f7256f90,2026-08-01,train
4,4bb37cc638dfdc07,2026-08-01,train
4,4bc414605aa9dd0d,2026-08-01,train
4,4bf4446ab579880a,2026-08-01,train
4,4bf723d5debc8e7b,2026-08-01,validation
4,4c0faa7c5e0edbbd,2026-08-01,test
4,4c199013fb8b0138,2026-08-01,train
4,4c1a86c0daa244b7,2026-08-01,validation
4,4c433505ea73617f,2026-08-01,train
4,4c532f254d58d755,2026-08-01,test
4,4c6618c5b2addcf5,2026-08-01,train
4,4c6eaf624b580349,2026-08-01,train
4,4c748af20e45736c,2026-08-01,train
4,4c94fdffd05355a4,2026-08-01,validation
4,4c952d7708124b24,2026-08-01,train
4,4cc8818abdf00c4e,2026-08-01,test
4,4cd1d3fc404a36e9,2026-08-01,validation
4,4d69281d1307c779,2026-08-01,train
4,4d6a7803e44c5163,2026-08-01,test
4,4d8710dde6c54072,2026-08-01,train
4,4d987c0eb672af1b,2026-08-01,train
4,4dc263f359067b4b,2026-08-01,train
4,4df31172e7448ec3,2026-08-01,train
4,4e2942af520924b8,2026-08-01,validation
4,4e379d9772288120,2026-08-01,train
4,4e7fd8bc9e814963,2026-08-01,validation
4,4eba7b08932ff7ff,2026-08-01,train
4,4ec12e784dc7bdde,2026-08-01,test
4,4ece66cfa521761e,2026-08-01,train
4,4ed0a51fb521e68e,2026-08-01,train
4,4ed3f5150e367491,2026-08-01,train
4,4ef602b109b05abd,2026-08-01,train
4,4f226451d00f676c,2026-08-01,train
4,4f2900d5cd6eacba,2026-08-01,train
4,4f5f9533471ab829,2026-08-01,train
4,4f6f8dc16440a307,2026-08-01,train
4,4f90fa326add00c4,2026-08-01,train
4,4f946d2f8029e24d,2026-08-01,train
4,4fb9b3bd549d432e,2026-08-01,validation
4,4fc1968c2b315c75,2026-08-01,test
4,4fc569d5cf83b3d6,2026-08-01,train
4,4fd5264af66dc45a,2026-08-01,train
4,501dc497c76b6355,2026-08-01,train
4,5024b0c53b6656de,2026-08-01,train
4,5048b478ebb966c2,2026-08-01,train
4,504e2e8fc7305425,2026-08-01,test
4,50577f4e8566632c,2026-08-01,train
4,507bf2b6f7e3d349,2026-08-01,train
4,507d43ca3b3c694b,2026-08-01,train
4,50a65aebd0eaa8a7,2026-08-01,validation
4,51206444207839cc,2026-08-01,train
4,5121be72b086a0ec,2026-08-01,train
4,5126a91f5cc3239a,2026-08-01,train
4,512aad533af22a10,2026-08-01,test
4,5154b5c6b8bfbec2,2026-08-01,train
4,515a04286237f13d,2026-08-01,validation
4,516703c4aef481ab,2026-08-01,test
4,5195d7cb6250b20d,2026-08-01,train
4,51a13f8830050b04,2026-08-01,train
4,51cf9c509957ce82,2026-08-01,test
4,51f9dd718723c601,2026-08-01,train
4,51fb35c6ad8f8484,2026-08-01,train
4,522b40618cf5e6ba,2026-08-01,train
4,5234fcc64472fc3b,2026-08-01,train
4,52577d853ea056cb,2026-08-01,train
4,5264420e71bd1f1f,2026-08-01,train
4,527ada3a90d34b02,2026-08-01,train
4,528abb2a2a5256d2,2026-08-01,validation
4,528c30e4d95cecc7,2026-08-01,train
4,52935399a5e92512,2026-08-01,train
4,529b274fceceeb0b,2026-08-01,validation
4,52cea67a456d3ea8,2026-08-01,validation
4,52fa33e4459689ed,2026-08-01,train
4,531252749a0e87f6,2026-08-01,train
4,533024394fc80dde,2026-08-01,validation
4,534ca5cef88c8ae8,2026-08-01,train
4,5350abe23e5b6d5c,2026-08-01,train
4,537d0d1d156fb52b,2026-08-01,train
4,53c2beee3f917370,2026-08-01,test
4,53f0d80a1b1ded3a,2026-08-01,train
4,5410eb7881bf142e,2026-08-01,train
4,543a1b4cee67ca9d,2026-08-01,validation
4,54741046526ff18a,2026-08-01,test
4,547f155618260bfb,2026-08-01,test
4,547f47fa4438704b,2026-08-01,validation
4,5482ffad4190179b,2026-08-01,test
4,5487acc416381e19,2026-08-01,train
4,5491a7c83b304e93,2026-08-01,test
4,54a8e61fa992a976,2026-08-01,train
4,54b829b4ae4435da,2026-08-01,train
4,54d36691ed310bb0,2026-08-01,train
4,54e87bf52bc7bd74,2026-08-01,train
4,54f4e565b3aca0a3,2026-08-01,train
4,54f8e85ab127dd76,2026-08-01,train
4,553bb4ca0bdec86c,2026-08-01,validation
4,555eff73941df0c2,2026-08-01,test
4,5577f0e4b5bbd2f6,2026-08-01,train
4,558d75ae4b37b312,2026-08-01,train
4,55932ff6b6db6137,2026-08-01,train
4,55b61b08f26a0c16,2026-08-01,test
4,55c62301b7fb2096,2026-08-01,validation
4,55dc20d7bc1b6d41,2026-08-01,train
4,55e10aab4b3b665f,2026-08-01,train
4,562bfe4315641308,2026-08-01,train
4,5631e4997f7d9903,2026-08-01,train
4,567af06aa756be6b,2026-08-01,train
4,567f81ab84b471ab,2026-08-01,validation
4,5685f3d94293c992,2026-08-01,test
4,568747aa6b01a4d5,2026-08-01,test
4,56bcf4b377646e42,2026-08-01,test
4,56bdb90979230372,2026-08-01,train
4,56d4f2e61b5af6aa,2026-08-01,train
4,56d69bdb5f758cd2,2026-08-01,validation
4,56decc429e4eec8a,2026-08-01,train
4,56e6a1c91e7c45e5,2026-08-01,train
4,56f4fe4387e325ee,2026-08-01,train
4,56f5124bd11b1640,2026-08-01,train
4,5721dc99fe01b62b,2026-08-01,test
4,573a17dc18af2a1b,2026-08-01,train
4,57404353145d5560,2026-08-01,test
4,57516f0c3af017f6,2026-08-01,train
4,578994e7d22d6ff0,2026-08-01,test
4,578b8199b469800c,2026-08-01,train
4,5796610e0b2023cf,2026-08-01,train
4,57b4ad449f4243df,2026-08-01,train
4,57c06b078633c67b,2026-08-01,train
4,57efce2151d57cb6,2026-08-01,validation
4,582d38a0da97095d,2026-08-01,train
4,584cfc177c498556,2026-08-01,train
4,586392abf9ad9d1d,2026-08-01,train
4,5864ecb3207a3c51,2026-08-01,train
4,58df3dc88789b9f4,2026-08-01,train
4,59064fa6bd5cc085,2026-08-01,train
4,590ce253ed9fa45e,2026-08-01,train
4,591e7c25e7db4215,2026-08-01,train
4,591f36cae32a340b,2026-08-01,test
4,593f6b659b72c938,2026-08-01,train
4,595de99cdd79435d,2026-08-01,train
4,5979e5a582892307,2026-08-01,train
4,59a05af41ee0934a,2026-08-01,validation
4,59bc08d7baaa7758,2026-08-01,train
4,59be1b3e23625cf8,2026-08-01,train
4,59c381a9833407b3,2026-08-01,train
4,59fe602c96bf0b43,2026-08-01,train
4,5a01770e73816c01,2026-08-01,validation
4,5a1d57760563b2af,2026-08-01,train
4,5a280759f0a20838,2026-08-01,train
4,5a81b4f09ebeaea8,2026-08-01,train
4,5accb60de879fea0,2026-08-01,test
4,5b86a3b758c0c444,2026-08-01,train
4,5b961a3a69a32bdb,2026-08-01,train
4,5bb1dd5adb67512e,2026-08-01,train
4,5c203b1b9fbef1a0,2026-08-01,test
4,5c36670c5c6028ed,2026-08-01,test
4,5c3718a6934f654e,2026-08-01,train
4,5c4f1554a1579825,2026-08-01,test
4,5c5ceb2cc4822edb,2026-08-01,train
4,5d08cc68f8320ae0,2026-08-01,train
4,5d299be6f6188b12,2026-08-01,train
4,5d42f970043953f5,2026-08-01,train
4,5d654f140a21ce62,2026-08-01,validation
4,5d871ec898a96be9,2026-08-01,test
4,5d9d67ed46cae17f,2026-08-01,train
4,5da8913710574bdd,2026-08-01,train
4,5db402efb7bf1511,2026-08-01,train
4,5dba0d5e0119ca66,2026-08-01,train
4,5dbc1baee86749b2,2026-08-01,train
4,5dcc4c599a3f6c33,2026-08-01,train
4,5dd8ca5a6f633a8c,2026-08-01,test
4,5de7ea40011e365f,2026-08-01,validation
4,5dee5d0ddec52220,2026-08-01,train
4,5dfe54fdcc4cb095,2026-08-01,train
4,5e0776fb04dfb714,2026-08-01,train
4,5e1d36234ec34c1d,2026-08-01,test
4,5e1e3839828e5e18,2026-08-01,test
4,5e31e52850da5003,2026-08-01,test
4,5e396c17e47aa502,2026-08-01,train
4,5e5ef45624a9213d,2026-08-01,train
4,5e88a964e1dc3ac7,2026-08-01,train
4,5e929b6d874e9289,2026-08-01,validation
4,5ead7d53847b01fd,2026-08-01,train
4,5ec07ab892790426,2026-08-01,train
4,5ed16d77931d2ed4,2026-08-01,train
4,5edd2f3c7e869414,2026-08-01,train
4,5ef2e96bca7b71ce,2026-08-01,train
4,5f1ec9a55e63103c,2026-08-01,train
4,5f4edfbab2ea3edd,2026-08-01,test
4,5f586f7cd2b05dbe,2026-08-01,test
4,5f7fee907b63c350,2026-08-01,train
4,5f96a60f75c6b49c,2026-08-01,validation
4,5fc2c17467b3cc9a,2026-08-01,train
4,5fdb26903b39b0c5,2026-08-01,train
4,60020c42309a06b3,2026-08-01,train
4,600ffecff2a73c6d,2026-08-01,train
4,601a6c91403756c6,2026-08-01,test
4,601e48ebd881f65a,2026-08-01,train
4,6043f4b7a6b2e797,2026-08-01,train
4,607f65f0fab65043,2026-08-01,train
4,6089ba5c0b991273,2026-08-01,train
4,60957b2ca6a89b37,2026-08-01,test
4,60a243ad14680453,2026-08-01,train
4,60c784bd050c0363,2026-08-01,test
4,60e729967036215a,2026-08-01,train
4,60f4ed77ed78ef87,2026-08-01,train
4,6120d33315fa19c1,2026-08-01,validation
4,6121b1d3358511b7,2026-08-01,train
4,612a2493a68c2786,2026-08-01,train
4,612d511978aee556,2026-08-01,train
4,615e51bee2e51f43,2026-08-01,validation
4,61816b5e4ffe8b72,2026-08-01,train
4,619418dc4c21dac6,2026-08-01,validation
4,6197efab8faa9f42,2026-08-01,train
4,61a114a6d9907ec7,2026-08-01,train
4,61b67d3d4684d5c8,2026-08-01,train
4,61b8aabee452e492,2026-08-01,test
4,6245e388b1ca2404,2026-08-01,train
4,624d1995725b289e,2026-08-01,train
4,625d164d0bc770b6,2026-08-01,train
4,62c1e7c5034f7e06,2026-08-01,validation
4,62d15be2fd9d903f,2026-08-01,train
4,62e79b3e18804269,2026-08-01,train
4,630552c82c21b666,2026-08-01,train
4,63457c6f9255b10e,2026-08-01,train
4,6368f741c5c3e099,2026-08-01,validation
4,63713a18725ecb65,2026-08-01,test
4,6375e50285534cd3,2026-08-01,train
4,6376f9097a33588c,2026-08-01,test
4,639819d42a212454,2026-08-01,validation
4,63a8ca345e9d9aba,2026-08-01,train
4,63cd7e8bac36643c,2026-08-01,train
4,63e5cf7a745a13db,2026-08-01,train
4,63eff1df5a3883dc,2026-08-01,test
4,6444e59cfee6858e,2026-08-01,train
4,646be24488f724c9,2026-08-01,train
4,649969873b926a1e,2026-08-01,test
4,64e5883c13cdedae,2026-08-01,train
4,6535ee2dbd982e70,2026-08-01,train
4,6592941866fb9a8b,2026-08-01,validation
4,6597b5c2832a1f0b,2026-08-01,validation
4,659a023ff5225f87,2026-08-01,test
4,65bd89df93cce51c,2026-08-01,train
4,65c199ee8505c1ce,2026-08-01,train
4,65d199cd46fa6c04,2026-08-01,train
4,65ef5976da678ef1,2026-08-01,train
4,65fa7e14d7b26f10,2026-08-01,train
4,66400e25ea9143f0,2026-08-01,validation
4,6646dc9450e2d1cc,2026-08-01,train
4,66472e85c3591289,2026-08-01,train
4,6647635af385f41a,2026-08-01,train
4,666ba8679ea73b63,2026-08-01,train
4,666cf1c30547eff3,2026-08-01,train
4,66818e11ed8b7578,2026-08-01,train
4,66886ce5d1be0283,2026-08-01,train
4,669a72367eee7488,2026-08-01,validation
4,66b1542542b54ffa,2026-08-01,validation
4,66d77f54ea6ed69d,2026-08-01,train
4,66f932644bf59c9b,2026-08-01,train
4,6721cd7b19456c59,2026-08-01,train
4,673a3091e3ad7ea1,2026-08-01,train
4,67651410876787f7,2026-08-01,train
4,676f60b9391356f8,2026-08-01,validation
4,678a310c716ff9f4,2026-08-01,test
4,67a8eda8eff4dd93,2026-08-01,train
4,67b0a0b1376f1f28,2026-08-01,train
4,68067ca1927daeed,2026-08-01,train
4,682abe48e86b7899,2026-08-01,train
4,683a27b22146e14b,2026-08-01,train
4,683a6570276ff829,2026-08-01,train
4,6854a6ede4cbc6fe,2026-08-01,train
4,688cdfd5f3da2e49,2026-08-01,test
4,689739a7b6151763,2026-08-01,validation
4,68abad538f103ae7,2026-08-01,train
4,68c36729751b5edd,2026-08-01,validation
4,68d838a5a4edeb26,2026-08-01,train
4,68fa26fba053c547,2026-08-01,train
4,690f514f5ba2e9db,2026-08-01,train
4,6965b8f071ba9945,2026-08-01,test
4,6971b7636e248ebc,2026-08-01,train
4,69896bf6b276b7f0,2026-08-01,test
4,69adaed283575d75,2026-08-01,test
4,69ea9268fa08b787,2026-08-01,train
4,69ee61f05b5c7601,2026-08-01,train
4,6a084b01e2adedce,2026-08-01,test
4,6a7140a991124a8a,2026-08-01,test
4,6a82cd439f4a9e67,2026-08-01,train
4,6a84dd19b55fe235,2026-08-01,validation
4,6aa0065772f94d94,2026-08-01,train
4,6ab9b8aa6d365f89,2026-08-01,train
4,6ac08a1f2df62054,2026-08-01,train
4,6afc1edd85d1de99,2026-08-01,validation
4,6b4f9507b7a798fd,2026-08-01,validation
4,6b75bf556a7ae109,2026-08-01,validation
4,6b980c0b9687520b,2026-08-01,train
4,6bbae772982730fa,2026-08-01,train
4,6be2aaa3e7701251,2026-08-01,train
4,6bf15bce28e85dfa,2026-08-01,test
4,6c10d2764bd32bd5,2026-08-01,train
4,6c12557ae3be5ae7,2026-08-01,train
4,6c52055f49cc4aba,2026-08-01,train
4,6c66ae3f6d11f493,2026-08-01,validation
4,6c87a0416e3c9e0c,2026-08-01,validation
4,6ccbf90af6873ec1,2026-08-01,train
4,6d340b7f7be42750,2026-08-01,train
4,6d39965a52e526a7,2026-08-01,train
4,6d4bb4d8156e8546,2026-08-01,test
4,6d802e39c1567584,2026-08-01,train
4,6d8d448d8e1730b2,2026-08-01,train
4,6da5e977896183ff,2026-08-01,train
4,6e164e89a5f012eb,2026-08-01,train
4,6e30360546f38548,2026-08-01,train
4,6e61d4dd3c4b64e4,2026-08-01,train
4,6e8ddebcff868b26,2026-08-01,train
4,6e9464bcf41423f4,2026-08-01,validation
4,6eae429a533d3cf3,2026-08-01,validation
4,6eb872d5cefb5467,2026-08-01,test
4,6eea90c040bcaead,2026-08-01,test
4,6f87b7579107dee1,2026-08-01,train
4,6f900714c998fee8,2026-08-01,train
4,6f9ac9a54c2e3f2a,2026-08-01,test
4,6fd4715ca479103e,2026-08-01,validation
4,6fd9b527ea359aae,2026-08-01,train
4,6fdbd567da11f303,2026-08-01,validation
4,6fecd7de1e00cd1c,2026-08-01,validation
4,6ffd8c90763370e6,2026-08-01,train
4,7020e268d6ad6d55,2026-08-01,train
4,70337ad30de07905,2026-08-01,train
4,7045997b8366e639,2026-08-01,train
4,70471c76b3538e60,2026-08-01,train
4,70521944b6dde28d,2026-08-01,train
4,7082c3bdf06172d9,2026-08-01,train
4,7088980fed27f1fd,2026-08-01,train
4,709c295fdd1dafde,2026-08-01,train
4,70f63078ef4ce100,2026-08-01,train
4,70fb08f3c4a6d739,2026-08-01,test
4,712ef4969f0ec8a2,2026-08-01,train
4,71325f7d952397cb,2026-08-01,train
4,7138a63e5d0ec817,2026-08-01,train
4,714b46de3dbf53a3,2026-08-01,train
4,7167047194ca9e81,2026-08-01,train
4,7172a09032966e8b,2026-08-01,train
4,71786f1e2282e737,2026-08-01,test
4,717f9b258847ff7f,2026-08-01,train
4,71a6285be1f7128f,2026-08-01,train
4,71b013c0ce5e145a,2026-08-01,train
4,71d1654f082f3379,2026-08-01,validation
4,71fe671fbcc7deb4,2026-08-01,test
4,7203c13a0d11598d,2026-08-01,train
4,7209a01bb39fc1b9,2026-08-01,train
4,7211e16691edebf4,2026-08-01,train
4,723456efff1c11aa,2026-08-01,train
4,724aaa65cb0e7c7f,2026-08-01,train
4,72944a7971d33761,2026-08-01,validation
4,72b7fd7949442c41,2026-08-01,validation
4,72b9b16e5e4f1536,2026-08-01,train
4,72db7305e6f63dc5,2026-08-01,train
4,72de310a32d69226,2026-08-01,train
4,72e6c4a827333d8a,2026-08-01,train
4,72e945036dbf7efc,2026-08-01,train
4,72f2cf6160adba6b,2026-08-01,validation
4,72fed6145b8e88b0,2026-08-01,train
4,730fe4624ab0d6d3,2026-08-01,train
4,732330147ea5b205,2026-08-01,train
4,732c59a3bf5fa3ab,2026-08-01,train
4,734a8697072b3516,2026-08-01,train
4,73672a75f34b887d,2026-08-01,train
4,739037d626687cf2,2026-08-01,train
4,73dce9ec21c62f08,2026-08-01,test
4,743bddba281f4b4d,2026-08-01,train
4,744ef37ff3103836,2026-08-01,train
4,748293bf156a3325,2026-08-01,train
4,7495265fb6697fad,2026-08-01,test
4,74e1b8682916cc6c,2026-08-01,train
4,75394cc102d9033c,2026-08-01,train
4,753a5dcb26610c6d,2026-08-01,train
4,754982c4f6b42dcb,2026-08-01,validation
4,7553e4106a7f18ab,2026-08-01,validation
4,755430b7f6b5f82d,2026-08-01,validation
4,755c685f1d2e3aa5,2026-08-01,train
4,7560ead0fbf92fea,2026-08-01,train
4,7581f0b67310daea,2026-08-01,train
4,75b0d36adc90200f,2026-08-01,test
4,75f0c1ee2ebee85a,2026-08-01,train
4,75f71bfab657a686,2026-08-01,train
4,7607e2595ff454ff,2026-08-01,train
4,76188eba1d446aa2,2026-08-01,train
4,763b51f0ada8e9f7,2026-08-01,test
4,766e25848489b186,2026-08-01,train
4,768104980c4f277a,2026-08-01,validation
4,76be1dbcd3789291,2026-08-01,train
4,76caad6e6cd1ce31,2026-08-01,train
4,76ceea8473ad9f8c,2026-08-01,train
4,76e1922eead07fb3,2026-08-01,test
4,770ece33339677bf,2026-08-01,validation
4,77231f43e269572f,2026-08-01,train
4,772fd7176d3b1b7f,2026-08-01,test
4,777d8a4a2e31dd77,2026-08-01,train
4,77856ec74ccb347a,2026-08-01,validation
4,77a5b8b230d553ac,2026-08-01,validation
4,77d3329c73379d74,2026-08-01,test
4,77e7a15809be6958,2026-08-01,train
4,780461b5c69ae6ca,2026-08-01,test
4,782399c1491edbe1,2026-08-01,train
4,78363f1b04a6f872,2026-08-01,validation
4,787eb5624ff5fa8e,2026-08-01,train
4,7899bd29ab5a23a4,2026-08-01,train
4,78ad54ae48692810,2026-08-01,train
4,78ba6d58349ef2f3,2026-08-01,train
4,78be0e66fc8267be,2026-08-01,train
4,78c481ba73b2c2d1,2026-08-01,train
4,78c6d5da2aaaf87a,2026-08-01,train
4,78f0bab81fd0c92d,2026-08-01,train
4,78f344b29762b4f9,2026-08-01,train
4,79206083aeab7b3e,2026-08-01,train
4,7947d52ade2c4691,2026-08-01,train
4,794beca0dae75a86,2026-08-01,test
4,79782fdcae363761,2026-08-01,train
4,7978c290d4b67a20,2026-08-01,validation
4,79c4da58d5f2f3d9,2026-08-01,train
4,79ce811db46923dd,2026-08-01,test
4,79df7486a6a15fe1,2026-08-01,test
4,79e4bdbd891c4a83,2026-08-01,test
4,79f1a685d454a881,2026-08-01,train
4,7a0a36f48d20e575,2026-08-01,train
4,7a4cc0d51190a47f,2026-08-01,train
4,7a4e066ec27df623,2026-08-01,train
4,7a58512a4ab41bde,2026-08-01,test
4,7a80a3d2a7559bbd,2026-08-01,train
4,7a828bed8ca4e808,2026-08-01,train
4,7a85bba4a3a3542b,2026-08-01,train
4,7a8f3d5e8fa56e48,2026-08-01,train
4,7aa26981db6694f7,2026-08-01,test
4,7aabc7e54de6b75d,2026-08-01,test
4,7ab62db82f4e5c73,2026-08-01,train
4,7ac4610aacf00776,2026-08-01,train
4,7ad7c997fb8bb525,2026-08-01,test
4,7adcbd5e0c1c7c26,2026-08-01,train
4,7b04647afa6ac5ab,2026-08-01,train
4,7b3a06ca2bc9593e,2026-08-01,train
4,7b76059f37404fca,2026-08-01,train
4,7b853ac7025438b2,2026-08-01,train
4,7b8f9502e8bed25d,2026-08-01,test
4,7be1361136e936f3,2026-08-01,train
4,7c4e4ca3775ec8bb,2026-08-01,train
4,7ca10bc58707f5b3,2026-08-01,train
4,7ca3bb37a12c9a35,2026-08-01,train
4,7cd109d44a2af9ea,2026-08-01,test
4,7cde934c6f7b1625,2026-08-01,train
4,7cf154529d96337a,2026-08-01,train
4,7d023a47b0890f8a,2026-08-01,train
4,7d3a78baea44db30,2026-08-01,validation
4,7d6402054f3ad7f4,2026-08-01,validation
4,7d69ec49e74f1003,2026-08-01,train
4,7d7b5fa5875d1c75,2026-08-01,validation
4,7d8c20c75702263d,2026-08-01,train
4,7de3fb3285c53de0,2026-08-01,test
4,7e040a9f5db5de1c,2026-08-01,train
4,7e2a7ef35beaa4d7,2026-08-01,train
4,7e462a83b9bdeeb7,2026-08-01,test
4,7e468c88c61262fa,2026-08-01,train
4,7e6631b140569b78,2026-08-01,train
4,7e74e0a32983950b,2026-08-01,validation
4,7e77e3af565109ab,2026-08-01,train
4,7ea41061c42f1431,2026-08-01,test
4,7ec17bee55514fc1,2026-08-01,validation
4,7ed9c3919f889a17,2026-08-01,validation
4,7ef29d7f2f698196,2026-08-01,train
4,7ef6e0314220ad91,2026-08-01,train
4,7f1b53e157de2c14,2026-08-01,train
4,7f2e27ae50c8a030,2026-08-01,train
4,7f38a096eb6902b1,2026-08-01,test
4,7f572b9773f4ce9a,2026-08-01,train
4,7fa1bd0f38542361,2026-08-01,validation
4,7fdad5f8a66ff63d,2026-08-01,validation
4,7fe1ba027ea49348,2026-08-01,train
4,802c32d889b1616d,2026-08-01,test
4,80312e486a43b66c,2026-08-01,train
4,8054c905f32a9c97,2026-08-01,train
4,80777b47f80e01b1,2026-08-01,train
4,80839a3c6322a0a8,2026-08-01,train
4,80861f9800011ffa,2026-08-01,test
4,808f32408f058e30,2026-08-01,train
4,80a1ba479291dfc0,2026-08-01,train
4,80c299676803053d,2026-08-01,validation
4,813f4a290d4f7ca0,2026-08-01,validation
4,816a00d6681321f2,2026-08-01,train
4,8173578264621f7b,2026-08-01,train
4,819cfd6f01e7882a,2026-08-01,train
4,81a1e067fdcc9bb9,2026-08-01,train
4,81bbde94bcac4a78,2026-08-01,test
4,81e3712fcfb97eaf,2026-08-01,validation
4,81ffa64b5d79aba1,2026-08-01,test
4,820fc1758894cbfb,2026-08-01,train
4,821509b68e904378,2026-08-01,train
4,824c11687ffd8d30,2026-08-01,train
4,827749481bd890fd,2026-08-01,train
4,827b9bdfeef77c89,2026-08-01,train
4,828454d92bc39ab2,2026-08-01,train
4,828e43368617f6fe,2026-08-01,train
4,828ecfb088cb7295,2026-08-01,train
4,8295c1816c519844,2026-08-01,train
4,82ff5a2e9ec6645b,2026-08-01,train
4,8305d8ca18c792c9,2026-08-01,test
4,832271153b77592d,2026-08-01,train
4,83263cbdef845940,2026-08-01,test
4,8340128a5315dcd1,2026-08-01,train
4,83456fcdb18e339c,2026-08-01,test
4,83741cfa5d9d93bb,2026-08-01,test
4,83b5f88f5dbc975d,2026-08-01,train
4,83b69101906824ee,2026-08-01,train
4,83c0e48fa608089f,2026-08-01,train
4,83c3afdf23cd357f,2026-08-01,train
4,842d51c7beda7679,2026-08-01,train
4,843f33583f8f2cee,2026-08-01,train
4,846c8ce72764b2d8,2026-08-01,train
4,84924cb9d0bc8aee,2026-08-01,train
4,84b0e2aea6c2d53b,2026-08-01,test
4,84c3ecccad9e8035,2026-08-01,train
4,84ddc2cd680bef2b,2026-08-01,train
4,84e4f2c509ecdc40,2026-08-01,test
4,85272d4df3866f00,2026-08-01,train
4,85760dca5d969fed,2026-08-01,train
4,85bfe0aaf3f1a921,2026-08-01,train
4,85d841747ec0fd15,2026-08-01,train
4,85f818dba059c738,2026-08-01,train
4,8615400f2e358cfd,2026-08-01,test
4,8615e3316239cb39,2026-08-01,train
4,861676af7695b2f7,2026-08-01,train
4,8632e8f6a5d4376e,2026-08-01,train
4,863f4a3bbacc1692,2026-08-01,train
4,864094d810939a4d,2026-08-01,train
4,864457b8de3095c6,2026-08-01,train
4,8649cbf161bd7f4f,2026-08-01,train
4,864ea3f06dc1cfb9,2026-08-01,test
4,8657b0de6ede5cc3,2026-08-01,train
4,8696a1b32ca40fdb,2026-08-01,train
4,86b9eab5beed4fb0,2026-08-01,train
4,86ba5d34a8be964d,2026-08-01,train
4,86ddd1b3e62e7576,2026-08-01,train
4,86df1b21b1b74be7,2026-08-01,train
4,86df88f330e859fb,2026-08-01,train
4,87029ef064e5770d,2026-08-01,train
4,871cf2dfe2558ff7,2026-08-01,train
4,871ec8fbb8a7fdca,2026-08-01,train
4,8791efcebf03f4aa,2026-08-01,train
4,879651e0639bbf26,2026-08-01,validation
4,87a34ce39a5f1fcd,2026-08-01,train
4,87b53ae4fccc9e3e,2026-08-01,train
4,87eb062ca08b5fd9,2026-08-01,train
4,87ec4a30c246b93e,2026-08-01,test
4,87ecd5bb1c321ec6,2026-08-01,validation
4,87f4e34072d83e2b,2026-08-01,train
4,88017e795fd16be1,2026-08-01,train
4,8818f60a0a9ea4b7,2026-08-01,train
4,881dbf2198bf9761,2026-08-01,train
4,882dc89627fb9e5d,2026-08-01,train
4,8841f94017e31ab8,2026-08-01,train
4,8878139d82c81f5b,2026-08-01,train
4,88785f6444f6dbd6,2026-08-01,train
4,88bccb7cc6944388,2026-08-01,validation
4,88ce8ff5ef57afac,2026-08-01,validation
4,88e632017bdcb416,2026-08-01,train
4,88f4adc90dc11ead,2026-08-01,test
4,88f8a851d780a7e5,2026-08-01,train
4,891efd905dab8c41,2026-08-01,train
4,8933fd8759e0b63c,2026-08-01,validation
4,898abb896b07e398,2026-08-01,test
4,89978d6e7f5d04a4,2026-08-01,train
4,899eda3170821b6d,2026-08-01,validation
4,89a767264a23a02c,2026-08-01,validation
4,89be89634bb2acb9,2026-08-01,train
4,89dc7eb34695a882,2026-08-01,train
4,89eb6355e04ddcff,2026-08-01,validation
4,8a17c46efd0c9073,2026-08-01,test
4,8a450b3451834d47,2026-08-01,test
4,8a619ca7b25795df,2026-08-01,train
4,8a7e1768820969eb,2026-08-01,train
4,8aa295b010434c48,2026-08-01,train
4,8aa755cc5ddbafc3,2026-08-01,train
4,8aaa75010891d756,2026-08-01,test
4,8ad25a3501d408be,2026-08-01,train
4,8ad8c8f3114235d2,2026-08-01,train
4,8ae46465baae863a,2026-08-01,train
4,8b1543c7d28a0d97,2026-08-01,validation
4,8b223d5acfa10b00,2026-08-01,train
4,8b6274d7fbc9d694,2026-08-01,train
4,8b6cdac0ed7571bd,2026-08-01,train
4,8bd7d0ff2606671f,2026-08-01,train
4,8be03eebed9bff2a,2026-08-01,train
4,8c1a94fc6aa44fbc,2026-08-01,validation
4,8c1d040629335e8e,2026-08-01,train
4,8c32922cac5db305,2026-08-01,validation
4,8c5d1d4e7f3aeaa2,2026-08-01,train
4,8c67694c6687c7cc,2026-08-01,train
4,8c72ec5ca6f58244,2026-08-01,train
4,8c7d9881e0f79ba6,2026-08-01,train
4,8cb303b2001c7c67,2026-08-01,test
4,8cf81cc9cc1751ae,2026-08-01,test
4,8d219220107ace1a,2026-08-01,train
4,8d2c706d0d1faaf0,2026-08-01,train
4,8d34c1cec4edd1d6,2026-08-01,train
4,8d8e69cca84826e3,2026-08-01,train
4,8dbdf683d88dd8ac,2026-08-01,train
4,8de9e0b8cc7a9e46,2026-08-01,train
4,8df8e10d95dadbf0,2026-08-01,validation
4,8e02f46d8d2d58b3,2026-08-01,validation
4,8e03ec4421a38f18,2026-08-01,test
4,8e1062159c56a086,2026-08-01,train
4,8e120722b18f9a4f,2026-08-01,test
4,8e238fc84b0333a1,2026-08-01,train
4,8e2f806f0f9e9d0f,2026-08-01,train
4,8e31409dea5dcecd,2026-08-01,train
4,8e318b01c8f88d2f,2026-08-01,test
4,8e3616c25584dc38,2026-08-01,train
4,8e42e72013dad63e,2026-08-01,validation
4,8e479eb3758fbb25,2026-08-01,train
4,8e53b1601f9f0444,2026-08-01,test
4,8e5d271d14e5adfb,2026-08-01,validation
4,8e7aeeef4b820b39,2026-08-01,train
4,8e8c9061f99e1d24,2026-08-01,test
4,8ea7ad3aba6599d2,2026-08-01,train
4,8ed046af8da5c71f,2026-08-01,train
4,8ed8b73c6afc74ff,2026-08-01,train
4,8ee2c442abc469db,2026-08-01,train
4,8f1ac22bc713e4e1,2026-08-01,train
4,8f3c360bc6da8b20,2026-08-01,test
4,8f43c286c0ca30cb,2026-08-01,validation
4,8f4f541699372bfb,2026-08-01,train
4,8f869c49f69062c4,2026-08-01,test
4,8f8967123d5d73c1,2026-08-01,train
4,8fe9dfb23d49daac,2026-08-01,train
4,8fec834372344ce3,2026-08-01,train
4,8ff498fbd40f0f06,2026-08-01,train
4,90399c1ea88db953,2026-08-01,validation
4,9043b5ddedd1d003,2026-08-01,validation
4,904e8d50d3d6acf4,2026-08-01,train
4,90568869730b043e,2026-08-01,train
4,9062ef2774bcf5bb,2026-08-01,train
4,906a1baf33557482,2026-08-01,test
4,907cd68bbb73ce35,2026-08-01,test
4,90b2fc3a2f01e6e6,2026-08-01,train
4,90b55e4026a9c198,2026-08-01,train
4,90c42aa3afbeba56,2026-08-01,train
4,91015bca63a82bcd,2026-08-01,train
4,9112fca23eb5bc68,2026-08-01,validation
4,911ba8ceedf86dc9,2026-08-01,train
4,916b8c710bdd891c,2026-08-01,train
4,918cb30b4cbccc84,2026-08-01,validation
4,919e7c8ad9d5ac72,2026-08-01,train
4,91cbf400d6e519c2,2026-08-01,train
4,920cfd9bee089be8,2026-08-01,train
4,9253cd68c309dab8,2026-08-01,train
4,9272946d6feaed66,2026-08-01,train
4,92abbcfa0e8bb475,2026-08-01,train
4,92c84d0294e1ecc6,2026-08-01,validation
4,92f218727f9de666,2026-08-01,train
4,931fa44cbf6c1ece,2026-08-01,validation
4,9383ec009bc10aeb,2026-08-01,validation
4,938d51db54858d27,2026-08-01,train
4,939492d08283da2e,2026-08-01,train
4,939e5d4b45940f8c,2026-08-01,train
4,93c249c09a7896cf,2026-08-01,train
4,93d7293e0590c4f4,2026-08-01,train
4,93f9a4ae92017ea2,2026-08-01,validation
4,941f566807f18216,2026-08-01,train
4,943bb4e6ed3b936a,2026-08-01,test
4,943d9d92a7e4e9f3,2026-08-01,validation
4,94486c079b0771cf,2026-08-01,train
4,944dccbe6592c629,2026-08-01,train
4,94a807b2c39ab89b,2026-08-01,train
4,94b099a9836dd4d6,2026-08-01,validation
4,94e6a4e1b5de93fc,2026-08-01,test
4,94ed3381566d370d,2026-08-01,train
4,951233f35052d9c3,2026-08-01,train
4,953c10dcb7a67a8c,2026-08-01,train
4,9541fe9f684b107e,2026-08-01,validation
4,956d087cca00f5c3,2026-08-01,train
4,956e59be6fa7f49c,2026-08-01,train
4,95932b3db2a689d2,2026-08-01,train
4,95b7efe3ca87a33a,2026-08-01,train
4,95e3d2f677d02626,2026-08-01,train
4,9613fe1d9ac3261a,2026-08-01,train
4,96217337ab036229,2026-08-01,test
4,9629994f00ee3d2e,2026-08-01,train
4,962fe682ddf911f8,2026-08-01,train
4,968e58bb88ff566f,2026-08-01,train
4,96a7905a55602732,2026-08-01,train
4,96b2ee4d8fabb57c,2026-08-01,train
4,96dd5412849f3696,2026-08-01,train
4,9701ece793316dac,2026-08-01,train
4,9714090ba47c5436,2026-08-01,train
4,9749298422c796d6,2026-08-01,train
4,9762037fa4e72aef,2026-08-01,train
4,976859b1cb2d3f64,2026-08-01,train
4,97804ad045edc8ff,2026-08-01,train
4,978fa93a83cea01d,2026-08-01,train
4,9799ee5b58ed6bf5,2026-08-01,train
4,97b288d045215feb,2026-08-01,validation
4,97fd8c4c5196388b,2026-08-01,train
4,981166601623cc37,2026-08-01,train
4,982a066e113f7f72,2026-08-01,train
4,9867cef03d487dca,2026-08-01,train
4,9894e83ab4b73b67,2026-08-01,train
4,98b11622296e6e17,2026-08-01,validation
4,98b8ca23b73c72a9,2026-08-01,validation
4,98c157400d4c5891,2026-08-01,train
4,98cacbb4c9a8ec51,2026-08-01,train
4,98d506d12129a339,2026-08-01,train
4,98f6a7deab331df4,2026-08-01,train
4,990453d743d2ed28,2026-08-01,train
4,9907b5e306ce0118,2026-08-01,test
4,991a1bbdd9bd65f3,2026-08-01,validation
4,992dc662ab531ac2,2026-08-01,validation
4,996dd2149140bd07,2026-08-01,train
4,99d466be68603d4e,2026-08-01,train
4,99dd1a52a362b188,2026-08-01,test
4,9a0b397a87a61d69,2026-08-01,train
4,9a585978f11481cd,2026-08-01,train
4,9a63b9d62cb91eb7,2026-08-01,train
4,9a7710087596cf1d,2026-08-01,train
4,9a8b173edf75d99d,2026-08-01,train
4,9aba73e5a29bb346,2026-08-01,validation
4,9ad0236f93872b46,2026-08-01,test
4,9b0c3fe2788bce95,2026-08-01,train
4,9b10fdd35bdd2452,2026-08-01,train
4,9b2a62b605573f61,2026-08-01,train
4,9b5627d0f1dca7b1,2026-08-01,train
4,9b57e0a935469a91,2026-08-01,train
4,9b65cd9aa203a898,2026-08-01,test
4,9b872a58667676bd,2026-08-01,train
4,9bb31ea5bbe981e9,2026-08-01,train
4,9bc1e2da0d28a059,2026-08-01,test
4,9bdd28bf4665eb06,2026-08-01,train
4,9c31b46d9d2d214a,2026-08-01,train
4,9c6dd133222b3b38,2026-08-01,train
4,9c72763e7aa91216,2026-08-01,train
4,9cb17d15cf6de046,2026-08-01,validation
4,9cb5fd44424bcd62,2026-08-01,test
4,9cb7c2b4daddd4c5,2026-08-01,train
4,9cbab3166f5585a6,2026-08-01,validation
4,9ce4d30b3a52fe0a,2026-08-01,train
4,9cf3e6bd7fe69f55,2026-08-01,train
4,9cfa06fe2754b2a3,2026-08-01,test
4,9d2ae48aae2545a6,2026-08-01,train
4,9d3d6efa278207fa,2026-08-01,train
4,9d485642c0f55c3f,2026-08-01,train
4,9d4f60e1c28816b3,2026-08-01,train
4,9d66ea67e2365932,2026-08-01,train
4,9d6c61e96a5f401a,2026-08-01,train
4,9d8a50d417ece48b,2026-08-01,test
4,9d973612c633b65b,2026-08-01,validation
4,9dd1b6d02c4d71a1,2026-08-01,train
4,9dd94e9b5ba9471d,2026-08-01,train
4,9de41d47198fec3e,2026-08-01,train
4,9de8e95d85a556f4,2026-08-01,validation
4,9e1e5a33b55f6e2f,2026-08-01,test
4,9e29e218c44c16ea,2026-08-01,train
4,9e3e164cbedb46cd,2026-08-01,train
4,9e906e8f11f30903,2026-08-01,train
4,9e91c672e6aa172a,2026-08-01,validation
4,9ecfe9f6ecdbe964,2026-08-01,train
4,9ed8a571e604eb1d,2026-08-01,train
4,9f2d9fe440f4b138,2026-08-01,train
4,9f4eaea6fa546273,2026-08-01,validation
4,9f676a1537c647eb,2026-08-01,train
4,9f729aad9f93b01a,2026-08-01,test
4,9f9281666d03ebac,2026-08-01,test
4,9f93028d10da3abf,2026-08-01,train
4,9fb17e00732e2a27,2026-08-01,train
4,9fb2ccc201cea937,2026-08-01,validation
4,9fc43208409944c1,2026-08-01,train
4,a00af053587b596e,2026-08-01,train
4,a01218af02658ae4,2026-08-01,train
4,a01effa35c5e96af,2026-08-01,train
4,a045bb22b2b4ab9c,2026-08-01,train
4,a049859ded77fe2d,2026-08-01,train
4,a0531934fad535f5,2026-08-01,validation
4,a0a31ea3717839ac,2026-08-01,train
4,a0ced649da12b430,2026-08-01,train
4,a0fbc352ad05af30,2026-08-01,train
4,a107349218c8f157,2026-08-01,test
4,a132f7a1517f008e,2026-08-01,train
4,a149305d8d092873,2026-08-01,train
4,a174500b794f1739,2026-08-01,validation
4,a18f933d9085b720,2026-08-01,train
4,a19f8b5d6883aed8,2026-08-01,train
4,a1abd6b053382c4f,2026-08-01,validation
4,a1aeebc6fcf421e3,2026-08-01,train
4,a1e4ae343f57c5cb,2026-08-01,train
4,a27225b9811c8a84,2026-08-01,test
4,a273a4a4f870f3f0,2026-08-01,train
4,a2ab40906763d765,2026-08-01,train
4,a3255fa9446b2c7c,2026-08-01,validation
4,a3328819efa10045,2026-08-01,train
4,a3594f2a9115e74b,2026-08-01,train
4,a391ae6f537e59c5,2026-08-01,train
4,a3a54074b22b32b8,2026-08-01,train
4,a40f4c52191b3b4c,2026-08-01,train
4,a410d4be4af9ecba,2026-08-01,train
4,a443b48021de9cd7,2026-08-01,train
4,a456c8f833452899,2026-08-01,train
4,a460d07bd4f5d322,2026-08-01,train
4,a4676d2df89d1385,2026-08-01,train
4,a47e6d0778841d2c,2026-08-01,train
4,a4b26010eaccfeef,2026-08-01,train
4,a4bf8246f185b103,2026-08-01,test
4,a4f1fd62f550d685,2026-08-01,train
4,a50a04fd37259122,2026-08-01,train
4,a512332610c7f178,2026-08-01,validation
4,a51ce159b0f1d240,2026-08-01,train
4,a54b4eea240962d4,2026-08-01,validation
4,a597a40dcd6cfa6e,2026-08-01,train
4,a59b59c4924844f5,2026-08-01,test
4,a5b6d77905227331,2026-08-01,validation
4,a5bf98fec82206bd,2026-08-01,train
4,a5deab790fe36b7b,2026-08-01,train
4,a6009a2b1fa81bf6,2026-08-01,test
4,a600bcca58dc3fce,2026-08-01,train
4,a6013c9dbc84994f,2026-08-01,test
4,a613023642915a03,2026-08-01,train
4,a65f0fa4c504ac30,2026-08-01,validation
4,a69abea0650a8544,2026-08-01,test
4,a6b14b07c97a0ab2,2026-08-01,validation
4,a6b7cdb853ce1a71,2026-08-01,train
4,a6b7fc6f155ff21b,2026-08-01,test
4,a6c58bc78c6d39bf,2026-08-01,train
4,a6c78a93fa571942,2026-08-01,validation
4,a6ca48e1b5908502,2026-08-01,test
4,a6d4e51e0bb96f5a,2026-08-01,train
4,a6e2e4836400c3ba,2026-08-01,train
4,a6e9325ae8489c81,2026-08-01,train
4,a6ead350c7dc447f,2026-08-01,train
4,a6f0e7267d6a0202,2026-08-01,train
4,a6fbba83dfc57a5c,2026-08-01,train
4,a6fd72ae74da7956,2026-08-01,train
4,a70441f6dd4595e4,2026-08-01,train
4,a70ad0c617472928,2026-08-01,validation
4,a70ededb57b80d31,2026-08-01,train
4,a71521852cd5612c,2026-08-01,validation
4,a7259705931cbc32,2026-08-01,train
4,a73c6a22b2d38466,2026-08-01,train
4,a76d72bb319bff8e,2026-08-01,train
4,a7a2fb0568e27dde,2026-08-01,train
4,a82d02910822ec45,2026-08-01,train
4,a84127e69e03cc9b,2026-08-01,train
4,a8471410b68777f9,2026-08-01,train
4,a8634870630fd1e8,2026-08-01,train
4,a86bf0f193bd03b9,2026-08-01,train
4,a88bc0a1053b0578,2026-08-01,test
4,a8912e1d9fc04444,2026-08-01,train
4,a891ff47970495d6,2026-08-01,train
4,a8b4920be38b35f0,2026-08-01,train
4,a8c0162bd035d7d9,2026-08-01,validation
4,a8e150eb2ea766f0,2026-08-01,train
4,a8eb1f130e1c0516,2026-08-01,train
4,a8f501b9e13cbf6f,2026-08-01,train
4,a8fbdc207572ccd8,2026-08-01,validation
4,a8fdaa45fe427962,2026-08-01,train
4,a90ce960b38e1af6,2026-08-01,test
4,a91d1b6d7299241e,2026-08-01,test
4,a946ef79a2012b39,2026-08-01,train
4,a94a8e317c32b561,2026-08-01,train
4,a953f6a94675d6ea,2026-08-01,train
4,a9a33fcb622c63aa,2026-08-01,train
4,a9fd9c7c96769b2d,2026-08-01,train
4,aa5051676dfb48de,2026-08-01,train
4,aa5696d6b1c9db3b,2026-08-01,train
4,aa714ee7bfe2f145,2026-08-01,test
4,aa75ed83333065cd,2026-08-01,validation
4,aa7ff3ab7c8d7ae2,2026-08-01,train
4,aa8b631cf2a935ee,2026-08-01,train
4,aaab6ede8007989d,2026-08-01,validation
4,aac8ce9de70068e3,2026-08-01,train
4,ab0b5e1a12f4a39f,2026-08-01,train
4,ab42e5ee286d6960,2026-08-01,train
4,ab48d867d85c466b,2026-08-01,train
4,ab5e1c70497d0666,2026-08-01,train
4,ab6ebd81feea3eda,2026-08-01,train
4,ab73ab7855c18155,2026-08-01,train
4,abb3fdd22bffdc76,2026-08-01,train
4,abcb6dd914d434d9,2026-08-01,train
4,abf4f6323ada74a7,2026-08-01,test
4,abfa75c8e3169490,2026-08-01,train
4,ac1eac6187713bf9,2026-08-01,train
4,ac34100d7c556a66,2026-08-01,test
4,ac452d189b94a20f,2026-08-01,train
4,ac65efd990e917dc,2026-08-01,validation
4,acb96229236ff34e,2026-08-01,train
4,acd8b5b07fe57dc6,2026-08-01,validation
4,ace112ad0b162c9a,2026-08-01,train
4,ad45516ca7bf47ab,2026-08-01,train
4,ad5e32b1022b3324,2026-08-01,validation
4,ad626fa134817999,2026-08-01,train
4,ad8ee1962576d035,2026-08-01,train
4,ada4f040a93e0bbd,2026-08-01,train
4,adaf4dabb6b9e1cf,2026-08-01,train
4,adcadfc87646985f,2026-08-01,train
4,adefe8d69b8eed84,2026-08-01,train
4,ae263e5111eed81a,2026-08-01,train
4,ae2c0f02beb2ff2a,2026-08-01,train
4,ae36ced4b926382a,2026-08-01,train
4,ae406847b4b5e539,2026-08-01,validation
4,ae6a668b0840e1e0,2026-08-01,train
4,ae97544a2f0b3beb,2026-08-01,train
4,ae9e572bffaad08c,2026-08-01,test
4,aeb845976b7605b6,2026-08-01,train
4,aec04322c586b3d2,2026-08-01,train
4,aee83b2c2e34c3f5,2026-08-01,train
4,af301b05f28b9e22,2026-08-01,train
4,af45d16cab179382,2026-08-01,train
4,af62c8811ae95a69,2026-08-01,train
4,af9d1513a23931f4,2026-08-01,train
4,b002fc6daeaa9894,2026-08-01,validation
4,b04e64fe2ad2c18f,2026-08-01,validation
4,b086128a410e88e2,2026-08-01,train
4,b08bcbe41de0e1cd,2026-08-01,train
4,b0d20ecefa34960a,2026-08-01,train
4,b0f3761555efc0fe,2026-08-01,train
4,b112d5392d2316d2,2026-08-01,validation
4,b11687e6c1004b44,2026-08-01,validation
4,b11ebfabd1444295,2026-08-01,train
4,b1382c2b2d07ad04,2026-08-01,test
4,b14caf094e4a87ab,2026-08-01,train
4,b165cba4a33c7d88,2026-08-01,train
4,b1811001856731f1,2026-08-01,validation
4,b1880996df8ef290,2026-08-01,validation
4,b198765aa5ee29ee,2026-08-01,train
4,b1b1130d49ead01d,2026-08-01,validation
4,b1b94c94859b7f07,2026-08-01,train
4,b1cf02c01df2aacb,2026-08-01,train
4,b21755cc46cffafd,2026-08-01,train
4,b2336129f07661c6,2026-08-01,train
4,b276bf1266e26004,2026-08-01,train
4,b282a9e3baf70b58,2026-08-01,train
4,b2903ea79adcf25c,2026-08-01,train
4,b2ae5c6caf7d1102,2026-08-01,train
4,b2dd0b716f6e15e9,2026-08-01,train
4,b2ecb1a260edb583,2026-08-01,validation
4,b2faae47f4a89dbd,2026-08-01,train
4,b31164036d6009b7,2026-08-01,train
4,b324ffe27da08d57,2026-08-01,train
4,b3283e6cb13b7890,2026-08-01,train
4,b361229c0b23820c,2026-08-01,train
4,b396bd5e40298150,2026-08-01,train
4,b3c3ca453d650c27,2026-08-01,train
4,b45281366e799c1f,2026-08-01,train
4,b45f8dc4094299d1,2026-08-01,train
4,b4893f772a10de97,2026-08-01,train
4,b49193590a28d465,2026-08-01,train
4,b49309930b858fff,2026-08-01,train
4,b4991e2648293455,2026-08-01,train
4,b4c1e9c0fd311497,2026-08-01,train
4,b4fdd45d366ce954,2026-08-01,train
4,b51731091c706fc1,2026-08-01,train
4,b535b1bbb88f52a8,2026-08-01,train
4,b5627e5b4ec119a0,2026-08-01,train
4,b571aa37b3e9bcf1,2026-08-01,validation
4,b58bfc87c61735eb,2026-08-01,train
4,b5a0939dd7f48b66,2026-08-01,test
4,b5abb47ea392ce15,2026-08-01,train
4,b5b006c4381cde39,2026-08-01,train
4,b66617a050c0bae1,2026-08-01,train
4,b666f41372f648b2,2026-08-01,train
4,b67a59157235c3b4,2026-08-01,test
4,b6858778cb7cd6a4,2026-08-01,train
4,b685f210b2306490,2026-08-01,validation
4,b68b2bd1d5233317,2026-08-01,train
4,b68e2d3cdd578842,2026-08-01,validation
4,b6e02b699dd99222,2026-08-01,train
4,b70347c8dcec1e1a,2026-08-01,train
4,b715a2ae684df539,2026-08-01,test
4,b722f1d1041fc5ab,2026-08-01,train
4,b72764d488b59443,2026-08-01,test
4,b7428f56a5b56290,2026-08-01,train
4,b7960189cd5b8ebd,2026-08-01,test
4,b79b78e5e7743556,2026-08-01,train
4,b7bbf916a592ee6f,2026-08-01,validation
4,b7d476ddf329e9e5,2026-08-01,train
4,b7dfc5324ea32e2c,2026-08-01,train
4,b7fbbf29ef195c5d,2026-08-01,train
4,b809de5de0e6fbdb,2026-08-01,test
4,b815887a35ecda58,2026-08-01,test
4,b82b86219e0533f6,2026-08-01,validation
4,b83cb2c878f47439,2026-08-01,train
4,b845ce8535cd69ad,2026-08-01,test
4,b862be0f89e13b8a,2026-08-01,train
4,b86bb9a1da3be397,2026-08-01,test
4,b877c042dfa2d89d,2026-08-01,train
4,b87942f2aac9cb77,2026-08-01,validation
4,b8c3e850e878ce8f,2026-08-01,train
4,b8de9d473344ca71,2026-08-01,train
4,b8f1496ffa236892,2026-08-01,train
4,b91a0280f02043e7,2026-08-01,test
4,b9225ac1891f9867,2026-08-01,validation
4,b92bc832ea94e9fd,2026-08-01,validation
4,b94b2797cbe715af,2026-08-01,train
4,b96928c8ce213676,2026-08-01,train
4,b97b472e5f2b3708,2026-08-01,test
4,b97b9f6fc70c5fc1,2026-08-01,train
4,b984a1401d698b91,2026-08-01,train
4,b99def919028b441,2026-08-01,validation
4,b9b48c63b2fbb2fe,2026-08-01,test
4,b9c45d57a08166c7,2026-08-01,train
4,b9da39719a4e4eea,2026-08-01,train
4,b9ef24b5896c16c7,2026-08-01,validation
4,ba2fde02d5cfacc7,2026-08-01,train
4,ba4e6dfaea6e9f73,2026-08-01,train
4,ba9d254619d8918a,2026-08-01,train
4,badc8fc43a14b6f6,2026-08-01,train
4,baf8704dfb0a1b00,2026-08-01,train
4,bb2d03d033486c8a,2026-08-01,train
4,bb451f31f183bb4a,2026-08-01,train
4,bb6e5845aeb2abda,2026-08-01,train
4,bbb73ee27b294dba,2026-08-01,test
4,bc1fbef903c0b14a,2026-08-01,train
4,bc1fda494674a875,2026-08-01,validation
4,bc3157d51e4e8913,2026-08-01,train
4,bc37eb866d94ee87,2026-08-01,train
4,bc3a38409268faa8,2026-08-01,train
4,bc5e989bd022b767,2026-08-01,train
4,bc858a89924b9fe7,2026-08-01,train
4,bc936c46a8a878fc,2026-08-01,train
4,bc9f6d7b4c7a4a03,2026-08-01,test
4,bcb07c6e496d7460,2026-08-01,validation
4,bcb4ec2cca68f16d,2026-08-01,train
4,bce1fab7f0a68595,2026-08-01,train
4,bd06b08f6506e426,2026-08-01,train
4,bd2bf1b29a20b0a2,2026-08-01,train
4,bd2dec3159845bd7,2026-08-01,validation
4,bd5732ee6163ef5f,2026-08-01,test
4,bd7bc48eda406aec,2026-08-01,train
4,bda105c8c0e0e0e3,2026-08-01,validation
4,bdc14ff855e89e60,2026-08-01,validation
4,bdc24cf6f001c0f2,2026-08-01,train
4,bdeda4f6ebbb6742,2026-08-01,train
4,be28e437789be0f9,2026-08-01,train
4,be3c34b6bb391a7d,2026-08-01,test
4,be56d5c50294aadc,2026-08-01,train
4,be5fd53abec5c806,2026-08-01,test
4,be85748ddae95cd4,2026-08-01,train
4,be8be3862c1d7550,2026-08-01,train
4,be91c2133f4d6466,2026-08-01,train
4,be982b7e591bf144,2026-08-01,train
4,be9d548515429f16,2026-08-01,train
4,bf029f5f3f99087b,2026-08-01,train
4,bf1631266cab4741,2026-08-01,validation
4,bf237ddef34f9fcf,2026-08-01,test
4,bf3007eafdd62930,2026-08-01,train
4,bf71eb07b34699e9,2026-08-01,train
4,bf97126326c6ee4e,2026-08-01,train
4,bfce5720d82d5baf,2026-08-01,train
4,bfec649b93be998d,2026-08-01,train
4,bfedef7e1b000e9e,2026-08-01,train
4,c0115dbb71e47552,2026-08-01,train
4,c01ac3b6707c9b00,2026-08-01,train
4,c0258f14e1489b0d,2026-08-01,test
4,c027447c53888f90,2026-08-01,train
4,c03d0540ec589961,2026-08-01,train
4,c04ca0f39aebd980,2026-08-01,validation
4,c0619d05b47270a8,2026-08-01,train
4,c07b7396a15a443b,2026-08-01,train
4,c099ca0086a8ebd4,2026-08-01,train
4,c0abe7ecb5264d24,2026-08-01,validation
4,c0c4dfb458dfbaf2,2026-08-01,train
4,c0da726720dd0bc5,2026-08-01,train
4,c0e901ee0a8d47ef,2026-08-01,train
4,c1068f6b0e4efbed,2026-08-01,train
4,c14766eca9642fcd,2026-08-01,validation
4,c199f9402f5d6412,2026-08-01,train
4,c1a5ff1926639e81,2026-08-01,train
4,c1daff55ee4ef9a6,2026-08-01,train
4,c1e109e1933ee23c,2026-08-01,train
4,c1f552fd67eed838,2026-08-01,train
4,c1f8acf0d88fef3e,2026-08-01,train
4,c1f8dedb50d55b57,2026-08-01,test
4,c20df2705d681ea7,2026-08-01,validation
4,c21a29b76d27a69e,2026-08-01,test
4,c2319bbfb8400f88,2026-08-01,validation
4,c2762eaab85668b7,2026-08-01,train
4,c29a362ccf68b81e,2026-08-01,train
4,c2b635417d6858be,2026-08-01,train
4,c2b72875aad991d2,2026-08-01,train
4,c300a82eceed8ac9,2026-08-01,test
4,c30bea64f63024db,2026-08-01,test
4,c31cb4f6772836ac,2026-08-01,train
4,c3658d9206e0d605,2026-08-01,train
4,c3853be6eccaae99,2026-08-01,train
4,c3a51c864676b942,2026-08-01,test
4,c3c080e92e0c929e,2026-08-01,train
4,c3c9c4009535eecb,2026-08-01,validation
4,c3d5948fa1704998,2026-08-01,test
4,c3ea941f38e2b026,2026-08-01,test
4,c410af7facf928c5,2026-08-01,train
4,c41da354a53dca1d,2026-08-01,train
4,c42113738092c042,2026-08-01,test
4,c4246dbad7815a90,2026-08-01,test
4,c42c807252425a6e,2026-08-01,test
4,c45ef25afa2b998b,2026-08-01,train
4,c48dc3ed01f8eee1,2026-08-01,train
4,c49f24622f9c7fa2,2026-08-01,train
4,c4b43f9e754cecfe,2026-08-01,test
4,c4b70e4ce7a2532f,2026-08-01,train
4,c4e6ec4b2cd30782,2026-08-01,validation
4,c4f6c69c78ad02fa,2026-08-01,train
4,c5047c973f9bf029,2026-08-01,train
4,c52e6793ce4c0253,2026-08-01,validation
4,c53b8511a98c7eea,2026-08-01,train
4,c560e7676b660767,2026-08-01,train
4,c56913660bc2b848,2026-08-01,train
4,c573023ca9925363,2026-08-01,train
4,c57b24dda884d24a,2026-08-01,train
4,c5970f6778dda413,2026-08-01,test
4,c5b180139f28f054,2026-08-01,train
4,c5b567928596e916,2026-08-01,train
4,c5d33e1f439eee28,2026-08-01,train
4,c5d62af372362f57,2026-08-01,test
4,c5dddeb6b8f8237b,2026-08-01,train
4,c5e7af5d7e336b8e,2026-08-01,train
4,c627171bfd908272,2026-08-01,test
4,c6382759d4d5d261,2026-08-01,test
4,c64b9a4e5190981c,2026-08-01,train
4,c65957c9f79c970c,2026-08-01,train
4,c65f1faaff859241,2026-08-01,train
4,c66e3222b40e0788,2026-08-01,test
4,c67f10b66fa72095,2026-08-01,validation
4,c6958a395b0d2ce8,2026-08-01,test
4,c6d3fc853a74705f,2026-08-01,train
4,c72ac79e1928b6e7,2026-08-01,train
4,c735066c530fbd73,2026-08-01,train
4,c74dd95783542c4c,2026-08-01,validation
4,c763ede5038c3df1,2026-08-01,test
4,c76926391f7bdb43,2026-08-01,train
4,c76c52c13f2c1b30,2026-08-01,train
4,c76f6f5f379fd614,2026-08-01,test
4,c770e614657a0b83,2026-08-01,train
4,c78aaa27dfa3af25,2026-08-01,test
4,c79f761a7d8718c4,2026-08-01,train
4,c7a8f97b35650744,2026-08-01,train
4,c7d44eba991d3add,2026-08-01,validation
4,c8332fcdaff4e08a,2026-08-01,train
4,c850353d0cbb541f,2026-08-01,validation
4,c8801c59c0cf58b6,2026-08-01,train
4,c8857b9f5b3ab5d0,2026-08-01,train
4,c89ed35a37355e6f,2026-08-01,test
4,c8aa3a229686455a,2026-08-01,train
4,c8bd9f2387d104da,2026-08-01,test
4,c8fcafef35131e58,2026-08-01,train
4,c92428f6bde4e2ea,2026-08-01,validation
4,c948f726ff92f236,2026-08-01,train
4,c950f35b6d5a9523,2026-08-01,validation
4,c9522ce3e103c0ff,2026-08-01,validation
4,c957b10a1c773e1e,2026-08-01,train
4,c95983409d57fdce,2026-08-01,train
4,c9603aedcc7f5785,2026-08-01,test
4,c9cfaf009199ab7c,2026-08-01,test
4,c9dc050c697542e8,2026-08-01,train
4,c9f6ccc85d72b92f,2026-08-01,validation
4,ca4cde23a0d9060c,2026-08-01,train
4,ca7eb6145e273883,2026-08-01,train
4,ca8be0d8273a4efc,2026-08-01,train
4,caae72ebf3b61a24,2026-08-01,validation
4,cabeaa95431ee8cc,2026-08-01,train
4,cac47640ff381bce,2026-08-01,train
4,cb310d382abfbd0a,2026-08-01,test
4,cb7f1e0571f62527,2026-08-01,train
4,cb80fb6216d8b72c,2026-08-01,validation
4,cb941b7c0156e32c,2026-08-01,train
4,cb9c83f17be9d48c,2026-08-01,train
4,cba899723e09571b,2026-08-01,validation
4,cbcb208ca3a306d4,2026-08-01,train
4,cbe2a07cd4433418,2026-08-01,train
4,cc00cfa3a8f1b17f,2026-08-01,train
4,cc061b4f3a0227c2,2026-08-01,validation
4,cc0c932ba11d19c2,2026-08-01,train
4,cc1aa53fd3404aec,2026-08-01,train
4,cc568a710c5ef02f,2026-08-01,train
4,cc63f612737e93c4,2026-08-01,validation
4,cc790da071bbdd86,2026-08-01,train
4,cc958754ef8902ff,2026-08-01,train
4,cc9e1a9747449fe1,2026-08-01,train
4,cca72e62934345a4,2026-08-01,train
4,cca8e1c14a496aa9,2026-08-01,train
4,ccb6087e4cb27459,2026-08-01,test
4,ccce003b49cd64c3,2026-08-01,train
4,cd76be13df2234be,2026-08-01,test
4,cd9abadc41aad343,2026-08-01,validation
4,cda32b0712db7e35,2026-08-01,validation
4,cdac733a50a8f5aa,2026-08-01,train
4,cdad03d7fd7a4ef3,2026-08-01,train
4,cdc630c6923ded4f,2026-08-01,train
4,cdc74b36b9a51319,2026-08-01,train
4,cdec627279ffc828,2026-08-01,test
4,ce20d8b86c48c087,2026-08-01,train
4,ce43ff42ef06173e,2026-08-01,train
4,ce6f63a2ecbc53a0,2026-08-01,test
4,cea06d2f522a5cc1,2026-08-01,test
4,ced81215708ad616,2026-08-01,train
4,cf00f72e694002fe,2026-08-01,train
4,cf2ca92d2d7ca2b0,2026-08-01,validation
4,cf2d432cf4411a73,2026-08-01,test
4,cf42f33fe0aa96ef,2026-08-01,test
4,cf8ce9eb74c4a41b,2026-08-01,train
4,cf9ecbebddda97af,2026-08-01,train
4,cfa7a5e2d069b2f9,2026-08-01,train
4,cfceeff7e74b74b0,2026-08-01,train
4,cfcf50538f080c20,2026-08-01,train
4,cfe4d3284bbe8082,2026-08-01,validation
4,d00cd0014c9b1e53,2026-08-01,test
4,d02aa162a3128d24,2026-08-01,train
4,d02e33686c0445e6,2026-08-01,train
4,d0430320ab5c8986,2026-08-01,validation
4,d0648e3afe3e3288,2026-08-01,train
4,d07f7e0fbccd2948,2026-08-01,test
4,d08ce8370a1c1747,2026-08-01,validation
4,d09d519b4b57cb0c,2026-08-01,train
4,d0a5b5da368eadb1,2026-08-01,train
4,d0eaf35afbd9a899,2026-08-01,train
4,d1529d592806da7e,2026-08-01,test
4,d16e3f75be75c7ce,2026-08-01,train
4,d18db5e1de4b3a40,2026-08-01,train
4,d1b012513e28c706,2026-08-01,test
4,d218fa2ea0b43fd1,2026-08-01,train
4,d21dc996424215a6,2026-08-01,train
4,d21e2e6aded29e47,2026-08-01,validation
4,d228ff53ec3e9c4d,2026-08-01,train
4,d25f15b3d575944b,2026-08-01,test
4,d2623565f9030aac,2026-08-01,train
4,d2722b1c3367082c,2026-08-01,validation
4,d28841e8de5c5eed,2026-08-01,train
4,d28f25839231471b,2026-08-01,train
4,d2b51a74a52c06ee,2026-08-01,train
4,d2c083a0dcde111b,2026-08-01,train
4,d2dc4c29acf08840,2026-08-01,validation
4,d2e92b9cc1a9c566,2026-08-01,test
4,d31cd60330fea5ac,2026-08-01,train
4,d31f248a44370197,2026-08-01,validation
4,d333cdc0313e995b,2026-08-01,train
4,d371bd69daebf379,2026-08-01,train
4,d3bb748a7504c008,2026-08-01,train
4,d3d7126776728071,2026-08-01,train
4,d3f49ab8f8370280,2026-08-01,train
4,d41d05a700ca6446,2026-08-01,validation
4,d41e754627067f96,2026-08-01,train
4,d4215b6d1dba6c14,2026-08-01,train
4,d42b1e98c85b63d2,2026-08-01,validation
4,d42b75aef2ab65cf,2026-08-01,train
4,d42d85f020968d12,2026-08-01,train
4,d477f1ff4fa9dbea,2026-08-01,train
4,d4a0b1e07bcf3c57,2026-08-01,train
4,d4a630e8973ae835,2026-08-01,train
4,d4bd98cec9391fa5,2026-08-01,train
4,d4c9ba2f4ecc2c4c,2026-08-01,test
4,d4ce1a88cd087873,2026-08-01,train
4,d5009f1d5e529686,2026-08-01,train
4,d503174da5af7aeb,2026-08-01,test
4,d51a6bdb4fd1cd94,2026-08-01,train
4,d5497f544b415451,2026-08-01,train
4,d556e64c5e3e48cf,2026-08-01,train
4,d5584975a7e8fea4,2026-08-01,train
4,d56f715e7389d29a,2026-08-01,train
4,d571303f843c4c98,2026-08-01,train
4,d58ec5b975113032,2026-08-01,train
4,d591c052ffca95a9,2026-08-01,train
4,d5cec37aa8aeffa6,2026-08-01,train
4,d5fa0b1479cb2af9,2026-08-01,train
4,d61f50fc7d6deea6,2026-08-01,test
4,d6438383e7d77ce7,2026-08-01,train
4,d64a0efc631d5191,2026-08-01,train
4,d658958b81bc5203,2026-08-01,train
4,d6cf77ed97399107,2026-08-01,train
4,d6d516f15539b6eb,2026-08-01,train
4,d6ddd01f56ad8ad0,2026-08-01,test
4,d6f05b420cf0f9ee,2026-08-01,train
4,d723a96eb913af50,2026-08-01,validation
4,d730e2f50f15c96a,2026-08-01,train
4,d7318887ca1eac14,2026-08-01,train
4,d7332d2a6e939248,2026-08-01,train
4,d7458c36ef4711b7,2026-08-01,test
4,d77aaa677cdc5ff7,2026-08-01,train
4,d7a3701864c7985d,2026-08-01,train
4,d7bff54502583aae,2026-08-01,validation
4,d7c7cd083bb6e860,2026-08-01,train
4,d7d0b453ca3f0177,2026-08-01,train
4,d7d42d55993e2b19,2026-08-01,train
4,d7da78394b1bcb61,2026-08-01,train
4,d7f828056e672fae,2026-08-01,train
4,d839501a6c426ab1,2026-08-01,test
4,d8406ea8410ae9c5,2026-08-01,train
4,d84da7b5cfcd0afa,2026-08-01,test
4,d8550ebc8ffb74b6,2026-08-01,validation
4,d88be0381d6a5029,2026-08-01,validation
4,d8abb9ff7186ecf6,2026-08-01,test
4,d8e08b321e6bb0e4,2026-08-01,train
4,d8e0ef8fb1b5c7f6,2026-08-01,train
4,d92e6784849defdf,2026-08-01,train
4,d94ca5f975c98d29,2026-08-01,validation
4,d97a3046c6cae238,2026-08-01,train
4,d98be62e52f5158b,2026-08-01,train
4,d99ec42e19247b55,2026-08-01,test
4,d9c99fed8fa2c209,2026-08-01,train
4,d9d339985dc10b57,2026-08-01,train
4,d9e2f79467b32668,2026-08-01,train
4,da117413c9d9003c,2026-08-01,train
4,da3d1b76086db960,2026-08-01,train
4,da3fedeba54d9e07,2026-08-01,train
4,da48865f0ebdbc09,2026-08-01,train
4,da519b5cce6aaf71,2026-08-01,train
4,da5e6669dde71fae,2026-08-01,test
4,da982130a4f7bcd1,2026-08-01,train
4,da9d5ca3cf4b5555,2026-08-01,train
4,daa031fbb8291e5f,2026-08-01,train
4,dab3075db9d4773d,2026-08-01,train
4,dabbf1f1bef8f75c,2026-08-01,train
4,dacf050fbed07f26,2026-08-01,train
4,dadf2849fc66d48b,2026-08-01,validation
4,dae15032d7d6d5a3,2026-08-01,train
4,daf02c928dffdc69,2026-08-01,validation
4,db059d031269f03c,2026-08-01,train
4,db400a2d232160b2,2026-08-01,train
4,db570e696792aa97,2026-08-01,train
4,db6f01791783b71f,2026-08-01,train
4,dba9d268c999c447,2026-08-01,test
4,dc5a649218e41be2,2026-08-01,test
4,dc6452d5729cbc29,2026-08-01,train
4,dc6bfbd41f1be3b1,2026-08-01,test
4,dc7b07bf303cd187,2026-08-01,train
4,dc7f3cd50defd7c7,2026-08-01,train
4,dc9fcdf4f06373e8,2026-08-01,train
4,dcb13ca0949aea31,2026-08-01,train
4,dcfded541753956e,2026-08-01,train
4,dd0119af573acb84,2026-08-01,train
4,dd0d76555c292566,2026-08-01,train
4,dd20a9322dbf1d69,2026-08-01,train
4,dd375a9e6a99b083,2026-08-01,test
4,dd55a5f6ebb6685b,2026-08-01,validation
4,dd85cf844b9ff7b7,2026-08-01,validation
4,dda57a46ed46f5a1,2026-08-01,train
4,dda9f6d767269a60,2026-08-01,train
4,ddb57afc90900771,2026-08-01,validation
4,ddf081a4e72d242e,2026-08-01,train
4,de13019cd31e3ed2,2026-08-01,train
4,de217be9b3fc6630,2026-08-01,validation
4,de247a73d5398e63,2026-08-01,train
4,de4693eac763b88c,2026-08-01,test
4,de4fe4cc1c542525,2026-08-01,train
4,de6b8d67ba4afde1,2026-08-01,train
4,de6ba49d54a21c44,2026-08-01,validation
4,de8c3de77cb407c8,2026-08-01,train
4,de8d12ce8eeaffa7,2026-08-01,train
4,de8ecd1352d2e06a,2026-08-01,train
4,debda029cc21cdc0,2026-08-01,train
4,decd0d1e1dd491ef,2026-08-01,train
4,defe695ffa10d715,2026-08-01,train
4,df3a1048c6eed5c0,2026-08-01,test
4,df410850cf72a63f,2026-08-01,train
4,df4ae5f75a823684,2026-08-01,validation
4,df5cab1dac835f47,2026-08-01,train
4,df733c6b64b64790,2026-08-01,train
4,e0186a7c68fad9b1,2026-08-01,train
4,e01b474d1c3f4a26,2026-08-01,train
4,e02a67989c796bef,2026-08-01,train
4,e05c34fcd9b1c111,2026-08-01,train
4,e05f381e74b833d7,2026-08-01,test
4,e05fc93a876adb8e,2026-08-01,train
4,e0703f22b5cbed63,2026-08-01,train
4,e0acdbceabe14bb1,2026-08-01,train
4,e0b51bc64b330f8a,2026-08-01,train
4,e0d3efffe6451570,2026-08-01,train
4,e1226c703aef9a9c,2026-08-01,train
4,e12c45d3f23460ed,2026-08-01,train
4,e12f733c4e3cf9e4,2026-08-01,test
4,e148a90eb8d3838b,2026-08-01,train
4,e15ec72a003c987b,2026-08-01,train
4,e15ffc1666615fc3,2026-08-01,validation
4,e1731c0e2afb1199,2026-08-01,train
4,e190fb4102ff161e,2026-08-01,train
4,e19f108591e67997,2026-08-01,validation
4,e1a83fd16f9c40cf,2026-08-01,train
4,e1ec09c430bcbad5,2026-08-01,train
4,e209519929aa5a73,2026-08-01,test
4,e21db4c2ecfc6f5a,2026-08-01,train
4,e227196d301f8c8c,2026-08-01,test
4,e2628574cd093216,2026-08-01,validation
4,e269ff252742bd76,2026-08-01,train
4,e26ba8b8e77b4407,2026-08-01,train
4,e2896bb368119f7c,2026-08-01,train
4,e28fcfe614c4a454,2026-08-01,train
4,e2b9da31a13a827e,2026-08-01,validation
4,e304d54637e5ece7,2026-08-01,train
4,e30afb71f4ef8526,2026-08-01,train
4,e3a7d6a5205ac72f,2026-08-01,test
4,e3b817cc9fbc5c20,2026-08-01,train
4,e3bb49a8429ebab2,2026-08-01,train
4,e3c26faff72eed47,2026-08-01,train
4,e3cae2cc3edf63a2,2026-08-01,train
4,e3cb95a2ca557ad9,2026-08-01,train
4,e3ec94cafc8dd754,2026-08-01,train
4,e3eccd749ae93e4c,2026-08-01,validation
4,e3eeb1b84ca96bc7,2026-08-01,train
4,e3f9d788c17da60d,2026-08-01,train
4,e407727953c941cd,2026-08-01,validation
4,e42a985f3372fe6e,2026-08-01,train
4,e4363b1d38327751,2026-08-01,test
4,e43b3171d0edb870,2026-08-01,train
4,e46e5c7f8324b744,2026-08-01,test
4,e47284ea4d859c9e,2026-08-01,train
4,e48f1e0c3554df16,2026-08-01,train
4,e4c87b55b5e8119d,2026-08-01,train
4,e50ea2b9e240a5a1,2026-08-01,train
4,e517fba98a466ab0,2026-08-01,test
4,e5ad3ecb52c0e909,2026-08-01,train
4,e5de91cf62eeff2d,2026-08-01,train
4,e5e6acbbc2ab1c17,2026-08-01,validation
4,e5fa79919764d0b5,2026-08-01,train
4,e62040c8e08ec307,2026-08-01,train
4,e624cc7089e3b9e5,2026-08-01,validation
4,e62eb2951dba7780,2026-08-01,train
4,e63ce31da4666951,2026-08-01,train
4,e67e2aad8d357349,2026-08-01,test
4,e6826487e97f5485,2026-08-01,test
4,e68e8c1c185a0c69,2026-08-01,test
4,e68eb989b724950a,2026-08-01,train
4,e698020be7e19a13,2026-08-01,train
4,e6a4d8608e959b99,2026-08-01,train
4,e6b3b58703f446aa,2026-08-01,train
4,e6e153d3b2d136c5,2026-08-01,validation
4,e6ebcb5bbb501884,2026-08-01,train
4,e6f64805907401f1,2026-08-01,train
4,e6fa0b01c92fde94,2026-08-01,train
4,e7150c8e9664cb01,2026-08-01,train
4,e7213b0096461c87,2026-08-01,train
4,e723d916bd2da720,2026-08-01,train
4,e75787898f9e3b34,2026-08-01,train
4,e75a1f562869ef93,2026-08-01,train
4,e75dbbe157ab0836,2026-08-01,train
4,e77b19fe98194823,2026-08-01,train
4,e79626606f34bd34,2026-08-01,train
4,e7bd2e1bfac1af37,2026-08-01,train
4,e7c81055f4c33b7b,2026-08-01,train
4,e7d1fa59b2b73cdd,2026-08-01,train
4,e7f809061d526949,2026-08-01,train
4,e7fc54833c08d1fa,2026-08-01,train
4,e8245f4e44c3a719,2026-08-01,train
4,e83199561f0538c2,2026-08-01,train
4,e837af8b4a13e806,2026-08-01,train
4,e861822c4770dc77,2026-08-01,train
4,e8745ae4a9d8a700,2026-08-01,train
4,e87e9b38866321bb,2026-08-01,train
4,e886b7bb5ede34be,2026-08-01,validation
4,e88e0e82a97918b4,2026-08-01,train
4,e88ee1903893029d,2026-08-01,train
4,e89c869546164c3b,2026-08-01,train
4,e8b36d9d5791199d,2026-08-01,train
4,e8ce249cde6d4259,2026-08-01,test
4,e8e4cdb578a9164e,2026-08-01,train
4,e90a55261c07af5e,2026-08-01,train
4,e915243e5249a03e,2026-08-01,validation
4,e916d296d52a4ae0,2026-08-01,train
4,e91b9a1c12f99b6a,2026-08-01,train
4,e92a345ec8a45166,2026-08-01,train
4,e931d8c92499bb99,2026-08-01,validation
4,e939ec7c116b74c6,2026-08-01,train
4,e940c0bd966249d7,2026-08-01,train
4,e95bd2d888a47b14,2026-08-01,train
4,e95f321c8ae4c498,2026-08-01,train
4,e9821cd108767d6c,2026-08-01,train
4,e99910c43351f20a,2026-08-01,train
4,e99b13f9e0f8dc54,2026-08-01,test
4,e9a04d781fac844a,2026-08-01,validation
4,e9a32dd1c7b9b7b8,2026-08-01,validation
4,e9cba63e02c15d96,2026-08-01,test
4,e9d74952ab62822c,2026-08-01,train
4,ea0a0f42545cc400,2026-08-01,test
4,ea2320faae6fafe0,2026-08-01,train
4,ea2ea8a2a79d5bcb,2026-08-01,train
4,eac531ac258d3caa,2026-08-01,test
4,eac5455bddd48541,2026-08-01,train
4,eae2c986b682492c,2026-08-01,train
4,eaf73a32b9b8b6d1,2026-08-01,test
4,eb2e296ea64ea230,2026-08-01,train
4,eb45c3e8b99492cf,2026-08-01,validation
4,eb570e702413cb24,2026-08-01,train
4,eb7817cb83306b9a,2026-08-01,train
4,eba598843cc83415,2026-08-01,train
4,eba629cfe591e65f,2026-08-01,train
4,eba81825ad7b324a,2026-08-01,train
4,ebad7780ad5aafc0,2026-08-01,train
4,ebd1f26980c31fda,2026-08-01,test
4,ec1659d9896ef949,2026-08-01,train
4,ec2bd8d42581a7ba,2026-08-01,train
4,ec67edabbfa61c1f,2026-08-01,train
4,ec7c463c082f6658,2026-08-01,test
4,ec7cf819809f77ba,2026-08-01,train
4,ecbb3af6db7d6d97,2026-08-01,train
4,ecca3430c11fea5b,2026-08-01,test
4,ecdd0a2194af066e,2026-08-01,train
4,ece7affd31ab8b67,2026-08-01,test
4,ed01b7a8d67589ad,2026-08-01,test
4,ed1609209d31c1de,2026-08-01,train
4,ed3a263ae568e031,2026-08-01,train
4,ed420aab4004757a,2026-08-01,validation
4,ed44673b780da2d1,2026-08-01,test
4,ed52f2dd435dc842,2026-08-01,train
4,ed5b3237c82adf94,2026-08-01,validation
4,ed855e5b0230516b,2026-08-01,train
4,ed98401fe16ef2c4,2026-08-01,validation
4,edaa3518f78284b4,2026-08-01,validation
4,edab82a6f81d648c,2026-08-01,train
4,ede5465481142c68,2026-08-01,validation
4,ee07c54fef82f8ed,2026-08-01,validation
4,ee08574edbf6ea4a,2026-08-01,train
4,ee1d6543d3167874,2026-08-01,train
4,ee3b8ba06d95ef04,2026-08-01,test
4,ee3c38186da9711c,2026-08-01,train
4,ee4850c04f353a1c,2026-08-01,train
4,ee850b53b2bba132,2026-08-01,test
4,eefb3b54f80771c5,2026-08-01,train
4,ef00fefbb0835a75,2026-08-01,train
4,ef19526e494f32c0,2026-08-01,train
4,efa0b2481a62f199,2026-08-01,train
4,efb2e3aadfe60d6f,2026-08-01,train
4,efb63a1245c2d470,2026-08-01,test
4,efe804eefaa96845,2026-08-01,train
4,f038068fdd3dce14,2026-08-01,train
4,f0439cdb28a4456b,2026-08-01,train
4,f05df960572a4a49,2026-08-01,train
4,f05e760f2f241a58,2026-08-01,train
4,f093d63a4ced0e2b,2026-08-01,train
4,f0a1a1585e905aad,2026-08-01,train
4,f0c131c48c27d998,2026-08-01,train
4,f0d6341cf854c1de,2026-08-01,train
4,f0db543caaa64bf3,2026-08-01,train
4,f0e8617b35b86174,2026-08-01,train
4,f11186db96935951,2026-08-01,train
4,f11c7195afa6c721,2026-08-01,validation
4,f13263c7134051aa,2026-08-01,train
4,f1484bc2746d0dd4,2026-08-01,train
4,f17c9fc4d9725cde,2026-08-01,train
4,f195e7eab7f7003a,2026-08-01,test
4,f236f768f70ab270,2026-08-01,validation
4,f27ac86d24111dc1,2026-08-01,train
4,f2d7943df1c14516,2026-08-01,train
4,f2dba4a920266f8d,2026-08-01,train
4,f2f40564972b9a5e,2026-08-01,train
4,f318170e7ed96f9e,2026-08-01,validation
4,f31ae835769b4275,2026-08-01,train
4,f34c3c02e554f93a,2026-08-01,validation
4,f35c1d7e955c9f9d,2026-08-01,validation
4,f36d34bb78619427,2026-08-01,train
4,f375b307086b772d,2026-08-01,validation
4,f37fed1992705733,2026-08-01,train
4,f38cec685d5d1464,2026-08-01,train
4,f3a6ceaf62fe8408,2026-08-01,train
4,f3c91b313e9b9788,2026-08-01,train
4,f3cfb762355f8aa6,2026-08-01,train
4,f3e8a612018bc841,2026-08-01,train
4,f3efd432026c7758,2026-08-01,train
4,f4163f26f37ab571,2026-08-01,train
4,f41aeed8edc96f06,2026-08-01,train
4,f4251d0b607ac17d,2026-08-01,validation
4,f42d46412fa84cb6,2026-08-01,train
4,f449676549720e9f,2026-08-01,train
4,f450beb599c5b2cf,2026-08-01,train
4,f4cfb51fd62073de,2026-08-01,train
4,f4dd6eaadc428b14,2026-08-01,validation
4,f4ddc7e630b7edb6,2026-08-01,train
4,f4f4c720f50eed78,2026-08-01,train
4,f4fff2bfdf6afebc,2026-08-01,test
4,f504c935575048e1,2026-08-01,train
4,f53c36fba74c1f29,2026-08-01,train
4,f570d54040494fcf,2026-08-01,train
4,f5742195aa9774b2,2026-08-01,train
4,f59c22a00d4043b5,2026-08-01,train
4,f5b8282c03cb2834,2026-08-01,train
4,f5df5cdf395abca7,2026-08-01,validation
4,f5f78cecfbdaf4c9,2026-08-01,train
4,f608acd8d9153360,2026-08-01,train
4,f62d459cc1b95470,2026-08-01,train
4,f6333bbf482ef375,2026-08-01,train
4,f644f756a175d536,2026-08-01,train
4,f661665ce9b9c930,2026-08-01,train
4,f66bca4ad123ae43,2026-08-01,test
4,f675154bcfe0bef6,2026-08-01,validation
4,f6751957def9b438,2026-08-01,train
4,f68eff9b73b67a52,2026-08-01,train
4,f697be9bd1e80268,2026-08-01,validation
4,f69ddf3b0809a507,2026-08-01,train
4,f6a447f4d7e471d6,2026-08-01,validation
4,f6d0758e34086c8e,2026-08-01,train
4,f6f02207b9192952,2026-08-01,train
4,f6f04e2bfea3f7b0,2026-08-01,train
4,f6f7d448bcba7120,2026-08-01,train
4,f718f17bfb919bc1,2026-08-01,train
4,f7248cab2ec4569e,2026-08-01,train
4,f729872587f1f828,2026-08-01,train
4,f7666acca613cd8c,2026-08-01,train
4,f772757ec41e5176,2026-08-01,validation
4,f7ad23ed205c5478,2026-08-01,test
4,f7def9272924ff36,2026-08-01,train
4,f7e52e477c814985,2026-08-01,train
4,f7ee6a52f11f432e,2026-08-01,train
4,f84ec3833420d902,2026-08-01,train
4,f860d51c298e974e,2026-08-01,train
4,f8a378787c64c370,2026-08-01,train
4,f8a5f20e07ce52e5,2026-08-01,train
4,f8ab84b3e13c0292,2026-08-01,train
4,f8b3ba884c087ed4,2026-08-01,train
4,f8e1b32cee10ed32,2026-08-01,train
4,f8e62e8d811b5258,2026-08-01,train
4,f933cbc232d74489,2026-08-01,train
4,f94406651bd85341,2026-08-01,test
4,f95c0e9590367db6,2026-08-01,test
4,f9a9ee21aa4a8d0d,2026-08-01,train
4,f9b35157eacf08cf,2026-08-01,validation
4,f9da901dab9ec557,2026-08-01,test
4,fa0af2506b43b414,2026-08-01,train
4,fa12aa2d54084b78,2026-08-01,test
4,fa2ebccd131037c9,2026-08-01,train
4,fa342e1470178407,2026-08-01,validation
4,fa782a5e96e50e4f,2026-08-01,test
4,faa75b55db33fcd1,2026-08-01,validation
4,faca64690dc9d2e4,2026-08-01,train
4,fad5d30faedf3242,2026-08-01,train
4,fad7b5a82185103e,2026-08-01,train
4,fae78a43b14860fb,2026-08-01,test
4,fb125522e82e5320,2026-08-01,train
4,fb13627d4bbca485,2026-08-01,train
4,fb26e820adfcf2a4,2026-08-01,train
4,fb3ca18cf3deaf34,2026-08-01,train
4,fb7714c2edd8d214,2026-08-01,train
4,fb92284d655cddde,2026-08-01,train
4,fb9f55bb583b1725,2026-08-01,train
4,fbac4e530dff9854,2026-08-01,train
4,fbbc792dcf026c42,2026-08-01,train
4,fbf738f8c3bc94f6,2026-08-01,train
4,fc18828b02f608a1,2026-08-01,validation
4,fc210eae6d7522fb,2026-08-01,train
4,fc3a09e116bb571f,2026-08-01,validation
4,fc47829d2017c147,2026-08-01,train
4,fc592a75b61e2135,2026-08-01,train
4,fcb24d40eb9e43fa,2026-08-01,train
4,fcb82fec22a99796,2026-08-01,train
4,fccb706cd74bedb5,2026-08-01,train
4,fccd35bd5a199e8c,2026-08-01,train
4,fce0e44d754fd10c,2026-08-01,train
4,fcf80c24c49f1488,2026-08-01,validation
4,fd660bbee0b1dc6a,2026-08-01,train
4,fd8933e4d143950e,2026-08-01,validation
4,fda6081d1d5aa1e0,2026-08-01,validation
4,fdb2c6bffddfbdf8,2026-08-01,test
4,fdb45657114eb1ff,2026-08-01,test
4,fdf97c1394f4718c,2026-08-01,train
4,fe5fb111063d9f4a,2026-08-01,test
4,fe658b0e707053e6,2026-08-01,validation
4,fe6a9e258794c80f,2026-08-01,test
4,fe86d39b7a28ae22,2026-08-01,validation
4,fe87763944c649c7,2026-08-01,validation
4,fe8e6601ef1aaa0f,2026-08-01,train
4,feeec72fff6f3835,2026-08-01,validation
4,feff50280066758e,2026-08-01,train
4,ff30e8ded74df6d1,2026-08-01,train
4,ff38a66810501a73,2026-08-01,train
4,ff38db1fd0a249b4,2026-08-01,train
4,ff553633a96472b8,2026-08-01,train
4,ff7d851c34280a16,2026-08-01,train
4,ff8afbe0fc76d714,2026-08-01,train
4,ffb33eaa1cd3bd39,2026-08-01,train
4,ffc17380f3af4751,2026-08-01,test
4,ffc8756ab4545e95,2026-08-01,train
4,ffd2eeff2ddb1e07,2026-08-01,validation
4,ffdbafcc07d9207f,2026-08-01,train
4,ffdf8a95c968efc7,2026-08-01,train
